student_id,gender,age,domicile,category,disability,disability_percentage,branch,year,cgpa,percentage,family_income,bpl_status,hostel_status,cybage_khushboo,skf,lila_poonawala,katalyst,colgate_keep_india_smiling,kiran_girls,queens_scholarship,reliance_foundation,cummins,foundation_for_excellence,ieee_wie,siemens,sitaram_jindal,hdfc_ecss,swami_dayanand,yashad_sumedha,nice_nse,opjems,magma_scholarship,jspn,padala_charitable_trust,rajarshi_shahu,adobe_wit,glow_lovely,loreal_women_science,ugam_legrand,indous_stemm,aicte_pragati,aicte_saksham,rmd_foundation,disha_parivar,iocl_merit,academic_score,financial_need,high_academic_performer,is_first_year,is_pwd,high_disability,need_and_merit,log_income,college_progress
1,Male,17.0,Telangana,OBC,No,0.0,ECE,1,8.1,76.54,600000.0,No,Yes,0,0,0,0,0,0,0,1,1,0,0,0,0,0,0,0,1,0,0,0,0,0,0,0,0,0,0,0,0,0,0,0,78.77000000000001,0,1,1,0,0,0,13.304686600863562,0.25
2,Male,18.0,Karnataka,OBC,No,0.0,CSE,2,8.28,83.23,1000000.0,No,Yes,0,0,0,0,0,0,0,0,0,0,0,0,0,0,0,0,0,0,0,0,0,0,0,0,0,0,0,0,0,0,0,0,83.015,0,1,0,0,0,0,13.815511557963774,0.5
3,Female,21.0,Maharashtra,OBC,No,0.0,Biotechnology,3,7.22,67.89,150000.0,Yes,No,0,0,0,0,0,0,0,0,0,0,0,0,1,1,0,0,1,0,0,1,1,1,0,1,0,0,0,0,0,0,0,0,70.045,1,0,0,0,0,0,11.918397239722838,0.75
4,Male,18.0,Andhra Pradesh,General,No,0.0,Pharmacy,3,9.4,91.6,350000.0,Yes,No,0,0,0,0,1,0,0,0,0,0,0,0,1,0,0,0,0,0,0,0,0,0,0,0,0,0,0,0,0,1,0,0,92.8,1,1,0,0,0,1,12.765691290604371,0.75
5,Male,23.0,Rajasthan,EWS,No,0.0,Pharmacy,2,6.94,67.56,1000000.0,Yes,Yes,0,0,0,0,0,0,0,0,0,0,0,0,0,0,0,0,0,0,0,0,0,0,0,0,0,0,0,0,0,0,0,0,68.48,1,0,0,0,0,0,13.815511557963774,0.5
6,Male,21.0,Rajasthan,OBC,No,0.0,Medical,3,6.94,64.53,400000.0,No,Yes,0,0,0,0,0,0,0,0,0,0,0,0,1,0,0,0,0,0,0,0,0,0,0,0,0,0,0,0,0,0,0,0,66.965,0,0,0,0,0,0,12.899222326086994,0.75
7,Female,22.0,Karnataka,SC,No,0.0,AI_DS,2,7.79,68.27,500000.0,Yes,Yes,0,0,0,0,1,0,0,0,1,0,0,0,0,0,0,0,1,0,0,0,0,0,0,0,0,0,0,0,0,0,0,0,73.08500000000001,1,0,0,0,0,0,13.122365377402328,0.5
8,Female,23.0,Telangana,EWS,No,0.0,Biotechnology,1,7.49,49.9,200000.0,Yes,No,0,0,0,0,0,0,0,0,0,0,0,0,1,0,0,0,0,0,0,0,0,0,0,0,0,0,0,0,0,1,0,0,62.400000000000006,1,0,1,0,0,0,12.206077645517674,0.25
9,Female,21.0,Rajasthan,OBC,No,0.0,Biotechnology,2,6.28,60.6,800000.0,No,No,0,0,0,0,0,0,0,0,0,0,0,0,0,0,0,0,0,0,0,0,0,0,0,0,0,0,0,0,0,0,0,0,61.7,0,0,0,0,0,0,13.592368256649284,0.5
10,Female,19.0,Telangana,OBC,No,0.0,Instrumentation,4,6.41,56.66,600000.0,No,No,0,0,0,0,0,0,0,0,0,0,0,0,0,0,0,0,0,0,0,0,0,0,0,0,0,0,0,0,0,0,0,0,60.379999999999995,0,0,0,0,0,0,13.304686600863562,1.0
11,Male,19.0,Delhi,ST,No,0.0,IT,1,9.26,87.29,150000.0,Yes,No,0,0,0,0,1,0,0,1,1,1,0,1,1,0,1,1,1,0,1,1,0,0,0,0,0,0,0,0,0,1,0,0,89.945,1,1,1,0,0,1,11.918397239722838,0.25
12,Male,23.0,Andhra Pradesh,EWS,No,0.0,Instrumentation,1,7.58,67.74,800000.0,Yes,No,0,0,0,0,0,0,0,0,0,0,0,0,0,0,0,0,0,0,0,0,0,0,0,0,0,0,0,0,0,0,0,1,71.77,1,0,1,0,0,0,13.592368256649284,0.25
13,Female,18.0,Telangana,ST,No,0.0,CSE,3,6.85,65.41,500000.0,Yes,Yes,0,0,0,0,1,0,0,0,0,0,0,0,0,0,0,0,0,0,0,0,0,0,0,1,0,0,0,0,0,0,0,0,66.955,1,0,0,0,0,0,13.122365377402328,0.75
14,Female,25.0,Uttar Pradesh,OBC,No,0.0,Mechanical,1,6.12,59.27,600000.0,No,No,0,0,0,0,0,0,0,0,0,0,0,0,0,0,0,0,0,0,0,0,0,0,0,0,0,0,0,0,0,0,0,0,60.235,0,0,1,0,0,0,13.304686600863562,0.25
15,Male,18.0,Madhya Pradesh,SC,No,0.0,Production,1,6.78,63.53,350000.0,No,Yes,0,0,0,0,0,0,0,0,1,0,0,0,1,0,0,0,0,0,0,0,0,0,0,0,0,0,0,0,0,0,0,0,65.66499999999999,0,0,1,0,0,0,12.765691290604371,0.25
16,Male,19.0,Other,ST,No,0.0,Mechanical,3,6.78,69.97,500000.0,No,No,0,0,0,0,1,0,0,0,0,0,0,0,0,0,0,0,0,0,0,0,0,0,0,0,0,0,0,0,0,0,0,0,68.88499999999999,0,0,0,0,0,0,13.122365377402328,0.75
17,Male,21.0,Andhra Pradesh,SC,No,0.0,Science,1,7.49,67.89,200000.0,Yes,Yes,0,0,0,0,0,0,0,1,0,0,0,0,1,0,0,0,1,0,0,1,1,0,0,0,0,0,0,0,0,1,0,1,71.39500000000001,1,0,1,0,0,0,12.206077645517674,0.25
18,Female,17.0,Uttar Pradesh,EWS,No,0.0,Production,1,8.49,76.99,120000.0,Yes,Yes,0,1,0,1,0,0,0,1,1,0,0,1,1,0,0,1,0,0,0,1,1,0,0,1,0,1,0,1,0,1,1,0,80.945,1,1,1,0,0,1,11.695255355062795,0.25
19,Male,17.0,Madhya Pradesh,General,No,0.0,Instrumentation,4,7.75,67.75,200000.0,Yes,No,0,0,0,0,1,0,0,0,1,0,0,0,1,1,0,0,0,0,0,1,1,0,0,0,0,0,0,0,0,1,0,0,72.625,1,0,0,0,0,0,12.206077645517674,1.0
20,Male,24.0,Andhra Pradesh,OBC,No,0.0,Commerce,3,5.91,56.74,350000.0,No,No,0,0,0,0,0,0,0,0,0,0,0,0,0,0,0,0,0,0,0,0,0,0,0,0,0,0,0,0,0,0,0,0,57.92,0,0,0,0,0,0,12.765691290604371,0.75
21,Male,18.0,Maharashtra,ST,No,0.0,ECE,2,8.39,80.22,200000.0,Yes,No,0,1,0,0,1,0,0,0,1,0,0,0,1,1,0,1,0,0,0,1,0,0,0,0,0,0,0,0,0,1,0,0,82.06,1,1,0,0,0,1,12.206077645517674,0.5
22,Male,23.0,Gujarat,SC,No,0.0,AI_DS,4,7.36,69.02,1200000.0,Yes,Yes,0,0,0,0,0,0,0,0,0,0,0,0,0,0,0,0,1,0,0,0,0,0,0,0,0,0,0,0,0,0,0,0,71.31,1,0,0,0,0,0,13.997832948091215,1.0
23,Male,18.0,Karnataka,OBC,No,0.0,Management,2,5.73,52.28,1500000.0,No,Yes,0,0,0,0,0,0,0,0,0,0,0,0,0,0,0,0,0,0,0,0,0,0,0,0,0,0,0,0,0,0,0,0,54.790000000000006,0,0,0,0,0,0,14.220976332738882,0.5
24,Male,23.0,Maharashtra,ST,No,0.0,Science,3,6.95,69.2,350000.0,No,Yes,0,0,0,0,0,0,0,0,0,0,0,0,1,0,0,0,0,0,0,0,0,0,0,0,0,0,0,0,0,1,0,0,69.35,0,0,0,0,0,0,12.765691290604371,0.75
25,Male,21.0,Karnataka,General,No,0.0,IT,3,7.91,69.86,80000.0,Yes,No,0,0,0,0,1,0,0,0,1,0,0,0,1,1,0,0,0,0,0,0,1,0,0,0,0,0,0,0,0,1,0,0,74.47999999999999,1,0,0,0,0,0,11.289794413577894,0.75
26,Male,17.0,Delhi,General,No,0.0,AI_DS,1,7.89,73.8,800000.0,Yes,No,0,0,0,0,0,0,0,1,0,0,0,0,0,0,0,0,0,0,0,0,0,0,0,0,0,0,0,0,0,0,0,1,76.35,1,0,1,0,0,0,13.592368256649284,0.25
27,Male,20.0,Uttar Pradesh,EWS,Yes,40.0,Commerce,3,6.69,65.39,250000.0,Yes,No,0,0,0,0,1,0,0,0,0,0,0,0,0,1,0,0,0,0,0,0,0,0,0,0,0,0,0,0,0,1,0,0,66.14500000000001,1,0,0,1,1,0,12.429220196836383,0.75
28,Male,21.0,Andhra Pradesh,OBC,No,0.0,Chemical,4,8.74,85.82,300000.0,Yes,Yes,0,1,0,0,1,0,1,0,1,0,0,0,1,0,0,1,1,0,0,1,0,0,0,0,0,0,0,0,0,1,0,0,86.61,1,1,0,0,0,1,12.611541086966115,1.0
29,Female,18.0,Rajasthan,EWS,No,0.0,Instrumentation,2,6.49,60.73,300000.0,Yes,Yes,0,0,0,0,0,0,0,0,1,0,0,0,1,0,0,0,0,0,0,0,0,0,0,1,0,0,0,1,0,0,0,0,62.815,1,0,0,0,0,0,12.611541086966115,0.5
30,Female,21.0,Gujarat,ST,No,0.0,Chemical,1,7.9,77.98,800000.0,No,Yes,0,0,0,0,0,0,0,1,0,0,0,0,0,0,0,0,0,0,0,0,0,0,0,0,0,0,0,1,0,0,0,0,78.49000000000001,0,0,1,0,0,0,13.592368256649284,0.25
31,Male,21.0,Rajasthan,General,No,0.0,Electrical,3,6.92,65.18,250000.0,Yes,No,0,0,0,0,1,0,0,0,1,0,0,0,1,1,0,0,0,0,0,0,0,0,0,0,0,0,0,0,0,1,0,0,67.19,1,0,0,0,0,0,12.429220196836383,0.75
32,Male,21.0,Delhi,ST,No,0.0,IT,1,6.17,55.03,800000.0,No,No,0,0,0,0,0,0,0,0,0,0,0,0,0,0,0,0,0,0,0,0,0,0,0,0,0,0,0,0,0,0,0,0,58.365,0,0,1,0,0,0,13.592368256649284,0.25
33,Male,17.0,Madhya Pradesh,OBC,No,0.0,Instrumentation,2,7.49,84.63,1000000.0,No,No,0,0,0,0,0,0,0,0,0,0,0,0,0,0,0,0,0,0,0,0,0,0,0,0,0,0,0,0,0,0,0,0,79.765,0,0,0,0,0,0,13.815511557963774,0.5
34,Male,18.0,Rajasthan,OBC,No,0.0,Pharmacy,2,7.41,73.41,350000.0,Yes,Yes,0,0,0,0,1,0,0,0,0,0,0,0,0,0,0,0,0,0,0,0,0,0,0,0,0,0,0,0,0,1,0,0,73.755,1,0,0,0,0,0,12.765691290604371,0.5
35,Female,22.0,Maharashtra,SC,No,0.0,Production,1,7.93,73.4,300000.0,No,Yes,1,1,1,1,0,0,0,0,1,1,0,0,1,0,0,0,0,0,0,1,0,0,0,0,0,0,0,0,0,1,1,1,76.35,1,0,1,0,0,0,12.611541086966115,0.25
36,Male,19.0,Gujarat,ST,Yes,80.0,Biotechnology,4,7.93,79.95,1200000.0,Yes,No,0,0,0,0,0,0,0,0,0,0,0,0,0,0,0,0,0,0,0,0,0,0,0,0,0,0,0,0,0,0,0,0,79.625,1,0,0,1,1,0,13.997832948091215,1.0
37,Male,18.0,Andhra Pradesh,General,No,0.0,Production,2,7.46,75.56,1500000.0,No,No,0,0,0,0,0,0,0,0,0,0,0,0,0,0,0,0,0,0,0,0,0,0,0,0,0,0,0,0,0,0,0,0,75.08,0,0,0,0,0,0,14.220976332738882,0.5
38,Female,20.0,Karnataka,General,No,0.0,Medical,3,5.0,49.97,250000.0,Yes,No,0,0,0,0,0,0,0,0,0,0,0,0,0,0,0,0,0,0,0,0,0,0,0,0,0,0,0,0,0,0,0,0,49.985,1,0,0,0,0,0,12.429220196836383,0.75
39,Female,25.0,Andhra Pradesh,EWS,No,0.0,CSE,1,7.6,71.3,250000.0,Yes,No,0,0,0,1,1,0,0,0,1,0,0,0,1,1,0,0,0,0,0,1,1,0,0,0,0,1,0,0,0,0,1,0,73.65,1,0,1,0,0,0,12.429220196836383,0.25
40,Male,18.0,Maharashtra,ST,No,0.0,Biotechnology,4,7.61,66.33,600000.0,Yes,No,0,0,0,0,0,0,0,0,0,0,0,0,0,0,0,0,0,0,0,0,0,0,0,0,0,0,0,0,0,0,0,0,71.215,1,0,0,0,0,0,13.304686600863562,1.0
41,Male,21.0,Maharashtra,ST,Yes,90.0,Civil,3,7.24,69.85,350000.0,Yes,No,0,0,0,0,1,0,0,0,0,0,0,0,1,0,0,0,0,0,0,0,0,0,0,0,0,0,0,0,1,1,0,0,71.125,1,0,0,1,1,0,12.765691290604371,0.75
42,Female,18.0,Telangana,EWS,No,0.0,Commerce,3,9.27,86.51,350000.0,No,Yes,0,0,0,0,0,0,0,0,0,0,0,0,0,0,0,0,1,0,0,0,0,0,0,0,0,0,0,0,0,1,1,0,89.60499999999999,0,1,0,0,0,0,12.765691290604371,0.75
43,Male,23.0,Other,ST,No,0.0,Mechanical,3,6.53,60.53,350000.0,Yes,No,0,0,0,0,0,0,0,0,0,0,0,0,0,0,0,0,0,0,0,0,0,0,0,0,0,0,0,0,0,0,0,0,62.915,1,0,0,0,0,0,12.765691290604371,0.75
44,Female,20.0,Andhra Pradesh,EWS,No,0.0,Biotechnology,4,8.6,82.69,400000.0,No,Yes,0,0,0,0,0,0,0,0,0,0,0,0,0,0,0,0,0,0,0,0,0,0,0,1,0,0,0,0,0,0,1,0,84.345,0,1,0,0,0,0,12.899222326086994,1.0
45,Female,19.0,Other,General,No,0.0,Biotechnology,1,6.86,66.71,1500000.0,Yes,No,0,0,0,0,0,0,0,0,0,0,0,0,0,0,0,0,0,0,0,0,0,0,0,0,0,0,0,0,0,0,0,0,67.655,1,0,1,0,0,0,14.220976332738882,0.25
46,Male,20.0,Gujarat,General,Yes,60.0,AI_DS,4,7.49,75.3,350000.0,Yes,No,0,0,0,0,0,0,0,0,0,0,0,0,1,0,0,0,1,0,0,0,0,0,0,0,0,0,0,0,1,1,0,0,75.1,1,0,0,1,1,0,12.765691290604371,1.0
47,Female,23.0,Karnataka,OBC,No,0.0,CSE,1,6.66,62.29,1200000.0,No,Yes,0,0,0,0,0,0,0,1,0,0,0,0,0,0,0,0,0,0,0,0,0,0,0,0,0,0,0,0,0,0,0,0,64.445,0,0,1,0,0,0,13.997832948091215,0.25
48,Male,25.0,Tamil Nadu,General,No,0.0,ECE,4,7.03,62.39,150000.0,No,No,0,0,0,0,0,0,0,0,1,0,0,0,1,1,0,0,0,0,0,1,0,0,0,0,0,0,0,0,0,0,0,0,66.345,1,0,0,0,0,0,11.918397239722838,1.0
49,Female,25.0,Andhra Pradesh,EWS,No,0.0,Mechanical,4,7.86,75.45,400000.0,No,Yes,0,0,0,0,1,0,0,0,1,0,0,0,1,0,0,0,1,0,0,0,0,0,0,1,0,0,0,0,0,0,0,0,77.025,0,0,0,0,0,0,12.899222326086994,1.0
50,Female,25.0,Tamil Nadu,OBC,No,0.0,AI_DS,3,7.51,70.64,200000.0,No,No,0,0,0,0,0,0,0,0,1,0,0,0,1,1,0,0,1,0,0,0,0,0,0,1,0,0,0,0,0,1,0,0,72.87,1,0,0,0,0,0,12.206077645517674,0.75
51,Female,25.0,Rajasthan,OBC,No,0.0,Medical,2,7.49,53.84,1000000.0,Yes,Yes,0,0,0,0,0,0,0,0,0,0,0,0,0,0,0,0,1,0,0,0,0,0,0,0,0,0,0,0,0,0,0,0,64.37,1,0,0,0,0,0,13.815511557963774,0.5
52,Female,23.0,Madhya Pradesh,EWS,No,0.0,IT,2,7.09,64.95,1500000.0,No,No,0,0,0,0,0,0,0,0,0,0,0,0,0,0,0,0,0,0,0,0,0,0,1,0,0,0,0,0,0,0,0,0,67.92500000000001,0,0,0,0,0,0,14.220976332738882,0.5
53,Male,23.0,Tamil Nadu,General,No,0.0,Chemical,4,7.31,70.66,1500000.0,No,Yes,0,0,0,0,0,0,0,0,0,0,0,0,0,0,0,0,1,0,0,0,0,0,0,0,0,0,0,0,0,0,0,0,71.88,0,0,0,0,0,0,14.220976332738882,1.0
54,Female,20.0,Telangana,ST,No,0.0,Medical,3,9.76,93.24,800000.0,No,Yes,0,0,0,0,0,0,0,0,0,0,0,0,0,0,0,0,1,0,0,0,0,0,0,0,0,0,0,0,0,0,0,0,95.41999999999999,0,1,0,0,0,0,13.592368256649284,0.75
55,Female,19.0,Uttar Pradesh,EWS,Yes,60.0,CSE,1,7.81,73.97,800000.0,No,Yes,0,0,0,0,0,0,0,0,0,0,0,0,0,0,0,0,0,0,0,0,0,0,0,0,0,0,0,1,1,0,0,1,76.035,0,0,1,1,1,0,13.592368256649284,0.25
56,Female,19.0,Maharashtra,SC,No,0.0,Civil,4,5.2,49.32,300000.0,No,No,0,0,0,0,0,0,0,0,0,0,0,0,0,0,0,0,0,0,0,0,0,0,0,0,0,0,0,0,0,0,0,0,50.66,1,0,0,0,0,0,12.611541086966115,1.0
57,Female,23.0,Telangana,General,No,0.0,IT,3,7.49,79.3,200000.0,Yes,Yes,1,1,0,0,1,0,0,0,1,0,0,0,0,1,0,0,1,0,0,1,1,0,1,0,0,0,0,0,0,1,1,0,77.1,1,0,0,0,0,0,12.206077645517674,0.75
58,Male,20.0,Karnataka,General,No,0.0,Production,2,7.27,69.97,400000.0,Yes,Yes,0,0,0,0,0,0,0,0,0,0,0,0,1,0,0,0,1,0,0,0,0,0,0,0,0,0,0,0,0,1,0,0,71.335,1,0,0,0,0,0,12.899222326086994,0.5
59,Female,21.0,Madhya Pradesh,OBC,No,0.0,ECE,2,7.46,67.36,250000.0,Yes,Yes,0,0,0,0,1,0,0,0,1,0,0,0,1,1,0,0,0,0,0,0,1,0,0,1,0,0,0,1,0,1,1,0,70.97999999999999,1,0,0,0,0,0,12.429220196836383,0.5
60,Female,23.0,Andhra Pradesh,OBC,No,0.0,Production,1,8.87,71.2,1000000.0,No,Yes,0,0,0,0,0,0,0,0,0,0,0,0,0,0,0,0,1,0,0,0,0,0,0,0,0,0,0,0,0,0,0,0,79.94999999999999,0,0,1,0,0,0,13.815511557963774,0.25
61,Male,22.0,Delhi,ST,No,0.0,CSE,3,8.45,77.55,80000.0,No,No,0,1,0,0,0,0,0,0,1,0,0,0,1,1,0,0,0,0,0,1,1,0,0,0,0,0,0,0,0,1,0,0,81.025,1,1,0,0,0,1,11.289794413577894,0.75
62,Male,23.0,Madhya Pradesh,ST,No,0.0,Commerce,2,9.18,83.0,1000000.0,No,No,0,0,0,0,0,0,0,0,0,0,0,0,0,0,0,0,0,0,0,0,0,0,0,0,0,0,0,0,0,0,0,0,87.4,0,1,0,0,0,0,13.815511557963774,0.5
63,Female,23.0,Uttar Pradesh,SC,No,0.0,Production,1,8.2,84.47,250000.0,No,Yes,0,1,0,1,0,0,0,1,1,1,0,0,1,1,1,0,0,0,1,1,1,0,0,1,0,0,0,1,0,0,1,1,83.235,1,1,1,0,0,1,12.429220196836383,0.25
64,Female,23.0,Madhya Pradesh,General,No,0.0,Biotechnology,2,6.31,58.25,400000.0,Yes,No,0,0,0,0,0,0,0,0,0,0,0,0,0,0,0,0,0,0,0,0,0,0,0,0,0,0,0,0,0,0,0,0,60.675,1,0,0,0,0,0,12.899222326086994,0.5
65,Female,22.0,Telangana,EWS,No,0.0,Instrumentation,1,7.62,70.88,500000.0,Yes,Yes,0,0,0,0,0,0,0,0,1,0,0,0,0,0,0,0,0,0,0,0,0,0,0,1,0,0,0,0,0,0,0,0,73.53999999999999,1,0,1,0,0,0,13.122365377402328,0.25
66,Male,23.0,Tamil Nadu,EWS,No,0.0,Management,4,5.64,53.79,350000.0,Yes,Yes,0,0,0,0,0,0,0,0,0,0,0,0,0,0,0,0,0,0,0,0,0,0,0,0,0,0,0,0,0,0,0,0,55.095,1,0,0,0,0,0,12.765691290604371,1.0
67,Female,20.0,Andhra Pradesh,OBC,No,0.0,Pharmacy,4,6.23,60.61,500000.0,No,No,0,0,0,0,0,0,0,0,0,0,0,0,0,0,0,0,0,0,0,0,0,0,0,0,0,0,0,0,0,0,0,0,61.455,0,0,0,0,0,0,13.122365377402328,1.0
68,Female,22.0,Tamil Nadu,SC,No,0.0,Production,1,6.4,65.45,1000000.0,Yes,No,0,0,0,0,0,0,0,1,0,0,0,0,0,0,0,0,0,0,0,0,0,0,0,0,0,0,0,0,0,0,0,0,64.725,1,0,1,0,0,0,13.815511557963774,0.25
69,Male,25.0,Gujarat,OBC,No,0.0,Management,3,6.56,61.35,1000000.0,No,Yes,0,0,0,0,0,0,0,0,0,0,0,0,0,0,0,0,0,0,0,0,0,0,0,0,0,0,0,0,0,0,0,0,63.474999999999994,0,0,0,0,0,0,13.815511557963774,0.75
70,Male,21.0,Karnataka,SC,No,0.0,CSE,2,8.48,76.87,250000.0,Yes,Yes,0,0,0,0,1,0,0,0,0,0,0,0,1,1,0,1,0,0,0,1,1,0,0,0,0,0,0,0,0,1,0,0,80.83500000000001,1,1,0,0,0,1,12.429220196836383,0.5
71,Female,19.0,Other,General,No,0.0,CSE,3,7.77,77.74,400000.0,No,No,0,0,0,0,1,0,0,0,1,0,0,0,0,0,0,0,0,0,0,0,0,0,0,1,0,0,0,0,0,0,0,0,77.72,0,0,0,0,0,0,12.899222326086994,0.75
72,Female,19.0,Maharashtra,SC,No,0.0,Management,1,5.57,53.47,1500000.0,Yes,No,0,0,0,0,0,0,0,0,0,0,0,0,0,0,0,0,0,0,0,0,0,0,0,0,0,0,0,0,0,0,0,0,54.585,1,0,1,0,0,0,14.220976332738882,0.25
73,Female,18.0,Uttar Pradesh,General,No,0.0,Chemical,1,7.81,76.54,200000.0,Yes,No,0,1,0,1,1,0,0,1,1,0,0,0,1,1,0,1,0,0,0,0,1,0,0,1,0,0,0,1,0,1,1,1,77.32,1,0,1,0,0,0,12.206077645517674,0.25
74,Male,25.0,Andhra Pradesh,ST,No,0.0,Chemical,4,6.02,53.23,250000.0,Yes,Yes,0,0,0,0,0,0,0,0,0,0,0,0,0,0,0,0,0,0,0,0,0,0,0,0,0,0,0,0,0,0,0,0,56.714999999999996,1,0,0,0,0,0,12.429220196836383,1.0
75,Male,20.0,Telangana,General,No,0.0,Mechanical,1,8.13,78.13,150000.0,Yes,No,1,1,0,0,1,0,0,1,0,0,0,1,1,1,0,1,1,0,0,1,1,0,0,0,0,0,0,0,0,0,0,1,79.715,1,1,1,0,0,1,11.918397239722838,0.25
76,Female,24.0,Telangana,General,No,0.0,Chemical,4,7.8,75.14,120000.0,Yes,No,1,1,0,0,1,0,1,0,1,0,0,0,1,0,0,1,0,0,0,1,1,0,0,1,0,0,0,0,0,0,1,0,76.57,1,0,0,0,0,0,11.695255355062795,1.0
77,Male,23.0,Rajasthan,EWS,No,0.0,Electrical,3,6.68,64.16,1500000.0,Yes,Yes,0,0,0,0,0,0,0,0,0,0,0,0,0,0,0,0,0,0,0,0,0,0,0,0,0,0,0,0,0,0,0,0,65.47999999999999,1,0,0,0,0,0,14.220976332738882,0.75
78,Male,19.0,Telangana,EWS,No,0.0,Chemical,4,7.85,72.43,120000.0,No,No,1,1,0,0,1,0,0,0,1,0,0,0,1,1,0,0,0,0,0,1,1,0,0,0,0,0,0,0,0,0,0,0,75.465,1,0,0,0,0,0,11.695255355062795,1.0
79,Female,21.0,Delhi,EWS,No,0.0,AI_DS,1,9.74,93.95,350000.0,No,No,0,1,0,1,0,1,0,1,1,0,0,0,1,0,1,0,1,0,0,0,0,0,0,0,1,0,0,1,0,1,1,1,95.67500000000001,0,1,1,0,0,0,12.765691290604371,0.25
80,Male,18.0,Karnataka,EWS,No,0.0,CSE,3,6.07,59.63,600000.0,Yes,Yes,0,0,0,0,0,0,0,0,0,0,0,0,0,0,0,0,0,0,0,0,0,0,0,0,0,0,0,0,0,0,0,0,60.165000000000006,1,0,0,0,0,0,13.304686600863562,0.75
81,Female,25.0,Other,ST,No,0.0,Mechanical,4,6.33,62.5,800000.0,No,Yes,0,0,0,0,0,0,0,0,0,0,0,0,0,0,0,0,0,0,0,0,0,0,0,0,0,0,0,0,0,0,0,0,62.9,0,0,0,0,0,0,13.592368256649284,1.0
82,Female,22.0,Andhra Pradesh,SC,No,0.0,ECE,2,8.89,81.99,300000.0,No,No,0,1,0,1,0,0,1,0,1,0,0,0,0,0,0,0,1,0,0,1,0,0,0,1,0,1,0,1,0,1,1,0,85.445,1,1,0,0,0,1,12.611541086966115,0.5
83,Female,23.0,Delhi,General,No,0.0,Biotechnology,3,8.66,83.51,300000.0,Yes,No,0,0,0,0,0,0,0,0,0,0,0,0,1,0,0,0,1,0,0,0,0,0,0,0,0,0,0,0,0,1,1,0,85.055,1,1,0,0,0,1,12.611541086966115,0.75
84,Male,25.0,Tamil Nadu,ST,No,0.0,Pharmacy,4,7.49,86.35,800000.0,No,Yes,0,0,0,0,0,0,0,0,0,0,0,0,0,0,0,0,1,0,0,0,0,0,0,0,0,0,0,0,0,0,0,0,80.625,0,0,0,0,0,0,13.592368256649284,1.0
85,Male,21.0,Delhi,OBC,No,0.0,Science,4,7.21,66.23,120000.0,Yes,Yes,0,0,0,0,1,0,0,0,0,0,0,0,1,1,0,0,1,0,0,1,1,0,0,0,0,0,0,0,0,1,0,0,69.16499999999999,1,0,0,0,0,0,11.695255355062795,1.0
86,Male,21.0,Delhi,General,No,0.0,AI_DS,2,6.43,58.64,1500000.0,Yes,No,0,0,0,0,0,0,0,0,0,0,0,0,0,0,0,0,0,0,0,0,0,0,0,0,0,0,0,0,0,0,0,0,61.47,1,0,0,0,0,0,14.220976332738882,0.5
87,Male,19.0,Tamil Nadu,SC,No,0.0,Instrumentation,4,7.41,71.42,1500000.0,No,No,0,0,0,0,0,0,0,0,0,0,0,0,0,0,0,0,1,0,0,0,0,0,0,0,0,0,0,0,0,0,0,0,72.75999999999999,0,0,0,0,0,0,14.220976332738882,1.0
88,Male,24.0,Delhi,OBC,No,0.0,Electrical,1,7.83,76.87,250000.0,No,No,0,0,0,0,0,0,0,1,0,1,0,0,0,1,0,0,0,0,0,0,0,0,0,0,0,0,0,0,0,0,0,0,77.58500000000001,1,0,1,0,0,0,12.429220196836383,0.25
89,Female,17.0,Telangana,SC,No,0.0,Management,2,7.52,75.8,400000.0,No,No,0,0,0,0,0,0,0,0,0,0,0,0,1,0,0,0,1,0,0,0,0,0,0,1,0,0,0,0,0,0,0,0,75.5,0,0,0,0,0,0,12.899222326086994,0.5
90,Female,25.0,Delhi,ST,No,0.0,Biotechnology,2,7.18,76.37,1000000.0,Yes,No,0,0,0,0,0,0,0,0,0,0,0,0,0,0,0,0,1,0,0,0,0,0,0,0,0,0,0,0,0,0,0,0,74.08500000000001,1,0,0,0,0,0,13.815511557963774,0.5
91,Male,23.0,Maharashtra,General,No,0.0,Medical,4,8.25,75.8,800000.0,Yes,No,0,0,0,0,0,0,0,0,0,0,0,0,0,0,0,0,1,0,0,0,0,0,0,0,0,0,0,0,0,0,0,0,79.15,1,1,0,0,0,1,13.592368256649284,1.0
92,Male,19.0,Delhi,EWS,No,0.0,ECE,4,6.21,60.44,120000.0,No,Yes,0,0,0,0,1,0,0,0,1,0,0,0,0,0,0,0,0,0,0,0,0,0,0,0,0,0,0,0,0,0,0,0,61.269999999999996,1,0,0,0,0,0,11.695255355062795,1.0
93,Male,23.0,Other,OBC,No,0.0,Instrumentation,3,7.23,70.83,600000.0,No,Yes,0,0,0,0,0,0,0,0,1,0,0,0,0,0,0,0,0,0,0,0,0,0,0,0,0,0,0,0,0,0,0,0,71.565,0,0,0,0,0,0,13.304686600863562,0.75
94,Female,25.0,Andhra Pradesh,SC,No,0.0,Management,1,8.07,76.45,600000.0,Yes,Yes,0,0,0,0,0,0,0,1,0,0,0,0,0,0,0,0,1,0,0,0,0,0,0,1,0,0,0,0,0,0,0,0,78.575,1,1,1,0,0,1,13.304686600863562,0.25
95,Female,20.0,Rajasthan,ST,No,0.0,ECE,4,6.48,57.02,150000.0,No,Yes,0,0,0,0,0,0,0,0,0,0,0,0,0,1,0,0,0,0,0,0,0,0,0,0,0,0,0,0,0,0,0,0,60.91000000000001,1,0,0,0,0,0,11.918397239722838,1.0
96,Male,22.0,Maharashtra,SC,No,0.0,Commerce,2,6.96,68.69,200000.0,No,Yes,0,0,0,0,1,0,0,0,0,0,0,0,0,1,0,0,0,0,0,1,0,0,0,0,0,0,0,0,0,0,0,0,69.145,1,0,0,0,0,0,12.206077645517674,0.5
97,Male,19.0,Rajasthan,EWS,No,0.0,Production,4,7.76,69.98,600000.0,Yes,Yes,0,0,0,0,0,0,0,0,1,0,0,0,0,0,0,0,1,0,0,0,0,0,0,0,0,0,0,0,0,0,0,0,73.78999999999999,1,0,0,0,0,0,13.304686600863562,1.0
98,Female,21.0,Tamil Nadu,SC,No,0.0,Science,3,7.71,74.4,800000.0,Yes,Yes,0,0,0,0,0,0,0,0,0,0,0,0,0,0,0,0,0,0,0,0,0,0,0,0,0,0,0,0,0,0,0,0,75.75,1,0,0,0,0,0,13.592368256649284,0.75
99,Female,22.0,Uttar Pradesh,General,No,0.0,Commerce,3,6.44,61.64,400000.0,No,Yes,0,0,0,0,0,0,0,0,0,0,0,0,0,0,0,0,0,0,0,0,0,0,0,0,0,0,0,0,0,0,0,0,63.02,0,0,0,0,0,0,12.899222326086994,0.75
100,Female,24.0,Rajasthan,General,No,0.0,Pharmacy,3,7.57,68.49,1000000.0,No,Yes,0,0,0,0,0,0,0,0,0,0,0,0,0,0,0,0,0,0,0,0,0,0,0,0,0,0,0,0,0,0,0,0,72.095,0,0,0,0,0,0,13.815511557963774,0.75
101,Female,21.0,Maharashtra,EWS,No,0.0,IT,4,7.93,77.02,1500000.0,No,Yes,0,0,0,0,0,0,1,0,0,0,0,0,0,0,0,0,1,0,0,0,0,0,0,0,0,0,0,0,0,0,0,0,78.16,0,0,0,0,0,0,14.220976332738882,1.0
102,Female,20.0,Other,OBC,No,0.0,Electrical,1,8.8,86.76,800000.0,Yes,No,0,0,0,0,0,0,0,1,0,0,0,0,0,0,0,0,1,0,0,0,0,0,0,0,0,0,0,1,0,0,0,1,87.38,1,1,1,0,0,1,13.592368256649284,0.25
103,Female,17.0,Uttar Pradesh,SC,No,0.0,AI_DS,3,7.49,52.76,300000.0,No,Yes,0,0,0,0,0,0,0,0,1,0,0,0,1,0,0,0,1,0,0,0,0,0,1,0,0,0,0,0,0,0,1,0,63.83,1,0,0,0,0,0,12.611541086966115,0.75
104,Male,19.0,Delhi,SC,No,0.0,Instrumentation,2,8.12,78.68,250000.0,No,No,0,1,0,0,1,0,0,0,1,0,0,0,0,1,0,0,0,0,0,1,1,0,0,0,0,0,0,0,0,1,0,0,79.94,1,1,0,0,0,1,12.429220196836383,0.5
105,Female,18.0,Tamil Nadu,General,No,0.0,Production,4,8.12,88.7,1500000.0,No,Yes,0,0,0,0,0,0,1,0,0,0,0,0,0,0,0,0,1,0,0,0,0,0,0,0,0,0,0,0,0,0,0,0,84.94999999999999,0,1,0,0,0,0,14.220976332738882,1.0
106,Female,17.0,Telangana,EWS,No,0.0,Pharmacy,3,8.19,81.21,600000.0,No,No,0,0,0,0,0,0,0,0,0,0,0,0,0,0,0,0,0,0,0,0,0,0,0,1,0,0,0,0,0,0,0,0,81.55499999999999,0,1,0,0,0,0,13.304686600863562,0.75
107,Male,20.0,Tamil Nadu,General,No,0.0,Biotechnology,2,8.64,84.03,800000.0,Yes,No,0,0,0,0,0,0,0,0,0,0,0,0,0,0,0,0,1,0,0,0,0,0,0,0,0,0,0,0,0,0,0,0,85.215,1,1,0,0,0,1,13.592368256649284,0.5
108,Female,23.0,Rajasthan,OBC,Yes,40.0,Chemical,4,7.12,69.92,120000.0,Yes,Yes,0,0,0,0,1,0,0,0,1,0,0,0,0,1,0,0,0,0,0,1,1,0,0,1,0,0,0,0,1,1,1,0,70.56,1,0,0,1,1,0,11.695255355062795,1.0
109,Male,23.0,Tamil Nadu,SC,No,0.0,Commerce,2,6.57,61.7,350000.0,Yes,No,0,0,0,0,1,0,0,0,0,0,0,0,0,0,0,0,0,0,0,0,0,0,0,0,0,0,0,0,0,0,0,0,63.7,1,0,0,0,0,0,12.765691290604371,0.5
110,Female,21.0,Maharashtra,SC,No,0.0,Science,2,6.92,65.99,1500000.0,No,Yes,0,0,0,0,0,0,0,0,0,0,0,0,0,0,0,0,0,0,0,0,0,0,0,0,0,0,0,0,0,0,0,0,67.595,0,0,0,0,0,0,14.220976332738882,0.5
111,Female,25.0,Other,SC,No,0.0,Instrumentation,2,10.0,89.4,120000.0,No,Yes,0,0,0,1,1,0,1,0,1,0,1,0,1,1,0,0,1,0,0,1,1,0,0,1,0,1,0,1,0,1,1,0,94.7,1,1,0,0,0,1,11.695255355062795,0.5
112,Male,17.0,Maharashtra,SC,No,0.0,Electrical,2,8.32,74.2,120000.0,Yes,Yes,1,0,0,0,1,0,1,0,1,0,0,0,1,1,0,0,1,0,0,1,1,0,0,0,0,0,0,0,0,1,0,0,78.7,1,0,0,0,0,0,11.695255355062795,0.5
113,Male,22.0,Gujarat,EWS,Yes,90.0,Electrical,2,6.93,69.1,500000.0,No,Yes,0,0,0,0,1,0,0,0,0,0,0,0,0,0,0,0,0,0,0,0,0,0,0,0,0,0,0,0,1,0,0,0,69.19999999999999,0,0,0,1,1,0,13.122365377402328,0.5
114,Male,17.0,Gujarat,General,No,0.0,Production,3,7.58,68.78,80000.0,Yes,No,0,0,0,0,1,0,0,0,1,0,0,0,0,0,0,0,0,1,0,0,1,0,0,0,0,0,0,0,0,0,0,0,72.28999999999999,1,0,0,0,0,0,11.289794413577894,0.75
115,Male,19.0,Andhra Pradesh,EWS,No,0.0,AI_DS,4,6.64,65.12,400000.0,No,Yes,0,0,0,0,1,0,0,0,1,0,0,0,1,0,0,0,0,0,0,0,0,0,0,0,0,0,0,0,0,0,0,0,65.75999999999999,0,0,0,0,0,0,12.899222326086994,1.0
116,Female,25.0,Maharashtra,EWS,Yes,90.0,Chemical,4,6.62,63.54,800000.0,Yes,Yes,0,0,0,0,0,0,0,0,0,0,0,0,0,0,0,0,0,0,0,0,0,0,0,0,0,0,0,0,1,0,0,0,64.87,1,0,0,1,1,0,13.592368256649284,1.0
117,Female,23.0,Andhra Pradesh,General,No,0.0,Science,1,7.55,69.77,120000.0,No,Yes,0,0,0,0,0,0,0,1,0,0,0,0,1,0,0,0,0,0,0,1,0,0,0,1,0,0,0,0,0,0,1,0,72.63499999999999,1,0,1,0,0,0,11.695255355062795,0.25
118,Male,19.0,Telangana,EWS,No,0.0,Biotechnology,4,10.0,96.9,600000.0,No,No,0,0,0,0,0,0,0,0,0,0,0,0,0,0,0,0,1,0,0,0,0,0,0,0,0,0,0,0,0,0,0,0,98.45,0,1,0,0,0,0,13.304686600863562,1.0
119,Female,18.0,Rajasthan,EWS,No,0.0,Civil,4,5.07,48.72,400000.0,Yes,No,0,0,0,0,0,0,0,0,0,0,0,0,0,0,0,0,0,0,0,0,0,0,0,0,0,0,0,0,0,0,0,0,49.71,1,0,0,0,0,0,12.899222326086994,1.0
120,Female,24.0,Andhra Pradesh,ST,No,0.0,Biotechnology,4,6.71,66.3,300000.0,No,No,0,0,0,0,0,0,0,0,0,0,0,0,0,0,0,0,0,0,0,0,0,0,0,1,0,0,0,0,0,0,0,0,66.69999999999999,1,0,0,0,0,0,12.611541086966115,1.0
121,Male,24.0,Rajasthan,General,No,0.0,AI_DS,4,6.55,61.88,120000.0,No,Yes,0,0,0,0,0,0,0,0,1,0,0,0,1,1,0,0,0,0,0,1,0,0,0,0,0,0,0,0,0,0,0,0,63.69,1,0,0,0,0,0,11.695255355062795,1.0
122,Male,25.0,Delhi,SC,No,0.0,Commerce,3,8.11,79.64,350000.0,No,Yes,0,0,0,0,0,0,0,0,0,0,0,0,1,0,0,0,0,0,0,0,0,0,0,0,0,0,0,0,0,1,0,0,80.37,0,1,0,0,0,0,12.765691290604371,0.75
123,Female,21.0,Madhya Pradesh,General,No,0.0,CSE,2,6.06,56.57,800000.0,No,Yes,0,0,0,0,0,0,0,0,0,0,0,0,0,0,0,0,0,0,0,0,0,0,0,0,0,0,0,0,0,0,0,0,58.584999999999994,0,0,0,0,0,0,13.592368256649284,0.5
124,Male,22.0,Delhi,SC,No,0.0,Instrumentation,2,6.93,63.88,1200000.0,No,Yes,0,0,0,0,0,0,0,0,0,0,0,0,0,0,0,0,0,0,0,0,0,0,0,0,0,0,0,0,0,0,0,0,66.59,0,0,0,0,0,0,13.997832948091215,0.5
125,Female,17.0,Gujarat,SC,No,0.0,Chemical,3,9.62,92.6,300000.0,Yes,No,1,0,0,0,1,0,0,0,1,0,0,0,1,0,0,1,0,0,0,1,0,0,0,1,0,0,0,0,0,1,1,0,94.39999999999999,1,1,0,0,0,1,12.611541086966115,0.75
126,Male,23.0,Rajasthan,OBC,No,0.0,CSE,1,5.99,59.66,1000000.0,Yes,No,0,0,0,0,0,0,0,0,0,0,0,0,0,0,0,0,0,0,0,0,0,0,0,0,0,0,0,0,0,0,0,0,59.78,1,0,1,0,0,0,13.815511557963774,0.25
127,Female,24.0,Madhya Pradesh,OBC,No,0.0,Biotechnology,1,10.0,98.0,80000.0,Yes,Yes,0,0,0,0,1,0,0,0,0,0,0,0,0,1,0,0,1,0,1,0,1,0,0,1,1,0,0,0,0,1,0,0,99.0,1,1,1,0,0,1,11.289794413577894,0.25
128,Male,18.0,Telangana,ST,No,0.0,Management,4,5.68,52.51,350000.0,No,Yes,0,0,0,0,0,0,0,0,0,0,0,0,0,0,0,0,0,0,0,0,0,0,0,0,0,0,0,0,0,0,0,0,54.655,0,0,0,0,0,0,12.765691290604371,1.0
129,Male,22.0,Andhra Pradesh,General,No,0.0,Management,3,9.02,83.57,80000.0,Yes,No,0,0,0,0,1,0,0,0,0,0,0,0,1,1,0,0,1,0,0,1,1,0,0,0,0,0,0,0,0,1,0,0,86.88499999999999,1,1,0,0,0,1,11.289794413577894,0.75
130,Male,17.0,Karnataka,General,No,0.0,Electrical,3,8.03,78.61,250000.0,No,Yes,0,1,0,0,1,0,0,0,0,0,0,0,1,0,0,0,0,0,0,0,0,0,0,0,0,0,0,0,0,1,0,0,79.455,1,1,0,0,0,1,12.429220196836383,0.75
131,Male,24.0,Andhra Pradesh,OBC,No,0.0,Production,3,6.39,60.53,120000.0,No,Yes,0,0,0,0,1,0,0,0,1,0,0,0,1,1,0,0,0,0,0,0,0,0,0,0,0,0,0,0,0,0,0,0,62.215,1,0,0,0,0,0,11.695255355062795,0.75
132,Female,17.0,Tamil Nadu,General,No,0.0,Commerce,4,5.0,45.0,1000000.0,No,No,0,0,0,0,0,0,0,0,0,0,0,0,0,0,0,0,0,0,0,0,0,0,0,0,0,0,0,0,0,0,0,0,47.5,0,0,0,0,0,0,13.815511557963774,1.0
133,Male,23.0,Maharashtra,General,No,0.0,Science,3,7.2,64.66,120000.0,No,Yes,0,0,0,0,1,0,0,0,0,0,0,0,1,0,0,0,0,0,0,1,0,1,0,0,0,0,0,0,0,0,0,0,68.33,1,0,0,0,0,0,11.695255355062795,0.75
134,Male,23.0,Uttar Pradesh,ST,No,0.0,Medical,3,9.46,85.58,1000000.0,No,Yes,0,0,0,0,0,0,0,0,0,0,0,0,0,0,0,0,1,0,0,0,0,0,0,0,0,0,0,0,0,0,0,0,90.09,0,1,0,0,0,0,13.815511557963774,0.75
135,Female,19.0,Rajasthan,EWS,No,0.0,Civil,3,6.97,66.61,300000.0,Yes,Yes,0,0,0,0,1,0,0,0,1,0,0,0,1,0,0,0,0,0,0,0,0,0,0,1,0,0,0,0,0,0,1,0,68.155,1,0,0,0,0,0,12.611541086966115,0.75
136,Male,19.0,Telangana,OBC,No,0.0,Electrical,1,9.23,83.38,150000.0,No,No,0,1,0,0,1,0,0,1,1,1,0,1,0,1,1,0,1,0,1,1,1,0,0,0,0,0,0,0,0,1,0,1,87.84,1,1,1,0,0,1,11.918397239722838,0.25
137,Female,22.0,Other,SC,No,0.0,AI_DS,4,8.9,84.58,400000.0,No,No,0,0,0,0,1,0,1,0,0,0,1,0,0,0,0,0,1,0,0,0,0,0,1,1,0,0,1,0,0,1,1,0,86.78999999999999,0,1,0,0,0,0,12.899222326086994,1.0
138,Male,22.0,Delhi,General,No,0.0,Science,1,7.49,61.43,80000.0,No,No,0,0,0,0,1,0,0,1,0,0,0,0,1,1,0,0,0,0,0,1,0,0,0,0,0,0,0,0,0,1,0,0,68.165,1,0,1,0,0,0,11.289794413577894,0.25
139,Male,18.0,Uttar Pradesh,EWS,No,0.0,Science,1,7.74,71.73,350000.0,Yes,No,0,0,0,0,0,0,0,0,0,0,0,0,1,0,0,0,1,0,0,0,0,0,0,0,0,0,0,0,0,1,0,0,74.565,1,0,1,0,0,0,12.765691290604371,0.25
140,Female,25.0,Gujarat,General,No,0.0,Biotechnology,1,7.58,70.85,500000.0,Yes,Yes,0,0,0,0,1,0,0,0,0,0,0,0,0,0,0,0,1,0,0,0,0,0,0,1,0,0,0,0,0,0,0,0,73.32499999999999,1,0,1,0,0,0,13.122365377402328,0.25
141,Male,24.0,Tamil Nadu,EWS,No,0.0,Mechanical,3,7.64,74.57,300000.0,No,No,0,0,0,0,1,0,1,0,1,0,0,0,1,0,0,0,0,0,0,0,0,0,0,0,0,0,0,0,0,1,0,0,75.48499999999999,1,0,0,0,0,0,12.611541086966115,0.75
142,Female,22.0,Other,EWS,No,0.0,Biotechnology,1,9.4,85.59,300000.0,Yes,No,0,0,0,0,0,0,0,1,0,0,0,0,1,0,0,0,1,0,0,1,0,0,0,1,1,0,0,0,0,0,1,1,89.795,1,1,1,0,0,1,12.611541086966115,0.25
143,Female,21.0,Other,EWS,No,0.0,Biotechnology,1,10.0,89.14,600000.0,Yes,No,0,0,0,0,0,0,0,1,0,0,0,0,0,0,0,0,1,0,0,0,0,0,0,1,1,0,0,0,0,0,0,1,94.57,1,1,1,0,0,1,13.304686600863562,0.25
144,Female,23.0,Gujarat,EWS,No,0.0,AI_DS,3,7.32,71.3,500000.0,No,No,0,0,0,0,1,0,0,0,1,0,0,0,0,0,0,0,0,0,0,0,0,0,0,1,0,0,0,0,0,0,0,0,72.25,0,0,0,0,0,0,13.122365377402328,0.75
145,Male,25.0,Rajasthan,ST,No,0.0,CSE,3,7.84,72.61,250000.0,Yes,Yes,0,0,0,0,1,0,0,0,1,0,0,0,1,0,0,0,0,0,0,1,1,0,0,0,0,0,0,0,0,1,0,0,75.505,1,0,0,0,0,0,12.429220196836383,0.75
146,Female,24.0,Karnataka,OBC,No,0.0,Electrical,1,7.25,67.4,250000.0,Yes,Yes,0,0,0,0,0,0,0,1,0,0,0,0,0,1,0,0,1,0,0,1,0,0,0,1,0,0,0,1,0,1,1,1,69.95,1,0,1,0,0,0,12.429220196836383,0.25
147,Female,21.0,Uttar Pradesh,ST,No,0.0,Mechanical,2,6.79,67.05,1000000.0,No,Yes,0,0,0,0,0,0,0,0,0,0,0,0,0,0,0,0,0,0,0,0,0,0,0,0,0,0,0,0,0,0,0,0,67.475,0,0,0,0,0,0,13.815511557963774,0.5
148,Female,22.0,Other,OBC,No,0.0,Chemical,4,7.93,73.26,200000.0,Yes,No,0,1,0,0,1,0,0,0,1,0,0,0,0,1,0,0,1,0,0,1,1,0,0,1,0,0,0,0,0,1,0,0,76.28,1,0,0,0,0,0,12.206077645517674,1.0
149,Female,20.0,Madhya Pradesh,EWS,No,0.0,Science,3,8.58,82.43,1200000.0,No,No,0,0,0,0,0,0,0,0,0,0,0,0,0,0,0,0,1,0,0,0,0,0,0,0,0,0,0,0,0,0,0,0,84.11500000000001,0,1,0,0,0,0,13.997832948091215,0.75
150,Male,20.0,Uttar Pradesh,OBC,No,0.0,IT,4,7.49,82.45,1500000.0,No,Yes,0,0,0,0,0,0,0,0,0,0,0,0,0,0,0,0,0,0,0,0,0,0,0,0,0,0,0,0,0,0,0,0,78.67500000000001,0,0,0,0,0,0,14.220976332738882,1.0
151,Male,21.0,Rajasthan,OBC,No,0.0,Electrical,4,6.51,60.16,120000.0,Yes,No,0,0,0,0,1,0,0,0,1,0,0,0,1,1,0,0,0,0,0,1,0,0,0,0,0,0,0,0,0,0,0,0,62.629999999999995,1,0,0,0,0,0,11.695255355062795,1.0
152,Female,17.0,Andhra Pradesh,General,No,0.0,Pharmacy,2,8.4,81.63,350000.0,Yes,No,0,0,0,0,1,0,0,0,0,0,0,0,1,0,0,0,1,0,0,0,0,0,0,1,0,0,0,0,0,1,1,0,82.815,1,1,0,0,0,1,12.765691290604371,0.5
153,Male,17.0,Madhya Pradesh,General,No,0.0,Biotechnology,2,7.49,71.32,150000.0,Yes,No,0,0,0,0,1,0,0,0,0,0,0,0,1,1,0,0,1,0,0,1,0,0,0,0,0,0,0,0,0,0,0,0,73.11,1,0,0,0,0,0,11.918397239722838,0.5
154,Female,19.0,Tamil Nadu,ST,No,0.0,AI_DS,1,9.03,84.01,250000.0,Yes,Yes,0,1,0,1,1,1,0,1,0,1,0,1,1,1,1,1,0,0,1,1,1,0,0,1,0,1,0,0,0,1,1,1,87.155,1,1,1,0,0,1,12.429220196836383,0.25
155,Female,18.0,Telangana,OBC,No,0.0,IT,2,8.16,76.91,350000.0,No,Yes,0,1,0,1,0,1,1,0,1,0,0,0,1,0,0,0,1,0,0,0,0,0,1,1,0,1,0,1,0,1,1,0,79.255,0,1,0,0,0,0,12.765691290604371,0.5
156,Male,24.0,Uttar Pradesh,EWS,Yes,70.0,Production,2,7.24,72.08,250000.0,No,Yes,0,1,0,0,1,0,0,0,1,0,0,0,0,0,0,0,0,0,0,1,0,0,0,0,0,0,0,0,1,0,0,0,72.24000000000001,1,0,0,1,1,0,12.429220196836383,0.5
157,Female,20.0,Uttar Pradesh,ST,No,0.0,AI_DS,3,8.49,83.1,50000000.0,Yes,No,0,0,0,0,0,0,0,0,0,0,0,0,0,0,0,0,0,0,0,0,0,0,0,0,0,0,1,0,0,0,0,0,84.0,1,1,0,0,0,1,17.72753358339242,0.75
158,Female,17.0,Other,ST,No,0.0,Instrumentation,1,9.07,86.23,300000.0,Yes,No,0,0,0,1,1,0,0,1,1,0,0,0,0,0,1,1,1,0,1,0,0,0,0,0,1,1,0,1,0,1,0,0,88.465,1,1,1,0,0,1,12.611541086966115,0.25
159,Male,18.0,Uttar Pradesh,SC,No,0.0,Pharmacy,3,8.32,78.11,1500000.0,Yes,No,0,0,0,0,0,0,0,0,0,0,0,0,0,0,0,0,1,0,0,0,0,0,0,0,0,0,0,0,0,0,0,0,80.655,1,1,0,0,0,1,14.220976332738882,0.75
160,Female,19.0,Gujarat,General,No,0.0,Science,1,7.89,74.56,250000.0,Yes,Yes,1,0,0,0,0,0,0,1,0,0,0,0,1,1,0,0,1,0,0,0,1,0,0,1,0,0,0,0,0,1,1,0,76.72999999999999,1,0,1,0,0,0,12.429220196836383,0.25
161,Male,17.0,Madhya Pradesh,SC,No,0.0,Management,3,7.49,74.18,80000.0,Yes,No,0,0,0,0,0,0,0,0,0,0,0,0,0,0,0,0,1,0,0,1,1,0,0,0,0,0,0,0,0,1,0,0,74.54,1,0,0,0,0,0,11.289794413577894,0.75
162,Female,17.0,Other,SC,No,0.0,Pharmacy,4,6.52,68.22,350000.0,No,No,0,0,0,0,0,0,0,0,0,0,0,0,0,0,0,0,0,0,0,0,0,0,0,1,0,0,0,0,0,0,0,0,66.71,0,0,0,0,0,0,12.765691290604371,1.0
163,Female,19.0,Tamil Nadu,ST,No,0.0,Instrumentation,1,6.29,56.11,1000000.0,No,Yes,0,0,0,0,0,0,0,0,0,0,0,0,0,0,0,0,0,0,0,0,0,0,0,0,0,0,0,0,0,0,0,0,59.504999999999995,0,0,1,0,0,0,13.815511557963774,0.25
164,Female,19.0,Delhi,SC,No,0.0,AI_DS,3,8.89,86.83,800000.0,No,No,0,0,0,0,0,0,1,0,0,0,0,0,0,0,0,0,0,0,0,0,0,0,1,0,0,0,0,0,0,0,0,0,87.86500000000001,0,1,0,0,0,0,13.592368256649284,0.75
165,Female,23.0,Maharashtra,ST,No,0.0,IT,3,8.25,80.26,350000.0,No,No,0,1,0,0,0,0,0,0,0,0,0,0,0,0,0,0,0,0,0,0,0,0,0,0,0,0,0,0,0,0,1,0,81.38,0,1,0,0,0,0,12.765691290604371,0.75
166,Male,18.0,Other,ST,No,0.0,Mechanical,1,7.49,68.46,150000.0,No,Yes,0,0,0,0,1,0,0,1,1,0,0,1,1,0,0,0,0,0,0,1,0,0,0,0,0,0,0,0,0,0,0,1,71.68,1,0,1,0,0,0,11.918397239722838,0.25
167,Male,18.0,Karnataka,SC,No,0.0,IT,2,7.59,70.07,800000.0,No,No,0,0,0,0,0,0,0,0,0,0,0,0,0,0,0,0,0,0,0,0,0,0,0,0,0,0,0,0,0,0,0,0,72.985,0,0,0,0,0,0,13.592368256649284,0.5
168,Female,24.0,Rajasthan,EWS,No,0.0,Pharmacy,4,8.67,81.92,300000.0,No,Yes,0,0,0,0,0,0,0,0,0,0,0,0,1,0,0,0,1,0,0,0,0,0,0,1,0,0,0,0,0,0,1,0,84.31,1,1,0,0,0,1,12.611541086966115,1.0
169,Male,17.0,Gujarat,ST,No,0.0,ECE,3,6.51,60.88,1200000.0,No,No,0,0,0,0,0,0,0,0,0,0,0,0,0,0,0,0,0,0,0,0,0,0,0,0,0,0,0,0,0,0,0,0,62.989999999999995,0,0,0,0,0,0,13.997832948091215,0.75
170,Male,21.0,Tamil Nadu,OBC,No,0.0,AI_DS,4,8.0,74.31,150000.0,No,Yes,0,1,0,0,1,0,0,0,0,0,0,0,0,1,0,0,0,0,0,1,1,0,0,0,0,0,0,0,0,1,0,0,77.155,1,0,0,0,0,0,11.918397239722838,1.0
171,Female,22.0,Rajasthan,EWS,No,0.0,CSE,2,6.51,62.58,350000.0,Yes,No,0,0,0,0,1,0,0,0,0,0,0,0,1,0,0,0,0,0,0,0,0,0,0,1,0,0,0,1,0,0,0,0,63.839999999999996,1,0,0,0,0,0,12.765691290604371,0.5
172,Male,18.0,Karnataka,OBC,No,0.0,Management,1,7.79,72.48,300000.0,No,No,0,0,0,0,0,0,0,0,0,0,0,0,0,0,0,0,0,0,0,0,0,0,0,0,0,0,0,0,0,1,0,0,75.19,1,0,1,0,0,0,12.611541086966115,0.25
173,Male,18.0,Rajasthan,SC,No,0.0,Management,4,7.49,66.53,1200000.0,No,Yes,0,0,0,0,0,0,0,0,0,0,0,0,0,0,0,0,0,0,0,0,0,0,0,0,0,0,0,0,0,0,0,0,70.715,0,0,0,0,0,0,13.997832948091215,1.0
174,Male,22.0,Maharashtra,General,No,0.0,Pharmacy,2,5.76,50.5,1500000.0,Yes,Yes,0,0,0,0,0,0,0,0,0,0,0,0,0,0,0,0,0,0,0,0,0,0,0,0,0,0,0,0,0,0,0,0,54.05,1,0,0,0,0,0,14.220976332738882,0.5
175,Female,25.0,Maharashtra,General,No,0.0,Chemical,2,6.64,62.44,150000.0,No,Yes,1,0,0,0,1,0,0,0,1,0,0,0,1,1,0,0,0,0,0,1,0,1,0,0,0,0,0,1,0,0,0,0,64.41999999999999,1,0,0,0,0,0,11.918397239722838,0.5
176,Female,25.0,Telangana,General,No,0.0,Instrumentation,2,7.87,79.19,800000.0,No,Yes,0,0,0,0,0,0,1,0,0,0,0,0,0,0,0,0,1,0,0,0,0,0,0,0,0,0,0,1,0,0,0,0,78.945,0,0,0,0,0,0,13.592368256649284,0.5
177,Male,19.0,Gujarat,EWS,No,0.0,Biotechnology,1,8.53,80.56,1500000.0,Yes,Yes,0,0,0,0,0,0,0,1,0,0,0,0,0,0,0,0,1,0,0,0,0,0,0,0,0,0,0,0,0,0,0,0,82.93,1,1,1,0,0,1,14.220976332738882,0.25
178,Male,21.0,Other,OBC,No,0.0,Commerce,1,7.48,68.05,400000.0,No,No,0,0,0,0,1,0,0,0,0,0,0,0,1,0,0,0,0,0,0,0,0,0,0,0,0,0,0,0,0,1,0,0,71.42500000000001,0,0,1,0,0,0,12.899222326086994,0.25
179,Female,20.0,Other,ST,No,0.0,AI_DS,1,7.48,70.19,350000.0,No,No,0,0,0,0,0,0,0,1,0,0,0,0,1,0,0,0,0,0,0,0,0,0,0,0,0,1,0,0,0,0,1,0,72.495,0,0,1,0,0,0,12.765691290604371,0.25
180,Female,24.0,Karnataka,SC,No,0.0,Biotechnology,3,7.89,72.47,1000000.0,No,No,0,0,0,0,0,0,0,0,0,0,0,0,0,0,0,0,1,0,0,0,0,0,0,0,0,0,0,0,0,0,0,0,75.685,0,0,0,0,0,0,13.815511557963774,0.75
181,Male,22.0,Delhi,EWS,No,0.0,Production,4,8.12,81.74,120000.0,No,No,0,1,0,0,1,0,0,0,1,0,0,0,1,1,0,0,0,0,0,1,1,0,0,0,0,0,0,0,0,1,0,0,81.47,1,1,0,0,0,1,11.695255355062795,1.0
182,Male,19.0,Rajasthan,General,No,0.0,Medical,4,7.37,71.22,200000.0,Yes,No,0,0,0,0,0,0,0,0,0,0,0,0,1,1,0,0,1,0,0,0,0,0,0,0,0,0,0,0,0,1,0,0,72.46000000000001,1,0,0,0,0,0,12.206077645517674,1.0
183,Female,20.0,Gujarat,ST,No,0.0,Science,4,8.33,77.93,250000.0,No,Yes,1,0,0,0,1,0,0,0,0,0,0,0,1,1,0,0,0,0,0,0,1,0,0,1,0,0,0,0,0,1,1,0,80.61500000000001,1,1,0,0,0,1,12.429220196836383,1.0
184,Male,23.0,Delhi,ST,No,0.0,Civil,3,7.77,73.85,80000.0,Yes,No,0,1,0,0,0,0,0,0,1,0,0,0,1,0,0,0,0,0,0,0,1,0,0,0,0,0,0,0,0,0,0,0,75.77499999999999,1,0,0,0,0,0,11.289794413577894,0.75
185,Female,24.0,Telangana,EWS,Yes,40.0,Commerce,2,7.62,70.07,250000.0,No,No,1,0,0,0,1,0,0,0,0,0,0,0,0,0,0,0,0,0,0,1,0,0,0,1,0,0,0,0,0,0,0,0,73.13499999999999,1,0,0,1,1,0,12.429220196836383,0.5
186,Female,17.0,Andhra Pradesh,General,No,0.0,Civil,3,7.53,73.03,500000.0,No,Yes,0,0,0,0,0,0,0,0,1,0,0,0,0,0,0,0,0,0,0,0,0,0,0,0,0,0,0,0,0,0,0,0,74.16499999999999,0,0,0,0,0,0,13.122365377402328,0.75
187,Female,25.0,Tamil Nadu,EWS,No,0.0,ECE,2,9.24,90.66,120000.0,No,No,0,0,0,1,1,0,0,0,1,0,0,0,1,1,0,0,1,0,0,1,1,0,0,1,0,1,0,1,0,1,0,0,91.53,1,1,0,0,0,1,11.695255355062795,0.5
188,Female,25.0,Madhya Pradesh,OBC,No,0.0,Medical,1,10.0,92.7,350000.0,Yes,Yes,0,0,0,0,1,0,0,1,0,0,0,0,1,0,0,0,1,0,0,0,0,0,0,1,0,0,0,0,0,1,0,1,96.35,1,1,1,0,0,1,12.765691290604371,0.25
189,Female,24.0,Delhi,ST,No,0.0,Electrical,3,8.55,81.78,600000.0,No,Yes,0,0,0,0,0,0,1,0,1,0,1,0,0,0,0,0,1,1,0,0,0,0,0,1,0,0,1,0,0,0,0,0,83.64,0,1,0,0,0,0,13.304686600863562,0.75
190,Female,21.0,Uttar Pradesh,SC,No,0.0,Management,3,10.0,92.58,400000.0,Yes,No,0,0,0,0,1,0,0,0,0,0,0,0,0,0,0,0,0,0,0,0,0,0,0,0,0,0,0,0,0,1,1,0,96.28999999999999,1,1,0,0,0,1,12.899222326086994,0.75
191,Female,18.0,Andhra Pradesh,EWS,No,0.0,CSE,4,6.49,59.86,250000.0,Yes,Yes,0,0,0,0,0,0,0,0,0,0,0,0,0,1,0,0,0,0,0,0,0,0,0,0,0,0,0,0,0,0,0,0,62.38,1,0,0,0,0,0,12.429220196836383,1.0
192,Female,19.0,Delhi,EWS,No,0.0,Medical,2,5.0,45.92,1500000.0,Yes,Yes,0,0,0,0,0,0,0,0,0,0,0,0,0,0,0,0,0,0,0,0,0,0,0,0,0,0,0,0,0,0,0,0,47.96,1,0,0,0,0,0,14.220976332738882,0.5
193,Male,20.0,Maharashtra,ST,No,0.0,Electrical,4,6.59,63.06,1000000.0,Yes,No,0,0,0,0,0,0,0,0,0,0,0,0,0,0,0,0,0,0,0,0,0,0,0,0,0,0,0,0,0,0,0,0,64.48,1,0,0,0,0,0,13.815511557963774,1.0
194,Female,17.0,Gujarat,EWS,No,0.0,Biotechnology,4,7.91,80.77,500000.0,No,No,0,0,0,0,0,0,0,0,0,0,0,0,0,0,0,0,0,0,0,0,0,0,0,1,0,0,0,0,0,0,0,0,79.935,0,0,0,0,0,0,13.122365377402328,1.0
195,Male,24.0,Delhi,SC,No,0.0,Instrumentation,4,8.64,80.35,200000.0,Yes,No,0,1,0,0,1,0,1,0,1,0,0,0,1,1,0,1,1,0,0,0,1,0,0,0,0,0,0,0,0,0,0,0,83.375,1,1,0,0,0,1,12.206077645517674,1.0
196,Female,20.0,Telangana,SC,No,0.0,Management,3,6.42,62.47,400000.0,No,No,0,0,0,0,0,0,0,0,0,0,0,0,0,0,0,0,0,0,0,0,0,0,0,0,0,0,0,0,0,0,0,0,63.335,0,0,0,0,0,0,12.899222326086994,0.75
197,Female,18.0,Uttar Pradesh,EWS,No,0.0,Medical,3,5.92,61.73,350000.0,Yes,No,0,0,0,0,1,0,0,0,0,0,0,0,1,0,0,0,0,0,0,0,0,0,0,1,0,0,0,0,0,0,0,0,60.465,1,0,0,0,0,0,12.765691290604371,0.75
198,Male,21.0,Rajasthan,SC,No,0.0,Instrumentation,4,8.92,83.33,200000.0,Yes,No,0,1,0,0,1,0,1,0,1,0,0,0,1,1,0,1,1,0,0,1,1,0,0,0,0,0,0,0,0,1,0,0,86.265,1,1,0,0,0,1,12.206077645517674,1.0
199,Female,19.0,Rajasthan,EWS,No,0.0,Production,2,5.44,55.74,80000.0,Yes,Yes,0,0,0,0,0,0,0,0,0,0,0,0,0,1,0,0,0,0,0,0,0,0,0,0,0,0,0,0,0,0,0,0,55.07000000000001,1,0,0,0,0,0,11.289794413577894,0.5
200,Male,18.0,Andhra Pradesh,SC,No,0.0,ECE,2,7.36,73.63,80000.0,Yes,No,0,0,0,0,1,0,0,0,1,0,0,0,1,1,0,0,0,0,0,1,1,0,0,0,0,0,0,0,0,0,0,0,73.61500000000001,1,0,0,0,0,0,11.289794413577894,0.5
201,Female,24.0,Other,OBC,No,0.0,Chemical,3,5.59,51.31,250000.0,Yes,Yes,0,0,0,0,0,0,0,0,0,0,0,0,0,0,0,0,0,0,0,0,0,0,0,0,0,0,0,0,0,0,0,0,53.605000000000004,1,0,0,0,0,0,12.429220196836383,0.75
202,Male,25.0,Maharashtra,OBC,No,0.0,Mechanical,1,7.51,71.49,1500000.0,No,No,0,0,0,0,0,0,0,1,0,0,0,0,0,0,0,0,0,0,0,0,0,0,0,0,0,0,0,0,0,0,0,0,73.29499999999999,0,0,1,0,0,0,14.220976332738882,0.25
203,Male,21.0,Maharashtra,General,No,0.0,CSE,3,6.96,67.99,250000.0,No,No,0,0,0,0,0,0,0,0,1,0,0,0,0,0,0,0,0,0,0,0,0,1,0,0,0,0,0,0,0,0,0,0,68.79499999999999,1,0,0,0,0,0,12.429220196836383,0.75
204,Male,25.0,Tamil Nadu,SC,No,0.0,ECE,3,6.22,58.66,150000.0,No,No,0,0,0,0,0,0,0,0,0,0,0,0,0,1,0,0,0,0,0,0,0,0,0,0,0,0,0,0,0,0,0,0,60.42999999999999,1,0,0,0,0,0,11.918397239722838,0.75
205,Male,17.0,Madhya Pradesh,SC,No,0.0,Civil,2,7.64,74.12,600000.0,No,No,0,0,0,0,0,0,0,0,0,0,0,0,0,0,0,0,0,1,0,0,0,0,0,0,0,0,0,0,0,0,0,0,75.25999999999999,0,0,0,0,0,0,13.304686600863562,0.5
206,Female,18.0,Andhra Pradesh,General,No,0.0,Electrical,4,8.35,75.95,300000.0,Yes,Yes,0,1,0,0,0,0,0,0,1,0,0,0,1,0,0,1,1,0,0,1,0,0,0,1,0,0,0,0,0,1,1,0,79.725,1,1,0,0,0,1,12.611541086966115,1.0
207,Female,23.0,Karnataka,ST,No,0.0,Biotechnology,3,5.66,57.6,600000.0,Yes,No,0,0,0,0,0,0,0,0,0,0,0,0,0,0,0,0,0,0,0,0,0,0,0,0,0,0,0,0,0,0,0,0,57.1,1,0,0,0,0,0,13.304686600863562,0.75
208,Female,20.0,Maharashtra,General,No,0.0,Mechanical,4,7.9,72.8,800000.0,No,Yes,0,0,0,0,0,0,1,0,0,0,0,0,0,0,0,0,0,1,0,0,0,1,0,0,0,0,0,0,0,0,0,0,75.9,0,0,0,0,0,0,13.592368256649284,1.0
209,Female,22.0,Uttar Pradesh,OBC,No,0.0,Electrical,4,7.49,89.27,150000.0,No,No,0,1,0,0,0,0,0,0,1,0,0,0,1,0,0,0,1,0,0,1,0,0,0,1,0,0,0,0,0,1,0,0,82.08500000000001,1,0,0,0,0,0,11.918397239722838,1.0
210,Female,25.0,Tamil Nadu,EWS,No,0.0,Civil,2,8.92,84.94,800000.0,Yes,No,0,0,0,0,0,0,1,0,0,0,0,0,0,0,0,0,1,1,0,0,0,0,0,0,0,0,0,1,0,0,0,0,87.07,1,1,0,0,0,1,13.592368256649284,0.5
211,Female,18.0,Uttar Pradesh,General,No,0.0,Civil,2,9.97,98.0,150000.0,No,No,0,0,0,1,1,0,1,0,1,0,1,0,1,1,0,0,1,1,0,0,0,0,0,1,0,1,0,1,0,1,1,0,98.85,1,1,0,0,0,1,11.918397239722838,0.5
212,Male,20.0,Uttar Pradesh,ST,No,0.0,Science,1,7.2,71.2,400000.0,Yes,No,0,0,0,0,1,0,0,1,0,0,0,0,1,0,0,0,1,0,0,0,0,0,0,0,0,0,0,0,0,1,0,0,71.6,1,0,1,0,0,0,12.899222326086994,0.25
213,Female,17.0,Delhi,ST,No,0.0,Chemical,1,8.27,82.67,350000.0,No,Yes,0,1,0,1,0,0,0,1,1,0,0,0,1,0,0,0,0,0,0,0,0,0,0,1,0,1,0,1,0,1,1,1,82.685,0,1,1,0,0,0,12.765691290604371,0.25
214,Male,18.0,Maharashtra,ST,No,0.0,AI_DS,1,6.34,62.29,120000.0,No,Yes,0,0,0,0,1,0,0,0,1,0,0,0,1,1,0,0,0,0,0,0,0,0,0,0,0,0,0,0,0,0,0,0,62.845,1,0,1,0,0,0,11.695255355062795,0.25
215,Female,23.0,Gujarat,OBC,No,0.0,Commerce,3,8.77,78.04,350000.0,No,No,0,0,0,0,0,0,0,0,0,0,0,0,0,0,0,0,1,0,0,0,0,0,0,1,0,0,0,0,0,1,0,0,82.87,0,1,0,0,0,0,12.765691290604371,0.75
216,Female,18.0,Other,EWS,No,0.0,Pharmacy,1,6.08,51.64,150000.0,No,Yes,0,0,0,0,0,0,0,0,0,0,0,0,0,0,0,0,0,0,0,0,0,0,0,0,0,0,0,0,0,0,0,0,56.22,1,0,1,0,0,0,11.918397239722838,0.25
217,Male,17.0,Maharashtra,SC,No,0.0,Commerce,4,7.18,70.36,1500000.0,Yes,Yes,0,0,0,0,0,0,0,0,0,0,0,0,0,0,0,0,1,0,0,0,0,0,0,0,0,0,0,0,0,0,0,0,71.08,1,0,0,0,0,0,14.220976332738882,1.0
218,Female,22.0,Gujarat,SC,No,0.0,ECE,1,9.3,88.57,1200000.0,No,Yes,0,0,0,0,0,0,0,0,0,0,0,0,0,0,0,0,0,0,0,0,0,0,0,0,0,0,0,0,0,0,0,0,90.785,0,1,1,0,0,0,13.997832948091215,0.25
219,Male,20.0,Rajasthan,General,No,0.0,Science,1,9.45,85.63,350000.0,Yes,No,0,0,0,0,1,0,0,1,0,0,0,0,1,0,0,0,1,0,0,0,0,0,0,0,0,0,0,0,0,1,0,1,90.065,1,1,1,0,0,1,12.765691290604371,0.25
220,Female,20.0,Delhi,OBC,No,0.0,IT,2,7.49,51.7,500000.0,No,Yes,0,0,0,0,0,0,0,0,0,0,0,0,0,0,0,0,0,0,0,0,0,0,0,0,0,0,0,0,0,0,0,0,63.300000000000004,0,0,0,0,0,0,13.122365377402328,0.5
221,Female,22.0,Karnataka,SC,No,0.0,Production,4,7.96,75.52,250000.0,No,Yes,0,1,0,0,1,0,0,0,0,0,0,0,1,1,0,0,0,1,0,1,0,0,0,1,0,0,0,0,0,0,1,0,77.56,1,0,0,0,0,0,12.429220196836383,1.0
222,Male,23.0,Delhi,ST,Yes,50.0,Medical,3,5.02,47.42,1000000.0,No,No,0,0,0,0,0,0,0,0,0,0,0,0,0,0,0,0,0,0,0,0,0,0,0,0,0,0,0,0,0,0,0,0,48.81,0,0,0,1,1,0,13.815511557963774,0.75
223,Male,21.0,Andhra Pradesh,OBC,No,0.0,Management,2,5.93,58.34,1500000.0,Yes,No,0,0,0,0,0,0,0,0,0,0,0,0,0,0,0,0,0,0,0,0,0,0,0,0,0,0,0,0,0,0,0,0,58.82,1,0,0,0,0,0,14.220976332738882,0.5
224,Male,24.0,Maharashtra,EWS,No,0.0,Commerce,2,7.94,72.61,350000.0,Yes,No,0,0,0,0,1,0,0,0,0,0,0,0,1,0,0,0,0,0,0,0,0,0,0,0,0,0,0,0,0,1,0,0,76.005,1,0,0,0,0,0,12.765691290604371,0.5
225,Male,22.0,Other,General,No,0.0,Pharmacy,1,6.88,62.18,500000.0,Yes,Yes,0,0,0,0,1,0,0,1,0,0,0,0,0,0,0,0,0,0,0,0,0,0,0,0,0,0,0,0,0,0,0,0,65.49,1,0,1,0,0,0,13.122365377402328,0.25
226,Female,23.0,Other,EWS,No,0.0,AI_DS,2,7.42,73.36,1200000.0,Yes,No,0,0,0,0,0,0,0,0,0,0,0,0,0,0,0,0,0,0,0,0,0,0,1,0,0,0,0,0,0,0,0,0,73.78,1,0,0,0,0,0,13.997832948091215,0.5
227,Male,22.0,Telangana,General,No,0.0,Civil,1,6.32,61.55,1000000.0,No,Yes,0,0,0,0,0,0,0,1,0,0,0,0,0,0,0,0,0,0,0,0,0,0,0,0,0,0,0,0,0,0,0,0,62.375,0,0,1,0,0,0,13.815511557963774,0.25
228,Male,23.0,Karnataka,EWS,No,0.0,Chemical,4,6.86,62.79,400000.0,No,No,0,0,0,0,0,0,0,0,0,0,0,0,0,0,0,0,0,0,0,0,0,0,0,0,0,0,0,0,0,0,0,0,65.69500000000001,0,0,0,0,0,0,12.899222326086994,1.0
229,Female,22.0,Delhi,ST,No,0.0,Management,3,7.37,66.91,200000.0,No,No,0,0,0,0,1,0,0,0,0,0,0,0,1,0,0,0,1,0,0,1,0,0,0,1,0,0,0,0,0,1,1,0,70.305,1,0,0,0,0,0,12.206077645517674,0.75
230,Female,17.0,Uttar Pradesh,OBC,No,0.0,CSE,3,6.84,61.39,500000.0,No,No,0,0,0,0,0,0,0,0,1,0,0,0,0,0,0,0,0,0,0,0,0,0,0,1,0,0,0,0,0,0,0,0,64.89500000000001,0,0,0,0,0,0,13.122365377402328,0.75
231,Male,20.0,Madhya Pradesh,General,No,0.0,Production,4,9.86,93.78,500000.0,No,No,0,0,0,0,0,0,1,0,0,0,0,0,0,0,0,0,0,0,0,0,0,0,0,0,0,0,0,0,0,0,0,0,96.19,0,1,0,0,0,0,13.122365377402328,1.0
232,Female,21.0,Tamil Nadu,OBC,No,0.0,Pharmacy,2,6.66,63.91,150000.0,No,Yes,0,0,0,0,1,0,0,0,0,0,0,0,0,1,0,0,0,0,0,1,0,0,0,1,0,0,0,0,0,0,0,0,65.255,1,0,0,0,0,0,11.918397239722838,0.5
233,Male,25.0,Maharashtra,General,No,0.0,IT,1,7.37,69.35,350000.0,Yes,Yes,0,0,0,0,0,0,0,0,1,0,0,0,1,0,0,0,1,0,0,0,0,0,0,0,0,0,0,0,0,1,0,0,71.525,1,0,1,0,0,0,12.765691290604371,0.25
234,Male,19.0,Maharashtra,OBC,No,0.0,Pharmacy,1,8.24,80.55,600000.0,No,No,0,0,0,0,0,0,0,1,0,0,0,0,0,0,0,0,0,0,0,0,0,0,0,0,0,0,0,0,0,0,0,1,81.475,0,1,1,0,0,0,13.304686600863562,0.25
235,Male,17.0,Delhi,EWS,No,0.0,CSE,3,6.86,63.44,500000.0,No,Yes,0,0,0,0,0,0,0,0,1,0,0,0,0,0,0,0,0,0,0,0,0,0,0,0,0,0,0,0,0,0,0,0,66.02000000000001,0,0,0,0,0,0,13.122365377402328,0.75
236,Female,19.0,Rajasthan,General,No,0.0,Production,2,7.17,61.21,600000.0,No,No,0,0,0,0,0,0,0,0,0,0,0,0,0,0,0,0,1,0,0,0,0,0,0,0,0,0,0,0,0,0,0,0,66.455,0,0,0,0,0,0,13.304686600863562,0.5
237,Female,23.0,Rajasthan,SC,No,0.0,Science,2,5.68,58.06,1000000.0,Yes,No,0,0,0,0,0,0,0,0,0,0,0,0,0,0,0,0,0,0,0,0,0,0,0,0,0,0,0,0,0,0,0,0,57.43,1,0,0,0,0,0,13.815511557963774,0.5
238,Male,17.0,Rajasthan,ST,No,0.0,Management,1,9.47,89.22,800000.0,Yes,Yes,0,0,0,0,0,0,0,1,0,0,0,0,0,0,0,0,1,0,0,0,0,0,0,0,0,0,0,0,0,0,0,1,91.96000000000001,1,1,1,0,0,1,13.592368256649284,0.25
239,Male,24.0,Andhra Pradesh,SC,No,0.0,ECE,1,8.19,78.74,200000.0,Yes,No,0,0,0,0,0,0,0,1,1,1,0,0,1,1,0,1,0,0,0,1,1,0,0,0,0,0,0,0,0,0,0,1,80.32,1,1,1,0,0,1,12.206077645517674,0.25
240,Female,17.0,Rajasthan,SC,No,0.0,IT,2,10.0,98.0,1500000.0,No,Yes,0,0,0,0,0,0,1,0,0,0,1,0,0,0,0,0,1,0,0,0,0,0,1,0,0,0,0,0,0,0,0,0,99.0,0,1,0,0,0,0,14.220976332738882,0.5
241,Male,19.0,Andhra Pradesh,General,No,0.0,Production,4,7.35,66.96,800000.0,No,No,0,0,0,0,0,0,0,0,0,0,0,0,0,0,0,0,0,0,0,0,0,0,0,0,0,0,0,0,0,0,0,0,70.22999999999999,0,0,0,0,0,0,13.592368256649284,1.0
242,Male,18.0,Delhi,SC,No,0.0,Commerce,2,5.57,53.53,1500000.0,Yes,No,0,0,0,0,0,0,0,0,0,0,0,0,0,0,0,0,0,0,0,0,0,0,0,0,0,0,0,0,0,0,0,0,54.615,1,0,0,0,0,0,14.220976332738882,0.5
243,Female,22.0,Maharashtra,SC,No,0.0,Science,4,6.59,58.34,200000.0,No,No,0,0,0,0,0,0,0,0,0,0,0,0,1,0,0,0,0,0,0,0,0,0,0,0,0,0,0,0,0,0,0,0,62.120000000000005,1,0,0,0,0,0,12.206077645517674,1.0
244,Female,19.0,Maharashtra,EWS,No,0.0,AI_DS,3,6.72,60.6,1200000.0,Yes,Yes,0,0,0,0,0,0,0,0,0,0,0,0,0,0,0,0,0,0,0,0,0,0,0,0,0,0,0,0,0,0,0,0,63.900000000000006,1,0,0,0,0,0,13.997832948091215,0.75
245,Male,21.0,Gujarat,ST,No,0.0,Electrical,4,9.52,93.08,300000.0,No,Yes,1,1,0,0,0,0,1,0,1,0,0,0,1,0,0,0,0,1,0,1,0,0,0,0,0,0,0,0,0,1,0,0,94.13999999999999,1,1,0,0,0,1,12.611541086966115,1.0
246,Male,17.0,Telangana,ST,No,0.0,Instrumentation,1,7.49,75.59,150000.0,Yes,Yes,1,1,0,0,1,0,0,1,1,0,0,0,1,1,0,0,0,0,0,1,1,0,0,0,0,0,0,0,0,1,0,0,75.245,1,0,1,0,0,0,11.918397239722838,0.25
247,Female,24.0,Delhi,EWS,No,0.0,ECE,1,7.59,69.52,120000.0,No,Yes,0,0,0,0,1,0,0,0,1,0,0,0,1,1,0,0,0,0,0,1,1,0,0,1,0,0,0,0,0,0,0,1,72.71000000000001,1,0,1,0,0,0,11.695255355062795,0.25
248,Female,23.0,Maharashtra,SC,No,0.0,AI_DS,2,9.33,90.25,600000.0,Yes,No,0,0,0,0,0,1,1,0,1,0,0,0,0,0,0,0,1,0,0,0,0,0,1,1,0,0,0,1,0,0,0,0,91.775,1,1,0,0,0,1,13.304686600863562,0.5
249,Male,19.0,Telangana,SC,No,0.0,Electrical,1,6.26,58.9,150000.0,No,No,0,0,0,0,0,0,0,0,0,0,0,0,0,1,0,0,0,0,0,0,0,0,0,0,0,0,0,0,0,0,0,0,60.75,1,0,1,0,0,0,11.918397239722838,0.25
250,Female,21.0,Tamil Nadu,General,No,0.0,Production,4,6.45,57.13,600000.0,Yes,No,0,0,0,0,0,0,0,0,0,0,0,0,0,0,0,0,0,0,0,0,0,0,0,0,0,0,0,0,0,0,0,0,60.815,1,0,0,0,0,0,13.304686600863562,1.0
251,Male,19.0,Telangana,General,No,0.0,Biotechnology,4,7.49,87.52,1200000.0,No,No,0,0,0,0,0,0,0,0,0,0,0,0,0,0,0,0,1,0,0,0,0,0,0,0,0,0,0,0,0,0,0,0,81.21000000000001,0,0,0,0,0,0,13.997832948091215,1.0
252,Female,40.0,Other,EWS,No,0.0,Biotechnology,2,5.82,71.2,400000.0,No,Yes,0,0,0,0,0,0,0,0,0,0,0,0,1,0,0,0,1,0,0,0,0,0,0,0,0,0,0,0,0,0,1,0,64.7,0,0,0,0,0,0,12.899222326086994,0.5
253,Female,22.0,Telangana,ST,No,0.0,Production,3,6.72,62.38,350000.0,No,No,0,0,0,0,1,0,0,0,0,0,0,0,0,0,0,0,0,0,0,0,0,0,0,1,0,0,0,0,0,0,0,0,64.79,0,0,0,0,0,0,12.765691290604371,0.75
254,Female,18.0,Uttar Pradesh,OBC,No,0.0,Mechanical,1,6.79,61.91,1000000.0,No,Yes,0,0,0,0,0,0,0,1,0,0,0,0,0,0,0,0,0,0,0,0,0,0,0,0,0,0,0,0,0,0,0,0,64.905,0,0,1,0,0,0,13.815511557963774,0.25
255,Female,21.0,Rajasthan,ST,No,0.0,Electrical,3,7.56,69.33,200000.0,No,Yes,0,0,0,0,0,0,0,0,0,0,0,0,1,0,0,0,1,0,0,0,0,0,0,1,0,0,0,0,0,0,0,0,72.465,1,0,0,0,0,0,12.206077645517674,0.75
256,Female,23.0,Rajasthan,ST,No,0.0,Management,4,7.82,74.14,500000.0,No,Yes,0,0,0,0,1,0,0,0,0,0,0,0,0,0,0,0,1,0,0,0,0,0,0,1,0,0,0,0,0,0,0,0,76.17,0,0,0,0,0,0,13.122365377402328,1.0
257,Female,25.0,Uttar Pradesh,General,No,0.0,Production,3,7.21,65.77,150000.0,Yes,No,0,0,0,0,0,0,0,0,1,0,0,0,1,1,0,0,0,0,0,1,0,0,0,1,0,0,0,0,0,1,1,0,68.935,1,0,0,0,0,0,11.918397239722838,0.75
258,Female,23.0,Rajasthan,General,No,0.0,Production,2,6.81,66.96,400000.0,No,No,0,0,0,0,0,0,0,0,1,0,0,0,1,0,0,0,0,0,0,0,0,0,0,1,0,0,0,0,0,0,0,0,67.53,0,0,0,0,0,0,12.899222326086994,0.5
259,Female,25.0,Gujarat,SC,No,0.0,Management,1,8.1,74.02,250000.0,No,Yes,1,0,0,0,1,0,0,1,0,0,0,0,1,0,0,0,1,0,0,0,1,0,0,1,0,0,0,0,0,1,0,1,77.50999999999999,1,0,1,0,0,0,12.429220196836383,0.25
260,Male,19.0,Madhya Pradesh,SC,No,0.0,Civil,4,7.49,74.64,300000.0,No,Yes,0,1,0,0,0,0,0,0,1,0,0,0,1,0,0,0,1,0,0,1,0,0,0,0,0,0,0,0,0,0,0,0,74.77000000000001,1,0,0,0,0,0,12.611541086966115,1.0
261,Female,24.0,Madhya Pradesh,General,No,0.0,ECE,1,5.5,53.88,1500000.0,No,Yes,0,0,0,0,0,0,0,0,0,0,0,0,0,0,0,0,0,0,0,0,0,0,0,0,0,0,0,0,0,0,0,0,54.44,0,0,1,0,0,0,14.220976332738882,0.25
262,Male,20.0,Delhi,OBC,No,0.0,Biotechnology,4,6.7,65.36,400000.0,Yes,No,0,0,0,0,0,0,0,0,0,0,0,0,1,0,0,0,0,0,0,0,0,0,0,0,0,0,0,0,0,1,0,0,66.18,1,0,0,0,0,0,12.899222326086994,1.0
263,Male,19.0,Other,ST,No,0.0,Civil,4,6.58,57.1,600000.0,No,No,0,0,0,0,0,0,0,0,0,0,0,0,0,0,0,0,0,0,0,0,0,0,0,0,0,0,0,0,0,0,0,0,61.45,0,0,0,0,0,0,13.304686600863562,1.0
264,Male,20.0,Karnataka,SC,No,0.0,AI_DS,1,5.55,52.87,1200000.0,Yes,No,0,0,0,0,0,0,0,0,0,0,0,0,0,0,0,0,0,0,0,0,0,0,0,0,0,0,0,0,0,0,0,0,54.185,1,0,1,0,0,0,13.997832948091215,0.25
265,Female,20.0,Tamil Nadu,General,No,0.0,Management,3,7.81,71.48,600000.0,No,No,0,0,0,0,0,0,0,0,0,0,0,0,0,0,0,0,1,0,0,0,0,0,0,0,0,0,0,0,0,0,0,0,74.78999999999999,0,0,0,0,0,0,13.304686600863562,0.75
266,Male,22.0,Madhya Pradesh,ST,No,0.0,Chemical,1,8.27,73.58,800000.0,Yes,No,0,0,0,0,0,0,0,0,0,0,0,0,0,0,0,0,0,0,0,0,0,0,0,0,0,0,0,0,0,0,0,0,78.13999999999999,1,0,1,0,0,0,13.592368256649284,0.25
267,Male,20.0,Telangana,General,No,0.0,Electrical,4,7.42,66.86,350000.0,Yes,No,0,0,0,0,1,0,0,0,1,0,0,0,1,0,0,0,0,0,0,0,0,0,0,0,0,0,0,0,0,0,0,0,70.53,1,0,0,0,0,0,12.765691290604371,1.0
268,Female,19.0,Tamil Nadu,EWS,No,0.0,Mechanical,2,6.72,63.98,400000.0,No,Yes,0,0,0,0,0,0,0,0,0,0,0,0,1,0,0,0,0,0,0,0,0,0,0,1,0,0,0,1,0,0,0,0,65.59,0,0,0,0,0,0,12.899222326086994,0.5
269,Male,22.0,Tamil Nadu,EWS,No,0.0,Pharmacy,1,6.47,71.2,400000.0,Yes,Yes,0,0,0,0,1,0,0,1,0,0,0,0,0,0,0,0,0,0,0,0,0,0,0,0,0,0,0,0,0,0,0,0,67.95,1,0,1,0,0,0,12.899222326086994,0.25
270,Female,25.0,Delhi,ST,No,0.0,Management,4,8.71,81.01,1000000.0,No,No,0,0,0,0,0,0,0,0,0,0,0,0,0,0,0,0,0,0,0,0,0,0,0,0,0,0,0,0,0,0,0,0,84.055,0,1,0,0,0,0,13.815511557963774,1.0
271,Male,18.0,Uttar Pradesh,General,No,0.0,Production,3,8.5,77.36,80000.0,No,Yes,0,1,0,0,1,0,1,0,0,0,0,0,1,1,0,0,1,1,0,1,1,0,0,0,0,0,0,0,0,1,0,0,81.18,1,1,0,0,0,1,11.289794413577894,0.75
272,Female,19.0,Tamil Nadu,EWS,No,0.0,Management,1,8.14,81.65,600000.0,Yes,No,0,0,0,0,0,0,0,1,0,0,0,0,0,0,0,0,0,0,0,0,0,0,0,1,0,0,0,0,0,0,0,1,81.525,1,1,1,0,0,1,13.304686600863562,0.25
273,Female,25.0,Maharashtra,ST,No,0.0,Commerce,1,7.49,45.11,1000000.0,Yes,No,0,0,0,0,0,0,0,0,0,0,0,0,0,0,0,0,0,0,0,0,0,0,0,0,0,0,0,0,0,0,0,0,60.005,1,0,1,0,0,0,13.815511557963774,0.25
274,Male,24.0,Telangana,SC,No,0.0,AI_DS,4,8.19,77.2,350000.0,Yes,Yes,0,1,0,0,1,0,1,0,0,0,0,0,1,0,0,0,1,0,0,0,0,0,0,0,0,0,0,0,0,0,0,0,79.55,1,1,0,0,0,1,12.765691290604371,1.0
275,Male,21.0,Uttar Pradesh,ST,No,0.0,Electrical,2,7.95,73.71,1500000.0,Yes,Yes,0,0,0,0,0,0,0,0,0,0,0,0,0,0,0,0,0,0,0,0,0,0,0,0,0,0,0,0,0,0,0,0,76.60499999999999,1,0,0,0,0,0,14.220976332738882,0.5
276,Female,25.0,Telangana,EWS,No,0.0,Biotechnology,3,7.6,71.73,250000.0,No,Yes,1,0,0,0,1,0,0,0,0,0,0,0,0,1,0,0,0,0,0,0,1,0,0,1,0,0,0,0,0,1,1,0,73.86500000000001,1,0,0,0,0,0,12.429220196836383,0.75
277,Male,23.0,Maharashtra,SC,No,0.0,Electrical,2,8.9,85.31,200000.0,Yes,No,1,1,0,0,1,0,0,0,1,0,0,0,1,1,0,1,1,0,0,1,1,0,0,0,0,0,0,0,0,1,0,0,87.155,1,1,0,0,0,1,12.206077645517674,0.5
278,Male,23.0,Tamil Nadu,OBC,No,0.0,Instrumentation,4,7.91,73.91,350000.0,No,Yes,0,1,0,0,0,0,0,0,0,0,0,0,1,0,0,0,0,0,0,0,0,0,0,0,0,0,0,0,0,0,0,0,76.505,0,0,0,0,0,0,12.765691290604371,1.0
279,Male,23.0,Delhi,SC,No,0.0,Pharmacy,4,6.91,64.35,400000.0,No,Yes,0,0,0,0,1,0,0,0,0,0,0,0,0,0,0,0,0,0,0,0,0,0,0,0,0,0,0,0,0,0,0,0,66.725,0,0,0,0,0,0,12.899222326086994,1.0
280,Male,24.0,Other,SC,No,0.0,Medical,2,7.97,74.45,350000.0,Yes,No,0,0,0,0,1,0,0,0,0,0,0,0,1,0,0,0,1,0,0,0,0,0,0,0,0,0,0,0,0,0,0,0,77.075,1,0,0,0,0,0,12.765691290604371,0.5
281,Female,22.0,Telangana,SC,No,0.0,Electrical,4,7.85,80.8,1200000.0,No,Yes,0,0,0,0,0,0,0,0,0,0,0,0,0,0,0,0,1,0,0,0,0,0,0,0,0,0,0,0,0,0,0,0,79.65,0,0,0,0,0,0,13.997832948091215,1.0
282,Male,18.0,Other,ST,Yes,0.0,Mechanical,4,8.55,80.25,400000.0,Yes,No,0,0,0,0,1,0,0,0,1,0,0,0,1,0,0,0,1,0,0,0,0,0,0,0,0,0,0,0,0,1,0,0,82.875,1,1,0,1,0,1,12.899222326086994,1.0
283,Male,19.0,Other,SC,No,0.0,Instrumentation,1,8.94,83.71,800000.0,No,No,0,0,0,0,0,0,0,1,0,0,0,0,0,0,0,0,1,0,0,0,0,0,0,0,0,0,0,0,0,0,0,1,86.55499999999999,0,1,1,0,0,0,13.592368256649284,0.25
284,Male,22.0,Other,OBC,No,0.0,Chemical,2,5.05,45.0,350000.0,Yes,Yes,0,0,0,0,0,0,0,0,0,0,0,0,0,0,0,0,0,0,0,0,0,0,0,0,0,0,0,0,0,0,0,0,47.75,1,0,0,0,0,0,12.765691290604371,0.5
285,Male,20.0,Tamil Nadu,General,No,0.0,Production,4,5.26,48.92,80000.0,Yes,No,0,0,0,0,0,0,0,0,0,0,0,0,0,0,0,0,0,0,0,0,0,0,0,0,0,0,0,0,0,0,0,0,50.76,1,0,0,0,0,0,11.289794413577894,1.0
286,Male,23.0,Gujarat,ST,No,0.0,Medical,1,7.52,76.47,1000000.0,Yes,Yes,0,0,0,0,0,0,0,0,0,0,0,0,0,0,0,0,1,0,0,0,0,0,0,0,0,0,0,0,0,0,0,1,75.835,1,0,1,0,0,0,13.815511557963774,0.25
287,Female,22.0,Telangana,OBC,No,0.0,Electrical,2,7.89,74.3,120000.0,Yes,Yes,1,1,0,1,1,0,0,0,1,0,0,0,1,1,0,0,0,1,0,1,1,0,0,1,0,1,0,0,0,1,1,0,76.6,1,0,0,0,0,0,11.695255355062795,0.5
288,Female,22.0,Karnataka,OBC,No,0.0,Science,2,8.5,74.12,120000.0,Yes,Yes,0,0,0,0,1,0,0,0,0,0,0,0,1,1,0,0,1,0,0,1,1,0,0,1,0,0,0,0,0,1,1,0,79.56,1,0,0,0,0,0,11.695255355062795,0.5
289,Male,23.0,Madhya Pradesh,ST,No,0.0,Electrical,2,7.78,76.22,250000.0,Yes,Yes,0,1,0,0,1,0,1,0,1,0,0,0,1,1,0,1,0,0,0,1,1,0,0,0,0,0,0,0,0,0,0,0,77.00999999999999,1,0,0,0,0,0,12.429220196836383,0.5
290,Female,17.0,Other,SC,No,0.0,Civil,4,5.73,57.87,250000.0,Yes,Yes,0,0,0,0,0,0,0,0,0,0,0,0,0,1,0,0,0,0,0,0,0,0,0,0,0,0,0,0,0,0,0,0,57.585,1,0,0,0,0,0,12.429220196836383,1.0
291,Female,23.0,Rajasthan,OBC,No,0.0,CSE,1,7.91,73.9,300000.0,No,Yes,0,1,0,1,0,0,0,1,1,1,0,0,1,0,0,0,0,0,0,0,0,0,0,1,0,0,0,1,0,0,0,0,76.5,1,0,1,0,0,0,12.611541086966115,0.25
292,Female,23.0,Madhya Pradesh,EWS,No,0.0,Management,1,8.26,85.28,80000.0,Yes,Yes,0,0,0,0,1,0,0,1,0,0,0,0,0,1,0,0,0,0,1,1,1,0,0,0,1,0,0,0,0,1,1,1,83.94,1,1,1,0,0,1,11.289794413577894,0.25
293,Female,21.0,Maharashtra,General,No,0.0,Medical,3,7.72,74.08,800000.0,No,No,0,0,0,0,0,0,0,0,0,0,0,0,0,0,0,0,0,0,0,0,0,1,0,0,0,0,0,0,0,0,0,0,75.64,0,0,0,0,0,0,13.592368256649284,0.75
294,Female,18.0,Maharashtra,EWS,No,0.0,Electrical,3,6.95,63.48,120000.0,No,Yes,0,0,0,0,1,0,0,0,1,0,0,0,0,0,0,0,0,0,0,1,0,1,0,0,0,0,0,0,0,0,0,0,66.49,1,0,0,0,0,0,11.695255355062795,0.75
295,Male,19.0,Delhi,SC,No,0.0,AI_DS,3,8.5,78.18,350000.0,No,Yes,0,1,0,0,1,0,0,0,1,0,0,0,0,0,0,0,1,0,0,0,0,0,0,0,0,0,0,0,0,1,0,0,81.59,0,1,0,0,0,0,12.765691290604371,0.75
296,Male,20.0,Rajasthan,ST,No,0.0,IT,3,7.59,70.67,800000.0,Yes,Yes,0,0,0,0,0,0,0,0,0,0,0,0,0,0,0,0,0,0,0,0,0,0,0,0,0,0,0,0,0,0,0,0,73.285,1,0,0,0,0,0,13.592368256649284,0.75
297,Male,19.0,Maharashtra,OBC,No,0.0,Pharmacy,3,8.07,77.67,150000.0,No,Yes,1,0,0,0,1,0,0,0,0,0,0,0,0,1,0,0,0,0,0,1,1,1,0,0,0,0,0,0,0,1,0,0,79.185,1,1,0,0,0,1,11.918397239722838,0.75
298,Female,18.0,Maharashtra,SC,No,0.0,Instrumentation,1,8.75,81.59,250000.0,Yes,No,1,1,0,0,0,0,0,1,1,1,0,1,0,0,1,1,0,0,0,1,1,0,0,1,0,1,0,1,0,1,1,0,84.545,1,1,1,0,0,1,12.429220196836383,0.25
299,Female,25.0,Madhya Pradesh,General,No,0.0,Mechanical,3,7.18,65.27,150000.0,No,Yes,0,0,0,0,1,0,0,0,0,0,0,0,1,1,0,0,0,0,0,1,1,0,0,1,0,0,0,0,0,1,1,0,68.535,1,0,0,0,0,0,11.918397239722838,0.75
300,Male,20.0,Delhi,General,Yes,90.0,CSE,2,6.97,67.35,350000.0,No,No,0,0,0,0,1,0,0,0,1,0,0,0,1,0,0,0,0,0,0,0,0,0,0,0,0,0,0,0,1,1,0,0,68.525,0,0,0,1,1,0,12.765691290604371,0.5
301,Female,19.0,Gujarat,General,No,0.0,Commerce,2,8.41,77.13,350000.0,Yes,No,0,0,0,0,1,0,0,0,0,0,0,0,1,0,0,0,1,0,0,0,0,0,0,1,0,0,0,0,0,0,1,0,80.615,1,1,0,0,0,1,12.765691290604371,0.5
302,Female,21.0,Rajasthan,EWS,No,0.0,IT,2,8.54,85.2,200000.0,Yes,No,0,1,0,1,1,0,1,0,1,0,0,0,0,0,0,1,1,0,0,1,1,0,0,1,0,0,0,1,0,1,1,0,85.3,1,1,0,0,0,1,12.206077645517674,0.5
303,Male,24.0,Telangana,SC,No,0.0,Science,1,8.0,81.63,300000.0,Yes,No,1,0,0,0,1,0,0,1,0,0,0,0,1,0,0,0,0,0,0,1,0,0,0,0,0,0,0,0,0,1,0,1,80.815,1,1,1,0,0,1,12.611541086966115,0.25
304,Female,20.0,Tamil Nadu,SC,No,0.0,Management,2,6.57,58.68,1000000.0,Yes,Yes,0,0,0,0,0,0,0,0,0,0,0,0,0,0,0,0,0,0,0,0,0,0,0,0,0,0,0,0,0,0,0,0,62.19,1,0,0,0,0,0,13.815511557963774,0.5
305,Male,12.0,Maharashtra,OBC,No,0.0,CSE,3,5.37,55.5,80000.0,No,No,0,0,0,0,0,0,0,0,0,0,0,0,0,0,0,0,0,0,0,0,0,1,0,0,0,0,0,0,0,0,0,0,54.6,1,0,0,0,0,0,11.289794413577894,0.75
306,Male,40.0,Delhi,OBC,No,0.0,IT,2,8.29,78.59,1000000.0,No,No,0,0,0,0,0,0,1,0,0,0,0,0,0,0,0,0,0,0,0,0,0,0,0,0,0,0,0,0,0,0,0,0,80.745,0,1,0,0,0,0,13.815511557963774,0.5
307,Male,20.0,Delhi,ST,No,0.0,Pharmacy,4,7.84,71.1,1000000.0,Yes,Yes,0,0,0,0,0,0,0,0,0,0,0,0,0,0,0,0,1,0,0,0,0,0,0,0,0,0,0,0,0,0,0,0,74.75,1,0,0,0,0,0,13.815511557963774,1.0
308,Male,23.0,Rajasthan,EWS,No,0.0,Commerce,2,10.0,95.39,200000.0,No,No,0,0,0,0,0,0,0,0,0,0,0,0,1,1,0,0,1,0,0,1,1,0,0,0,0,0,0,0,0,1,0,0,97.695,1,1,0,0,0,1,12.206077645517674,0.5
309,Female,23.0,Madhya Pradesh,SC,No,0.0,Production,1,7.63,74.66,200000.0,Yes,Yes,0,0,0,1,1,0,0,1,1,1,0,0,1,0,0,0,0,0,0,0,1,0,0,0,0,1,0,0,0,1,1,1,75.47999999999999,1,0,1,0,0,0,12.206077645517674,0.25
310,Male,18.0,Gujarat,ST,No,0.0,Commerce,1,8.08,77.43,500000.0,No,Yes,0,0,0,0,1,0,0,1,0,0,0,0,0,0,0,0,1,0,0,0,0,0,0,0,0,0,0,0,0,0,0,0,79.11500000000001,0,1,1,0,0,0,13.122365377402328,0.25
311,Female,21.0,Tamil Nadu,SC,No,0.0,AI_DS,2,6.55,63.64,1200000.0,No,Yes,0,0,0,0,0,0,0,0,0,0,0,0,0,0,0,0,0,0,0,0,0,0,0,0,0,0,0,0,0,0,0,0,64.57,0,0,0,0,0,0,13.997832948091215,0.5
312,Male,22.0,Gujarat,General,No,0.0,Pharmacy,4,9.76,96.76,500000.0,Yes,No,0,0,0,0,1,0,0,0,0,0,0,0,0,0,0,0,1,0,0,0,0,0,0,0,0,0,0,0,0,0,0,0,97.18,1,1,0,0,0,1,13.122365377402328,1.0
313,Female,19.0,Maharashtra,ST,No,0.0,Production,1,9.41,87.86,400000.0,Yes,Yes,0,0,0,1,0,0,0,1,1,0,0,0,1,0,1,0,1,0,0,0,0,0,0,1,1,1,0,1,0,1,1,1,90.97999999999999,1,1,1,0,0,1,12.899222326086994,0.25
314,Male,17.0,Maharashtra,OBC,No,0.0,Medical,3,6.31,59.57,800000.0,Yes,No,0,0,0,0,0,0,0,0,0,0,0,0,0,0,0,0,0,0,0,0,0,0,0,0,0,0,0,0,0,0,0,0,61.334999999999994,1,0,0,0,0,0,13.592368256649284,0.75
315,Male,17.0,Rajasthan,OBC,No,0.0,Science,2,7.57,75.2,120000.0,No,No,0,0,0,0,1,0,0,0,0,0,0,0,1,1,0,0,0,0,0,1,0,0,0,0,0,0,0,0,0,0,0,0,75.45,1,0,0,0,0,0,11.695255355062795,0.5
316,Male,24.0,Maharashtra,OBC,No,0.0,Commerce,4,5.47,56.55,400000.0,Yes,No,0,0,0,0,0,0,0,0,0,0,0,0,0,0,0,0,0,0,0,0,0,1,0,0,0,0,0,0,0,0,0,0,55.625,1,0,0,0,0,0,12.899222326086994,1.0
317,Female,19.0,Madhya Pradesh,OBC,No,0.0,Instrumentation,3,7.31,68.16,400000.0,Yes,Yes,0,0,0,0,0,0,0,0,1,0,0,0,1,0,0,0,0,0,0,0,0,0,0,0,0,0,0,0,0,0,1,0,70.63,1,0,0,0,0,0,12.899222326086994,0.75
318,Male,21.0,Tamil Nadu,ST,No,0.0,Management,1,6.29,71.2,120000.0,No,No,0,0,0,0,1,0,0,0,0,0,0,0,1,0,0,0,0,0,0,0,0,0,0,0,0,0,0,0,0,1,0,0,67.05,1,0,1,0,0,0,11.695255355062795,0.25
319,Male,23.0,Karnataka,EWS,No,0.0,CSE,4,7.49,80.87,1200000.0,No,No,0,0,0,0,0,0,0,0,0,0,0,0,0,0,0,0,0,0,0,0,0,0,0,0,0,0,0,0,0,0,0,0,77.885,0,0,0,0,0,0,13.997832948091215,1.0
320,Female,21.0,Uttar Pradesh,EWS,No,0.0,Instrumentation,2,5.95,52.64,80000.0,No,No,0,0,0,0,0,0,0,0,0,0,0,0,0,0,0,0,0,0,0,0,0,0,0,0,0,0,0,0,0,0,0,0,56.07,1,0,0,0,0,0,11.289794413577894,0.5
321,Male,21.0,Maharashtra,ST,No,0.0,Production,2,7.1,72.46,120000.0,Yes,Yes,1,1,0,0,1,0,0,0,1,0,0,0,1,0,0,0,1,0,0,1,1,0,0,0,0,0,0,0,0,1,0,0,71.72999999999999,1,0,0,0,0,0,11.695255355062795,0.5
322,Female,25.0,Maharashtra,OBC,No,0.0,Medical,3,7.19,63.8,1500000.0,Yes,Yes,0,0,0,0,0,0,0,0,0,0,0,0,0,0,0,0,0,0,0,0,0,0,0,0,0,0,0,0,0,0,0,0,67.85,1,0,0,0,0,0,14.220976332738882,0.75
323,Male,22.0,Madhya Pradesh,EWS,Yes,80.0,Pharmacy,2,7.21,67.68,600000.0,Yes,No,0,0,0,0,0,0,0,0,0,0,0,0,0,0,0,0,0,0,0,0,0,0,0,0,0,0,0,0,0,0,0,0,69.89,1,0,0,1,1,0,13.304686600863562,0.5
324,Female,19.0,Tamil Nadu,General,No,0.0,Production,2,5.0,47.34,80000.0,No,Yes,0,0,0,0,0,0,0,0,0,0,0,0,0,0,0,0,0,0,0,0,0,0,0,0,0,0,0,0,0,0,0,0,48.67,1,0,0,0,0,0,11.289794413577894,0.5
325,Female,20.0,Maharashtra,General,No,0.0,Biotechnology,1,7.22,70.68,80000.0,Yes,No,1,0,0,0,1,0,0,1,0,0,0,0,1,1,0,0,0,0,0,0,1,0,0,1,0,0,0,0,0,1,0,1,71.44,1,0,1,0,0,0,11.289794413577894,0.25
326,Male,25.0,Madhya Pradesh,General,No,0.0,Medical,1,9.72,95.72,300000.0,No,No,0,0,0,0,1,0,0,1,0,0,0,0,0,0,0,0,1,0,1,1,0,0,0,0,0,0,0,0,0,1,0,1,96.46000000000001,1,1,1,0,0,1,12.611541086966115,0.25
327,Male,19.0,Andhra Pradesh,ST,No,0.0,Mechanical,3,7.18,64.89,200000.0,Yes,No,0,0,0,0,1,0,0,0,1,0,0,0,1,1,0,0,1,0,0,0,0,0,0,0,0,0,0,0,0,1,0,0,68.345,1,0,0,0,0,0,12.206077645517674,0.75
328,Female,21.0,Gujarat,OBC,No,0.0,Medical,1,10.0,95.18,150000.0,No,Yes,1,0,0,0,0,0,0,1,0,0,0,0,1,1,0,0,1,0,1,1,0,0,0,1,1,0,0,0,0,0,0,1,97.59,1,1,1,0,0,1,11.918397239722838,0.25
329,Male,24.0,Gujarat,SC,No,0.0,Production,3,7.52,71.37,300000.0,Yes,Yes,1,1,0,0,1,0,0,0,1,0,0,0,1,0,0,0,1,0,0,0,0,0,0,0,0,0,0,0,0,1,0,0,73.285,1,0,0,0,0,0,12.611541086966115,0.75
330,Female,24.0,Maharashtra,SC,No,0.0,AI_DS,3,7.74,73.1,250000.0,Yes,Yes,0,1,0,0,1,0,1,0,1,0,0,0,0,1,0,0,1,0,0,1,1,0,1,1,0,0,0,0,0,1,1,0,75.25,1,0,0,0,0,0,12.429220196836383,0.75
331,Male,23.0,Tamil Nadu,ST,No,0.0,Commerce,4,6.81,63.05,350000.0,No,No,0,0,0,0,1,0,0,0,0,0,0,0,0,0,0,0,0,0,0,0,0,0,0,0,0,0,0,0,0,0,0,0,65.57499999999999,0,0,0,0,0,0,12.765691290604371,1.0
332,Male,24.0,Uttar Pradesh,OBC,No,0.0,AI_DS,1,7.46,69.24,250000.0,Yes,No,0,0,0,0,0,0,0,1,1,0,0,0,1,1,0,0,1,0,0,0,0,0,0,0,0,0,0,0,0,0,0,0,71.91999999999999,1,0,1,0,0,0,12.429220196836383,0.25
333,Female,18.0,Rajasthan,SC,No,0.0,Medical,2,6.64,63.4,1000000.0,Yes,Yes,0,0,0,0,0,0,0,0,0,0,0,0,0,0,0,0,0,0,0,0,0,0,0,0,0,0,0,0,0,0,0,0,64.89999999999999,1,0,0,0,0,0,13.815511557963774,0.5
334,Female,21.0,Maharashtra,ST,No,0.0,Mechanical,4,7.19,72.82,150000.0,Yes,Yes,0,1,0,0,0,0,0,0,1,0,0,0,1,1,0,0,1,0,0,1,1,0,0,0,0,0,0,0,0,1,0,0,72.36,1,0,0,0,0,0,11.918397239722838,1.0
335,Female,20.0,Karnataka,ST,No,0.0,Instrumentation,3,5.0,50.77,250000.0,Yes,Yes,0,0,0,0,0,0,0,0,0,0,0,0,0,0,0,0,0,0,0,0,0,0,0,0,0,0,0,0,0,0,0,0,50.385000000000005,1,0,0,0,0,0,12.429220196836383,0.75
336,Male,23.0,Uttar Pradesh,EWS,No,0.0,Electrical,1,9.0,79.28,300000.0,Yes,No,0,1,0,0,1,0,0,0,1,1,0,0,1,0,0,1,0,0,0,1,0,0,0,0,0,0,0,0,0,1,0,0,84.64,1,1,1,0,0,1,12.611541086966115,0.25
337,Male,21.0,Other,EWS,No,0.0,ECE,1,7.09,66.24,200000.0,Yes,No,0,0,0,0,0,0,0,1,1,0,0,0,0,1,0,0,1,0,0,0,1,0,0,0,0,0,0,0,0,1,0,0,68.57,1,0,1,0,0,0,12.206077645517674,0.25
338,Male,24.0,Rajasthan,SC,No,0.0,Management,4,5.81,52.86,800000.0,No,Yes,0,0,0,0,0,0,0,0,0,0,0,0,0,0,0,0,0,0,0,0,0,0,0,0,0,0,0,0,0,0,0,0,55.48,0,0,0,0,0,0,13.592368256649284,1.0
339,Female,19.0,Madhya Pradesh,ST,No,0.0,Science,1,6.17,63.87,250000.0,No,No,0,0,0,0,1,0,0,1,0,0,0,0,0,0,0,0,0,0,0,0,0,0,0,1,0,0,0,0,0,0,0,0,62.785,1,0,1,0,0,0,12.429220196836383,0.25
340,Female,20.0,Telangana,EWS,No,0.0,ECE,1,8.62,85.7,800000.0,No,No,0,0,0,0,0,0,0,1,0,0,0,0,0,0,0,0,1,0,0,0,0,0,0,0,0,0,0,1,0,0,0,1,85.94999999999999,0,1,1,0,0,0,13.592368256649284,0.25
341,Male,25.0,Maharashtra,ST,No,0.0,Commerce,4,8.37,76.13,600000.0,Yes,No,0,0,0,0,0,0,0,0,0,0,0,0,0,0,0,0,0,0,0,0,0,0,0,0,0,0,0,0,0,0,0,0,79.91499999999999,1,1,0,0,0,1,13.304686600863562,1.0
342,Female,18.0,Andhra Pradesh,General,No,0.0,Electrical,1,6.87,66.73,1200000.0,No,Yes,0,0,0,0,0,0,0,1,0,0,0,0,0,0,0,0,0,0,0,0,0,0,0,0,0,0,0,0,0,0,0,0,67.715,0,0,1,0,0,0,13.997832948091215,0.25
343,Male,20.0,Karnataka,OBC,Yes,40.0,Commerce,2,6.03,59.42,1500000.0,Yes,No,0,0,0,0,0,0,0,0,0,0,0,0,0,0,0,0,0,0,0,0,0,0,0,0,0,0,0,0,0,0,0,0,59.86,1,0,0,1,1,0,14.220976332738882,0.5
344,Female,18.0,Rajasthan,ST,No,0.0,Biotechnology,3,7.21,67.37,500000.0,No,Yes,0,0,0,0,0,0,0,0,0,0,0,0,0,0,0,0,0,0,0,0,0,0,0,1,0,0,0,0,0,0,0,0,69.735,0,0,0,0,0,0,13.122365377402328,0.75
345,Female,18.0,Andhra Pradesh,OBC,No,0.0,ECE,1,8.35,80.66,600000.0,Yes,No,0,0,0,0,0,0,0,1,1,0,0,0,0,0,0,0,1,0,0,0,0,0,0,1,0,0,0,1,0,0,0,1,82.08,1,1,1,0,0,1,13.304686600863562,0.25
346,Female,23.0,Telangana,ST,No,0.0,Management,1,7.07,70.64,150000.0,No,No,0,0,0,0,1,0,0,1,0,0,0,0,1,1,0,0,1,0,0,1,0,0,0,1,0,0,0,0,0,1,0,0,70.67,1,0,1,0,0,0,11.918397239722838,0.25
347,Male,23.0,Maharashtra,ST,No,0.0,Biotechnology,2,6.2,60.75,80000.0,No,No,1,0,0,0,0,0,0,0,0,0,0,0,1,0,0,0,0,0,0,0,0,0,0,0,0,0,0,0,0,0,0,0,61.375,1,0,0,0,0,0,11.289794413577894,0.5
348,Female,17.0,Madhya Pradesh,SC,No,0.0,Management,1,8.21,77.07,350000.0,Yes,Yes,0,0,0,0,1,0,0,0,0,0,0,0,0,0,0,0,1,0,0,0,0,0,0,1,0,0,0,0,0,1,0,1,79.58500000000001,1,1,1,0,0,1,12.765691290604371,0.25
349,Female,24.0,Madhya Pradesh,SC,No,0.0,AI_DS,2,7.89,71.2,400000.0,Yes,No,0,0,0,1,1,0,1,0,1,0,0,0,1,0,0,0,1,0,0,0,0,0,0,1,0,0,0,0,0,1,1,0,75.05,1,0,0,0,0,0,12.899222326086994,0.5
350,Female,25.0,Madhya Pradesh,General,No,0.0,Mechanical,1,8.61,81.24,250000.0,No,Yes,0,0,0,1,1,0,0,1,1,1,0,0,1,0,1,0,1,0,1,0,1,0,0,1,0,1,0,0,0,1,1,1,83.66999999999999,1,1,1,0,0,1,12.429220196836383,0.25
351,Male,19.0,Karnataka,OBC,No,0.0,Production,1,7.49,68.41,400000.0,Yes,No,0,0,0,0,0,0,0,0,0,0,0,0,1,0,0,0,0,0,0,0,0,0,0,0,0,0,0,0,0,0,0,0,71.655,1,0,1,0,0,0,12.899222326086994,0.25
352,Male,21.0,Madhya Pradesh,ST,No,0.0,ECE,1,6.65,71.2,200000.0,No,No,0,0,0,0,1,0,0,1,1,0,0,0,0,0,0,0,1,0,0,0,0,0,0,0,0,0,0,0,0,0,0,0,68.85,1,0,1,0,0,0,12.206077645517674,0.25
353,Female,19.0,Tamil Nadu,EWS,No,0.0,Pharmacy,2,5.63,55.3,1500000.0,No,Yes,0,0,0,0,0,0,0,0,0,0,0,0,0,0,0,0,0,0,0,0,0,0,0,0,0,0,0,0,0,0,0,0,55.8,0,0,0,0,0,0,14.220976332738882,0.5
354,Female,17.0,Andhra Pradesh,General,No,0.0,Civil,2,5.96,61.88,800000.0,Yes,Yes,0,0,0,0,0,0,0,0,0,0,0,0,0,0,0,0,0,0,0,0,0,0,0,0,0,0,0,1,0,0,0,0,60.74,1,0,0,0,0,0,13.592368256649284,0.5
355,Female,23.0,Delhi,General,No,0.0,CSE,4,5.0,52.59,150000.0,Yes,Yes,0,0,0,0,0,0,0,0,0,0,0,0,0,0,0,0,0,0,0,0,0,0,0,0,0,0,0,0,0,0,0,0,51.295,1,0,0,0,0,0,11.918397239722838,1.0
356,Male,21.0,Uttar Pradesh,SC,No,0.0,Instrumentation,4,7.75,73.33,350000.0,No,No,0,0,0,0,0,0,1,0,1,0,0,0,0,0,0,0,0,0,0,0,0,0,0,0,0,0,0,0,0,0,0,0,75.41499999999999,0,0,0,0,0,0,12.765691290604371,1.0
357,Female,20.0,Tamil Nadu,SC,No,0.0,Medical,1,6.85,66.27,80000.0,No,No,0,0,0,0,1,0,0,0,0,0,0,0,1,1,0,0,0,0,0,1,0,0,0,1,0,0,0,0,0,0,0,0,67.38499999999999,1,0,1,0,0,0,11.289794413577894,0.25
358,Female,21.0,Tamil Nadu,General,No,0.0,Instrumentation,3,7.45,74.08,1500000.0,No,No,0,0,0,0,0,0,0,0,0,0,0,0,0,0,0,0,0,0,0,0,0,0,0,0,0,0,0,0,0,0,0,0,74.28999999999999,0,0,0,0,0,0,14.220976332738882,0.75
359,Female,20.0,Gujarat,EWS,No,0.0,IT,4,7.64,73.03,800000.0,No,Yes,0,0,0,0,0,0,0,0,0,0,0,0,0,0,0,0,0,0,0,0,0,0,0,0,0,0,0,0,0,0,0,0,74.715,0,0,0,0,0,0,13.592368256649284,1.0
360,Male,24.0,Telangana,SC,No,0.0,Medical,4,7.06,66.9,1000000.0,Yes,Yes,0,0,0,0,0,0,0,0,0,0,0,0,0,0,0,0,0,0,0,0,0,0,0,0,0,0,0,0,0,0,0,0,68.75,1,0,0,0,0,0,13.815511557963774,1.0
361,Female,20.0,Other,General,No,0.0,Management,3,7.87,69.63,500000.0,No,Yes,0,0,0,0,0,0,0,0,0,0,0,0,0,0,0,0,0,0,0,0,0,0,0,0,0,0,0,0,0,0,0,0,74.16499999999999,0,0,0,0,0,0,13.122365377402328,0.75
362,Male,21.0,Rajasthan,ST,No,0.0,Instrumentation,2,5.88,58.09,800000.0,No,Yes,0,0,0,0,0,0,0,0,0,0,0,0,0,0,0,0,0,0,0,0,0,0,0,0,0,0,0,0,0,0,0,0,58.445,0,0,0,0,0,0,13.592368256649284,0.5
363,Male,22.0,Karnataka,SC,No,0.0,Biotechnology,3,7.71,72.69,250000.0,No,No,0,0,0,0,1,0,0,0,0,0,0,0,0,1,0,0,0,0,0,1,0,0,0,0,0,0,0,0,0,1,0,0,74.895,1,0,0,0,0,0,12.429220196836383,0.75
364,Male,24.0,Maharashtra,EWS,No,0.0,AI_DS,4,7.52,72.48,200000.0,Yes,No,1,1,0,0,0,0,0,0,1,0,0,0,1,1,0,0,0,0,0,0,1,0,0,0,0,0,0,0,0,0,0,0,73.84,1,0,0,0,0,0,12.206077645517674,1.0
365,Female,23.0,Maharashtra,OBC,No,0.0,Civil,3,6.85,62.74,350000.0,No,Yes,0,0,0,0,1,0,0,0,0,0,0,0,1,0,0,0,0,0,0,0,0,0,0,0,0,0,0,0,0,0,0,0,65.62,0,0,0,0,0,0,12.765691290604371,0.75
366,Female,19.0,Rajasthan,ST,No,0.0,Mechanical,3,7.74,70.59,800000.0,Yes,Yes,0,0,0,0,0,0,1,0,0,0,0,0,0,0,0,0,1,0,0,0,0,0,0,0,0,0,0,0,0,0,0,0,73.995,1,0,0,0,0,0,13.592368256649284,0.75
367,Female,21.0,Karnataka,OBC,No,0.0,Mechanical,4,7.99,70.8,1200000.0,Yes,Yes,0,0,0,0,0,0,0,0,0,0,0,0,0,0,0,0,1,1,0,0,0,0,0,0,0,0,0,0,0,0,0,0,75.35,1,0,0,0,0,0,13.997832948091215,1.0
368,Female,23.0,Andhra Pradesh,ST,No,0.0,Medical,1,8.73,84.35,80000.0,Yes,No,0,0,0,0,1,0,0,1,0,0,0,0,1,1,0,0,1,0,1,1,1,0,0,1,0,0,0,0,0,1,1,1,85.825,1,1,1,0,0,1,11.289794413577894,0.25
369,Male,22.0,Delhi,OBC,Yes,40.0,Production,2,7.81,77.14,1000000.0,No,No,0,0,0,0,0,0,0,0,0,0,0,0,0,0,0,0,0,0,0,0,0,0,0,0,0,0,0,0,0,0,0,0,77.62,0,0,0,1,1,0,13.815511557963774,0.5
370,Male,18.0,Andhra Pradesh,EWS,No,0.0,Mechanical,1,9.5,93.29,1500000.0,Yes,No,0,0,0,0,0,0,0,1,0,0,0,0,0,0,0,0,1,0,0,0,0,0,0,0,0,0,0,0,0,0,0,0,94.14500000000001,1,1,1,0,0,1,14.220976332738882,0.25
371,Female,24.0,Delhi,EWS,No,0.0,Commerce,2,5.29,46.42,300000.0,No,No,0,0,0,0,0,0,0,0,0,0,0,0,0,0,0,0,0,0,0,0,0,0,0,0,0,0,0,0,0,0,0,0,49.66,1,0,0,0,0,0,12.611541086966115,0.5
372,Male,19.0,Andhra Pradesh,General,No,0.0,Electrical,2,6.75,64.2,1000000.0,Yes,Yes,0,0,0,0,0,0,0,0,0,0,0,0,0,0,0,0,0,0,0,0,0,0,0,0,0,0,0,0,0,0,0,0,65.85,1,0,0,0,0,0,13.815511557963774,0.5
373,Male,22.0,Other,General,No,0.0,Instrumentation,1,8.12,74.96,600000.0,Yes,Yes,0,0,0,0,0,0,0,0,0,0,0,0,0,0,0,0,0,0,0,0,0,0,0,0,0,0,0,0,0,0,0,0,78.07999999999998,1,0,1,0,0,0,13.304686600863562,0.25
374,Male,17.0,Rajasthan,ST,No,0.0,ECE,3,7.72,71.07,400000.0,Yes,Yes,0,0,0,0,1,0,0,0,1,0,0,0,1,0,0,0,0,0,0,0,0,0,0,0,0,0,0,0,0,1,0,0,74.13499999999999,1,0,0,0,0,0,12.899222326086994,0.75
375,Male,21.0,Andhra Pradesh,General,No,0.0,Instrumentation,2,6.77,60.1,350000.0,Yes,Yes,0,0,0,0,0,0,0,0,0,0,0,0,0,0,0,0,0,0,0,0,0,0,0,0,0,0,0,0,0,0,0,0,63.89999999999999,1,0,0,0,0,0,12.765691290604371,0.5
376,Female,18.0,Rajasthan,ST,No,0.0,Civil,3,6.39,56.65,1500000.0,Yes,No,0,0,0,0,0,0,0,0,0,0,0,0,0,0,0,0,0,0,0,0,0,0,0,0,0,0,0,0,0,0,0,0,60.275,1,0,0,0,0,0,14.220976332738882,0.75
377,Female,21.0,Gujarat,General,No,0.0,Civil,4,6.33,63.3,300000.0,Yes,Yes,0,0,0,0,1,0,0,0,1,0,0,0,1,0,0,0,0,0,0,0,0,0,0,0,0,0,0,0,0,0,0,0,63.3,1,0,0,0,0,0,12.611541086966115,1.0
378,Male,18.0,Rajasthan,EWS,No,0.0,Electrical,1,6.36,68.32,1200000.0,Yes,Yes,0,0,0,0,0,0,0,0,0,0,0,0,0,0,0,0,0,0,0,0,0,0,0,0,0,0,0,0,0,0,0,0,65.96,1,0,1,0,0,0,13.997832948091215,0.25
379,Female,20.0,Tamil Nadu,SC,No,0.0,IT,1,8.09,77.41,1500000.0,Yes,Yes,0,0,0,0,0,0,0,1,0,0,0,0,0,0,0,0,0,0,0,0,0,0,0,0,0,0,0,0,0,0,0,0,79.155,1,1,1,0,0,1,14.220976332738882,0.25
380,Female,22.0,Other,SC,No,0.0,ECE,1,6.47,63.57,1500000.0,Yes,Yes,0,0,0,0,0,0,0,0,0,0,0,0,0,0,0,0,0,0,0,0,0,0,0,0,0,0,0,0,0,0,0,0,64.135,1,0,1,0,0,0,14.220976332738882,0.25
381,Male,19.0,Madhya Pradesh,SC,No,0.0,Instrumentation,1,6.81,65.06,300000.0,No,Yes,0,0,0,0,1,0,0,1,0,0,0,0,1,0,0,0,0,0,0,0,0,0,0,0,0,0,0,0,0,1,0,0,66.58,1,0,1,0,0,0,12.611541086966115,0.25
382,Male,23.0,Andhra Pradesh,ST,No,0.0,Medical,4,10.0,94.71,1200000.0,No,Yes,0,0,0,0,0,0,0,0,0,0,0,0,0,0,0,0,1,0,0,0,0,0,0,0,0,0,0,0,0,0,0,0,97.35499999999999,0,1,0,0,0,0,13.997832948091215,1.0
383,Male,19.0,Maharashtra,OBC,No,0.0,Management,4,8.88,82.25,150000.0,No,No,1,0,0,0,0,0,0,0,0,0,0,0,1,1,0,0,0,0,0,1,1,1,0,0,0,0,0,0,0,1,0,0,85.525,1,1,0,0,0,1,11.918397239722838,1.0
384,Male,19.0,Tamil Nadu,ST,No,0.0,Commerce,4,7.46,76.18,80000.0,Yes,No,0,0,0,0,0,0,0,0,0,0,0,0,1,0,0,0,0,0,0,1,1,0,0,0,0,0,0,0,0,1,0,0,75.39,1,0,0,0,0,0,11.289794413577894,1.0
385,Female,17.0,Other,EWS,No,0.0,Production,3,6.75,69.56,500000.0,Yes,No,0,0,0,0,0,0,0,0,0,0,0,0,0,0,0,0,0,0,0,0,0,0,0,1,0,0,0,0,0,0,0,0,68.53,1,0,0,0,0,0,13.122365377402328,0.75
386,Male,24.0,Madhya Pradesh,ST,No,0.0,IT,1,8.35,71.2,800000.0,Yes,No,0,0,0,0,0,0,0,0,0,0,0,0,0,0,0,0,0,0,0,0,0,0,0,0,0,0,0,0,0,0,0,0,77.35,1,0,1,0,0,0,13.592368256649284,0.25
387,Female,19.0,Rajasthan,ST,No,0.0,Biotechnology,3,8.26,81.39,80000.0,Yes,No,0,0,0,0,0,0,0,0,0,0,0,0,0,1,0,0,1,0,0,0,1,0,0,1,0,0,0,0,0,1,1,0,81.995,1,1,0,0,0,1,11.289794413577894,0.75
388,Female,20.0,Rajasthan,ST,No,0.0,Science,1,8.25,73.66,1500000.0,No,No,0,0,0,0,0,0,0,1,0,0,0,0,0,0,0,0,0,0,0,0,0,0,0,0,0,0,0,0,0,0,0,0,78.08,0,0,1,0,0,0,14.220976332738882,0.25
389,Female,18.0,Tamil Nadu,General,No,0.0,Commerce,1,6.63,62.24,500000.0,Yes,Yes,0,0,0,0,1,0,0,0,0,0,0,0,0,0,0,0,0,0,0,0,0,0,0,0,0,0,0,0,0,0,0,0,64.27,1,0,1,0,0,0,13.122365377402328,0.25
390,Female,25.0,Delhi,OBC,No,0.0,Science,3,7.49,72.26,300000.0,Yes,Yes,0,0,0,0,0,0,0,0,0,0,0,0,1,0,0,0,1,0,0,1,0,0,0,1,0,0,0,0,0,1,1,0,73.58000000000001,1,0,0,0,0,0,12.611541086966115,0.75
391,Female,22.0,Delhi,EWS,No,0.0,Pharmacy,4,7.71,69.24,120000.0,Yes,Yes,0,0,0,0,1,0,0,0,0,0,0,0,1,1,0,0,1,0,0,1,1,0,0,1,0,0,0,0,0,1,1,0,73.16999999999999,1,0,0,0,0,0,11.695255355062795,1.0
392,Male,22.0,Madhya Pradesh,SC,No,0.0,Pharmacy,1,7.96,77.45,80000.0,Yes,No,0,0,0,0,0,0,0,0,0,0,0,0,0,1,0,0,0,0,0,1,1,0,0,0,0,0,0,0,0,1,0,0,78.525,1,0,1,0,0,0,11.289794413577894,0.25
393,Male,23.0,Rajasthan,SC,No,0.0,Civil,1,8.17,80.86,1500000.0,No,Yes,0,0,0,0,0,0,0,1,0,0,0,0,0,0,0,0,1,0,0,0,0,0,0,0,0,0,0,0,0,0,0,0,81.28,0,1,1,0,0,0,14.220976332738882,0.25
394,Female,20.0,Madhya Pradesh,General,No,0.0,IT,1,8.5,82.13,1200000.0,No,No,0,0,0,0,0,0,0,0,0,0,0,0,0,0,0,0,0,0,0,0,0,0,0,0,0,0,0,0,0,0,0,0,83.565,0,1,1,0,0,0,13.997832948091215,0.25
395,Male,24.0,Maharashtra,EWS,No,0.0,Commerce,4,7.42,65.51,500000.0,Yes,No,0,0,0,0,1,0,0,0,0,0,0,0,0,0,0,0,1,0,0,0,0,1,0,0,0,0,0,0,0,0,0,0,69.855,1,0,0,0,0,0,13.122365377402328,1.0
396,Male,18.0,Andhra Pradesh,EWS,No,0.0,Biotechnology,4,8.02,76.81,350000.0,Yes,No,0,0,0,0,0,0,0,0,0,0,0,0,1,0,0,0,0,0,0,0,0,0,0,0,0,0,0,0,0,0,0,0,78.505,1,1,0,0,0,1,12.765691290604371,1.0
397,Female,22.0,Telangana,ST,No,0.0,Electrical,4,7.83,70.55,600000.0,No,No,0,0,0,0,0,0,1,0,1,0,0,0,0,0,0,0,1,0,0,0,0,0,0,1,0,0,0,0,0,0,0,0,74.425,0,0,0,0,0,0,13.304686600863562,1.0
398,Male,20.0,Karnataka,EWS,No,0.0,Pharmacy,2,6.2,71.2,1000000.0,Yes,No,0,0,0,0,0,0,0,0,0,0,0,0,0,0,0,0,0,0,0,0,0,0,0,0,0,0,0,0,0,0,0,0,66.6,1,0,0,0,0,0,13.815511557963774,0.5
399,Male,22.0,Delhi,ST,No,0.0,Commerce,3,7.45,72.82,1500000.0,No,Yes,0,0,0,0,0,0,0,0,0,0,0,0,0,0,0,0,1,0,0,0,0,0,0,0,0,0,0,0,0,0,0,0,73.66,0,0,0,0,0,0,14.220976332738882,0.75
400,Male,17.0,Andhra Pradesh,OBC,No,0.0,IT,2,7.53,71.62,250000.0,Yes,No,0,0,0,0,1,0,0,0,1,0,0,0,0,0,0,0,0,0,0,0,0,0,0,0,0,0,0,0,0,1,0,0,73.46000000000001,1,0,0,0,0,0,12.429220196836383,0.5
401,Female,19.0,Maharashtra,SC,No,0.0,IT,3,8.63,80.44,1500000.0,No,Yes,0,0,0,0,0,0,0,0,0,0,0,0,0,0,0,0,1,0,0,0,0,0,1,0,0,0,0,0,0,0,0,0,83.37,0,1,0,0,0,0,14.220976332738882,0.75
402,Male,25.0,Andhra Pradesh,OBC,No,0.0,Chemical,1,7.62,71.0,350000.0,No,No,0,0,0,0,1,0,0,0,1,0,0,0,0,0,0,0,0,0,0,0,0,0,0,0,0,0,0,0,0,1,0,1,73.6,0,0,1,0,0,0,12.765691290604371,0.25
403,Female,25.0,Maharashtra,General,No,0.0,Civil,4,6.98,65.38,1500000.0,Yes,No,0,0,0,0,0,0,0,0,0,0,0,0,0,0,0,0,0,0,0,0,0,0,0,0,0,0,0,0,0,0,0,0,67.59,1,0,0,0,0,0,14.220976332738882,1.0
404,Male,20.0,Telangana,ST,No,0.0,AI_DS,2,7.77,72.38,350000.0,Yes,No,0,1,0,0,1,0,0,0,1,0,0,0,0,0,0,0,1,0,0,0,0,0,0,0,0,0,0,0,0,1,0,0,75.03999999999999,1,0,0,0,0,0,12.765691290604371,0.5
405,Male,23.0,Telangana,EWS,No,0.0,Mechanical,3,9.01,82.91,80000.0,No,No,1,1,0,0,0,0,1,0,1,0,0,0,1,0,0,0,1,1,0,1,1,0,0,0,0,0,0,0,0,0,0,0,86.505,1,1,0,0,0,1,11.289794413577894,0.75
406,Male,17.0,Gujarat,SC,No,0.0,Chemical,4,7.28,67.84,1200000.0,No,Yes,0,0,0,0,0,0,0,0,0,0,0,0,0,0,0,0,1,0,0,0,0,0,0,0,0,0,0,0,0,0,0,0,70.32,0,0,0,0,0,0,13.997832948091215,1.0
407,Female,25.0,Karnataka,OBC,No,0.0,Mechanical,4,9.24,88.37,500000.0,No,Yes,0,0,0,0,0,0,1,0,1,0,1,0,0,0,0,0,1,1,0,0,0,0,0,1,0,0,1,0,0,0,0,0,90.385,0,1,0,0,0,0,13.122365377402328,1.0
408,Female,20.0,Karnataka,SC,No,0.0,Chemical,2,8.74,78.57,1200000.0,No,Yes,0,0,0,0,0,0,1,0,0,0,0,0,0,0,0,0,0,0,0,0,0,0,0,0,0,0,0,0,0,0,0,0,82.985,0,1,0,0,0,0,13.997832948091215,0.5
409,Male,22.0,Tamil Nadu,OBC,No,0.0,Production,1,7.82,76.96,800000.0,No,No,0,0,0,0,0,0,0,0,0,0,0,0,0,0,0,0,0,0,0,0,0,0,0,0,0,0,0,0,0,0,0,0,77.58,0,0,1,0,0,0,13.592368256649284,0.25
410,Male,23.0,Telangana,EWS,No,0.0,CSE,3,7.6,75.4,500000.0,No,No,0,0,0,0,1,0,0,0,0,0,0,0,0,0,0,0,1,0,0,0,0,0,0,0,0,0,0,0,0,0,0,0,75.7,0,0,0,0,0,0,13.122365377402328,0.75
411,Male,21.0,Other,OBC,No,0.0,AI_DS,1,6.88,69.59,150000.0,Yes,Yes,0,0,0,0,1,0,0,1,1,0,0,0,1,0,0,0,0,0,0,1,0,0,0,0,0,0,0,0,0,1,0,0,69.195,1,0,1,0,0,0,11.918397239722838,0.25
412,Male,20.0,Other,ST,No,0.0,Civil,4,10.0,93.91,800000.0,Yes,Yes,0,0,0,0,0,0,1,0,0,0,0,0,0,0,0,0,1,1,0,0,0,0,0,0,0,0,0,0,0,0,0,0,96.955,1,1,0,0,0,1,13.592368256649284,1.0
413,Male,24.0,Madhya Pradesh,General,No,0.0,IT,2,6.97,70.58,1200000.0,No,Yes,0,0,0,0,0,0,0,0,0,0,0,0,0,0,0,0,0,0,0,0,0,0,0,0,0,0,0,0,0,0,0,0,70.14,0,0,0,0,0,0,13.997832948091215,0.5
414,Male,21.0,Andhra Pradesh,ST,No,0.0,Medical,4,9.4,87.73,300000.0,Yes,No,0,0,0,0,1,0,0,0,0,0,0,0,0,0,0,0,1,0,0,1,0,0,0,0,0,0,0,0,0,0,0,0,90.86500000000001,1,1,0,0,0,1,12.611541086966115,1.0
415,Male,25.0,Maharashtra,EWS,No,0.0,IT,1,7.0,65.65,300000.0,Yes,No,0,0,0,0,1,0,0,1,1,0,0,0,1,0,0,0,0,0,0,0,0,1,0,0,0,0,0,0,0,1,0,1,67.825,1,0,1,0,0,0,12.611541086966115,0.25
416,Female,18.0,Telangana,ST,No,0.0,CSE,4,5.89,53.2,150000.0,Yes,Yes,0,0,0,0,0,0,0,0,0,0,0,0,0,0,0,0,0,0,0,0,0,0,0,0,0,0,0,0,0,0,0,0,56.05,1,0,0,0,0,0,11.918397239722838,1.0
417,Female,25.0,Telangana,OBC,No,0.0,Pharmacy,1,6.3,57.55,500000.0,Yes,Yes,0,0,0,0,0,0,0,0,0,0,0,0,0,0,0,0,0,0,0,0,0,0,0,0,0,0,0,0,0,0,0,0,60.275,1,0,1,0,0,0,13.122365377402328,0.25
418,Male,21.0,Uttar Pradesh,EWS,No,0.0,AI_DS,3,7.46,71.57,200000.0,No,Yes,0,0,0,0,0,0,0,0,0,0,0,0,1,0,0,0,0,0,0,0,1,0,0,0,0,0,0,0,0,1,0,0,73.085,1,0,0,0,0,0,12.206077645517674,0.75
419,Female,25.0,Gujarat,OBC,No,0.0,Instrumentation,2,9.36,85.92,120000.0,Yes,Yes,1,0,0,0,1,0,1,0,0,0,1,0,1,1,0,0,1,0,0,1,1,0,0,1,0,1,0,1,0,1,1,0,89.75999999999999,1,1,0,0,0,1,11.695255355062795,0.5
420,Female,25.0,Rajasthan,SC,No,0.0,Instrumentation,1,8.68,81.82,200000.0,No,No,0,0,0,1,1,0,0,1,1,1,0,0,0,0,1,1,1,0,1,0,0,0,0,1,0,1,0,1,0,1,1,1,84.31,1,1,1,0,0,1,12.206077645517674,0.25
421,Female,19.0,Other,OBC,No,0.0,AI_DS,2,7.44,72.7,300000.0,No,No,0,0,0,1,0,0,0,0,1,0,0,0,1,0,0,0,1,0,0,0,0,0,0,0,0,0,0,0,0,0,0,0,73.55000000000001,1,0,0,0,0,0,12.611541086966115,0.5
422,Female,21.0,Uttar Pradesh,OBC,No,0.0,Pharmacy,3,6.15,59.57,350000.0,Yes,Yes,0,0,0,0,0,0,0,0,0,0,0,0,0,0,0,0,0,0,0,0,0,0,0,0,0,0,0,0,0,0,0,0,60.535,1,0,0,0,0,0,12.765691290604371,0.75
423,Female,20.0,Karnataka,ST,No,0.0,Pharmacy,2,7.7,74.63,800000.0,No,No,0,0,0,0,0,0,0,0,0,0,0,0,0,0,0,0,0,0,0,0,0,0,0,0,0,0,0,0,0,0,0,0,75.815,0,0,0,0,0,0,13.592368256649284,0.5
424,Female,24.0,Madhya Pradesh,General,No,0.0,ECE,2,7.85,81.94,800000.0,Yes,No,0,0,0,0,0,0,0,0,0,0,0,0,0,0,0,0,1,0,0,0,0,0,0,0,0,0,0,1,0,0,0,0,80.22,1,0,0,0,0,0,13.592368256649284,0.5
425,Male,25.0,Karnataka,SC,No,0.0,AI_DS,1,6.73,62.34,80000.0,Yes,No,0,0,0,0,1,0,0,1,1,0,0,0,0,1,0,0,0,0,0,1,0,0,0,0,0,0,0,0,0,0,0,0,64.82000000000001,1,0,1,0,0,0,11.289794413577894,0.25
426,Male,17.0,Delhi,SC,No,0.0,Management,2,6.75,62.46,300000.0,No,Yes,0,0,0,0,0,0,0,0,0,0,0,0,1,0,0,0,0,0,0,0,0,0,0,0,0,0,0,0,0,0,0,0,64.98,1,0,0,0,0,0,12.611541086966115,0.5
427,Female,19.0,Tamil Nadu,EWS,No,0.0,CSE,3,6.74,67.6,500000.0,Yes,Yes,0,0,0,0,1,0,0,0,1,0,0,0,0,0,0,0,0,0,0,0,0,0,0,1,0,0,0,0,0,0,0,0,67.5,1,0,0,0,0,0,13.122365377402328,0.75
428,Male,25.0,Gujarat,ST,No,0.0,Electrical,4,9.2,85.69,300000.0,Yes,Yes,0,0,0,0,1,0,0,0,0,0,0,0,1,0,0,1,1,1,0,1,0,0,0,0,0,0,0,0,0,1,0,0,88.845,1,1,0,0,0,1,12.611541086966115,1.0
429,Female,20.0,Rajasthan,SC,No,0.0,IT,2,6.5,63.16,500000.0,No,No,0,0,0,0,1,0,0,0,0,0,0,0,0,0,0,0,0,0,0,0,0,0,0,1,0,0,0,0,0,0,0,0,64.08,0,0,0,0,0,0,13.122365377402328,0.5
430,Female,24.0,Maharashtra,General,No,0.0,Biotechnology,1,6.84,66.88,1000000.0,No,No,0,0,0,0,0,0,0,1,0,0,0,0,0,0,0,0,0,0,0,0,0,0,0,0,0,0,0,0,0,0,0,0,67.64,0,0,1,0,0,0,13.815511557963774,0.25
431,Male,23.0,Other,ST,No,0.0,AI_DS,3,7.74,68.98,350000.0,Yes,No,0,0,0,0,1,0,0,0,1,0,0,0,0,0,0,0,1,0,0,0,0,0,0,0,0,0,0,0,0,1,0,0,73.19,1,0,0,0,0,0,12.765691290604371,0.75
432,Female,22.0,Maharashtra,ST,No,0.0,CSE,2,9.36,94.31,400000.0,Yes,Yes,0,0,0,1,1,1,1,0,1,0,1,0,1,0,0,0,1,0,0,0,0,0,1,1,0,1,0,1,0,1,0,0,93.955,1,1,0,0,0,1,12.899222326086994,0.5
433,Male,25.0,Other,SC,No,0.0,Mechanical,2,6.76,63.06,300000.0,Yes,Yes,0,0,0,0,0,0,0,0,1,0,0,0,1,0,0,0,0,0,0,1,0,0,0,0,0,0,0,0,0,0,0,0,65.33,1,0,0,0,0,0,12.611541086966115,0.5
434,Female,22.0,Rajasthan,ST,No,0.0,Management,2,7.84,75.48,600000.0,Yes,No,0,0,0,0,0,0,0,0,0,0,0,0,0,0,0,0,1,0,0,0,0,0,0,1,0,0,0,0,0,0,0,0,76.94,1,0,0,0,0,0,13.304686600863562,0.5
435,Male,20.0,Maharashtra,OBC,No,0.0,Mechanical,2,8.29,84.79,800000.0,Yes,Yes,0,0,0,0,0,0,0,0,0,0,0,0,0,0,0,0,0,1,0,0,0,0,0,0,0,0,0,0,0,0,0,0,83.845,1,1,0,0,0,1,13.592368256649284,0.5
436,Male,19.0,Telangana,OBC,No,0.0,Medical,1,7.29,66.86,1000000.0,No,Yes,0,0,0,0,0,0,0,1,0,0,0,0,0,0,0,0,1,0,0,0,0,0,0,0,0,0,0,0,0,0,0,0,69.88,0,0,1,0,0,0,13.815511557963774,0.25
437,Male,12.0,Uttar Pradesh,ST,No,0.0,Mechanical,2,7.49,53.29,1500000.0,No,Yes,0,0,0,0,0,0,0,0,0,0,0,0,0,0,0,0,0,0,0,0,0,0,0,0,0,0,0,0,0,0,0,0,64.095,0,0,0,0,0,0,14.220976332738882,0.5
438,Male,25.0,Telangana,OBC,No,0.0,Biotechnology,4,7.46,76.25,600000.0,Yes,Yes,0,0,0,0,0,0,0,0,0,0,0,0,0,0,0,0,0,0,0,0,0,0,0,0,0,0,0,0,0,0,0,0,75.425,1,0,0,0,0,0,13.304686600863562,1.0
439,Female,23.0,Gujarat,General,Yes,70.0,Commerce,2,6.88,66.03,600000.0,Yes,Yes,0,0,0,0,0,0,0,0,0,0,0,0,0,0,0,0,0,0,0,0,0,0,0,1,0,0,0,0,0,0,0,0,67.41499999999999,1,0,0,1,1,0,13.304686600863562,0.5
440,Female,17.0,Delhi,EWS,No,0.0,AI_DS,4,7.48,71.2,800000.0,Yes,Yes,0,0,0,0,0,0,0,0,0,0,0,0,0,0,0,0,0,0,0,0,0,0,1,0,0,0,0,0,0,0,0,0,73.0,1,0,0,0,0,0,13.592368256649284,1.0
441,Female,25.0,Andhra Pradesh,SC,No,0.0,Commerce,2,10.0,93.41,350000.0,No,No,0,0,0,0,0,0,0,0,0,0,0,0,1,0,0,0,1,0,0,0,0,0,0,1,0,0,0,0,0,1,1,0,96.705,0,1,0,0,0,0,12.765691290604371,0.5
442,Female,18.0,Andhra Pradesh,OBC,No,0.0,Production,1,6.91,68.78,250000.0,No,No,0,0,0,0,0,0,0,1,0,0,0,0,0,1,0,0,0,0,0,1,0,0,0,1,0,0,0,1,0,0,0,0,68.94,1,0,1,0,0,0,12.429220196836383,0.25
443,Male,17.0,Maharashtra,EWS,No,0.0,CSE,4,8.32,84.58,800000.0,Yes,No,0,0,0,0,0,0,1,0,0,0,0,0,0,0,0,0,1,0,0,0,0,1,0,0,0,0,0,0,0,0,0,0,83.89,1,1,0,0,0,1,13.592368256649284,1.0
444,Female,22.0,Rajasthan,OBC,No,0.0,Instrumentation,3,8.2,76.82,350000.0,No,No,0,1,0,0,1,0,0,0,1,0,0,0,0,0,0,0,0,0,0,0,0,0,0,1,0,0,0,0,0,1,0,0,79.41,0,1,0,0,0,0,12.765691290604371,0.75
445,Female,23.0,Karnataka,ST,No,0.0,Management,2,8.21,81.32,300000.0,No,No,0,0,0,0,0,0,0,0,0,0,0,0,0,0,0,0,0,0,0,1,0,0,0,1,0,0,0,0,0,1,1,0,81.71000000000001,1,1,0,0,0,1,12.611541086966115,0.5
446,Female,22.0,Andhra Pradesh,OBC,No,0.0,ECE,2,8.48,82.08,400000.0,Yes,Yes,0,0,0,0,1,0,0,0,1,0,0,0,1,0,0,0,0,0,0,0,0,0,0,0,0,1,0,1,0,1,1,0,83.44,1,1,0,0,0,1,12.899222326086994,0.5
447,Male,25.0,Andhra Pradesh,SC,No,0.0,IT,2,8.78,86.92,350000.0,Yes,Yes,0,0,0,0,1,0,0,0,1,0,0,0,1,0,0,0,1,0,0,0,0,0,0,0,0,0,0,0,0,0,0,0,87.36,1,1,0,0,0,1,12.765691290604371,0.5
448,Male,24.0,Uttar Pradesh,ST,No,0.0,Instrumentation,2,9.16,71.2,300000.0,Yes,Yes,0,1,0,0,1,0,0,0,1,0,0,0,1,0,0,0,0,0,0,1,0,0,0,0,0,0,0,0,0,1,0,0,81.4,1,0,0,0,0,0,12.611541086966115,0.5
449,Female,23.0,Uttar Pradesh,EWS,No,0.0,IT,2,7.3,69.79,800000.0,No,No,0,0,0,0,0,0,0,0,0,0,0,0,0,0,0,0,0,0,0,0,0,0,0,0,0,0,0,1,0,0,0,0,71.39500000000001,0,0,0,0,0,0,13.592368256649284,0.5
450,Male,20.0,Other,EWS,No,0.0,IT,2,8.95,82.57,350000.0,Yes,Yes,0,1,0,0,0,0,1,0,1,0,0,0,1,0,0,0,0,0,0,0,0,0,0,0,0,0,0,0,0,1,0,0,86.035,1,1,0,0,0,1,12.765691290604371,0.5
451,Female,20.0,Other,General,No,0.0,AI_DS,3,7.94,74.25,1200000.0,No,No,0,0,0,0,0,0,0,0,0,0,0,0,0,0,0,0,0,0,0,0,0,0,1,0,0,0,0,0,0,0,0,0,76.825,0,0,0,0,0,0,13.997832948091215,0.75
452,Female,23.0,Uttar Pradesh,OBC,No,0.0,AI_DS,1,7.53,75.37,500000.0,No,No,0,0,0,0,1,0,0,0,1,0,0,0,0,0,0,0,0,0,0,0,0,0,0,1,0,1,0,1,0,0,0,1,75.33500000000001,0,0,1,0,0,0,13.122365377402328,0.25
453,Female,21.0,Karnataka,EWS,No,0.0,Science,4,7.73,73.57,600000.0,Yes,No,0,0,0,0,0,0,0,0,0,0,0,0,0,0,0,0,0,0,0,0,0,0,0,0,0,0,0,0,0,0,0,0,75.435,1,0,0,0,0,0,13.304686600863562,1.0
454,Male,23.0,Delhi,General,No,0.0,Chemical,3,7.49,58.0,120000.0,No,No,0,0,0,0,0,0,0,0,0,0,0,0,1,1,0,0,0,0,0,0,0,0,0,0,0,0,0,0,0,0,0,0,66.45,1,0,0,0,0,0,11.695255355062795,0.75
455,Female,23.0,Uttar Pradesh,ST,No,0.0,Biotechnology,4,8.27,85.05,800000.0,No,Yes,0,0,0,0,0,0,0,0,0,0,0,0,0,0,0,0,0,0,0,0,0,0,0,0,0,0,0,0,0,0,0,0,83.875,0,1,0,0,0,0,13.592368256649284,1.0
456,Female,18.0,Telangana,General,No,0.0,Production,2,7.13,68.39,1200000.0,No,No,0,0,0,0,0,0,0,0,0,0,0,0,0,0,0,0,1,0,0,0,0,0,0,0,0,0,0,0,0,0,0,0,69.845,0,0,0,0,0,0,13.997832948091215,0.5
457,Female,25.0,Delhi,General,No,0.0,Instrumentation,2,7.8,78.83,250000.0,Yes,No,0,0,0,1,1,0,1,0,0,0,0,0,0,1,0,1,0,0,0,1,1,0,0,1,0,1,0,1,0,1,1,0,78.41499999999999,1,0,0,0,0,0,12.429220196836383,0.5
458,Female,18.0,Delhi,OBC,No,0.0,Pharmacy,2,7.39,71.04,600000.0,No,Yes,0,0,0,0,0,0,0,0,0,0,0,0,0,0,0,0,1,0,0,0,0,0,0,1,0,0,0,0,0,0,0,0,72.47,0,0,0,0,0,0,13.304686600863562,0.5
459,Male,24.0,Karnataka,OBC,No,0.0,Instrumentation,2,8.23,78.74,350000.0,Yes,Yes,0,1,0,0,0,0,0,0,1,0,0,0,1,0,0,0,0,0,0,0,0,0,0,0,0,0,0,0,0,1,0,0,80.52000000000001,1,1,0,0,0,1,12.765691290604371,0.5
460,Female,19.0,Rajasthan,General,No,0.0,Management,1,6.96,66.7,1200000.0,Yes,No,0,0,0,0,0,0,0,0,0,0,0,0,0,0,0,0,0,0,0,0,0,0,0,0,0,0,0,0,0,0,0,0,68.15,1,0,1,0,0,0,13.997832948091215,0.25
461,Female,22.0,Tamil Nadu,EWS,No,0.0,Management,2,8.79,80.43,1200000.0,No,No,0,0,0,0,0,0,0,0,0,0,0,0,0,0,0,0,1,0,0,0,0,0,0,0,0,0,0,0,0,0,0,0,84.16499999999999,0,1,0,0,0,0,13.997832948091215,0.5
462,Male,19.0,Maharashtra,EWS,No,0.0,Management,1,7.66,70.67,350000.0,No,No,0,0,0,0,1,0,0,1,0,0,0,0,1,0,0,0,1,0,0,0,0,1,0,0,0,0,0,0,0,1,0,0,73.63499999999999,0,0,1,0,0,0,12.765691290604371,0.25
463,Male,24.0,Rajasthan,EWS,No,0.0,CSE,1,8.93,80.27,800000.0,Yes,No,0,0,0,0,0,0,0,1,0,0,0,0,0,0,0,0,0,0,0,0,0,0,0,0,0,0,0,0,0,0,0,1,84.785,1,1,1,0,0,1,13.592368256649284,0.25
464,Male,22.0,Madhya Pradesh,EWS,No,0.0,Mechanical,3,6.83,66.02,200000.0,No,No,0,0,0,0,1,0,0,0,1,0,0,0,1,0,0,0,0,0,0,0,0,0,0,0,0,0,0,0,0,0,0,0,67.16,1,0,0,0,0,0,12.206077645517674,0.75
465,Female,22.0,Gujarat,ST,No,0.0,CSE,3,9.38,88.91,300000.0,No,No,1,1,0,0,0,0,1,0,1,0,1,0,0,0,0,0,1,0,0,1,0,0,0,1,0,0,0,0,0,1,0,0,91.355,1,1,0,0,0,1,12.611541086966115,0.75
466,Female,19.0,Uttar Pradesh,OBC,No,0.0,Production,1,6.83,70.53,1000000.0,No,Yes,0,0,0,0,0,0,0,0,0,0,0,0,0,0,0,0,0,0,0,0,0,0,0,0,0,0,0,0,0,0,0,1,69.41499999999999,0,0,1,0,0,0,13.815511557963774,0.25
467,Female,23.0,Karnataka,OBC,No,0.0,Electrical,4,5.76,48.12,1200000.0,Yes,Yes,0,0,0,0,0,0,0,0,0,0,0,0,0,0,0,0,0,0,0,0,0,0,0,0,0,0,0,0,0,0,0,0,52.86,1,0,0,0,0,0,13.997832948091215,1.0
468,Female,24.0,Gujarat,EWS,No,0.0,Biotechnology,4,7.49,74.78,350000.0,No,Yes,0,0,0,0,0,0,0,0,0,0,0,0,0,0,0,0,0,0,0,0,0,0,0,0,0,0,0,0,0,0,1,0,74.84,0,0,0,0,0,0,12.765691290604371,1.0
469,Female,18.0,Gujarat,General,No,0.0,Instrumentation,4,6.27,61.69,1500000.0,Yes,No,0,0,0,0,0,0,0,0,0,0,0,0,0,0,0,0,0,0,0,0,0,0,0,0,0,0,0,0,0,0,0,0,62.19499999999999,1,0,0,0,0,0,14.220976332738882,1.0
470,Female,21.0,Madhya Pradesh,SC,No,0.0,Instrumentation,3,7.79,72.31,80000.0,No,Yes,0,1,0,0,1,0,0,0,1,0,0,0,1,1,0,0,1,0,0,1,1,0,0,1,0,0,0,0,0,0,0,0,75.105,1,0,0,0,0,0,11.289794413577894,0.75
471,Female,20.0,Uttar Pradesh,EWS,No,0.0,Mechanical,3,5.96,59.24,300000.0,No,No,0,0,0,0,0,0,0,0,0,0,0,0,0,0,0,0,0,0,0,0,0,0,0,0,0,0,0,0,0,0,0,0,59.42,1,0,0,0,0,0,12.611541086966115,0.75
472,Female,18.0,Andhra Pradesh,EWS,No,0.0,Electrical,2,8.28,78.36,800000.0,No,No,0,0,0,0,0,0,1,0,0,0,0,0,0,0,0,0,1,0,0,0,0,0,0,0,0,0,0,0,0,0,0,0,80.58,0,1,0,0,0,0,13.592368256649284,0.5
473,Female,18.0,Rajasthan,OBC,No,0.0,Biotechnology,3,9.72,89.13,800000.0,No,No,0,0,0,0,0,0,0,0,0,0,0,0,0,0,0,0,1,0,0,0,0,0,0,0,0,0,0,0,0,0,0,0,93.16499999999999,0,1,0,0,0,0,13.592368256649284,0.75
474,Female,21.0,Tamil Nadu,SC,No,0.0,Science,4,5.67,51.79,150000.0,Yes,Yes,0,0,0,0,0,0,0,0,0,0,0,0,0,0,0,0,0,0,0,0,0,0,0,0,0,0,0,0,0,0,0,0,54.245000000000005,1,0,0,0,0,0,11.918397239722838,1.0
475,Male,20.0,Other,SC,No,0.0,AI_DS,2,7.45,71.51,150000.0,No,Yes,0,1,0,0,1,0,0,0,1,0,0,0,1,1,0,0,1,0,0,1,0,0,0,0,0,0,0,0,0,0,0,0,73.005,1,0,0,0,0,0,11.918397239722838,0.5
476,Male,18.0,Tamil Nadu,EWS,No,0.0,Medical,1,7.21,69.55,350000.0,No,Yes,0,0,0,0,0,0,0,1,0,0,0,0,1,0,0,0,0,0,0,0,0,0,0,0,0,0,0,0,0,1,0,0,70.82499999999999,0,0,1,0,0,0,12.765691290604371,0.25
477,Male,23.0,Telangana,OBC,No,0.0,Chemical,4,6.0,61.33,800000.0,Yes,Yes,0,0,0,0,0,0,0,0,0,0,0,0,0,0,0,0,0,0,0,0,0,0,0,0,0,0,0,0,0,0,0,0,60.665,1,0,0,0,0,0,13.592368256649284,1.0
478,Male,17.0,Maharashtra,SC,No,0.0,CSE,4,7.4,73.65,400000.0,No,No,0,0,0,0,0,0,0,0,0,0,0,0,0,0,0,0,0,0,0,0,0,0,0,0,0,0,0,0,0,0,0,0,73.825,0,0,0,0,0,0,12.899222326086994,1.0
479,Male,25.0,Gujarat,EWS,No,0.0,Commerce,3,7.91,76.52,300000.0,No,Yes,1,0,0,0,1,0,0,0,0,0,0,0,1,0,0,0,1,0,0,0,0,0,0,0,0,0,0,0,0,1,0,0,77.81,1,0,0,0,0,0,12.611541086966115,0.75
480,Male,24.0,Telangana,SC,No,0.0,Electrical,3,8.18,79.05,80000.0,Yes,Yes,1,1,0,0,0,0,0,0,1,0,0,0,1,1,0,1,1,0,0,1,1,0,0,0,0,0,0,0,0,1,0,0,80.425,1,1,0,0,0,1,11.289794413577894,0.75
481,Female,21.0,Tamil Nadu,EWS,Yes,0.0,Management,3,8.27,82.55,80000.0,No,No,0,0,0,0,1,0,0,0,0,0,0,0,0,1,0,0,0,0,0,1,1,0,0,1,0,0,0,0,0,1,1,0,82.625,1,1,0,1,0,1,11.289794413577894,0.75
482,Male,17.0,Delhi,SC,No,0.0,Commerce,4,7.74,75.66,200000.0,Yes,No,0,0,0,0,1,0,0,0,0,0,0,0,0,1,0,0,0,0,0,0,1,0,0,0,0,0,0,0,0,1,0,0,76.53,1,0,0,0,0,0,12.206077645517674,1.0
483,Female,20.0,Telangana,General,No,0.0,Production,3,7.39,74.53,250000.0,No,No,1,1,0,0,1,0,0,0,1,0,0,0,1,0,0,0,1,0,0,0,0,0,0,1,0,0,0,0,0,1,0,0,74.215,1,0,0,0,0,0,12.429220196836383,0.75
484,Male,18.0,Gujarat,OBC,No,0.0,Science,4,7.49,68.96,250000.0,No,Yes,0,0,0,0,0,0,0,0,0,0,0,0,1,1,0,0,1,0,0,0,0,0,0,0,0,0,0,0,0,0,0,0,71.93,1,0,0,0,0,0,12.429220196836383,1.0
485,Female,21.0,Gujarat,General,No,0.0,CSE,2,7.45,66.48,120000.0,No,No,1,0,0,0,1,0,0,0,0,0,0,0,1,1,0,0,0,0,0,1,0,0,0,1,0,0,0,0,0,1,0,0,70.49000000000001,1,0,0,0,0,0,11.695255355062795,0.5
486,Male,24.0,Maharashtra,OBC,No,0.0,CSE,4,7.65,70.63,350000.0,No,No,0,1,0,0,0,0,1,0,0,0,0,0,0,0,0,0,0,0,0,0,0,1,0,0,0,0,0,0,0,0,0,0,73.565,0,0,0,0,0,0,12.765691290604371,1.0
487,Female,24.0,Madhya Pradesh,ST,No,0.0,IT,3,7.49,78.89,120000.0,Yes,Yes,0,1,0,0,1,0,0,0,1,0,0,0,0,1,0,0,0,0,0,0,1,0,0,1,0,0,0,0,0,1,0,0,76.89500000000001,1,0,0,0,0,0,11.695255355062795,0.75
488,Female,23.0,Rajasthan,EWS,No,0.0,Civil,3,6.96,60.45,1500000.0,No,Yes,0,0,0,0,0,0,0,0,0,0,0,0,0,0,0,0,0,0,0,0,0,0,0,0,0,0,0,0,0,0,0,0,65.025,0,0,0,0,0,0,14.220976332738882,0.75
489,Male,20.0,Andhra Pradesh,ST,No,0.0,IT,2,6.96,58.85,400000.0,Yes,Yes,0,0,0,0,0,0,0,0,0,0,0,0,1,0,0,0,0,0,0,0,0,0,0,0,0,0,0,0,0,0,0,0,64.225,1,0,0,0,0,0,12.899222326086994,0.5
490,Female,23.0,Maharashtra,SC,No,0.0,Mechanical,1,5.6,55.48,1000000.0,Yes,No,0,0,0,0,0,0,0,0,0,0,0,0,0,0,0,0,0,0,0,0,0,0,0,0,0,0,0,0,0,0,0,0,55.739999999999995,1,0,1,0,0,0,13.815511557963774,0.25
491,Female,21.0,Karnataka,SC,No,0.0,Civil,1,8.44,81.46,200000.0,No,No,0,1,0,1,1,0,0,1,1,1,0,0,1,1,1,0,0,0,0,1,1,0,0,1,0,1,0,1,0,1,1,1,82.92999999999999,1,1,1,0,0,1,12.206077645517674,0.25
492,Male,19.0,Telangana,EWS,No,0.0,Production,1,6.34,60.09,350000.0,No,Yes,0,0,0,0,0,0,0,1,1,0,0,0,1,0,0,0,0,0,0,0,0,0,0,0,0,0,0,0,0,0,0,0,61.745000000000005,0,0,1,0,0,0,12.765691290604371,0.25
493,Female,18.0,Karnataka,OBC,No,0.0,Biotechnology,1,7.5,67.77,80000.0,No,Yes,0,0,0,0,0,0,0,0,0,0,0,0,1,1,0,0,0,0,0,1,1,0,0,0,0,0,0,0,0,0,1,1,71.38499999999999,1,0,1,0,0,0,11.289794413577894,0.25
494,Male,19.0,Tamil Nadu,OBC,No,0.0,Pharmacy,4,9.3,90.98,1000000.0,Yes,Yes,0,0,0,0,0,0,0,0,0,0,0,0,0,0,0,0,1,0,0,0,0,0,0,0,0,0,0,0,0,0,0,0,91.99000000000001,1,1,0,0,0,1,13.815511557963774,1.0
495,Female,22.0,Gujarat,SC,No,0.0,Management,4,7.23,68.77,500000.0,No,No,0,0,0,0,0,0,0,0,0,0,0,0,0,0,0,0,0,0,0,0,0,0,0,1,0,0,0,0,0,0,0,0,70.535,0,0,0,0,0,0,13.122365377402328,1.0
496,Male,19.0,Delhi,SC,No,0.0,Science,3,7.75,67.5,1500000.0,Yes,Yes,0,0,0,0,0,0,0,0,0,0,0,0,0,0,0,0,0,0,0,0,0,0,0,0,0,0,0,0,0,0,0,0,72.5,1,0,0,0,0,0,14.220976332738882,0.75
497,Male,24.0,Telangana,SC,No,0.0,Science,1,7.2,66.35,350000.0,No,Yes,0,0,0,0,0,0,0,0,0,0,0,0,1,0,0,0,0,0,0,0,0,0,0,0,0,0,0,0,0,1,0,0,69.175,0,0,1,0,0,0,12.765691290604371,0.25
498,Male,22.0,Uttar Pradesh,OBC,No,0.0,AI_DS,4,6.3,59.01,200000.0,No,Yes,0,0,0,0,0,0,0,0,0,0,0,0,0,1,0,0,0,0,0,0,0,0,0,0,0,0,0,0,0,0,0,0,61.004999999999995,1,0,0,0,0,0,12.206077645517674,1.0
499,Female,22.0,Andhra Pradesh,SC,No,0.0,AI_DS,1,9.66,93.69,350000.0,Yes,Yes,0,0,0,1,1,1,0,1,1,0,0,0,1,0,0,0,1,0,0,0,0,0,0,1,1,1,0,1,0,1,1,0,95.145,1,1,1,0,0,1,12.765691290604371,0.25
500,Male,20.0,Rajasthan,ST,No,0.0,IT,4,6.81,66.41,800000.0,No,No,0,0,0,0,0,0,0,0,0,0,0,0,0,0,0,0,0,0,0,0,0,0,0,0,0,0,0,0,0,0,0,0,67.255,0,0,0,0,0,0,13.592368256649284,1.0
501,Male,22.0,Karnataka,EWS,No,0.0,CSE,2,9.18,89.98,800000.0,No,Yes,0,0,0,0,0,0,1,0,0,0,0,0,0,0,0,0,0,0,0,0,0,0,0,0,0,0,0,0,0,0,0,0,90.89,0,1,0,0,0,0,13.592368256649284,0.5
502,Female,17.0,Madhya Pradesh,EWS,No,0.0,Commerce,3,7.57,69.97,1200000.0,Yes,No,0,0,0,0,0,0,0,0,0,0,0,0,0,0,0,0,0,0,0,0,0,0,0,0,0,0,0,0,0,0,0,0,72.83500000000001,1,0,0,0,0,0,13.997832948091215,0.75
503,Male,18.0,Telangana,General,No,0.0,ECE,1,8.34,80.41,1000000.0,Yes,No,0,0,0,0,0,0,0,1,0,0,0,0,0,0,0,0,0,0,0,0,0,0,0,0,0,0,0,0,0,0,0,1,81.905,1,1,1,0,0,1,13.815511557963774,0.25
504,Male,20.0,Delhi,OBC,No,0.0,Mechanical,4,8.57,83.32,1000000.0,Yes,No,0,0,0,0,0,0,1,0,0,0,0,0,0,0,0,0,1,0,0,0,0,0,0,0,0,0,0,0,0,0,0,0,84.50999999999999,1,1,0,0,0,1,13.815511557963774,1.0
505,Female,23.0,Rajasthan,OBC,No,0.0,Medical,3,8.76,81.61,800000.0,Yes,No,0,0,0,0,0,0,0,0,0,0,0,0,0,0,0,0,1,0,0,0,0,0,0,0,0,0,0,0,0,0,0,0,84.60499999999999,1,1,0,0,0,1,13.592368256649284,0.75
506,Female,22.0,Delhi,SC,No,0.0,CSE,4,9.08,86.85,350000.0,No,Yes,0,1,0,0,0,0,1,0,1,0,1,0,1,0,0,0,1,0,0,0,0,0,1,1,0,0,1,0,0,1,0,0,88.82499999999999,0,1,0,0,0,0,12.765691290604371,1.0
507,Male,23.0,Delhi,SC,No,0.0,Science,4,9.99,92.84,350000.0,Yes,Yes,0,0,0,0,1,0,0,0,0,0,0,0,1,0,0,0,1,0,0,0,0,0,0,0,0,0,0,0,0,1,0,0,96.37,1,1,0,0,0,1,12.765691290604371,1.0
508,Female,17.0,Delhi,OBC,No,0.0,Chemical,1,9.58,91.6,250000.0,Yes,Yes,0,1,0,1,1,0,0,1,0,1,0,1,1,0,1,1,1,0,1,1,0,0,0,1,1,0,0,1,0,1,1,0,93.69999999999999,1,1,1,0,0,1,12.429220196836383,0.25
509,Female,17.0,Telangana,EWS,No,0.0,Electrical,1,6.72,62.39,80000.0,No,No,0,0,0,0,1,0,0,1,1,0,0,1,1,1,0,0,0,0,0,1,0,0,0,1,0,0,0,1,0,0,0,0,64.795,1,0,1,0,0,0,11.289794413577894,0.25
510,Male,19.0,Telangana,SC,No,0.0,CSE,2,7.12,68.91,250000.0,No,Yes,0,0,0,0,1,0,0,0,1,0,0,0,1,1,0,0,1,0,0,0,0,0,0,0,0,0,0,0,0,0,0,0,70.055,1,0,0,0,0,0,12.429220196836383,0.5
511,Female,20.0,Rajasthan,SC,No,0.0,Mechanical,4,8.13,75.51,1500000.0,Yes,No,0,0,0,0,0,0,0,0,0,0,0,0,0,0,0,0,0,1,0,0,0,0,0,0,0,0,0,0,0,0,0,0,78.405,1,1,0,0,0,1,14.220976332738882,1.0
512,Male,23.0,Rajasthan,General,No,0.0,Biotechnology,3,7.49,77.39,1500000.0,No,No,0,0,0,0,0,0,0,0,0,0,0,0,0,0,0,0,1,0,0,0,0,0,0,0,0,0,0,0,0,0,0,0,76.14500000000001,0,0,0,0,0,0,14.220976332738882,0.75
513,Male,20.0,Other,EWS,No,0.0,Medical,1,9.57,92.22,250000.0,Yes,No,0,0,0,0,1,0,0,1,0,0,0,0,1,1,0,0,0,0,1,1,1,0,0,0,0,0,0,0,0,1,0,1,93.96000000000001,1,1,1,0,0,1,12.429220196836383,0.25
514,Male,22.0,Delhi,OBC,No,0.0,Medical,4,7.49,72.09,1200000.0,Yes,Yes,0,0,0,0,0,0,0,0,0,0,0,0,0,0,0,0,0,0,0,0,0,0,0,0,0,0,0,0,0,0,0,0,73.495,1,0,0,0,0,0,13.997832948091215,1.0
515,Female,21.0,Andhra Pradesh,OBC,No,0.0,AI_DS,4,8.24,75.21,600000.0,Yes,No,0,0,0,0,0,0,0,0,1,0,0,0,0,0,0,0,1,0,0,0,0,0,0,1,0,0,1,0,0,0,0,0,78.805,1,1,0,0,0,1,13.304686600863562,1.0
516,Female,18.0,Andhra Pradesh,EWS,No,0.0,Electrical,2,7.19,63.3,400000.0,Yes,No,0,0,0,0,1,0,0,0,1,0,0,0,1,0,0,0,0,0,0,0,0,0,0,1,0,0,0,0,0,1,0,0,67.6,1,0,0,0,0,0,12.899222326086994,0.5
517,Female,20.0,Delhi,EWS,No,0.0,Production,2,7.98,77.75,120000.0,No,No,0,1,0,0,1,0,1,0,0,0,0,0,1,0,0,0,1,0,0,1,0,0,0,0,0,0,0,0,0,0,0,0,78.775,1,0,0,0,0,0,11.695255355062795,0.5
518,Female,18.0,Rajasthan,ST,No,0.0,Pharmacy,2,6.92,70.46,300000.0,No,Yes,0,0,0,0,0,0,0,0,0,0,0,0,1,0,0,0,1,0,0,1,0,0,0,1,0,0,0,0,0,1,0,0,69.83,1,0,0,0,0,0,12.611541086966115,0.5
519,Female,19.0,Madhya Pradesh,EWS,No,0.0,Science,2,6.03,52.89,400000.0,Yes,Yes,0,0,0,0,0,0,0,0,0,0,0,0,0,0,0,0,0,0,0,0,0,0,0,0,0,0,0,0,0,0,0,0,56.595,1,0,0,0,0,0,12.899222326086994,0.5
520,Male,22.0,Gujarat,General,No,0.0,IT,2,7.77,76.96,600000.0,Yes,No,0,0,0,0,0,0,0,0,1,0,0,0,0,0,0,0,0,0,0,0,0,0,0,0,0,0,0,0,0,0,0,0,77.32999999999998,1,0,0,0,0,0,13.304686600863562,0.5
521,Male,22.0,Rajasthan,SC,No,0.0,CSE,3,9.52,89.06,200000.0,Yes,Yes,0,1,0,0,1,0,1,0,1,0,0,0,1,1,0,1,1,0,0,1,1,0,0,0,0,0,0,0,0,1,0,0,92.13,1,1,0,0,0,1,12.206077645517674,0.75
522,Female,25.0,Tamil Nadu,EWS,No,0.0,Electrical,1,8.79,83.39,350000.0,Yes,No,0,0,0,0,1,0,0,1,1,0,0,0,1,0,0,0,0,0,0,0,0,0,0,1,0,1,0,0,0,1,1,1,85.645,1,1,1,0,0,1,12.765691290604371,0.25
523,Male,17.0,Telangana,OBC,No,0.0,Instrumentation,1,7.29,71.91,400000.0,Yes,Yes,0,0,0,0,1,0,0,1,0,0,0,0,1,0,0,0,1,0,0,0,0,0,0,0,0,0,0,0,0,0,0,0,72.405,1,0,1,0,0,0,12.899222326086994,0.25
524,Female,21.0,Other,SC,No,0.0,CSE,3,8.28,73.93,1500000.0,No,Yes,0,0,0,0,0,0,1,0,0,0,0,0,0,0,0,0,0,0,0,0,0,0,0,0,0,0,0,0,0,0,0,0,78.36500000000001,0,0,0,0,0,0,14.220976332738882,0.75
525,Female,25.0,Rajasthan,SC,No,0.0,AI_DS,2,9.27,92.21,200000.0,No,Yes,0,0,0,1,1,1,1,0,1,0,1,0,1,1,0,1,1,0,0,0,1,0,1,1,0,1,0,1,0,1,1,0,92.45499999999998,1,1,0,0,0,1,12.206077645517674,0.5
526,Male,20.0,Delhi,SC,No,0.0,Medical,2,6.75,65.31,80000.0,No,No,0,0,0,0,1,0,0,0,0,0,0,0,1,1,0,0,0,0,0,1,0,0,0,0,0,0,0,0,0,0,0,0,66.405,1,0,0,0,0,0,11.289794413577894,0.5
527,Female,21.0,Karnataka,EWS,No,0.0,IT,3,8.09,77.64,350000.0,Yes,No,0,1,0,0,1,0,0,0,1,0,0,0,1,0,0,0,0,0,0,0,0,0,1,1,0,0,0,0,0,0,1,0,79.27000000000001,1,1,0,0,0,1,12.765691290604371,0.75
528,Male,19.0,Madhya Pradesh,ST,No,0.0,AI_DS,4,6.84,62.97,350000.0,Yes,No,0,0,0,0,1,0,0,0,1,0,0,0,1,0,0,0,0,0,0,0,0,0,0,0,0,0,0,0,0,0,0,0,65.685,1,0,0,0,0,0,12.765691290604371,1.0
529,Male,19.0,Andhra Pradesh,SC,No,0.0,Biotechnology,4,7.47,74.48,500000.0,Yes,Yes,0,0,0,0,1,0,0,0,0,0,0,0,0,0,0,0,0,0,0,0,0,0,0,0,0,0,0,0,0,0,0,0,74.59,1,0,0,0,0,0,13.122365377402328,1.0
530,Male,25.0,Other,OBC,No,0.0,CSE,2,8.15,76.31,350000.0,Yes,Yes,0,0,0,0,1,0,0,0,1,0,0,0,1,0,0,0,0,0,0,0,0,0,0,0,0,0,0,0,0,1,0,0,78.905,1,1,0,0,0,1,12.765691290604371,0.5
531,Female,18.0,Delhi,EWS,No,0.0,ECE,2,8.43,71.54,300000.0,Yes,Yes,0,1,0,0,1,0,0,0,1,0,0,0,1,0,0,0,0,0,0,1,0,0,0,0,0,0,0,0,0,1,0,0,77.92,1,0,0,0,0,0,12.611541086966115,0.5
532,Female,23.0,Andhra Pradesh,SC,No,0.0,Instrumentation,2,8.88,79.14,1200000.0,Yes,Yes,0,0,0,0,0,0,0,0,0,0,1,0,0,0,0,0,1,0,0,0,0,0,0,0,0,0,0,0,0,0,0,0,83.97,1,1,0,0,0,1,13.997832948091215,0.5
533,Male,21.0,Maharashtra,EWS,No,0.0,Production,2,7.07,63.81,200000.0,Yes,No,0,0,0,0,0,0,0,0,0,0,0,0,1,1,0,0,1,0,0,0,0,1,0,0,0,0,0,0,0,0,0,0,67.255,1,0,0,0,0,0,12.206077645517674,0.5
534,Male,24.0,Gujarat,EWS,No,0.0,Management,3,5.95,60.01,150000.0,No,No,0,0,0,0,1,0,0,0,0,0,0,0,1,1,0,0,0,0,0,0,0,0,0,0,0,0,0,0,0,0,0,0,59.754999999999995,1,0,0,0,0,0,11.918397239722838,0.75
535,Female,19.0,Gujarat,OBC,No,0.0,Commerce,1,6.94,66.97,250000.0,No,Yes,0,0,0,0,0,0,0,1,0,0,0,0,1,0,0,0,0,0,0,0,0,0,0,1,0,0,0,0,0,0,0,0,68.185,1,0,1,0,0,0,12.429220196836383,0.25
536,Male,20.0,Rajasthan,OBC,No,0.0,Science,4,7.44,72.11,350000.0,No,No,0,0,0,0,0,0,0,0,0,0,0,0,0,0,0,0,0,0,0,0,0,0,0,0,0,0,0,0,0,0,0,0,73.255,0,0,0,0,0,0,12.765691290604371,1.0
537,Male,23.0,Andhra Pradesh,General,No,0.0,CSE,3,7.59,68.26,350000.0,Yes,Yes,0,0,0,0,1,0,0,0,0,0,0,0,0,0,0,0,1,0,0,0,0,0,0,0,0,0,0,0,0,1,0,0,72.08000000000001,1,0,0,0,0,0,12.765691290604371,0.75
538,Female,24.0,Maharashtra,OBC,No,0.0,Medical,1,7.49,81.17,500000.0,No,Yes,0,0,0,0,1,0,0,1,0,0,0,0,0,0,0,0,1,0,0,0,0,1,0,0,0,0,0,0,0,0,0,1,78.035,0,0,1,0,0,0,13.122365377402328,0.25
539,Male,21.0,Tamil Nadu,ST,No,0.0,Chemical,4,5.63,52.2,150000.0,No,No,0,0,0,0,0,0,0,0,0,0,0,0,0,0,0,0,0,0,0,0,0,0,0,0,0,0,0,0,0,0,0,0,54.25,1,0,0,0,0,0,11.918397239722838,1.0
540,Male,25.0,Gujarat,ST,No,0.0,Science,1,9.3,90.9,1000000.0,Yes,Yes,0,0,0,0,0,0,0,0,0,0,0,0,0,0,0,0,1,0,0,0,0,0,0,0,0,0,0,0,0,0,0,0,91.95,1,1,1,0,0,1,13.815511557963774,0.25
541,Male,23.0,Andhra Pradesh,SC,No,0.0,Mechanical,4,7.08,66.21,600000.0,Yes,No,0,0,0,0,0,0,0,0,1,0,0,0,0,0,0,0,0,0,0,0,0,0,0,0,0,0,0,0,0,0,0,0,68.505,1,0,0,0,0,0,13.304686600863562,1.0
542,Male,21.0,Madhya Pradesh,OBC,No,0.0,ECE,1,7.11,73.78,120000.0,No,No,0,1,0,0,1,0,0,1,1,1,0,0,1,1,0,0,0,0,0,1,0,0,0,0,0,0,0,0,0,0,0,0,72.44,1,0,1,0,0,0,11.695255355062795,0.25
543,Male,25.0,Andhra Pradesh,EWS,No,0.0,Mechanical,4,7.96,76.91,500000.0,No,Yes,0,0,0,0,0,0,0,0,1,0,0,0,0,0,0,0,0,1,0,0,0,0,0,0,0,0,0,0,0,0,0,0,78.255,0,0,0,0,0,0,13.122365377402328,1.0
544,Male,22.0,Uttar Pradesh,OBC,No,0.0,Electrical,2,8.74,83.75,1200000.0,Yes,No,0,0,0,0,0,0,1,0,0,0,0,0,0,0,0,0,1,1,0,0,0,0,0,0,0,0,0,0,0,0,0,0,85.575,1,1,0,0,0,1,13.997832948091215,0.5
545,Female,21.0,Tamil Nadu,SC,No,0.0,ECE,2,7.19,67.72,200000.0,Yes,No,0,0,0,0,1,0,0,0,1,0,0,0,1,1,0,0,1,0,0,0,1,0,0,1,0,0,0,0,0,1,1,0,69.81,1,0,0,0,0,0,12.206077645517674,0.5
546,Male,24.0,Tamil Nadu,ST,No,0.0,CSE,4,7.41,70.28,200000.0,Yes,No,0,1,0,0,0,0,0,0,1,0,0,0,1,0,0,0,1,0,0,0,1,0,0,0,0,0,0,0,0,1,0,0,72.19,1,0,0,0,0,0,12.206077645517674,1.0
547,Female,23.0,Tamil Nadu,General,No,0.0,CSE,2,8.37,79.67,500000.0,No,Yes,0,0,0,0,0,0,1,0,0,0,0,0,0,0,0,0,0,0,0,0,0,0,1,1,0,1,0,1,0,0,0,0,81.685,0,1,0,0,0,0,13.122365377402328,0.5
548,Male,19.0,Gujarat,General,No,0.0,IT,2,8.38,79.37,1500000.0,Yes,No,0,0,0,0,0,0,0,0,0,0,0,0,0,0,0,0,0,0,0,0,0,0,0,0,0,0,0,0,0,0,0,0,81.58500000000001,1,1,0,0,0,1,14.220976332738882,0.5
549,Female,18.0,Maharashtra,General,No,0.0,Mechanical,2,7.59,66.11,800000.0,No,Yes,0,0,0,0,0,0,0,0,0,0,0,0,0,0,0,0,1,0,0,0,0,1,0,0,0,0,0,0,0,0,0,0,71.005,0,0,0,0,0,0,13.592368256649284,0.5
550,Female,22.0,Maharashtra,General,No,0.0,Biotechnology,3,8.6,82.74,350000.0,Yes,No,0,0,0,0,1,0,0,0,0,0,0,0,0,0,0,0,1,0,0,0,0,1,0,1,0,0,0,0,0,1,1,0,84.37,1,1,0,0,0,1,12.765691290604371,0.75
551,Male,21.0,Tamil Nadu,General,No,0.0,Instrumentation,3,8.7,73.96,500000.0,No,Yes,0,0,0,0,1,0,1,0,0,0,0,0,0,0,0,0,1,0,0,0,0,0,0,0,0,0,0,0,0,0,0,0,80.47999999999999,0,0,0,0,0,0,13.122365377402328,0.75
552,Male,17.0,Rajasthan,EWS,No,0.0,AI_DS,4,10.0,94.58,1000000.0,No,No,0,0,0,0,0,0,1,0,0,0,0,0,0,0,0,0,1,0,0,0,0,0,0,0,0,0,0,0,0,0,0,0,97.28999999999999,0,1,0,0,0,0,13.815511557963774,1.0
553,Female,21.0,Delhi,EWS,No,0.0,Pharmacy,2,8.83,80.77,600000.0,No,No,0,0,0,0,0,0,0,0,0,0,0,0,0,0,0,0,1,0,0,0,0,0,0,1,0,0,0,0,0,0,0,0,84.535,0,1,0,0,0,0,13.304686600863562,0.5
554,Female,19.0,Uttar Pradesh,OBC,No,0.0,Civil,1,8.24,75.12,120000.0,Yes,No,0,1,0,1,1,0,0,0,1,0,0,1,1,1,0,1,0,0,0,1,1,0,0,1,0,0,0,1,0,1,1,1,78.76,1,1,1,0,0,1,11.695255355062795,0.25
555,Male,20.0,Uttar Pradesh,ST,No,0.0,Biotechnology,3,6.75,69.87,500000.0,Yes,Yes,0,0,0,0,1,0,0,0,0,0,0,0,0,0,0,0,0,0,0,0,0,0,0,0,0,0,0,0,0,0,0,0,68.685,1,0,0,0,0,0,13.122365377402328,0.75
556,Male,21.0,Telangana,General,No,0.0,CSE,1,7.27,69.72,120000.0,No,No,0,0,0,0,1,0,0,0,1,0,0,0,1,1,0,0,0,0,0,1,0,0,0,0,0,0,0,0,0,1,0,1,71.21,1,0,1,0,0,0,11.695255355062795,0.25
557,Female,17.0,Gujarat,OBC,No,0.0,Biotechnology,4,8.54,82.62,400000.0,Yes,Yes,0,0,0,0,1,0,0,0,0,0,0,0,0,0,0,0,1,0,0,0,0,0,0,0,0,0,0,0,0,1,0,0,84.00999999999999,1,1,0,0,0,1,12.899222326086994,1.0
558,Female,19.0,Other,ST,No,0.0,Biotechnology,4,7.68,74.05,1200000.0,No,Yes,0,0,0,0,0,0,0,0,0,0,0,0,0,0,0,0,1,0,0,0,0,0,0,0,0,0,0,0,0,0,0,0,75.425,0,0,0,0,0,0,13.997832948091215,1.0
559,Female,22.0,Delhi,EWS,Yes,70.0,Biotechnology,3,10.0,94.83,120000.0,Yes,No,0,0,0,0,1,0,0,0,0,0,0,0,1,0,0,0,1,0,0,1,0,0,0,1,0,0,0,0,0,1,1,0,97.41499999999999,1,1,0,1,1,1,11.695255355062795,0.75
560,Male,22.0,Andhra Pradesh,EWS,No,0.0,Medical,2,7.74,76.68,600000.0,Yes,No,0,0,0,0,0,0,0,0,0,0,0,0,0,0,0,0,0,0,0,0,0,0,0,0,0,0,0,0,0,0,0,0,77.04,1,0,0,0,0,0,13.304686600863562,0.5
561,Female,17.0,Telangana,ST,No,0.0,Production,3,8.83,87.45,400000.0,No,Yes,0,0,0,0,0,0,1,0,0,0,1,0,0,0,0,0,0,1,0,0,0,0,0,1,0,0,0,0,0,1,0,0,87.875,0,1,0,0,0,0,12.899222326086994,0.75
562,Female,19.0,Rajasthan,SC,No,0.0,Civil,1,8.27,71.2,400000.0,Yes,No,0,0,0,0,0,0,0,1,1,0,0,0,0,0,0,0,0,0,0,0,0,0,0,1,0,0,0,1,0,0,1,1,76.94999999999999,1,0,1,0,0,0,12.899222326086994,0.25
563,Male,20.0,Madhya Pradesh,ST,No,0.0,Chemical,3,7.49,86.43,150000.0,Yes,Yes,0,1,0,0,0,0,0,0,1,0,0,0,1,0,0,1,1,0,0,0,0,0,0,0,0,0,0,0,0,1,0,0,80.665,1,0,0,0,0,0,11.918397239722838,0.75
564,Male,17.0,Tamil Nadu,ST,No,0.0,ECE,1,7.86,72.41,250000.0,Yes,Yes,0,1,0,0,1,0,0,1,1,1,0,0,1,0,0,0,0,0,0,1,1,0,0,0,0,0,0,0,0,0,0,0,75.505,1,0,1,0,0,0,12.429220196836383,0.25
565,Female,24.0,Maharashtra,General,No,0.0,Chemical,1,7.42,71.48,600000.0,No,Yes,0,0,0,0,0,0,0,0,0,0,0,0,0,0,0,0,0,0,0,0,0,0,0,0,0,0,0,1,0,0,0,0,72.84,0,0,1,0,0,0,13.304686600863562,0.25
566,Female,20.0,Karnataka,SC,No,0.0,Biotechnology,4,7.89,76.22,800000.0,Yes,No,0,0,0,0,0,0,0,0,0,0,0,0,0,0,0,0,0,0,0,0,0,0,0,0,0,0,0,0,0,0,0,0,77.56,1,0,0,0,0,0,13.592368256649284,1.0
567,Male,19.0,Telangana,General,Yes,70.0,ECE,2,9.44,91.04,500000.0,No,No,0,0,0,0,0,0,0,0,1,0,0,0,0,0,0,0,1,0,0,0,0,0,0,0,0,0,0,0,1,0,0,0,92.72,0,1,0,1,1,0,13.122365377402328,0.5
568,Female,19.0,Telangana,EWS,No,0.0,AI_DS,3,7.21,71.39,600000.0,No,No,0,0,0,0,0,0,0,0,1,0,0,0,0,0,0,0,0,0,0,0,0,0,0,0,0,0,0,0,0,0,0,0,71.745,0,0,0,0,0,0,13.304686600863562,0.75
569,Male,19.0,Maharashtra,ST,No,0.0,IT,1,8.93,81.15,350000.0,Yes,Yes,0,1,0,0,1,0,0,0,1,0,0,0,1,0,0,0,1,0,0,0,0,0,0,0,0,0,0,0,0,1,0,1,85.225,1,1,1,0,0,1,12.765691290604371,0.25
570,Female,23.0,Gujarat,EWS,No,0.0,Science,3,8.22,80.19,250000.0,No,Yes,1,0,0,0,0,0,0,0,0,0,0,0,1,0,0,0,1,0,0,1,1,0,0,1,0,0,0,0,0,0,1,0,81.195,1,1,0,0,0,1,12.429220196836383,0.75
571,Male,24.0,Uttar Pradesh,OBC,No,0.0,Science,1,7.14,71.96,400000.0,No,No,0,0,0,0,1,0,0,0,0,0,0,0,1,0,0,0,1,0,0,0,0,0,0,0,0,0,0,0,0,0,0,0,71.67999999999999,0,0,1,0,0,0,12.899222326086994,0.25
572,Female,20.0,Karnataka,OBC,No,0.0,Instrumentation,3,7.32,69.92,350000.0,Yes,No,0,0,0,0,1,0,0,0,0,0,0,0,1,0,0,0,0,0,0,0,0,0,0,1,0,0,0,0,0,1,0,0,71.56,1,0,0,0,0,0,12.765691290604371,0.75
573,Female,24.0,Tamil Nadu,General,No,0.0,ECE,3,7.29,69.3,400000.0,No,Yes,0,0,0,0,0,0,0,0,1,0,0,0,1,0,0,0,1,0,0,0,0,0,0,0,0,0,0,0,0,1,1,0,71.1,0,0,0,0,0,0,12.899222326086994,0.75
574,Female,22.0,Uttar Pradesh,EWS,No,0.0,ECE,4,6.18,54.39,1500000.0,Yes,No,0,0,0,0,0,0,0,0,0,0,0,0,0,0,0,0,0,0,0,0,0,0,0,0,0,0,0,0,0,0,0,0,58.095,1,0,0,0,0,0,14.220976332738882,1.0
575,Male,21.0,Delhi,ST,No,0.0,Commerce,2,9.41,86.85,600000.0,Yes,Yes,0,0,0,0,0,0,0,0,0,0,0,0,0,0,0,0,1,0,0,0,0,0,0,0,0,0,0,0,0,0,0,0,90.475,1,1,0,0,0,1,13.304686600863562,0.5
576,Female,23.0,Rajasthan,SC,No,0.0,Commerce,4,6.31,53.48,600000.0,No,Yes,0,0,0,0,0,0,0,0,0,0,0,0,0,0,0,0,0,0,0,0,0,0,0,0,0,0,0,0,0,0,0,0,58.28999999999999,0,0,0,0,0,0,13.304686600863562,1.0
577,Male,18.0,Uttar Pradesh,ST,No,0.0,Science,3,6.73,71.2,500000.0,Yes,No,0,0,0,0,1,0,0,0,0,0,0,0,0,0,0,0,0,0,0,0,0,0,0,0,0,0,0,0,0,0,0,0,69.25,1,0,0,0,0,0,13.122365377402328,0.75
578,Male,21.0,Andhra Pradesh,General,No,0.0,Medical,3,9.47,92.99,400000.0,Yes,Yes,0,0,0,0,1,0,0,0,0,0,0,0,1,0,0,0,1,0,0,0,0,0,0,0,0,0,0,0,0,1,0,0,93.845,1,1,0,0,0,1,12.899222326086994,0.75
579,Male,19.0,Uttar Pradesh,General,No,0.0,Electrical,4,6.67,70.12,500000.0,No,No,0,0,0,0,0,0,0,0,1,0,0,0,0,0,0,0,0,0,0,0,0,0,0,0,0,0,0,0,0,0,0,0,68.41,0,0,0,0,0,0,13.122365377402328,1.0
580,Female,20.0,Karnataka,SC,No,0.0,Chemical,4,8.68,81.49,1000000.0,No,Yes,0,0,0,0,0,0,1,0,0,0,0,0,0,0,0,0,1,0,0,0,0,0,0,0,0,0,1,0,0,0,0,0,84.145,0,1,0,0,0,0,13.815511557963774,1.0
581,Male,25.0,Andhra Pradesh,OBC,No,0.0,IT,3,5.0,54.37,500000.0,Yes,Yes,0,0,0,0,0,0,0,0,0,0,0,0,0,0,0,0,0,0,0,0,0,0,0,0,0,0,0,0,0,0,0,0,52.185,1,0,0,0,0,0,13.122365377402328,0.75
582,Female,18.0,Telangana,General,No,0.0,Medical,3,5.83,50.45,1000000.0,No,No,0,0,0,0,0,0,0,0,0,0,0,0,0,0,0,0,0,0,0,0,0,0,0,0,0,0,0,0,0,0,0,0,54.375,0,0,0,0,0,0,13.815511557963774,0.75
583,Female,23.0,Delhi,OBC,No,0.0,Management,2,8.73,90.25,200000.0,No,No,0,0,0,0,1,0,0,0,0,0,0,0,1,0,0,0,1,0,0,1,1,0,0,1,0,0,0,0,0,0,1,0,88.775,1,1,0,0,0,1,12.206077645517674,0.5
584,Female,19.0,Telangana,OBC,No,0.0,AI_DS,1,9.16,88.71,150000.0,No,No,1,1,0,1,1,1,0,1,1,1,0,0,1,1,1,0,1,0,1,0,0,0,0,1,1,1,0,1,0,0,0,1,90.155,1,1,1,0,0,1,11.918397239722838,0.25
585,Male,18.0,Gujarat,ST,No,0.0,Commerce,2,8.21,80.56,400000.0,No,No,0,0,0,0,0,0,0,0,0,0,0,0,1,0,0,0,1,0,0,0,0,0,0,0,0,0,0,0,0,1,0,0,81.33000000000001,0,1,0,0,0,0,12.899222326086994,0.5
586,Female,22.0,Karnataka,OBC,No,0.0,CSE,4,8.41,80.74,350000.0,Yes,No,0,1,0,0,1,0,1,0,1,0,0,0,1,0,0,0,0,0,0,0,0,0,0,0,0,0,0,0,0,1,1,0,82.41999999999999,1,1,0,0,0,1,12.765691290604371,1.0
587,Female,25.0,Uttar Pradesh,SC,Yes,40.0,Management,3,7.63,72.3,120000.0,No,Yes,0,0,0,0,1,0,0,0,0,0,0,0,1,0,0,0,0,0,0,1,0,0,0,1,0,0,0,0,0,1,0,0,74.3,1,0,0,1,1,0,11.695255355062795,0.75
588,Male,25.0,Telangana,ST,No,0.0,AI_DS,2,6.6,61.86,400000.0,Yes,No,0,0,0,0,0,0,0,0,0,0,0,0,1,0,0,0,0,0,0,0,0,0,0,0,0,0,0,0,0,0,0,0,63.93,1,0,0,0,0,0,12.899222326086994,0.5
589,Male,22.0,Delhi,General,No,0.0,Management,3,5.47,51.67,350000.0,No,No,0,0,0,0,0,0,0,0,0,0,0,0,0,0,0,0,0,0,0,0,0,0,0,0,0,0,0,0,0,0,0,0,53.185,0,0,0,0,0,0,12.765691290604371,0.75
590,Female,19.0,Maharashtra,EWS,No,0.0,Instrumentation,1,6.31,56.63,800000.0,No,Yes,0,0,0,0,0,0,0,0,0,0,0,0,0,0,0,0,0,0,0,0,0,1,0,0,0,0,0,0,0,0,0,0,59.864999999999995,0,0,1,0,0,0,13.592368256649284,0.25
591,Male,21.0,Uttar Pradesh,General,No,0.0,AI_DS,2,7.72,77.52,500000.0,Yes,No,0,0,0,0,1,0,0,0,1,0,0,0,0,0,0,0,0,0,0,0,0,0,0,0,0,0,0,0,0,0,0,0,77.36,1,0,0,0,0,0,13.122365377402328,0.5
592,Female,19.0,Uttar Pradesh,SC,No,0.0,Instrumentation,1,8.6,76.99,1000000.0,Yes,Yes,0,0,0,0,0,0,0,1,0,0,0,0,0,0,0,0,0,0,0,0,0,0,0,0,0,0,0,0,0,0,0,0,81.495,1,1,1,0,0,1,13.815511557963774,0.25
593,Male,24.0,Madhya Pradesh,OBC,No,0.0,Production,4,6.31,62.77,350000.0,Yes,No,0,0,0,0,1,0,0,0,0,0,0,0,1,0,0,0,0,0,0,0,0,0,0,0,0,0,0,0,0,0,0,0,62.935,1,0,0,0,0,0,12.765691290604371,1.0
594,Male,19.0,Uttar Pradesh,OBC,No,0.0,Commerce,4,6.32,59.37,200000.0,No,Yes,0,0,0,0,0,0,0,0,0,0,0,0,0,0,0,0,0,0,0,0,0,0,0,0,0,0,0,0,0,0,0,0,61.285,1,0,0,0,0,0,12.206077645517674,1.0
595,Male,22.0,Maharashtra,SC,No,0.0,ECE,1,8.16,74.61,150000.0,No,No,1,1,0,0,1,0,0,1,0,1,0,0,0,1,0,0,1,0,0,0,1,0,0,0,0,0,0,0,0,1,0,0,78.10499999999999,1,0,1,0,0,0,11.918397239722838,0.25
596,Female,21.0,Tamil Nadu,EWS,No,0.0,Medical,4,7.49,68.48,250000.0,Yes,No,0,0,0,0,0,0,0,0,0,0,0,0,1,1,0,0,0,0,0,1,1,0,0,1,0,0,0,0,0,0,1,0,71.69,1,0,0,0,0,0,12.429220196836383,1.0
597,Male,21.0,Tamil Nadu,ST,No,0.0,IT,1,6.78,71.2,500000.0,No,No,0,0,0,0,1,0,0,1,1,0,0,0,0,0,0,0,1,0,0,0,0,0,0,0,0,0,0,0,0,0,0,0,69.5,0,0,1,0,0,0,13.122365377402328,0.25
598,Female,22.0,Telangana,SC,No,0.0,Instrumentation,4,5.59,54.43,400000.0,Yes,Yes,0,0,0,0,0,0,0,0,0,0,0,0,0,0,0,0,0,0,0,0,0,0,0,0,0,0,0,0,0,0,0,0,55.165,1,0,0,0,0,0,12.899222326086994,1.0
599,Female,19.0,Madhya Pradesh,EWS,Yes,40.0,AI_DS,1,7.48,72.72,350000.0,Yes,Yes,0,1,0,0,1,0,0,0,1,0,0,0,1,0,0,0,1,0,0,0,0,0,0,0,0,1,0,1,1,1,1,0,73.76,1,0,1,1,1,0,12.765691290604371,0.25
600,Female,22.0,Karnataka,SC,No,0.0,IT,1,7.77,77.91,600000.0,Yes,Yes,0,0,0,0,0,0,0,0,1,0,0,0,0,0,0,0,1,0,0,0,0,0,0,0,0,0,0,1,0,0,0,0,77.80499999999999,1,0,1,0,0,0,13.304686600863562,0.25
601,Male,18.0,Rajasthan,General,No,0.0,Electrical,4,7.65,71.39,350000.0,Yes,Yes,0,1,0,0,0,0,0,0,1,0,0,0,1,0,0,0,1,1,0,0,0,0,0,0,0,0,0,0,0,0,0,0,73.945,1,0,0,0,0,0,12.765691290604371,1.0
602,Male,21.0,Telangana,ST,No,0.0,AI_DS,4,7.65,74.3,250000.0,No,No,1,1,0,0,0,0,1,0,1,0,0,0,0,0,0,0,0,0,0,0,0,0,0,0,0,0,0,0,0,0,0,0,75.4,1,0,0,0,0,0,12.429220196836383,1.0
603,Female,19.0,Rajasthan,SC,No,0.0,Medical,4,7.56,71.94,300000.0,Yes,No,0,0,0,0,1,0,0,0,0,0,0,0,1,0,0,0,1,0,0,0,0,0,0,0,0,0,0,0,0,0,1,0,73.77,1,0,0,0,0,0,12.611541086966115,1.0
604,Female,19.0,Tamil Nadu,General,No,0.0,Civil,4,6.66,61.28,150000.0,No,Yes,0,0,0,0,0,0,0,0,0,0,0,0,1,1,0,0,0,0,0,1,0,0,0,0,0,0,0,0,0,0,0,0,63.94,1,0,0,0,0,0,11.918397239722838,1.0
605,Male,25.0,Andhra Pradesh,OBC,No,0.0,ECE,4,5.82,60.54,1000000.0,No,Yes,0,0,0,0,0,0,0,0,0,0,0,0,0,0,0,0,0,0,0,0,0,0,0,0,0,0,0,0,0,0,0,0,59.370000000000005,0,0,0,0,0,0,13.815511557963774,1.0
606,Male,18.0,Rajasthan,EWS,No,0.0,Science,1,6.01,55.02,400000.0,Yes,Yes,0,0,0,0,0,0,0,0,0,0,0,0,0,0,0,0,0,0,0,0,0,0,0,0,0,0,0,0,0,0,0,0,57.56,1,0,1,0,0,0,12.899222326086994,0.25
607,Male,23.0,Telangana,OBC,No,0.0,Medical,1,6.64,65.76,500000.0,No,No,0,0,0,0,0,0,0,0,0,0,0,0,0,0,0,0,0,0,0,0,0,0,0,0,0,0,0,0,0,0,0,0,66.08,0,0,1,0,0,0,13.122365377402328,0.25
608,Female,23.0,Rajasthan,EWS,No,0.0,Medical,4,7.15,71.67,120000.0,No,No,0,0,0,0,1,0,0,0,0,0,0,0,1,0,0,0,0,0,0,1,1,0,0,1,0,0,0,0,0,1,0,0,71.58500000000001,1,0,0,0,0,0,11.695255355062795,1.0
609,Female,23.0,Maharashtra,General,No,0.0,Biotechnology,1,6.69,64.39,1500000.0,No,No,0,0,0,0,0,0,0,0,0,0,0,0,0,0,0,0,0,0,0,0,0,0,0,0,0,0,0,0,0,0,0,0,65.64500000000001,0,0,1,0,0,0,14.220976332738882,0.25
610,Male,19.0,Delhi,General,No,0.0,Civil,3,6.5,68.19,1000000.0,No,Yes,0,0,0,0,0,0,0,0,0,0,0,0,0,0,0,0,0,0,0,0,0,0,0,0,0,0,0,0,0,0,0,0,66.595,0,0,0,0,0,0,13.815511557963774,0.75
611,Female,24.0,Rajasthan,ST,No,0.0,Electrical,1,6.07,58.59,200000.0,Yes,Yes,0,0,0,0,0,0,0,0,0,0,0,0,0,1,0,0,0,0,0,0,0,0,0,0,0,0,0,0,0,0,0,0,59.645,1,0,1,0,0,0,12.206077645517674,0.25
612,Female,23.0,Rajasthan,EWS,No,0.0,Management,4,7.49,79.71,80000.0,Yes,No,0,0,0,0,1,0,0,0,0,0,0,0,0,1,0,0,0,0,0,1,1,0,0,1,0,0,0,0,0,1,1,0,77.305,1,0,0,0,0,0,11.289794413577894,1.0
613,Male,22.0,Maharashtra,ST,No,0.0,Science,2,7.28,68.77,1000000.0,Yes,Yes,0,0,0,0,0,0,0,0,0,0,0,0,0,0,0,0,0,0,0,0,0,0,0,0,0,0,0,0,0,0,0,0,70.785,1,0,0,0,0,0,13.815511557963774,0.5
614,Male,19.0,Tamil Nadu,General,No,0.0,IT,2,7.55,71.28,1000000.0,Yes,Yes,0,0,0,0,0,0,0,0,0,0,0,0,0,0,0,0,0,0,0,0,0,0,0,0,0,0,0,0,0,0,0,0,73.39,1,0,0,0,0,0,13.815511557963774,0.5
615,Male,17.0,Telangana,General,No,0.0,Mechanical,1,8.66,88.9,1500000.0,Yes,Yes,0,0,0,0,0,0,0,1,0,0,0,0,0,0,0,0,1,0,0,0,0,0,0,0,0,0,0,0,0,0,0,0,87.75,1,1,1,0,0,1,14.220976332738882,0.25
616,Female,20.0,Rajasthan,OBC,No,0.0,Medical,3,6.83,60.78,120000.0,Yes,No,0,0,0,0,1,0,0,0,0,0,0,0,1,1,0,0,0,0,0,1,0,0,0,0,0,0,0,0,0,0,0,0,64.53999999999999,1,0,0,0,0,0,11.695255355062795,0.75
617,Male,17.0,Uttar Pradesh,OBC,No,0.0,ECE,3,7.39,77.94,150000.0,No,Yes,0,1,0,0,1,0,0,0,1,0,0,0,1,1,0,0,0,0,0,1,0,0,0,0,0,0,0,0,0,1,0,0,75.91999999999999,1,0,0,0,0,0,11.918397239722838,0.75
618,Female,25.0,Gujarat,ST,No,0.0,IT,2,6.54,67.05,120000.0,No,Yes,0,0,0,0,1,0,0,0,1,0,0,0,0,1,0,0,0,0,0,1,0,0,0,1,0,0,0,1,0,0,0,0,66.225,1,0,0,0,0,0,11.695255355062795,0.5
619,Male,24.0,Rajasthan,General,Yes,40.0,Chemical,4,9.51,88.68,350000.0,No,Yes,0,0,0,0,0,0,1,0,0,0,0,0,1,0,0,0,1,0,0,0,0,0,0,0,0,0,0,0,1,1,0,0,91.89,0,1,0,1,1,0,12.765691290604371,1.0
620,Male,19.0,Other,SC,No,0.0,Commerce,2,8.18,82.6,150000.0,Yes,Yes,0,0,0,0,1,0,0,0,0,0,0,0,1,1,0,0,1,0,0,0,0,0,0,0,0,0,0,0,0,1,0,0,82.19999999999999,1,1,0,0,0,1,11.918397239722838,0.5
621,Female,18.0,Other,SC,No,0.0,CSE,2,7.05,66.36,200000.0,Yes,Yes,0,0,0,0,0,0,0,0,1,0,0,0,1,1,0,0,0,0,0,0,1,0,1,1,0,0,0,1,0,1,1,0,68.43,1,0,0,0,0,0,12.206077645517674,0.5
622,Female,25.0,Delhi,OBC,No,0.0,Civil,3,6.8,61.56,80000.0,Yes,Yes,0,0,0,0,1,0,0,0,1,0,0,0,1,1,0,0,0,0,0,1,0,0,0,0,0,0,0,0,0,0,0,0,64.78,1,0,0,0,0,0,11.289794413577894,0.75
623,Male,24.0,Tamil Nadu,OBC,No,0.0,IT,1,6.72,60.17,800000.0,No,No,0,0,0,0,0,0,0,0,0,0,0,0,0,0,0,0,0,0,0,0,0,0,0,0,0,0,0,0,0,0,0,0,63.685,0,0,1,0,0,0,13.592368256649284,0.25
624,Male,23.0,Telangana,SC,No,0.0,Science,1,7.54,69.32,120000.0,Yes,Yes,1,0,0,0,1,0,0,1,0,0,0,0,1,1,0,0,0,0,0,1,1,0,0,0,0,0,0,0,0,1,0,0,72.36,1,0,1,0,0,0,11.695255355062795,0.25
625,Male,17.0,Tamil Nadu,EWS,No,0.0,Production,4,7.78,69.24,600000.0,No,No,0,0,0,0,0,0,0,0,1,0,0,0,0,0,0,0,1,0,0,0,0,0,0,0,0,0,0,0,0,0,0,0,73.52,0,0,0,0,0,0,13.304686600863562,1.0
626,Male,21.0,Karnataka,General,No,0.0,ECE,2,7.9,77.55,1000000.0,No,Yes,0,0,0,0,0,0,0,0,0,0,0,0,0,0,0,0,1,0,0,0,0,0,0,0,0,0,0,0,0,0,0,0,78.275,0,0,0,0,0,0,13.815511557963774,0.5
627,Female,20.0,Rajasthan,ST,No,0.0,IT,4,5.11,49.67,150000.0,Yes,No,0,0,0,0,0,0,0,0,0,0,0,0,0,0,0,0,0,0,0,0,0,0,0,0,0,0,0,0,0,0,0,0,50.385000000000005,1,0,0,0,0,0,11.918397239722838,1.0
628,Male,23.0,Madhya Pradesh,OBC,No,0.0,Civil,3,8.97,81.59,250000.0,Yes,No,0,0,0,0,1,0,1,0,1,0,0,0,1,1,0,0,1,1,0,1,1,0,0,0,0,0,0,0,0,1,0,0,85.64500000000001,1,1,0,0,0,1,12.429220196836383,0.75
629,Male,17.0,Uttar Pradesh,General,No,0.0,ECE,4,9.51,91.6,400000.0,No,Yes,0,0,0,0,0,0,1,0,1,0,0,0,0,0,0,0,1,0,0,0,0,0,0,0,0,0,0,0,0,1,0,0,93.35,0,1,0,0,0,0,12.899222326086994,1.0
630,Female,20.0,Telangana,General,No,0.0,Mechanical,2,6.65,63.01,120000.0,No,No,0,0,0,0,1,0,0,0,1,0,0,0,0,1,0,0,0,0,0,0,0,0,0,1,0,0,0,0,0,0,0,0,64.755,1,0,0,0,0,0,11.695255355062795,0.5
631,Male,24.0,Tamil Nadu,SC,Yes,60.0,Production,2,8.17,77.84,300000.0,No,Yes,0,1,0,0,0,0,0,0,1,0,0,0,0,0,0,0,0,0,0,1,0,0,0,0,0,0,0,0,1,1,0,0,79.77000000000001,1,1,0,1,1,1,12.611541086966115,0.5
632,Male,17.0,Andhra Pradesh,General,Yes,60.0,IT,4,8.15,74.66,500000.0,No,No,0,0,0,0,1,0,1,0,1,0,0,0,0,0,0,0,0,0,0,0,0,0,0,0,0,0,0,0,1,0,0,0,78.08,0,0,0,1,1,0,13.122365377402328,1.0
633,Male,24.0,Tamil Nadu,OBC,No,0.0,CSE,4,7.7,68.91,200000.0,Yes,No,0,0,0,0,1,0,0,0,1,0,0,0,0,1,0,0,0,0,0,0,1,0,0,0,0,0,0,0,0,1,0,0,72.955,1,0,0,0,0,0,12.206077645517674,1.0
634,Female,20.0,Other,General,Yes,80.0,CSE,2,7.37,67.3,1000000.0,No,Yes,0,0,0,0,0,0,0,0,0,0,0,0,0,0,0,0,0,0,0,0,0,0,0,0,0,0,0,0,0,0,0,0,70.5,0,0,0,1,1,0,13.815511557963774,0.5
635,Female,24.0,Gujarat,ST,No,0.0,Pharmacy,4,6.62,66.6,1000000.0,Yes,Yes,0,0,0,0,0,0,0,0,0,0,0,0,0,0,0,0,0,0,0,0,0,0,0,0,0,0,0,0,0,0,0,0,66.4,1,0,0,0,0,0,13.815511557963774,1.0
636,Female,22.0,Delhi,General,No,0.0,Instrumentation,2,8.81,85.52,1200000.0,Yes,No,0,0,0,0,0,0,1,0,0,0,0,0,0,0,0,0,1,0,0,0,0,0,0,0,0,0,0,0,0,0,0,0,86.81,1,1,0,0,0,1,13.997832948091215,0.5
637,Male,25.0,Other,SC,No,0.0,ECE,4,6.19,57.86,300000.0,No,Yes,0,0,0,0,0,0,0,0,0,0,0,0,0,0,0,0,0,0,0,0,0,0,0,0,0,0,0,0,0,0,0,0,59.88,1,0,0,0,0,0,12.611541086966115,1.0
638,Female,22.0,Gujarat,EWS,No,0.0,Civil,2,8.96,85.55,300000.0,Yes,Yes,1,1,0,1,1,0,1,0,1,0,0,0,1,0,0,1,0,1,0,1,0,0,0,1,0,0,0,0,0,1,1,0,87.575,1,1,0,0,0,1,12.611541086966115,0.5
639,Female,20.0,Karnataka,SC,No,0.0,Instrumentation,4,10.0,96.18,250000.0,Yes,Yes,0,1,0,0,1,0,1,0,1,0,1,0,1,1,0,1,0,0,0,0,1,0,0,1,0,0,1,0,0,0,1,0,98.09,1,1,0,0,0,1,12.429220196836383,1.0
640,Female,22.0,Tamil Nadu,ST,No,0.0,ECE,4,7.73,72.51,1000000.0,No,No,0,0,0,0,0,0,1,0,0,0,0,0,0,0,0,0,0,0,0,0,0,0,0,0,0,0,0,0,0,0,0,0,74.905,0,0,0,0,0,0,13.815511557963774,1.0
641,Female,18.0,Karnataka,ST,No,0.0,Medical,2,7.66,72.31,250000.0,Yes,Yes,0,0,0,0,1,0,0,0,0,0,0,0,1,1,0,0,0,0,0,0,1,0,0,1,0,0,0,0,0,1,1,0,74.455,1,0,0,0,0,0,12.429220196836383,0.5
642,Male,21.0,Rajasthan,OBC,No,0.0,Civil,1,8.35,82.2,250000.0,No,Yes,0,1,0,0,0,0,0,1,1,1,0,0,1,1,1,1,0,0,1,1,1,0,0,0,0,0,0,0,0,1,0,1,82.85,1,1,1,0,0,1,12.429220196836383,0.25
643,Female,22.0,Andhra Pradesh,ST,No,0.0,CSE,3,6.56,58.33,200000.0,Yes,Yes,0,0,0,0,0,0,0,0,1,0,0,0,0,1,0,0,0,0,0,0,0,0,0,0,0,0,0,0,0,0,0,0,61.964999999999996,1,0,0,0,0,0,12.206077645517674,0.75
644,Male,25.0,Other,SC,No,0.0,Biotechnology,3,5.3,51.87,400000.0,No,No,0,0,0,0,0,0,0,0,0,0,0,0,0,0,0,0,0,0,0,0,0,0,0,0,0,0,0,0,0,0,0,0,52.435,0,0,0,0,0,0,12.899222326086994,0.75
645,Female,19.0,Telangana,OBC,No,0.0,Production,4,6.18,52.25,300000.0,No,Yes,0,0,0,0,0,0,0,0,0,0,0,0,0,0,0,0,0,0,0,0,0,0,0,0,0,0,0,0,0,0,0,0,57.025,1,0,0,0,0,0,12.611541086966115,1.0
646,Male,22.0,Telangana,ST,No,0.0,Mechanical,3,7.97,83.19,150000.0,Yes,Yes,1,1,0,0,1,0,0,0,0,0,0,0,1,1,0,1,0,0,0,1,0,0,0,0,0,0,0,0,0,1,0,0,81.445,1,0,0,0,0,0,11.918397239722838,0.75
647,Male,20.0,Rajasthan,General,No,0.0,Electrical,4,7.49,73.67,250000.0,No,Yes,0,1,0,0,1,0,0,0,1,0,0,0,0,0,0,0,1,0,0,0,0,0,0,0,0,0,0,0,0,0,0,0,74.285,1,0,0,0,0,0,12.429220196836383,1.0
648,Male,25.0,Maharashtra,SC,No,0.0,Electrical,3,7.6,71.9,400000.0,Yes,No,0,0,0,0,0,0,0,0,1,0,0,0,0,0,0,0,1,0,0,0,0,0,0,0,0,0,0,0,0,1,0,0,73.95,1,0,0,0,0,0,12.899222326086994,0.75
649,Male,17.0,Andhra Pradesh,ST,No,0.0,Science,3,8.6,80.83,150000.0,Yes,No,0,0,0,0,1,0,0,0,0,0,0,0,0,0,0,0,0,0,0,1,1,0,0,0,0,0,0,0,0,1,0,0,83.41499999999999,1,1,0,0,0,1,11.918397239722838,0.75
650,Female,24.0,Telangana,EWS,No,0.0,Science,3,7.82,75.26,1000000.0,Yes,No,0,0,0,0,0,0,0,0,0,0,0,0,0,0,0,0,1,0,0,0,0,0,0,0,0,0,0,0,0,0,0,0,76.73,1,0,0,0,0,0,13.815511557963774,0.75
651,Male,19.0,Other,EWS,No,0.0,CSE,4,7.49,66.63,600000.0,Yes,No,0,0,0,0,0,0,0,0,0,0,0,0,0,0,0,0,0,0,0,0,0,0,0,0,0,0,0,0,0,0,0,0,70.765,1,0,0,0,0,0,13.304686600863562,1.0
652,Female,18.0,Madhya Pradesh,General,No,0.0,Civil,2,7.29,66.99,1200000.0,No,Yes,0,0,0,0,0,0,0,0,0,0,0,0,0,0,0,0,0,0,0,0,0,0,0,0,0,0,0,0,0,0,0,0,69.945,0,0,0,0,0,0,13.997832948091215,0.5
653,Male,18.0,Delhi,ST,No,0.0,AI_DS,4,8.14,74.63,200000.0,No,No,0,1,0,0,0,0,0,0,1,0,0,0,0,0,0,0,1,0,0,1,1,0,0,0,0,0,0,0,0,1,0,0,78.015,1,0,0,0,0,0,12.206077645517674,1.0
654,Male,22.0,Andhra Pradesh,OBC,No,0.0,Commerce,3,7.53,71.51,350000.0,No,Yes,0,0,0,0,1,0,0,0,0,0,0,0,1,0,0,0,1,0,0,0,0,0,0,0,0,0,0,0,0,0,0,0,73.405,0,0,0,0,0,0,12.765691290604371,0.75
655,Female,22.0,Madhya Pradesh,SC,No,0.0,AI_DS,2,8.8,85.02,1000000.0,No,No,0,0,0,0,0,0,1,0,0,0,0,0,0,0,0,0,1,0,0,0,0,0,1,0,0,0,0,0,0,0,0,0,86.50999999999999,0,1,0,0,0,0,13.815511557963774,0.5
656,Female,21.0,Gujarat,ST,No,0.0,Commerce,2,7.47,73.42,1500000.0,Yes,Yes,0,0,0,0,0,0,0,0,0,0,0,0,0,0,0,0,1,0,0,0,0,0,0,0,0,0,0,0,0,0,0,0,74.06,1,0,0,0,0,0,14.220976332738882,0.5
657,Male,21.0,Tamil Nadu,EWS,No,0.0,AI_DS,4,9.17,88.79,120000.0,Yes,No,0,1,0,0,1,0,1,0,1,0,0,0,1,1,0,1,1,0,0,1,1,0,0,0,0,0,0,0,0,1,0,0,90.245,1,1,0,0,0,1,11.695255355062795,1.0
658,Female,23.0,Gujarat,EWS,No,0.0,Electrical,2,7.51,67.41,150000.0,No,No,0,0,0,0,1,0,0,0,1,0,0,0,1,1,0,0,0,1,0,1,0,0,0,1,0,0,0,0,0,0,1,0,71.255,1,0,0,0,0,0,11.918397239722838,0.5
659,Female,17.0,Telangana,EWS,No,0.0,Science,2,6.22,58.17,80000.0,Yes,Yes,0,0,0,0,0,0,0,0,0,0,0,0,0,1,0,0,0,0,0,0,0,0,0,0,0,0,0,0,0,0,0,0,60.185,1,0,0,0,0,0,11.289794413577894,0.5
660,Female,21.0,Other,ST,No,0.0,Chemical,4,6.77,63.75,150000.0,No,Yes,0,0,0,0,1,0,0,0,0,0,0,0,1,1,0,0,0,0,0,1,0,0,0,1,0,0,0,0,0,0,0,0,65.725,1,0,0,0,0,0,11.918397239722838,1.0
661,Male,18.0,Telangana,ST,No,0.0,AI_DS,3,7.57,73.5,600000.0,No,No,0,0,0,0,0,0,0,0,1,0,0,0,0,0,0,0,0,0,0,0,0,0,0,0,0,0,0,0,0,0,0,0,74.6,0,0,0,0,0,0,13.304686600863562,0.75
662,Female,24.0,Rajasthan,SC,No,0.0,CSE,3,7.42,71.95,150000.0,Yes,Yes,0,0,0,0,0,0,0,0,1,0,0,0,1,0,0,0,0,0,0,1,1,0,0,1,0,0,0,0,0,1,1,0,73.075,1,0,0,0,0,0,11.918397239722838,0.75
663,Female,24.0,Gujarat,SC,No,0.0,Instrumentation,3,7.58,66.08,350000.0,No,Yes,0,0,0,0,1,0,0,0,1,0,0,0,0,0,0,0,0,0,0,0,0,0,0,0,0,0,0,0,0,0,0,0,70.94,0,0,0,0,0,0,12.765691290604371,0.75
664,Female,21.0,Delhi,General,No,0.0,Mechanical,1,6.37,60.08,600000.0,Yes,No,0,0,0,0,0,0,0,0,0,0,0,0,0,0,0,0,0,0,0,0,0,0,0,0,0,0,0,1,0,0,0,0,61.89,1,0,1,0,0,0,13.304686600863562,0.25
665,Female,21.0,Telangana,SC,No,0.0,Pharmacy,2,6.05,59.27,350000.0,Yes,No,0,0,0,0,0,0,0,0,0,0,0,0,0,0,0,0,0,0,0,0,0,0,0,0,0,0,0,0,0,0,0,0,59.885000000000005,1,0,0,0,0,0,12.765691290604371,0.5
666,Female,24.0,Andhra Pradesh,SC,No,0.0,Mechanical,1,9.34,92.39,200000.0,Yes,Yes,0,1,0,1,1,0,0,0,1,1,0,0,0,1,1,1,1,0,1,1,1,0,0,1,1,1,0,1,0,1,1,0,92.89500000000001,1,1,1,0,0,1,12.206077645517674,0.25
667,Male,25.0,Uttar Pradesh,EWS,No,0.0,ECE,4,7.24,73.25,400000.0,Yes,Yes,0,0,0,0,1,0,0,0,1,0,0,0,1,0,0,0,0,0,0,0,0,0,0,0,0,0,0,0,0,0,0,0,72.825,1,0,0,0,0,0,12.899222326086994,1.0
668,Male,17.0,Tamil Nadu,SC,No,0.0,Pharmacy,2,7.68,71.95,1500000.0,No,No,0,0,0,0,0,0,0,0,0,0,0,0,0,0,0,0,0,0,0,0,0,0,0,0,0,0,0,0,0,0,0,0,74.375,0,0,0,0,0,0,14.220976332738882,0.5
669,Male,21.0,Maharashtra,General,No,0.0,Electrical,2,6.76,63.31,250000.0,Yes,Yes,1,0,0,0,1,0,0,0,0,0,0,0,1,1,0,0,0,0,0,0,0,0,0,0,0,0,0,0,0,0,0,0,65.455,1,0,0,0,0,0,12.429220196836383,0.5
670,Male,18.0,Andhra Pradesh,General,No,0.0,Management,4,7.03,67.3,80000.0,Yes,Yes,0,0,0,0,0,0,0,0,0,0,0,0,1,1,0,0,1,0,0,1,1,0,0,0,0,0,0,0,0,1,0,0,68.8,1,0,0,0,0,0,11.289794413577894,1.0
671,Male,25.0,Uttar Pradesh,General,No,0.0,Instrumentation,1,7.69,73.06,120000.0,No,Yes,0,0,0,0,1,0,0,1,1,1,0,0,1,0,0,0,1,0,0,1,0,0,0,0,0,0,0,0,0,1,0,0,74.98,1,0,1,0,0,0,11.695255355062795,0.25
672,Male,18.0,Uttar Pradesh,OBC,No,0.0,Civil,2,8.02,79.76,800000.0,No,Yes,0,0,0,0,0,0,0,0,0,0,0,0,0,0,0,0,1,0,0,0,0,0,0,0,0,0,0,0,0,0,0,0,79.97999999999999,0,1,0,0,0,0,13.592368256649284,0.5
673,Male,19.0,Telangana,EWS,No,0.0,Mechanical,2,8.64,77.63,500000.0,Yes,Yes,0,0,0,0,1,0,0,0,1,0,0,0,0,0,0,0,1,1,0,0,0,0,0,0,0,0,0,0,0,0,0,0,82.015,1,1,0,0,0,1,13.122365377402328,0.5
674,Male,25.0,Karnataka,OBC,No,0.0,Mechanical,1,5.0,71.2,1000000.0,Yes,Yes,0,0,0,0,0,0,0,0,0,0,0,0,0,0,0,0,0,0,0,0,0,0,0,0,0,0,0,0,0,0,0,0,60.6,1,0,1,0,0,0,13.815511557963774,0.25
675,Female,22.0,Uttar Pradesh,OBC,No,0.0,ECE,2,5.86,55.0,1500000.0,No,No,0,0,0,0,0,0,0,0,0,0,0,0,0,0,0,0,0,0,0,0,0,0,0,0,0,0,0,0,0,0,0,0,56.8,0,0,0,0,0,0,14.220976332738882,0.5
676,Female,20.0,Delhi,OBC,No,0.0,Biotechnology,1,6.1,52.54,400000.0,Yes,Yes,0,0,0,0,0,0,0,0,0,0,0,0,0,0,0,0,0,0,0,0,0,0,0,0,0,0,0,0,0,0,0,0,56.769999999999996,1,0,1,0,0,0,12.899222326086994,0.25
677,Female,22.0,Telangana,EWS,No,0.0,AI_DS,3,8.15,79.7,400000.0,Yes,No,0,0,0,0,0,0,0,0,1,0,0,0,1,0,0,0,1,0,0,0,0,0,1,1,0,0,0,0,0,1,1,0,80.6,1,1,0,0,0,1,12.899222326086994,0.75
678,Female,24.0,Uttar Pradesh,SC,No,0.0,Science,2,6.81,56.92,500000.0,No,No,0,0,0,0,0,0,0,0,0,0,0,0,0,0,0,0,0,0,0,0,0,0,0,0,0,0,0,0,0,0,0,0,62.51,0,0,0,0,0,0,13.122365377402328,0.5
679,Female,20.0,Rajasthan,ST,No,0.0,Pharmacy,2,6.84,66.16,80000.0,No,Yes,0,0,0,0,1,0,0,0,0,0,0,0,1,0,0,0,0,0,0,1,0,0,0,1,0,0,0,0,0,0,0,0,67.28,1,0,0,0,0,0,11.289794413577894,0.5
680,Female,24.0,Delhi,General,No,0.0,Medical,4,5.73,54.99,1000000.0,Yes,Yes,0,0,0,0,0,0,0,0,0,0,0,0,0,0,0,0,0,0,0,0,0,0,0,0,0,0,0,0,0,0,0,0,56.145,1,0,0,0,0,0,13.815511557963774,1.0
681,Male,22.0,Karnataka,SC,No,0.0,Medical,1,7.48,72.8,200000.0,No,No,0,0,0,0,0,0,0,1,0,0,0,0,1,0,0,0,0,0,0,0,1,0,0,0,0,0,0,0,0,0,0,0,73.80000000000001,1,0,1,0,0,0,12.206077645517674,0.25
682,Female,21.0,Other,ST,No,0.0,Medical,4,7.64,69.66,500000.0,No,Yes,0,0,0,0,1,0,0,0,0,0,0,0,0,0,0,0,0,0,0,0,0,0,0,1,0,0,0,0,0,0,0,0,73.03,0,0,0,0,0,0,13.122365377402328,1.0
683,Female,18.0,Rajasthan,SC,No,0.0,Production,2,8.94,84.45,80000.0,Yes,Yes,0,1,0,1,1,0,1,0,1,0,0,0,1,0,0,1,0,1,0,1,1,0,0,1,0,1,0,1,0,1,1,0,86.925,1,1,0,0,0,1,11.289794413577894,0.5
684,Male,24.0,Other,General,No,0.0,Medical,3,7.47,68.17,150000.0,No,Yes,0,0,0,0,1,0,0,0,0,0,0,0,1,1,0,0,0,0,0,1,0,0,0,0,0,0,0,0,0,0,0,0,71.435,1,0,0,0,0,0,11.918397239722838,0.75
685,Male,25.0,Tamil Nadu,ST,No,0.0,Management,4,6.97,63.56,500000.0,No,No,0,0,0,0,0,0,0,0,0,0,0,0,0,0,0,0,0,0,0,0,0,0,0,0,0,0,0,0,0,0,0,0,66.63,0,0,0,0,0,0,13.122365377402328,1.0
686,Male,17.0,Andhra Pradesh,General,No,0.0,Biotechnology,4,2.0,74.39,400000.0,No,Yes,0,0,0,0,0,0,0,0,0,0,0,0,1,0,0,0,1,0,0,0,0,0,0,0,0,0,0,0,0,1,0,0,47.195,0,0,0,0,0,0,12.899222326086994,1.0
687,Male,19.0,Delhi,SC,No,0.0,Mechanical,4,5.85,50.73,350000.0,Yes,No,0,0,0,0,0,0,0,0,0,0,0,0,0,0,0,0,0,0,0,0,0,0,0,0,0,0,0,0,0,0,0,0,54.614999999999995,1,0,0,0,0,0,12.765691290604371,1.0
688,Female,24.0,Rajasthan,EWS,No,0.0,Management,4,9.27,87.44,500000.0,Yes,Yes,0,0,0,0,1,0,0,0,0,0,0,0,0,0,0,0,1,0,0,0,0,0,0,0,0,0,0,0,0,0,0,0,90.07,1,1,0,0,0,1,13.122365377402328,1.0
689,Female,21.0,Tamil Nadu,General,No,0.0,Pharmacy,3,6.7,66.77,300000.0,Yes,Yes,0,0,0,0,1,0,0,0,0,0,0,0,1,0,0,0,0,0,0,0,0,0,0,1,0,0,0,0,0,1,1,0,66.88499999999999,1,0,0,0,0,0,12.611541086966115,0.75
690,Male,19.0,Madhya Pradesh,General,No,0.0,CSE,3,6.77,69.79,350000.0,Yes,No,0,0,0,0,1,0,0,0,1,0,0,0,1,0,0,0,0,0,0,0,0,0,0,0,0,0,0,0,0,1,0,0,68.745,1,0,0,0,0,0,12.765691290604371,0.75
691,Female,22.0,Andhra Pradesh,SC,No,0.0,Production,2,8.31,77.48,200000.0,No,Yes,0,1,0,1,1,0,1,0,1,0,0,0,1,0,0,0,1,0,0,1,1,0,0,1,0,0,0,0,0,1,0,0,80.29,1,1,0,0,0,1,12.206077645517674,0.5
692,Male,21.0,Rajasthan,SC,No,0.0,CSE,1,10.0,93.18,350000.0,No,No,0,1,0,0,0,0,0,1,1,0,0,0,0,0,0,0,0,0,0,0,0,0,0,0,0,0,0,0,0,1,0,1,96.59,0,1,1,0,0,0,12.765691290604371,0.25
693,Female,17.0,Maharashtra,EWS,Yes,50.0,Medical,4,8.39,80.6,350000.0,Yes,No,0,0,0,0,0,0,0,0,0,0,0,0,1,0,0,0,0,0,0,0,0,1,0,1,0,0,0,0,0,1,1,0,82.25,1,1,0,1,1,1,12.765691290604371,1.0
694,Male,20.0,Madhya Pradesh,General,No,0.0,Biotechnology,2,9.06,90.75,600000.0,No,No,0,0,0,0,0,0,0,0,0,0,0,0,0,0,0,0,0,0,0,0,0,0,0,0,0,0,0,0,0,0,0,0,90.67500000000001,0,1,0,0,0,0,13.304686600863562,0.5
695,Female,20.0,Tamil Nadu,General,No,0.0,Civil,3,7.54,69.37,250000.0,Yes,No,0,0,0,0,1,0,0,0,1,0,0,0,1,0,0,0,0,0,0,0,1,0,0,1,0,0,0,0,0,0,1,0,72.385,1,0,0,0,0,0,12.429220196836383,0.75
696,Female,20.0,Uttar Pradesh,General,No,0.0,ECE,3,8.05,74.44,250000.0,Yes,No,0,1,0,0,1,0,0,0,1,0,0,0,1,0,0,0,0,0,0,1,1,0,0,0,0,0,0,0,0,1,1,0,77.47,1,0,0,0,0,0,12.429220196836383,0.75
697,Female,20.0,Madhya Pradesh,General,No,0.0,Chemical,3,9.92,94.65,350000.0,No,Yes,0,1,0,0,1,0,1,0,1,0,1,0,1,0,0,0,1,0,0,0,0,0,0,0,0,0,1,0,0,0,1,0,96.92500000000001,0,1,0,0,0,0,12.765691290604371,0.75
698,Female,23.0,Telangana,EWS,No,0.0,Mechanical,1,7.06,67.62,800000.0,Yes,No,0,0,0,0,0,0,0,1,0,0,0,0,0,0,0,0,1,0,0,0,0,0,0,0,0,0,0,0,0,0,0,1,69.11,1,0,1,0,0,0,13.592368256649284,0.25
699,Male,24.0,Telangana,EWS,No,0.0,Commerce,1,5.88,52.95,500000.0,Yes,No,0,0,0,0,0,0,0,0,0,0,0,0,0,0,0,0,0,0,0,0,0,0,0,0,0,0,0,0,0,0,0,0,55.875,1,0,1,0,0,0,13.122365377402328,0.25
700,Female,19.0,Karnataka,General,No,0.0,Chemical,4,8.94,82.96,350000.0,No,Yes,0,0,0,0,1,0,1,0,0,0,0,0,0,0,0,0,1,0,0,0,0,0,0,1,0,0,0,0,0,1,1,0,86.17999999999999,0,1,0,0,0,0,12.765691290604371,1.0
701,Male,23.0,Telangana,SC,No,0.0,Instrumentation,2,6.24,60.89,350000.0,Yes,Yes,0,0,0,0,1,0,0,0,0,0,0,0,1,0,0,0,0,0,0,0,0,0,0,0,0,0,0,0,0,0,0,0,61.645,1,0,0,0,0,0,12.765691290604371,0.5
702,Male,20.0,Maharashtra,OBC,No,0.0,Chemical,4,8.92,86.9,400000.0,No,No,0,0,0,0,1,0,1,0,1,0,0,0,0,0,0,0,1,0,0,0,0,1,0,0,0,0,0,0,0,1,0,0,88.05000000000001,0,1,0,0,0,0,12.899222326086994,1.0
703,Male,20.0,Gujarat,SC,No,0.0,Instrumentation,3,8.7,80.38,350000.0,Yes,Yes,0,1,0,0,0,0,1,0,0,0,0,0,1,0,0,0,0,0,0,0,0,0,0,0,0,0,0,0,0,1,0,0,83.69,1,1,0,0,0,1,12.765691290604371,0.75
704,Female,17.0,Maharashtra,General,No,0.0,Chemical,1,5.79,59.51,350000.0,No,Yes,0,0,0,0,0,0,0,0,0,0,0,0,0,0,0,0,0,0,0,0,0,1,0,0,0,0,0,0,0,0,0,0,58.705,0,0,1,0,0,0,12.765691290604371,0.25
705,Female,21.0,Karnataka,General,No,0.0,ECE,3,7.11,66.79,400000.0,Yes,Yes,0,0,0,0,1,0,0,0,0,0,0,0,1,0,0,0,1,0,0,0,0,0,0,1,0,0,0,0,0,1,1,0,68.94500000000001,1,0,0,0,0,0,12.899222326086994,0.75
706,Male,22.0,Madhya Pradesh,EWS,No,0.0,Production,4,9.09,88.02,200000.0,Yes,Yes,0,1,0,0,1,0,1,0,1,0,0,0,1,1,0,1,0,1,0,1,0,0,0,0,0,0,0,0,0,1,0,0,89.46000000000001,1,1,0,0,0,1,12.206077645517674,1.0
707,Male,20.0,Telangana,ST,No,0.0,IT,4,8.05,82.97,500000.0,No,Yes,0,0,0,0,1,0,0,0,1,0,0,0,0,0,0,0,0,0,0,0,0,0,0,0,0,0,0,0,0,0,0,0,81.735,0,1,0,0,0,0,13.122365377402328,1.0
708,Female,25.0,Andhra Pradesh,ST,No,0.0,Instrumentation,2,6.73,66.72,300000.0,No,No,0,0,0,0,0,0,0,0,1,0,0,0,1,0,0,0,0,0,0,0,0,0,0,1,0,0,0,1,0,0,1,0,67.01,1,0,0,0,0,0,12.611541086966115,0.5
709,Female,17.0,Other,EWS,Yes,80.0,IT,2,7.57,72.72,250000.0,No,No,0,1,0,1,1,1,0,0,1,0,0,0,0,1,0,0,0,0,0,0,1,0,0,1,0,0,0,0,1,0,1,0,74.21000000000001,1,0,0,1,1,0,12.429220196836383,0.5
710,Female,18.0,Delhi,OBC,No,0.0,Medical,1,9.33,90.16,350000.0,No,No,0,0,0,0,1,0,0,1,0,0,0,0,0,0,0,0,0,0,0,0,0,0,0,1,1,0,0,0,0,1,1,1,91.72999999999999,0,1,1,0,0,0,12.765691290604371,0.25
711,Male,20.0,Telangana,OBC,No,0.0,Mechanical,4,8.15,80.64,800000.0,No,No,0,0,0,0,0,0,1,0,0,0,0,0,0,0,0,0,0,0,0,0,0,0,0,0,0,0,0,0,0,0,0,0,81.07,0,1,0,0,0,0,13.592368256649284,1.0
712,Male,21.0,Rajasthan,ST,No,0.0,Commerce,3,7.06,64.55,1000000.0,No,Yes,0,0,0,0,0,0,0,0,0,0,0,0,0,0,0,0,1,0,0,0,0,0,0,0,0,0,0,0,0,0,0,0,67.57499999999999,0,0,0,0,0,0,13.815511557963774,0.75
713,Male,21.0,Delhi,General,No,0.0,Biotechnology,4,6.25,71.2,1000000.0,Yes,Yes,0,0,0,0,0,0,0,0,0,0,0,0,0,0,0,0,0,0,0,0,0,0,0,0,0,0,0,0,0,0,0,0,66.85,1,0,0,0,0,0,13.815511557963774,1.0
714,Male,24.0,Other,OBC,Yes,45.0,Chemical,3,9.97,91.41,600000.0,Yes,Yes,0,0,0,0,0,0,0,0,1,0,0,0,0,0,0,0,1,0,0,0,0,0,0,0,0,0,0,0,1,0,0,0,95.555,1,1,0,1,1,1,13.304686600863562,0.75
715,Male,20.0,Delhi,OBC,No,0.0,Commerce,3,7.23,67.85,400000.0,No,Yes,0,0,0,0,0,0,0,0,0,0,0,0,1,0,0,0,1,0,0,0,0,0,0,0,0,0,0,0,0,0,0,0,70.075,0,0,0,0,0,0,12.899222326086994,0.75
716,Female,19.0,Other,EWS,No,0.0,Chemical,2,7.87,77.21,120000.0,No,No,0,1,0,1,1,0,0,0,1,0,0,0,1,1,0,0,0,0,0,1,0,0,0,1,0,0,0,1,0,0,0,0,77.955,1,0,0,0,0,0,11.695255355062795,0.5
717,Male,23.0,Andhra Pradesh,EWS,No,0.0,CSE,2,8.53,79.29,120000.0,No,Yes,0,1,0,0,1,0,1,0,1,0,0,0,1,1,0,0,0,0,0,1,1,0,0,0,0,0,0,0,0,1,0,0,82.295,1,1,0,0,0,1,11.695255355062795,0.5
718,Female,19.0,Maharashtra,ST,No,0.0,Instrumentation,2,7.3,70.2,120000.0,No,Yes,0,1,0,1,1,0,0,0,1,0,0,0,1,0,0,0,0,0,0,0,0,0,0,1,0,1,0,0,0,1,0,0,71.6,1,0,0,0,0,0,11.695255355062795,0.5
719,Male,17.0,Delhi,ST,No,0.0,Science,4,7.49,73.22,120000.0,Yes,Yes,0,0,0,0,1,0,0,0,0,0,0,0,1,1,0,0,0,0,0,1,1,0,0,0,0,0,0,0,0,1,0,0,74.06,1,0,0,0,0,0,11.695255355062795,1.0
720,Male,21.0,Maharashtra,ST,No,0.0,Commerce,2,8.09,79.06,600000.0,Yes,No,0,0,0,0,0,0,0,0,0,0,0,0,0,0,0,0,0,0,0,0,0,0,0,0,0,0,0,0,0,0,0,0,79.98,1,1,0,0,0,1,13.304686600863562,0.5
721,Male,23.0,Gujarat,ST,No,0.0,CSE,3,8.3,82.37,250000.0,Yes,No,1,1,0,0,1,0,0,0,1,0,0,0,1,1,0,0,1,0,0,1,1,0,0,0,0,0,0,0,0,1,0,0,82.685,1,1,0,0,0,1,12.429220196836383,0.75
722,Male,22.0,Uttar Pradesh,ST,No,0.0,Management,2,7.49,69.45,1500000.0,No,No,0,0,0,0,0,0,0,0,0,0,0,0,0,0,0,0,0,0,0,0,0,0,0,0,0,0,0,0,0,0,0,0,72.17500000000001,0,0,0,0,0,0,14.220976332738882,0.5
723,Male,23.0,Andhra Pradesh,EWS,No,0.0,ECE,1,7.49,73.86,350000.0,No,Yes,0,1,0,0,0,0,0,0,0,0,0,0,1,0,0,0,1,0,0,0,0,0,0,0,0,0,0,0,0,0,0,0,74.38,0,0,1,0,0,0,12.765691290604371,0.25
724,Female,22.0,Uttar Pradesh,EWS,No,0.0,IT,1,6.87,71.2,250000.0,No,No,0,1,0,0,0,0,0,1,1,0,0,0,0,0,0,0,0,0,0,1,0,0,0,1,0,1,0,1,0,0,0,1,69.95,1,0,1,0,0,0,12.429220196836383,0.25
725,Female,22.0,Gujarat,EWS,Yes,45.0,Instrumentation,2,7.49,85.47,500000.0,No,No,0,0,0,0,0,0,0,0,0,0,0,0,0,0,0,0,1,0,0,0,0,0,0,1,0,1,0,1,1,0,0,0,80.185,0,0,0,1,1,0,13.122365377402328,0.5
726,Female,19.0,Rajasthan,SC,No,0.0,Commerce,2,7.87,79.87,250000.0,Yes,No,0,0,0,0,1,0,0,0,0,0,0,0,1,1,0,0,0,0,0,1,1,0,0,1,0,0,0,0,0,1,1,0,79.285,1,0,0,0,0,0,12.429220196836383,0.5
727,Male,19.0,Tamil Nadu,SC,No,0.0,Commerce,3,7.79,81.81,250000.0,No,No,0,0,0,0,1,0,0,0,0,0,0,0,0,1,0,0,0,0,0,0,0,0,0,0,0,0,0,0,0,0,0,0,79.855,1,0,0,0,0,0,12.429220196836383,0.75
728,Female,19.0,Madhya Pradesh,ST,No,0.0,Electrical,4,7.49,72.43,80000.0,Yes,Yes,0,1,0,0,1,0,0,0,1,0,0,0,0,1,0,0,1,0,0,1,1,0,0,1,0,0,0,0,0,1,0,0,73.665,1,0,0,0,0,0,11.289794413577894,1.0
729,Male,20.0,Gujarat,General,No,0.0,Mechanical,4,8.4,80.94,350000.0,Yes,No,0,1,0,0,1,0,1,0,1,0,0,0,1,0,0,0,0,0,0,0,0,0,0,0,0,0,0,0,0,1,0,0,82.47,1,1,0,0,0,1,12.765691290604371,1.0
730,Male,24.0,Madhya Pradesh,EWS,No,0.0,Management,1,9.05,87.99,1500000.0,Yes,Yes,0,0,0,0,0,0,0,1,0,0,0,0,0,0,0,0,1,0,0,0,0,0,0,0,0,0,0,0,0,0,0,0,89.245,1,1,1,0,0,1,14.220976332738882,0.25
731,Female,18.0,Karnataka,SC,No,0.0,Mechanical,3,7.33,65.96,600000.0,Yes,Yes,0,0,0,0,0,0,0,0,0,0,0,0,0,0,0,0,1,0,0,0,0,0,0,0,0,0,0,0,0,0,0,0,69.63,1,0,0,0,0,0,13.304686600863562,0.75
732,Male,21.0,Maharashtra,OBC,No,0.0,ECE,3,7.25,66.32,350000.0,No,Yes,0,0,0,0,1,0,0,0,1,0,0,0,1,0,0,0,1,0,0,0,0,1,0,0,0,0,0,0,0,0,0,0,69.41,0,0,0,0,0,0,12.765691290604371,0.75
733,Female,22.0,Uttar Pradesh,General,No,0.0,Electrical,1,7.49,66.37,120000.0,No,No,0,0,0,0,1,0,0,1,1,0,0,0,1,1,0,0,0,0,0,1,0,0,0,0,0,0,0,0,0,0,0,0,70.635,1,0,1,0,0,0,11.695255355062795,0.25
734,Female,21.0,Uttar Pradesh,General,No,0.0,IT,4,9.5,91.43,300000.0,Yes,Yes,0,1,0,0,0,0,1,0,1,0,1,0,0,0,0,1,1,0,0,1,0,0,1,1,0,0,1,0,0,1,1,0,93.215,1,1,0,0,0,1,12.611541086966115,1.0
735,Male,21.0,Madhya Pradesh,General,No,0.0,Medical,1,6.06,58.9,350000.0,No,Yes,0,0,0,0,0,0,0,0,0,0,0,0,0,0,0,0,0,0,0,0,0,0,0,0,0,0,0,0,0,0,0,0,59.75,0,0,1,0,0,0,12.765691290604371,0.25
736,Male,23.0,Rajasthan,General,No,0.0,Mechanical,4,8.94,83.1,1200000.0,No,No,0,0,0,0,0,0,1,0,0,0,0,0,0,0,0,0,1,1,0,0,0,0,0,0,0,0,0,0,0,0,0,0,86.25,0,1,0,0,0,0,13.997832948091215,1.0
737,Male,18.0,Telangana,ST,No,0.0,Chemical,2,7.34,69.77,300000.0,Yes,No,0,0,0,0,1,0,0,0,0,0,0,0,1,0,0,0,0,0,0,1,0,0,0,0,0,0,0,0,0,1,0,0,71.58500000000001,1,0,0,0,0,0,12.611541086966115,0.5
738,Male,24.0,Tamil Nadu,ST,No,0.0,Commerce,1,6.56,64.26,1200000.0,No,No,0,0,0,0,0,0,0,0,0,0,0,0,0,0,0,0,0,0,0,0,0,0,0,0,0,0,0,0,0,0,0,0,64.93,0,0,1,0,0,0,13.997832948091215,0.25
739,Male,23.0,Other,ST,No,0.0,Biotechnology,4,7.35,71.08,800000.0,Yes,Yes,0,0,0,0,0,0,0,0,0,0,0,0,0,0,0,0,0,0,0,0,0,0,0,0,0,0,0,0,0,0,0,0,72.28999999999999,1,0,0,0,0,0,13.592368256649284,1.0
740,Female,25.0,Other,EWS,No,0.0,Science,4,6.44,59.87,120000.0,No,No,0,0,0,0,0,0,0,0,0,0,0,0,0,1,0,0,0,0,0,0,0,0,0,0,0,0,0,0,0,0,0,0,62.135000000000005,1,0,0,0,0,0,11.695255355062795,1.0
741,Male,19.0,Other,SC,No,0.0,Commerce,3,8.37,78.4,600000.0,Yes,Yes,0,0,0,0,0,0,0,0,0,0,0,0,0,0,0,0,0,0,0,0,0,0,0,0,0,0,0,0,0,0,0,0,81.05,1,1,0,0,0,1,13.304686600863562,0.75
742,Male,25.0,Rajasthan,EWS,No,0.0,ECE,4,9.57,89.72,800000.0,No,No,0,0,0,0,0,0,1,0,0,0,0,0,0,0,0,0,1,0,0,0,0,0,0,0,0,0,0,0,0,0,0,0,92.71000000000001,0,1,0,0,0,0,13.592368256649284,1.0
743,Female,18.0,Delhi,General,No,0.0,Science,2,7.77,76.61,1200000.0,Yes,No,0,0,0,0,0,0,0,0,0,0,0,0,0,0,0,0,0,0,0,0,0,0,0,0,0,0,0,0,0,0,0,0,77.155,1,0,0,0,0,0,13.997832948091215,0.5
744,Male,18.0,Andhra Pradesh,SC,No,0.0,Science,4,7.49,49.82,600000.0,No,No,0,0,0,0,0,0,0,0,0,0,0,0,0,0,0,0,0,0,0,0,0,0,0,0,0,0,0,0,0,0,0,0,62.36,0,0,0,0,0,0,13.304686600863562,1.0
745,Male,20.0,Gujarat,General,No,0.0,Instrumentation,1,5.67,57.65,350000.0,Yes,Yes,0,0,0,0,0,0,0,0,0,0,0,0,0,0,0,0,0,0,0,0,0,0,0,0,0,0,0,0,0,0,0,0,57.175,1,0,1,0,0,0,12.765691290604371,0.25
746,Female,18.0,Maharashtra,OBC,No,0.0,Science,4,6.84,72.65,1500000.0,No,No,0,0,0,0,0,0,0,0,0,0,0,0,0,0,0,0,1,0,0,0,0,0,0,0,0,0,0,0,0,0,0,0,70.525,0,0,0,0,0,0,14.220976332738882,1.0
747,Female,23.0,Telangana,General,No,0.0,CSE,2,7.49,65.34,120000.0,Yes,Yes,0,0,0,0,1,0,0,0,1,0,0,0,0,0,0,0,0,0,0,1,1,0,0,1,0,0,0,0,0,1,1,0,70.12,1,0,0,0,0,0,11.695255355062795,0.5
748,Male,20.0,Tamil Nadu,OBC,No,0.0,Commerce,2,9.35,94.84,120000.0,No,No,0,0,0,0,0,0,0,0,0,0,0,0,0,1,0,0,1,0,0,1,1,0,0,0,0,0,0,0,0,1,0,0,94.17,1,1,0,0,0,1,11.695255355062795,0.5
749,Male,24.0,Andhra Pradesh,General,No,0.0,Electrical,4,9.97,98.0,350000.0,No,Yes,0,1,0,0,1,0,1,0,1,0,0,0,1,0,0,0,1,1,0,0,0,0,0,0,0,0,0,0,0,1,0,0,98.85,0,1,0,0,0,0,12.765691290604371,1.0
750,Female,20.0,Karnataka,SC,No,0.0,Medical,1,8.73,84.71,300000.0,Yes,Yes,0,0,0,0,1,0,0,1,0,0,0,0,0,0,0,0,1,0,1,1,0,0,0,0,0,0,0,0,0,0,0,1,86.005,1,1,1,0,0,1,12.611541086966115,0.25
751,Female,23.0,Tamil Nadu,EWS,No,0.0,Chemical,1,8.43,78.43,400000.0,No,No,0,0,0,0,1,0,0,0,1,0,0,0,0,0,0,0,1,0,0,0,0,0,0,0,0,0,0,0,0,1,1,0,81.36500000000001,0,1,1,0,0,0,12.899222326086994,0.25
752,Female,20.0,Maharashtra,EWS,Yes,70.0,Biotechnology,1,6.52,61.93,250000.0,No,No,1,0,0,0,1,0,0,1,0,0,0,0,0,0,0,0,0,0,0,0,0,1,0,1,0,0,0,0,0,0,0,0,63.565,1,0,1,1,1,0,12.429220196836383,0.25
753,Male,24.0,Uttar Pradesh,SC,No,0.0,Commerce,1,7.3,67.99,150000.0,No,Yes,0,0,0,0,0,0,0,1,0,0,0,0,1,1,0,0,1,0,0,1,1,0,0,0,0,0,0,0,0,1,0,0,70.495,1,0,1,0,0,0,11.918397239722838,0.25
754,Female,22.0,Tamil Nadu,OBC,No,0.0,Biotechnology,4,8.34,82.1,150000.0,No,No,0,0,0,0,1,0,0,0,0,0,0,0,1,1,0,0,1,0,0,1,1,0,0,1,0,0,0,0,0,1,1,0,82.75,1,1,0,0,0,1,11.918397239722838,1.0
755,Female,22.0,Tamil Nadu,OBC,No,0.0,Chemical,1,7.61,76.73,800000.0,No,Yes,0,0,0,0,0,0,0,0,0,0,0,0,0,0,0,0,0,0,0,0,0,0,0,0,0,0,0,1,0,0,0,0,76.415,0,0,1,0,0,0,13.592368256649284,0.25
756,Male,20.0,Gujarat,EWS,No,0.0,Commerce,4,6.13,57.65,250000.0,Yes,Yes,0,0,0,0,0,0,0,0,0,0,0,0,0,1,0,0,0,0,0,0,0,0,0,0,0,0,0,0,0,0,0,0,59.474999999999994,1,0,0,0,0,0,12.429220196836383,1.0
757,Male,17.0,Madhya Pradesh,SC,No,0.0,Mechanical,2,7.49,57.48,1500000.0,Yes,Yes,0,0,0,0,0,0,0,0,0,0,0,0,0,0,0,0,0,0,0,0,0,0,0,0,0,0,0,0,0,0,0,0,66.19,1,0,0,0,0,0,14.220976332738882,0.5
758,Female,23.0,Rajasthan,EWS,No,0.0,Production,4,7.4,69.93,250000.0,No,No,0,0,0,0,1,0,0,0,1,0,0,0,0,1,0,0,0,0,0,0,1,0,0,1,0,0,0,0,0,0,1,0,71.965,1,0,0,0,0,0,12.429220196836383,1.0
759,Male,25.0,Telangana,OBC,No,0.0,ECE,1,9.32,90.43,350000.0,No,Yes,0,0,0,0,0,0,0,1,1,0,0,0,1,0,0,0,1,0,0,0,0,0,0,0,0,0,0,0,0,1,0,1,91.815,0,1,1,0,0,0,12.765691290604371,0.25
760,Male,18.0,Delhi,General,No,0.0,Mechanical,1,6.27,65.13,1500000.0,Yes,No,0,0,0,0,0,0,0,0,0,0,0,0,0,0,0,0,0,0,0,0,0,0,0,0,0,0,0,0,0,0,0,0,63.91499999999999,1,0,1,0,0,0,14.220976332738882,0.25
761,Male,21.0,Tamil Nadu,EWS,No,0.0,ECE,2,8.97,86.96,800000.0,No,No,0,0,0,0,0,0,0,0,0,0,0,0,0,0,0,0,1,0,0,0,0,0,0,0,0,0,0,0,0,0,0,0,88.33,0,1,0,0,0,0,13.592368256649284,0.5
762,Male,18.0,Karnataka,ST,No,0.0,CSE,2,7.23,65.81,1500000.0,No,No,0,0,0,0,0,0,0,0,0,0,0,0,0,0,0,0,0,0,0,0,0,0,0,0,0,0,0,0,0,0,0,0,69.055,0,0,0,0,0,0,14.220976332738882,0.5
763,Female,25.0,Gujarat,General,No,0.0,Commerce,3,7.05,70.24,800000.0,Yes,No,0,0,0,0,0,0,0,0,0,0,0,0,0,0,0,0,1,0,0,0,0,0,0,0,0,0,0,0,0,0,0,0,70.37,1,0,0,0,0,0,13.592368256649284,0.75
764,Female,20.0,Gujarat,ST,No,0.0,Commerce,4,9.76,97.35,1500000.0,No,Yes,0,0,0,0,0,0,0,0,0,0,0,0,0,0,0,0,1,0,0,0,0,0,0,0,0,0,0,0,0,0,0,0,97.475,0,1,0,0,0,0,14.220976332738882,1.0
765,Female,19.0,Maharashtra,EWS,No,0.0,AI_DS,3,6.91,62.29,300000.0,No,Yes,1,0,0,0,0,0,0,0,1,0,0,0,1,0,0,0,0,0,0,1,0,0,0,1,0,0,0,0,0,0,0,0,65.695,1,0,0,0,0,0,12.611541086966115,0.75
766,Female,17.0,Andhra Pradesh,General,No,0.0,Electrical,1,7.67,67.56,800000.0,No,No,0,0,0,0,0,0,0,0,0,0,0,0,0,0,0,0,1,0,0,0,0,0,0,0,0,0,0,1,0,0,0,0,72.13,0,0,1,0,0,0,13.592368256649284,0.25
767,Female,25.0,Telangana,SC,No,0.0,CSE,3,7.89,74.51,500000.0,Yes,No,0,0,0,0,0,0,0,0,1,0,0,0,0,0,0,0,1,0,0,0,0,0,1,0,0,0,0,0,0,0,0,0,76.705,1,0,0,0,0,0,13.122365377402328,0.75
768,Female,20.0,Maharashtra,EWS,No,0.0,Science,3,6.94,61.15,1200000.0,No,Yes,0,0,0,0,0,0,0,0,0,0,0,0,0,0,0,0,0,0,0,0,0,0,0,0,0,0,0,0,0,0,0,0,65.275,0,0,0,0,0,0,13.997832948091215,0.75
769,Female,18.0,Maharashtra,EWS,No,0.0,Electrical,3,8.12,75.54,200000.0,Yes,No,0,0,0,0,1,0,0,0,0,0,0,0,1,1,0,1,0,0,0,1,1,0,0,1,0,0,0,0,0,1,1,0,78.37,1,1,0,0,0,1,12.206077645517674,0.75
770,Female,19.0,Maharashtra,General,No,0.0,Instrumentation,2,6.1,49.33,1500000.0,No,No,0,0,0,0,0,0,0,0,0,0,0,0,0,0,0,0,0,0,0,0,0,0,0,0,0,0,0,0,0,0,0,0,55.165,0,0,0,0,0,0,14.220976332738882,0.5
771,Male,17.0,Madhya Pradesh,SC,No,0.0,Pharmacy,1,7.47,76.28,80000.0,Yes,No,0,0,0,0,1,0,0,1,0,0,0,0,1,1,0,0,0,0,0,1,1,0,0,0,0,0,0,0,0,1,0,0,75.49000000000001,1,0,1,0,0,0,11.289794413577894,0.25
772,Female,17.0,Tamil Nadu,SC,No,0.0,Production,3,7.49,88.78,250000.0,No,Yes,0,1,0,0,0,0,0,0,1,0,0,0,1,1,0,0,1,0,0,0,1,0,0,1,0,0,0,0,0,0,1,0,81.84,1,0,0,0,0,0,12.429220196836383,0.75
773,Female,25.0,Karnataka,General,No,0.0,Civil,3,6.78,65.82,400000.0,Yes,Yes,0,0,0,0,0,0,0,0,1,0,0,0,1,0,0,0,0,0,0,0,0,0,0,1,0,0,0,0,0,1,1,0,66.81,1,0,0,0,0,0,12.899222326086994,0.75
774,Female,23.0,Rajasthan,General,No,0.0,Electrical,4,6.3,60.76,200000.0,No,Yes,0,0,0,0,1,0,0,0,1,0,0,0,1,0,0,0,0,0,0,0,0,0,0,1,0,0,0,0,0,0,0,0,61.879999999999995,1,0,0,0,0,0,12.206077645517674,1.0
775,Female,25.0,Andhra Pradesh,EWS,No,0.0,Medical,3,8.42,83.67,600000.0,No,No,0,0,0,0,0,0,0,0,0,0,0,0,0,0,0,0,1,0,0,0,0,0,0,1,0,0,0,0,0,0,0,0,83.935,0,1,0,0,0,0,13.304686600863562,0.75
776,Female,24.0,Andhra Pradesh,OBC,No,0.0,Electrical,4,7.38,69.5,1000000.0,No,Yes,0,0,0,0,0,0,0,0,0,0,0,0,0,0,0,0,1,0,0,0,0,0,0,0,0,0,0,0,0,0,0,0,71.65,0,0,0,0,0,0,13.815511557963774,1.0
777,Male,20.0,Tamil Nadu,ST,Yes,45.0,Pharmacy,1,6.45,58.79,600000.0,No,Yes,0,0,0,0,0,0,0,0,0,0,0,0,0,0,0,0,0,0,0,0,0,0,0,0,0,0,0,0,0,0,0,0,61.644999999999996,0,0,1,1,1,0,13.304686600863562,0.25
778,Male,22.0,Uttar Pradesh,SC,Yes,45.0,ECE,3,7.23,69.79,250000.0,No,No,0,0,0,0,1,0,0,0,0,0,0,0,1,1,0,0,1,0,0,0,1,0,0,0,0,0,0,0,1,1,0,0,71.04500000000002,1,0,0,1,1,0,12.429220196836383,0.75
779,Female,24.0,Maharashtra,OBC,No,0.0,Commerce,1,8.6,79.29,250000.0,No,Yes,1,0,0,0,1,0,0,1,0,0,0,0,1,1,0,0,1,0,0,1,1,1,0,1,0,0,0,0,0,1,1,1,82.64500000000001,1,1,1,0,0,1,12.429220196836383,0.25
780,Male,24.0,Maharashtra,General,No,0.0,AI_DS,1,9.29,87.44,350000.0,No,No,0,1,0,0,0,0,0,1,1,0,0,0,1,0,1,0,1,0,0,0,0,1,0,0,0,0,0,0,0,0,0,1,90.16999999999999,0,1,1,0,0,0,12.765691290604371,0.25
781,Female,22.0,Andhra Pradesh,ST,No,0.0,Electrical,2,7.47,68.72,500000.0,No,No,0,0,0,0,0,0,0,0,0,0,0,0,0,0,0,0,0,0,0,0,0,0,0,1,0,0,0,0,0,0,0,0,71.71000000000001,0,0,0,0,0,0,13.122365377402328,0.5
782,Female,19.0,Madhya Pradesh,General,No,0.0,Commerce,4,5.0,50.15,200000.0,No,No,0,0,0,0,0,0,0,0,0,0,0,0,0,0,0,0,0,0,0,0,0,0,0,0,0,0,0,0,0,0,0,0,50.075,1,0,0,0,0,0,12.206077645517674,1.0
783,Male,24.0,Telangana,General,No,0.0,CSE,3,8.38,78.77,500000.0,Yes,Yes,0,0,0,0,1,0,1,0,0,0,0,0,0,0,0,0,0,0,0,0,0,0,0,0,0,0,0,0,0,0,0,0,81.285,1,1,0,0,0,1,13.122365377402328,0.75
784,Male,25.0,Uttar Pradesh,General,No,0.0,Civil,4,7.58,73.56,500000.0,Yes,Yes,0,0,0,0,1,0,1,0,1,0,0,0,0,0,0,0,0,1,0,0,0,0,0,0,0,0,0,0,0,0,0,0,74.68,1,0,0,0,0,0,13.122365377402328,1.0
785,Male,17.0,Telangana,General,No,0.0,Science,1,5.62,51.8,1200000.0,No,No,0,0,0,0,0,0,0,0,0,0,0,0,0,0,0,0,0,0,0,0,0,0,0,0,0,0,0,0,0,0,0,0,54.0,0,0,1,0,0,0,13.997832948091215,0.25
786,Male,24.0,Maharashtra,SC,No,0.0,Commerce,1,8.45,76.51,1500000.0,No,No,0,0,0,0,0,0,0,0,0,0,0,0,0,0,0,0,0,0,0,0,0,0,0,0,0,0,0,0,0,0,0,0,80.505,0,1,1,0,0,0,14.220976332738882,0.25
787,Female,18.0,Rajasthan,General,No,0.0,Chemical,2,7.85,70.51,150000.0,No,Yes,0,1,0,1,1,0,1,0,1,0,0,0,1,1,0,0,1,0,0,1,0,0,0,1,0,0,0,0,0,1,0,0,74.505,1,0,0,0,0,0,11.918397239722838,0.5
788,Male,21.0,Andhra Pradesh,OBC,No,0.0,Biotechnology,2,8.06,76.46,80000.0,Yes,No,0,0,0,0,0,0,0,0,0,0,0,0,1,0,0,0,1,0,0,1,1,0,0,0,0,0,0,0,0,1,0,0,78.53,1,1,0,0,0,1,11.289794413577894,0.5
789,Female,21.0,Madhya Pradesh,OBC,No,0.0,Biotechnology,3,5.56,56.31,350000.0,Yes,Yes,0,0,0,0,0,0,0,0,0,0,0,0,0,0,0,0,0,0,0,0,0,0,0,0,0,0,0,0,0,0,0,0,55.955,1,0,0,0,0,0,12.765691290604371,0.75
790,Male,20.0,Uttar Pradesh,EWS,No,0.0,Medical,1,6.62,60.46,250000.0,Yes,No,0,0,0,0,1,0,0,1,0,0,0,0,0,1,0,0,0,0,0,0,0,0,0,0,0,0,0,0,0,0,0,0,63.33,1,0,1,0,0,0,12.429220196836383,0.25
791,Female,25.0,Andhra Pradesh,General,No,0.0,Commerce,2,7.74,76.98,80000.0,No,Yes,0,0,0,0,0,0,0,0,0,0,0,0,1,1,0,0,0,0,0,1,0,0,0,1,0,0,0,0,0,1,0,0,77.19,1,0,0,0,0,0,11.289794413577894,0.5
792,Male,25.0,Other,OBC,No,0.0,Commerce,4,6.28,59.85,120000.0,Yes,Yes,0,0,0,0,0,0,0,0,0,0,0,0,0,0,0,0,0,0,0,0,0,0,0,0,0,0,0,0,0,0,0,0,61.325,1,0,0,0,0,0,11.695255355062795,1.0
793,Female,25.0,Gujarat,OBC,No,0.0,Commerce,4,8.01,78.17,80000.0,Yes,No,1,0,0,0,0,0,0,0,0,0,0,0,0,1,0,0,1,0,0,1,1,0,0,1,0,0,0,0,0,1,1,0,79.13499999999999,1,1,0,0,0,1,11.289794413577894,1.0
794,Female,19.0,Maharashtra,General,No,0.0,Management,3,7.71,72.14,600000.0,No,No,0,0,0,0,0,0,0,0,0,0,0,0,0,0,0,0,1,0,0,0,0,1,0,1,0,0,0,0,0,0,0,0,74.62,0,0,0,0,0,0,13.304686600863562,0.75
795,Female,20.0,Uttar Pradesh,EWS,No,0.0,Mechanical,1,6.51,62.1,250000.0,Yes,No,0,0,0,0,1,0,0,0,1,0,0,0,1,0,0,0,0,0,0,0,0,0,0,1,0,0,0,0,0,0,0,0,63.599999999999994,1,0,1,0,0,0,12.429220196836383,0.25
796,Male,19.0,Delhi,SC,No,0.0,Civil,3,6.21,50.23,800000.0,No,No,0,0,0,0,0,0,0,0,0,0,0,0,0,0,0,0,0,0,0,0,0,0,0,0,0,0,0,0,0,0,0,0,56.165,0,0,0,0,0,0,13.592368256649284,0.75
797,Female,21.0,Karnataka,SC,No,0.0,Science,3,8.02,78.9,80000.0,Yes,Yes,0,0,0,0,1,0,0,0,0,0,0,0,1,1,0,0,1,0,0,1,1,0,0,1,0,0,0,0,0,1,1,0,79.55,1,1,0,0,0,1,11.289794413577894,0.75
798,Female,17.0,Maharashtra,OBC,No,0.0,Management,4,5.0,45.0,500000.0,Yes,Yes,0,0,0,0,0,0,0,0,0,0,0,0,0,0,0,0,0,0,0,0,0,0,0,0,0,0,0,0,0,0,0,0,47.5,1,0,0,0,0,0,13.122365377402328,1.0
799,Male,24.0,Other,General,No,0.0,Medical,3,8.24,84.45,350000.0,Yes,Yes,0,0,0,0,1,0,0,0,0,0,0,0,1,0,0,0,0,0,0,0,0,0,0,0,0,0,0,0,0,1,0,0,83.42500000000001,1,1,0,0,0,1,12.765691290604371,0.75
800,Male,24.0,Madhya Pradesh,OBC,No,0.0,Production,1,7.52,69.26,1200000.0,No,No,0,0,0,0,0,0,0,0,0,0,0,0,0,0,0,0,0,0,0,0,0,0,0,0,0,0,0,0,0,0,0,0,72.22999999999999,0,0,1,0,0,0,13.997832948091215,0.25
801,Male,18.0,Uttar Pradesh,SC,No,0.0,Production,2,7.28,73.28,400000.0,No,Yes,0,0,0,0,0,0,0,0,1,0,0,0,0,0,0,0,0,0,0,0,0,0,0,0,0,0,0,0,0,0,0,0,73.03999999999999,0,0,0,0,0,0,12.899222326086994,0.5
802,Female,24.0,Uttar Pradesh,OBC,Yes,90.0,Medical,1,6.72,61.44,1500000.0,No,No,0,0,0,0,0,0,0,1,0,0,0,0,0,0,0,0,0,0,0,0,0,0,0,0,0,0,0,0,0,0,0,0,64.32,0,0,1,1,1,0,14.220976332738882,0.25
803,Male,25.0,Karnataka,EWS,No,0.0,Mechanical,1,6.92,62.88,600000.0,Yes,Yes,0,0,0,0,0,0,0,1,0,0,0,0,0,0,0,0,0,0,0,0,0,0,0,0,0,0,0,0,0,0,0,0,66.04,1,0,1,0,0,0,13.304686600863562,0.25
804,Male,21.0,Uttar Pradesh,OBC,No,0.0,Instrumentation,2,7.65,77.55,1500000.0,Yes,No,0,0,0,0,0,0,0,0,0,0,0,0,0,0,0,0,0,0,0,0,0,0,0,0,0,0,0,0,0,0,0,0,77.025,1,0,0,0,0,0,14.220976332738882,0.5
805,Female,17.0,Andhra Pradesh,General,No,0.0,Biotechnology,4,7.89,74.2,1500000.0,No,No,0,0,0,0,0,0,0,0,0,0,0,0,0,0,0,0,0,0,0,0,0,0,0,0,0,0,0,0,0,0,0,0,76.55,0,0,0,0,0,0,14.220976332738882,1.0
806,Male,25.0,Tamil Nadu,ST,No,0.0,IT,2,7.15,63.24,80000.0,No,No,0,0,0,0,1,0,0,0,1,0,0,0,1,0,0,0,0,0,0,1,0,0,0,0,0,0,0,0,0,0,0,0,67.37,1,0,0,0,0,0,11.289794413577894,0.5
807,Female,22.0,Maharashtra,ST,No,0.0,CSE,1,8.56,81.09,1000000.0,Yes,No,0,0,0,0,0,0,0,1,0,0,0,0,0,0,0,0,1,0,0,0,0,0,0,0,0,0,0,0,0,0,0,0,83.345,1,1,1,0,0,1,13.815511557963774,0.25
808,Male,20.0,Karnataka,OBC,No,0.0,AI_DS,1,7.28,78.74,80000.0,No,No,0,0,0,0,1,0,0,0,1,0,0,1,1,1,0,0,1,0,0,1,0,0,0,0,0,0,0,0,0,0,0,0,75.77,1,0,1,0,0,0,11.289794413577894,0.25
809,Male,22.0,Telangana,OBC,No,0.0,Production,3,7.86,72.41,1500000.0,Yes,No,0,0,0,0,0,0,1,0,0,0,0,0,0,0,0,0,1,1,0,0,0,0,0,0,0,0,0,0,0,0,0,0,75.505,1,0,0,0,0,0,14.220976332738882,0.75
810,Male,18.0,Uttar Pradesh,EWS,No,0.0,ECE,4,6.99,69.85,600000.0,Yes,Yes,0,0,0,0,0,0,0,0,1,0,0,0,0,0,0,0,0,0,0,0,0,0,0,0,0,0,0,0,0,0,0,0,69.875,1,0,0,0,0,0,13.304686600863562,1.0
811,Male,17.0,Andhra Pradesh,SC,No,0.0,AI_DS,2,7.64,68.27,80000.0,No,Yes,0,0,0,0,0,0,0,0,1,0,0,0,1,0,0,0,1,0,0,1,0,0,0,0,0,0,0,0,0,0,0,0,72.335,1,0,0,0,0,0,11.289794413577894,0.5
812,Female,23.0,Rajasthan,General,No,0.0,IT,3,8.6,79.7,1500000.0,No,No,0,0,0,0,0,0,1,0,0,0,0,0,0,0,0,0,1,0,0,0,0,0,0,0,0,0,0,0,0,0,0,0,82.85,0,1,0,0,0,0,14.220976332738882,0.75
813,Male,23.0,Karnataka,EWS,No,0.0,CSE,4,9.75,95.87,350000.0,No,No,0,1,0,0,0,0,0,0,1,0,0,0,0,0,0,0,1,0,0,0,0,0,0,0,0,0,0,0,0,1,0,0,96.685,0,1,0,0,0,0,12.765691290604371,1.0
814,Male,21.0,Other,General,No,0.0,Biotechnology,2,6.96,69.96,120000.0,Yes,Yes,0,0,0,0,0,0,0,0,0,0,0,0,0,1,0,0,0,0,0,0,0,0,0,0,0,0,0,0,0,1,0,0,69.78,1,0,0,0,0,0,11.695255355062795,0.5
815,Male,20.0,Uttar Pradesh,OBC,No,0.0,CSE,3,7.58,74.57,350000.0,No,No,0,1,0,0,0,0,0,0,1,0,0,0,1,0,0,0,1,0,0,0,0,0,0,0,0,0,0,0,0,0,0,0,75.185,0,0,0,0,0,0,12.765691290604371,0.75
816,Male,20.0,Gujarat,General,No,0.0,Chemical,4,8.08,74.22,500000.0,No,No,0,0,0,0,1,0,0,0,1,0,0,0,0,0,0,0,0,0,0,0,0,0,0,0,0,0,0,0,0,0,0,0,77.50999999999999,0,0,0,0,0,0,13.122365377402328,1.0
817,Male,19.0,Tamil Nadu,SC,No,0.0,Chemical,3,6.73,67.02,80000.0,Yes,Yes,0,0,0,0,1,0,0,0,1,0,0,0,1,1,0,0,0,0,0,1,0,0,0,0,0,0,0,0,0,1,0,0,67.16,1,0,0,0,0,0,11.289794413577894,0.75
818,Male,25.0,Delhi,General,No,0.0,Civil,2,7.1,66.24,800000.0,Yes,Yes,0,0,0,0,0,0,0,0,0,0,0,0,0,0,0,0,0,0,0,0,0,0,0,0,0,0,0,0,0,0,0,0,68.62,1,0,0,0,0,0,13.592368256649284,0.5
819,Female,20.0,Other,ST,No,0.0,Science,3,6.35,61.6,1500000.0,No,No,0,0,0,0,0,0,0,0,0,0,0,0,0,0,0,0,0,0,0,0,0,0,0,0,0,0,0,0,0,0,0,0,62.55,0,0,0,0,0,0,14.220976332738882,0.75
820,Female,22.0,Gujarat,General,No,0.0,IT,4,9.98,91.61,200000.0,Yes,Yes,1,1,0,0,0,0,1,0,1,0,1,0,1,1,0,1,0,0,0,1,0,0,1,1,0,0,0,0,0,1,1,0,95.70500000000001,1,1,0,0,0,1,12.206077645517674,1.0
821,Male,24.0,Uttar Pradesh,OBC,No,0.0,Biotechnology,4,7.53,75.77,200000.0,No,Yes,0,0,0,0,1,0,0,0,0,0,0,0,1,1,0,0,0,0,0,0,0,0,0,0,0,0,0,0,0,1,0,0,75.535,1,0,0,0,0,0,12.206077645517674,1.0
822,Male,22.0,Maharashtra,General,No,0.0,ECE,2,7.4,71.66,350000.0,No,Yes,0,0,0,0,0,0,0,0,1,0,0,0,1,0,0,0,0,0,0,0,0,1,0,0,0,0,0,0,0,0,0,0,72.83,0,0,0,0,0,0,12.765691290604371,0.5
823,Female,17.0,Maharashtra,OBC,No,0.0,CSE,2,6.23,60.47,250000.0,Yes,No,1,0,0,0,0,0,0,0,1,0,0,0,1,1,0,0,0,0,0,0,0,1,0,0,0,0,0,0,0,0,0,0,61.385000000000005,1,0,0,0,0,0,12.429220196836383,0.5
824,Male,19.0,Karnataka,General,No,0.0,Instrumentation,1,7.28,72.12,80000.0,Yes,No,0,0,0,0,1,0,0,0,1,1,0,1,0,1,0,0,1,0,0,1,1,0,0,0,0,0,0,0,0,1,0,0,72.46000000000001,1,0,1,0,0,0,11.289794413577894,0.25
825,Male,22.0,Karnataka,SC,No,0.0,Pharmacy,3,8.92,92.51,800000.0,Yes,No,0,0,0,0,0,0,0,0,0,0,0,0,0,0,0,0,1,0,0,0,0,0,0,0,0,0,0,0,0,0,0,0,90.855,1,1,0,0,0,1,13.592368256649284,0.75
826,Male,18.0,Gujarat,OBC,No,0.0,Civil,4,8.2,78.88,1000000.0,No,No,0,0,0,0,0,0,1,0,0,0,0,0,0,0,0,0,1,0,0,0,0,0,0,0,0,0,0,0,0,0,0,0,80.44,0,1,0,0,0,0,13.815511557963774,1.0
827,Female,20.0,Maharashtra,EWS,No,0.0,Chemical,2,7.73,72.38,300000.0,Yes,Yes,1,1,0,1,0,0,1,0,0,0,0,0,1,0,0,0,0,0,0,0,0,1,0,1,0,1,0,0,0,1,1,0,74.84,1,0,0,0,0,0,12.611541086966115,0.5
828,Female,19.0,Delhi,EWS,No,0.0,Civil,1,7.91,74.26,1200000.0,No,Yes,0,0,0,0,0,0,0,0,0,0,0,0,0,0,0,0,0,0,0,0,0,0,0,0,0,0,0,0,0,0,0,0,76.68,0,0,1,0,0,0,13.997832948091215,0.25
829,Male,25.0,Andhra Pradesh,EWS,No,0.0,Science,2,7.7,71.2,300000.0,No,No,0,0,0,0,1,0,0,0,0,0,0,0,0,0,0,0,1,0,0,1,0,0,0,0,0,0,0,0,0,1,0,0,74.1,1,0,0,0,0,0,12.611541086966115,0.5
830,Female,24.0,Telangana,EWS,No,0.0,IT,2,6.29,63.17,200000.0,Yes,No,1,0,0,0,1,0,0,0,1,0,0,0,1,0,0,0,0,0,0,0,0,0,0,0,0,0,0,0,0,0,0,0,63.035,1,0,0,0,0,0,12.206077645517674,0.5
831,Male,23.0,Karnataka,SC,No,0.0,Medical,2,9.08,85.91,1500000.0,No,No,0,0,0,0,0,0,0,0,0,0,0,0,0,0,0,0,1,0,0,0,0,0,0,0,0,0,0,0,0,0,0,0,88.35499999999999,0,1,0,0,0,0,14.220976332738882,0.5
832,Male,19.0,Rajasthan,SC,No,0.0,Pharmacy,2,5.0,45.68,600000.0,Yes,No,0,0,0,0,0,0,0,0,0,0,0,0,0,0,0,0,0,0,0,0,0,0,0,0,0,0,0,0,0,0,0,0,47.84,1,0,0,0,0,0,13.304686600863562,0.5
833,Female,23.0,Tamil Nadu,ST,No,0.0,Pharmacy,4,9.06,86.0,300000.0,No,No,0,0,0,0,1,0,0,0,0,0,0,0,1,0,0,0,1,0,0,1,0,0,0,1,0,0,0,0,0,1,1,0,88.30000000000001,1,1,0,0,0,1,12.611541086966115,1.0
834,Male,19.0,Tamil Nadu,OBC,No,0.0,AI_DS,3,6.3,58.34,120000.0,No,Yes,0,0,0,0,0,0,0,0,0,0,0,0,0,1,0,0,0,0,0,0,0,0,0,0,0,0,0,0,0,0,0,0,60.67,1,0,0,0,0,0,11.695255355062795,0.75
835,Female,20.0,Rajasthan,General,No,0.0,IT,2,8.51,82.49,300000.0,Yes,No,0,1,0,1,0,1,1,0,1,0,1,0,1,0,0,1,1,0,0,0,0,0,1,1,0,1,0,1,0,1,1,0,83.79499999999999,1,1,0,0,0,1,12.611541086966115,0.5
836,Female,21.0,Other,SC,No,0.0,Electrical,3,7.21,67.39,80000.0,No,No,0,0,0,0,1,0,0,0,1,0,0,0,1,0,0,0,0,0,0,1,1,0,0,1,0,0,0,0,0,0,0,0,69.745,1,0,0,0,0,0,11.289794413577894,0.75
837,Female,23.0,Andhra Pradesh,EWS,No,0.0,CSE,4,7.03,64.02,800000.0,Yes,No,0,0,0,0,0,0,0,0,0,0,0,0,0,0,0,0,1,0,0,0,0,0,0,0,0,0,0,0,0,0,0,0,67.16,1,0,0,0,0,0,13.592368256649284,1.0
838,Male,20.0,Karnataka,ST,No,0.0,Science,4,9.44,88.71,300000.0,Yes,No,0,0,0,0,1,0,0,0,0,0,0,0,1,0,0,0,1,0,0,1,0,0,0,0,0,0,0,0,0,1,0,0,91.55499999999999,1,1,0,0,0,1,12.611541086966115,1.0
839,Male,23.0,Andhra Pradesh,OBC,No,0.0,CSE,3,8.96,89.68,150000.0,Yes,No,0,1,0,0,1,0,0,0,1,0,0,0,1,1,0,1,1,0,0,1,1,0,0,0,0,0,0,0,0,1,0,0,89.64000000000001,1,1,0,0,0,1,11.918397239722838,0.75
840,Male,24.0,Other,SC,No,0.0,Commerce,4,8.7,81.36,800000.0,No,No,0,0,0,0,0,0,0,0,0,0,0,0,0,0,0,0,1,0,0,0,0,0,0,0,0,0,0,0,0,0,0,0,84.18,0,1,0,0,0,0,13.592368256649284,1.0
841,Female,17.0,Uttar Pradesh,General,No,0.0,Electrical,3,7.98,75.74,600000.0,No,No,0,0,0,0,0,0,0,0,1,0,0,0,0,0,0,0,1,1,0,0,0,0,0,1,0,0,0,0,0,0,0,0,77.77000000000001,0,0,0,0,0,0,13.304686600863562,0.75
842,Male,23.0,Rajasthan,EWS,No,0.0,Management,1,6.42,61.96,300000.0,No,No,0,0,0,0,0,0,0,0,0,0,0,0,0,0,0,0,0,0,0,0,0,0,0,0,0,0,0,0,0,0,0,0,63.08,1,0,1,0,0,0,12.611541086966115,0.25
843,Male,19.0,Rajasthan,EWS,No,0.0,Management,1,6.09,61.42,150000.0,Yes,Yes,0,0,0,0,1,0,0,1,0,0,0,0,1,0,0,0,0,0,0,0,0,0,0,0,0,0,0,0,0,0,0,0,61.16,1,0,1,0,0,0,11.918397239722838,0.25
844,Female,21.0,Karnataka,OBC,No,0.0,AI_DS,4,6.94,66.53,80000.0,No,Yes,0,0,0,0,0,0,0,0,1,0,0,0,1,0,0,0,0,0,0,0,0,0,0,0,0,0,0,0,0,1,0,0,67.965,1,0,0,0,0,0,11.289794413577894,1.0
845,Male,22.0,Andhra Pradesh,ST,No,0.0,ECE,2,7.84,73.7,500000.0,No,No,0,0,0,0,0,0,1,0,0,0,0,0,0,0,0,0,0,0,0,0,0,0,0,0,0,0,0,0,0,0,0,0,76.05000000000001,0,0,0,0,0,0,13.122365377402328,0.5
846,Male,23.0,Karnataka,OBC,No,0.0,Chemical,4,8.2,76.48,1500000.0,No,Yes,0,0,0,0,0,0,0,0,0,0,0,0,0,0,0,0,0,0,0,0,0,0,0,0,0,0,0,0,0,0,0,0,79.24000000000001,0,1,0,0,0,0,14.220976332738882,1.0
847,Female,20.0,Delhi,ST,No,0.0,CSE,2,8.55,71.2,400000.0,Yes,No,0,0,0,0,1,1,1,0,1,0,0,0,1,0,0,0,1,0,0,0,0,0,0,1,0,1,0,0,0,1,1,0,78.35,1,0,0,0,0,0,12.899222326086994,0.5
848,Male,25.0,Madhya Pradesh,EWS,No,0.0,Science,4,7.65,78.49,600000.0,Yes,Yes,0,0,0,0,0,0,0,0,0,0,0,0,0,0,0,0,0,0,0,0,0,0,0,0,0,0,0,0,0,0,0,0,77.495,1,0,0,0,0,0,13.304686600863562,1.0
849,Female,24.0,Madhya Pradesh,SC,No,0.0,Mechanical,4,6.3,57.82,200000.0,Yes,No,0,0,0,0,0,0,0,0,0,0,0,0,0,1,0,0,0,0,0,0,0,0,0,0,0,0,0,0,0,0,0,0,60.41,1,0,0,0,0,0,12.206077645517674,1.0
850,Female,23.0,Other,OBC,No,0.0,ECE,4,8.12,77.68,1000000.0,Yes,No,0,0,0,0,0,0,0,0,0,0,0,0,0,0,0,0,0,0,0,0,0,0,0,0,0,0,0,0,0,0,0,0,79.44,1,1,0,0,0,1,13.815511557963774,1.0
851,Male,21.0,Other,EWS,No,0.0,AI_DS,2,7.92,76.71,400000.0,No,Yes,0,0,0,0,0,0,0,0,1,0,0,0,1,0,0,0,0,0,0,0,0,0,0,0,0,0,0,0,0,1,0,0,77.955,0,0,0,0,0,0,12.899222326086994,0.5
852,Female,18.0,Rajasthan,EWS,No,0.0,Biotechnology,4,8.26,81.8,400000.0,Yes,No,0,0,0,0,1,0,0,0,0,0,0,0,1,0,0,0,0,0,0,0,0,0,0,1,0,0,0,0,0,0,1,0,82.19999999999999,1,1,0,0,0,1,12.899222326086994,1.0
853,Male,25.0,Maharashtra,ST,Yes,80.0,Science,4,7.99,71.2,300000.0,No,Yes,0,0,0,0,0,0,0,0,0,0,0,0,1,0,0,0,0,0,0,0,0,0,0,0,0,0,0,0,0,0,0,0,75.55000000000001,1,0,0,1,1,0,12.611541086966115,1.0
854,Female,17.0,Maharashtra,SC,No,0.0,Electrical,3,8.31,84.64,800000.0,No,No,0,0,0,0,0,0,0,0,0,0,0,0,0,0,0,0,0,0,0,0,0,0,0,0,0,0,0,0,0,0,0,0,83.87,0,1,0,0,0,0,13.592368256649284,0.75
855,Female,18.0,Rajasthan,EWS,No,0.0,Science,2,7.34,66.81,400000.0,No,Yes,0,0,0,0,0,0,0,0,0,0,0,0,1,0,0,0,1,0,0,0,0,0,0,1,0,0,0,0,0,1,1,0,70.105,0,0,0,0,0,0,12.899222326086994,0.5
856,Male,17.0,Uttar Pradesh,General,No,0.0,ECE,4,8.83,83.52,150000.0,Yes,Yes,0,1,0,0,1,0,1,0,1,0,0,0,0,0,0,0,1,0,0,1,1,0,0,0,0,0,0,0,0,1,0,0,85.91,1,1,0,0,0,1,11.918397239722838,1.0
857,Female,19.0,Tamil Nadu,SC,No,0.0,IT,2,5.0,50.04,400000.0,Yes,Yes,0,0,0,0,0,0,0,0,0,0,0,0,0,0,0,0,0,0,0,0,0,0,0,0,0,0,0,0,0,0,0,0,50.019999999999996,1,0,0,0,0,0,12.899222326086994,0.5
858,Female,21.0,Tamil Nadu,General,No,0.0,IT,4,6.86,64.9,1200000.0,Yes,Yes,0,0,0,0,0,0,0,0,0,0,0,0,0,0,0,0,0,0,0,0,0,0,0,0,0,0,0,0,0,0,0,0,66.75,1,0,0,0,0,0,13.997832948091215,1.0
859,Female,20.0,Karnataka,General,Yes,40.0,CSE,3,7.9,75.62,1500000.0,Yes,Yes,0,0,0,0,0,0,1,0,0,0,0,0,0,0,0,0,0,0,0,0,0,0,0,0,0,0,0,0,0,0,0,0,77.31,1,0,0,1,1,0,14.220976332738882,0.75
860,Male,18.0,Other,OBC,No,0.0,IT,4,8.35,78.02,500000.0,Yes,No,0,0,0,0,1,0,0,0,1,0,0,0,0,0,0,0,0,0,0,0,0,0,0,0,0,0,0,0,0,0,0,0,80.75999999999999,1,1,0,0,0,1,13.122365377402328,1.0
861,Female,25.0,Other,OBC,No,0.0,Medical,4,8.12,76.36,120000.0,Yes,Yes,0,0,0,0,0,0,0,0,0,0,0,0,0,0,0,0,0,0,0,1,1,0,0,0,0,0,0,0,0,1,1,0,78.78,1,1,0,0,0,1,11.695255355062795,1.0
862,Male,22.0,Madhya Pradesh,OBC,Yes,80.0,Biotechnology,1,8.39,81.55,350000.0,Yes,No,0,0,0,0,1,0,0,0,0,0,0,0,1,0,0,0,0,0,0,0,0,0,0,0,0,0,0,0,0,0,0,1,82.725,1,1,1,1,1,1,12.765691290604371,0.25
863,Male,18.0,Other,General,No,0.0,Pharmacy,1,6.38,63.87,120000.0,Yes,No,0,0,0,0,1,0,0,0,0,0,0,0,1,1,0,0,0,0,0,0,0,0,0,0,0,0,0,0,0,0,0,0,63.834999999999994,1,0,1,0,0,0,11.695255355062795,0.25
864,Female,24.0,Rajasthan,EWS,No,0.0,Mechanical,3,6.86,67.59,120000.0,No,No,0,0,0,0,1,0,0,0,0,0,0,0,1,1,0,0,0,0,0,0,0,0,0,1,0,0,0,0,0,1,1,0,68.095,1,0,0,0,0,0,11.695255355062795,0.75
865,Male,22.0,Gujarat,SC,No,0.0,Management,1,7.94,80.94,300000.0,Yes,No,1,0,0,0,1,0,0,1,0,0,0,0,1,0,0,0,0,0,1,0,0,0,0,0,0,0,0,0,0,0,0,1,80.17,1,0,1,0,0,0,12.611541086966115,0.25
866,Female,25.0,Other,OBC,No,0.0,CSE,2,7.23,67.64,80000.0,Yes,No,0,0,0,0,1,0,0,0,1,0,0,0,1,1,0,0,0,0,0,0,1,0,0,1,0,0,0,0,0,1,0,0,69.97,1,0,0,0,0,0,11.289794413577894,0.5
867,Male,23.0,Karnataka,EWS,No,0.0,Electrical,3,7.48,70.15,400000.0,No,Yes,0,0,0,0,0,0,0,0,1,0,0,0,1,0,0,0,0,0,0,0,0,0,0,0,0,0,0,0,0,0,0,0,72.47500000000001,0,0,0,0,0,0,12.899222326086994,0.75
868,Male,23.0,Karnataka,General,No,0.0,Science,3,8.46,75.52,150000.0,No,No,0,0,0,0,0,0,0,0,0,0,0,0,1,0,0,0,0,0,0,1,1,0,0,0,0,0,0,0,0,1,0,0,80.06,1,1,0,0,0,1,11.918397239722838,0.75
869,Male,25.0,Andhra Pradesh,SC,No,0.0,Production,3,6.24,56.08,300000.0,Yes,Yes,0,0,0,0,0,0,0,0,0,0,0,0,0,0,0,0,0,0,0,0,0,0,0,0,0,0,0,0,0,0,0,0,59.24,1,0,0,0,0,0,12.611541086966115,0.75
870,Male,20.0,Other,OBC,No,0.0,Medical,3,8.64,87.21,150000.0,No,Yes,0,0,0,0,1,0,0,0,0,0,0,0,1,1,0,0,0,0,0,1,1,0,0,0,0,0,0,0,0,1,0,0,86.805,1,1,0,0,0,1,11.918397239722838,0.75
871,Male,24.0,Rajasthan,General,No,0.0,Electrical,2,7.37,69.51,150000.0,Yes,Yes,0,0,0,0,1,0,0,0,1,0,0,0,1,1,0,0,0,0,0,1,1,0,0,0,0,0,0,0,0,1,0,0,71.605,1,0,0,0,0,0,11.918397239722838,0.5
872,Male,20.0,Delhi,General,No,0.0,Science,3,7.58,75.5,150000.0,Yes,Yes,0,0,0,0,1,0,0,0,0,0,0,0,1,1,0,0,0,0,0,1,1,0,0,0,0,0,0,0,0,1,0,0,75.65,1,0,0,0,0,0,11.918397239722838,0.75
873,Female,19.0,Uttar Pradesh,OBC,No,0.0,Science,2,6.39,61.42,250000.0,No,Yes,0,0,0,0,0,0,0,0,0,0,0,0,1,0,0,0,0,0,0,0,0,0,0,1,0,0,0,0,0,0,0,0,62.66,1,0,0,0,0,0,12.429220196836383,0.5
874,Female,23.0,Andhra Pradesh,OBC,No,0.0,Commerce,4,8.67,83.87,1200000.0,Yes,No,0,0,0,0,0,0,0,0,0,0,0,0,0,0,0,0,1,0,0,0,0,0,0,0,0,0,0,0,0,0,0,0,85.285,1,1,0,0,0,1,13.997832948091215,1.0
875,Male,23.0,Andhra Pradesh,General,No,0.0,Chemical,2,7.73,76.44,500000.0,Yes,No,0,0,0,0,0,0,1,0,1,0,0,0,0,0,0,0,1,0,0,0,0,0,0,0,0,0,0,0,0,0,0,0,76.87,1,0,0,0,0,0,13.122365377402328,0.5
876,Female,24.0,Telangana,ST,No,0.0,Management,1,5.0,49.53,300000.0,Yes,No,0,0,0,0,0,0,0,0,0,0,0,0,0,0,0,0,0,0,0,0,0,0,0,0,0,0,0,0,0,0,0,0,49.765,1,0,1,0,0,0,12.611541086966115,0.25
877,Male,19.0,Karnataka,General,Yes,70.0,Pharmacy,4,6.72,58.35,350000.0,No,No,0,0,0,0,0,0,0,0,0,0,0,0,1,0,0,0,0,0,0,0,0,0,0,0,0,0,0,0,0,0,0,0,62.775000000000006,0,0,0,1,1,0,12.765691290604371,1.0
878,Female,23.0,Tamil Nadu,SC,No,0.0,AI_DS,4,8.11,81.17,80000.0,Yes,No,0,1,0,0,1,0,1,0,1,0,0,0,1,0,0,1,1,0,0,1,1,0,0,1,0,0,0,0,0,1,1,0,81.13499999999999,1,1,0,0,0,1,11.289794413577894,1.0
879,Male,20.0,Andhra Pradesh,SC,No,0.0,Pharmacy,4,7.34,72.59,800000.0,No,Yes,0,0,0,0,0,0,0,0,0,0,0,0,0,0,0,0,0,0,0,0,0,0,0,0,0,0,0,0,0,0,0,0,72.995,0,0,0,0,0,0,13.592368256649284,1.0
880,Female,23.0,Karnataka,OBC,No,0.0,Pharmacy,1,9.43,93.53,1000000.0,Yes,No,0,0,0,0,0,0,0,1,0,0,0,0,0,0,0,0,1,0,0,0,0,0,0,0,0,0,0,0,0,0,0,1,93.91499999999999,1,1,1,0,0,1,13.815511557963774,0.25
881,Female,19.0,Telangana,OBC,No,0.0,Mechanical,1,9.47,92.19,120000.0,Yes,No,1,1,0,1,1,0,0,1,1,1,0,1,1,0,1,1,1,0,1,0,1,0,0,1,0,1,0,1,0,1,1,1,93.445,1,1,1,0,0,1,11.695255355062795,0.25
882,Female,18.0,Delhi,OBC,No,0.0,Mechanical,4,7.59,67.3,250000.0,No,No,0,0,0,0,1,0,0,0,1,0,0,0,1,0,0,0,1,0,0,0,0,0,0,1,0,0,0,0,0,1,0,0,71.6,1,0,0,0,0,0,12.429220196836383,1.0
883,Female,23.0,Rajasthan,General,No,0.0,Pharmacy,2,7.2,65.87,350000.0,Yes,No,0,0,0,0,1,0,0,0,0,0,0,0,1,0,0,0,0,0,0,0,0,0,0,0,0,0,0,0,0,1,1,0,68.935,1,0,0,0,0,0,12.765691290604371,0.5
884,Female,17.0,Gujarat,ST,Yes,40.0,Commerce,4,10.0,94.47,800000.0,No,No,0,0,0,0,0,0,0,0,0,0,0,0,0,0,0,0,0,0,0,0,0,0,0,0,0,0,0,0,0,0,0,0,97.235,0,1,0,1,1,0,13.592368256649284,1.0
885,Male,19.0,Madhya Pradesh,OBC,No,0.0,Civil,4,7.65,74.33,350000.0,Yes,No,0,0,0,0,0,0,1,0,1,0,0,0,1,0,0,0,0,0,0,0,0,0,0,0,0,0,0,0,0,1,0,0,75.41499999999999,1,0,0,0,0,0,12.765691290604371,1.0
886,Male,19.0,Karnataka,General,No,0.0,Civil,3,7.55,76.81,1500000.0,No,No,0,0,0,0,0,0,1,0,0,0,0,0,0,0,0,0,0,0,0,0,0,0,0,0,0,0,0,0,0,0,0,0,76.155,0,0,0,0,0,0,14.220976332738882,0.75
887,Male,19.0,Rajasthan,SC,No,0.0,ECE,3,6.75,64.71,120000.0,No,Yes,0,0,0,0,1,0,0,0,1,0,0,0,1,1,0,0,0,0,0,0,0,0,0,0,0,0,0,0,0,0,0,0,66.10499999999999,1,0,0,0,0,0,11.695255355062795,0.75
888,Male,24.0,Tamil Nadu,General,Yes,50.0,CSE,1,7.49,58.83,350000.0,Yes,Yes,0,0,0,0,0,0,0,0,0,0,0,0,1,0,0,0,0,0,0,0,0,0,0,0,0,0,0,0,1,1,0,0,66.86500000000001,1,0,1,1,1,0,12.765691290604371,0.25
889,Female,25.0,Telangana,ST,No,0.0,Biotechnology,4,6.77,64.2,300000.0,No,No,1,0,0,0,0,0,0,0,0,0,0,0,0,0,0,0,0,0,0,0,0,0,0,0,0,0,0,0,0,0,0,0,65.94999999999999,1,0,0,0,0,0,12.611541086966115,1.0
890,Female,20.0,Madhya Pradesh,ST,No,0.0,IT,3,6.98,64.23,1500000.0,No,Yes,0,0,0,0,0,0,0,0,0,0,0,0,0,0,0,0,0,0,0,0,0,0,0,0,0,0,0,0,0,0,0,0,67.01500000000001,0,0,0,0,0,0,14.220976332738882,0.75
891,Male,24.0,Andhra Pradesh,OBC,Yes,40.0,Instrumentation,2,5.81,54.95,300000.0,No,No,0,0,0,0,0,0,0,0,0,0,0,0,0,0,0,0,0,0,0,0,0,0,0,0,0,0,0,0,1,0,0,0,56.525,1,0,0,1,1,0,12.611541086966115,0.5
892,Female,20.0,Maharashtra,SC,Yes,0.0,IT,3,5.69,56.34,800000.0,No,Yes,0,0,0,0,0,0,0,0,0,0,0,0,0,0,0,0,0,0,0,0,0,0,0,0,0,0,0,0,0,0,0,0,56.620000000000005,0,0,0,1,0,0,13.592368256649284,0.75
893,Female,23.0,Uttar Pradesh,General,No,0.0,Management,1,7.6,67.83,1000000.0,No,No,0,0,0,0,0,0,0,1,0,0,0,0,0,0,0,0,1,0,0,0,0,0,0,0,0,0,0,0,0,0,0,0,71.91499999999999,0,0,1,0,0,0,13.815511557963774,0.25
894,Male,19.0,Delhi,EWS,No,0.0,IT,2,7.13,65.48,400000.0,Yes,No,0,0,0,0,1,0,0,0,0,0,0,0,0,0,0,0,1,0,0,0,0,0,0,0,0,0,0,0,0,1,0,0,68.39,1,0,0,0,0,0,12.899222326086994,0.5
895,Female,19.0,Tamil Nadu,General,No,0.0,Production,2,7.88,78.88,200000.0,Yes,Yes,0,1,0,1,0,0,0,0,1,0,0,0,1,1,0,1,0,0,0,0,0,0,0,1,0,0,0,1,0,1,0,0,78.84,1,0,0,0,0,0,12.206077645517674,0.5
896,Male,23.0,Maharashtra,OBC,No,0.0,Biotechnology,4,5.25,50.22,350000.0,No,Yes,0,0,0,0,0,0,0,0,0,0,0,0,0,0,0,0,0,0,0,0,0,1,0,0,0,0,0,0,0,0,0,0,51.36,0,0,0,0,0,0,12.765691290604371,1.0
897,Female,24.0,Other,General,No,0.0,Management,1,7.31,71.46,1200000.0,No,Yes,0,0,0,0,0,0,0,0,0,0,0,0,0,0,0,0,1,0,0,0,0,0,0,0,0,0,0,0,0,0,0,0,72.28,0,0,1,0,0,0,13.997832948091215,0.25
898,Male,22.0,Andhra Pradesh,ST,No,0.0,Commerce,2,7.76,71.46,200000.0,No,Yes,0,0,0,0,1,0,0,0,0,0,0,0,1,0,0,0,0,0,0,0,0,0,0,0,0,0,0,0,0,1,0,0,74.53,1,0,0,0,0,0,12.206077645517674,0.5
899,Female,18.0,Rajasthan,General,No,0.0,Civil,1,7.12,65.25,600000.0,No,Yes,0,0,0,0,0,0,0,0,0,0,0,0,0,0,0,0,0,0,0,0,0,0,0,1,0,0,0,1,0,0,0,0,68.225,0,0,1,0,0,0,13.304686600863562,0.25
900,Female,23.0,Uttar Pradesh,General,No,0.0,Civil,4,7.49,71.2,350000.0,No,No,0,1,0,0,1,0,0,0,1,0,0,0,0,0,0,0,0,0,0,0,0,0,0,0,0,0,0,0,0,0,0,0,73.05000000000001,0,0,0,0,0,0,12.765691290604371,1.0
901,Male,25.0,Other,EWS,No,0.0,ECE,4,9.78,92.73,80000.0,No,No,0,0,0,0,1,0,0,0,1,0,0,0,1,1,0,0,0,0,0,1,1,0,0,0,0,0,0,0,0,1,0,0,95.265,1,1,0,0,0,1,11.289794413577894,1.0
902,Male,21.0,Karnataka,ST,No,0.0,Electrical,3,6.65,58.63,150000.0,Yes,No,0,0,0,0,0,0,0,0,1,0,0,0,1,1,0,0,0,0,0,0,0,0,0,0,0,0,0,0,0,0,0,0,62.565,1,0,0,0,0,0,11.918397239722838,0.75
903,Female,25.0,Rajasthan,SC,No,0.0,Management,2,5.34,45.98,400000.0,No,No,0,0,0,0,0,0,0,0,0,0,0,0,0,0,0,0,0,0,0,0,0,0,0,0,0,0,0,0,0,0,0,0,49.69,0,0,0,0,0,0,12.899222326086994,0.5
904,Male,22.0,Gujarat,OBC,No,0.0,CSE,1,7.82,75.82,1500000.0,Yes,No,0,0,0,0,0,0,0,1,0,0,0,0,0,0,0,0,1,0,0,0,0,0,0,0,0,0,0,0,0,0,0,0,77.00999999999999,1,0,1,0,0,0,14.220976332738882,0.25
905,Female,21.0,Other,OBC,No,0.0,Medical,3,5.6,55.89,350000.0,No,No,0,0,0,0,0,0,0,0,0,0,0,0,0,0,0,0,0,0,0,0,0,0,0,0,0,0,0,0,0,0,0,0,55.945,0,0,0,0,0,0,12.765691290604371,0.75
906,Female,23.0,Rajasthan,EWS,No,0.0,Chemical,2,6.92,66.18,1000000.0,No,Yes,0,0,0,0,0,0,0,0,0,0,0,0,0,0,0,0,0,0,0,0,0,0,0,0,0,0,0,0,0,0,0,0,67.69,0,0,0,0,0,0,13.815511557963774,0.5
907,Male,22.0,Uttar Pradesh,General,No,0.0,Chemical,4,9.43,92.28,800000.0,Yes,Yes,0,0,0,0,0,0,1,0,0,0,0,0,0,0,0,0,1,0,0,0,0,0,0,0,0,0,0,0,0,0,0,0,93.28999999999999,1,1,0,0,0,1,13.592368256649284,1.0
908,Female,24.0,Telangana,OBC,No,0.0,Civil,1,7.18,65.54,300000.0,Yes,Yes,1,0,0,0,0,0,0,1,0,0,0,0,0,0,0,0,1,0,0,0,0,0,0,1,0,0,0,1,0,0,1,0,68.67,1,0,1,0,0,0,12.611541086966115,0.25
909,Female,23.0,Other,OBC,No,0.0,ECE,3,5.0,45.34,400000.0,Yes,Yes,0,0,0,0,0,0,0,0,0,0,0,0,0,0,0,0,0,0,0,0,0,0,0,0,0,0,0,0,0,0,0,0,47.67,1,0,0,0,0,0,12.899222326086994,0.75
910,Male,25.0,Other,SC,No,0.0,Electrical,4,7.25,65.91,200000.0,Yes,Yes,0,0,0,0,1,0,0,0,1,0,0,0,1,1,0,0,1,0,0,0,1,0,0,0,0,0,0,0,0,1,0,0,69.205,1,0,0,0,0,0,12.206077645517674,1.0
911,Male,23.0,Tamil Nadu,SC,No,0.0,Mechanical,4,7.34,69.96,1200000.0,Yes,No,0,0,0,0,0,0,0,0,0,0,0,0,0,0,0,0,0,0,0,0,0,0,0,0,0,0,0,0,0,0,0,0,71.68,1,0,0,0,0,0,13.997832948091215,1.0
912,Female,21.0,Other,ST,No,0.0,ECE,1,7.23,66.73,120000.0,Yes,No,0,0,0,0,1,0,0,0,1,0,0,0,0,1,0,0,1,0,0,1,1,0,0,1,0,0,0,0,0,1,0,0,69.51500000000001,1,0,1,0,0,0,11.695255355062795,0.25
913,Male,17.0,Uttar Pradesh,EWS,No,0.0,Management,3,7.7,74.48,1000000.0,Yes,Yes,0,0,0,0,0,0,0,0,0,0,0,0,0,0,0,0,0,0,0,0,0,0,0,0,0,0,0,0,0,0,0,0,75.74000000000001,1,0,0,0,0,0,13.815511557963774,0.75
914,Female,24.0,Other,ST,No,0.0,Electrical,1,6.19,63.04,300000.0,Yes,Yes,0,0,0,0,1,0,0,0,1,0,0,0,0,0,0,0,0,0,0,0,0,0,0,0,0,0,0,1,0,0,0,0,62.47,1,0,1,0,0,0,12.611541086966115,0.25
915,Female,17.0,Andhra Pradesh,EWS,No,0.0,Management,1,7.38,70.17,500000.0,Yes,Yes,0,0,0,0,1,0,0,0,0,0,0,0,0,0,0,0,0,0,0,0,0,0,0,0,0,0,0,0,0,0,0,0,71.985,1,0,1,0,0,0,13.122365377402328,0.25
916,Male,19.0,Uttar Pradesh,OBC,Yes,60.0,Biotechnology,1,8.35,80.02,80000.0,Yes,Yes,0,0,0,0,1,0,0,1,0,0,0,0,1,1,0,0,1,0,1,1,1,0,0,0,0,0,0,0,0,1,0,1,81.75999999999999,1,1,1,1,1,1,11.289794413577894,0.25
917,Male,18.0,Delhi,SC,No,0.0,IT,1,8.64,82.94,120000.0,No,No,0,1,0,0,1,0,0,0,1,1,0,0,0,1,1,0,1,0,1,0,1,0,0,0,0,0,0,0,0,1,0,0,84.67,1,1,1,0,0,1,11.695255355062795,0.25
918,Male,23.0,Other,General,No,0.0,IT,3,6.77,65.4,800000.0,No,Yes,0,0,0,0,0,0,0,0,0,0,0,0,0,0,0,0,0,0,0,0,0,0,0,0,0,0,0,0,0,0,0,0,66.55,0,0,0,0,0,0,13.592368256649284,0.75
919,Female,22.0,Delhi,SC,No,0.0,Civil,1,6.13,58.56,800000.0,Yes,Yes,0,0,0,0,0,0,0,0,0,0,0,0,0,0,0,0,0,0,0,0,0,0,0,0,0,0,0,0,0,0,0,0,59.93,1,0,1,0,0,0,13.592368256649284,0.25
920,Male,20.0,Gujarat,SC,No,0.0,Civil,2,7.46,71.2,600000.0,Yes,No,0,0,0,0,0,0,0,0,0,0,0,0,0,0,0,0,0,0,0,0,0,0,0,0,0,0,0,0,0,0,0,0,72.9,1,0,0,0,0,0,13.304686600863562,0.5
921,Female,21.0,Uttar Pradesh,ST,No,0.0,Instrumentation,3,7.35,64.18,350000.0,Yes,No,0,0,0,0,1,0,0,0,0,0,0,0,1,0,0,0,0,0,0,0,0,0,0,0,0,0,0,0,0,1,1,0,68.84,1,0,0,0,0,0,12.765691290604371,0.75
922,Female,18.0,Telangana,ST,No,0.0,Electrical,2,7.49,65.26,120000.0,No,Yes,1,0,0,0,1,0,0,0,1,0,0,0,1,0,0,0,0,0,0,0,1,0,0,0,0,0,0,0,0,0,0,0,70.08000000000001,1,0,0,0,0,0,11.695255355062795,0.5
923,Female,25.0,Uttar Pradesh,OBC,No,0.0,Electrical,3,7.69,71.2,1200000.0,No,No,0,0,0,0,0,0,0,0,0,0,0,0,0,0,0,0,0,1,0,0,0,0,0,0,0,0,0,0,0,0,0,0,74.05000000000001,0,0,0,0,0,0,13.997832948091215,0.75
924,Male,20.0,Rajasthan,SC,No,0.0,ECE,4,9.02,83.09,120000.0,No,Yes,0,1,0,0,1,0,1,0,0,0,0,0,1,1,0,1,1,0,0,1,1,0,0,0,0,0,0,0,0,1,0,0,86.645,1,1,0,0,0,1,11.695255355062795,1.0
925,Female,22.0,Telangana,OBC,No,0.0,Production,3,8.66,83.55,80000.0,Yes,No,1,1,0,0,0,0,1,0,1,0,1,0,1,1,0,1,1,1,0,1,0,0,0,0,0,0,0,0,0,0,0,0,85.07499999999999,1,1,0,0,0,1,11.289794413577894,0.75
926,Male,23.0,Rajasthan,General,No,0.0,Chemical,4,6.72,69.17,120000.0,No,No,0,0,0,0,1,0,0,0,1,0,0,0,1,0,0,0,0,0,0,1,0,0,0,0,0,0,0,0,0,0,0,0,68.185,1,0,0,0,0,0,11.695255355062795,1.0
927,Female,18.0,Maharashtra,OBC,No,0.0,Medical,2,7.49,60.42,300000.0,No,No,0,0,0,0,0,0,0,0,0,0,0,0,0,0,0,0,1,0,0,0,0,1,0,1,0,0,0,0,0,0,0,0,67.66,1,0,0,0,0,0,12.611541086966115,0.5
928,Male,21.0,Maharashtra,EWS,No,0.0,Electrical,2,8.7,80.64,350000.0,No,Yes,0,1,0,0,0,0,0,0,1,0,0,0,1,0,0,0,1,1,0,0,0,1,0,0,0,0,0,0,0,1,0,0,83.82,0,1,0,0,0,0,12.765691290604371,0.5
929,Female,20.0,Other,General,No,0.0,Science,2,9.17,86.36,400000.0,No,No,0,0,0,0,1,0,0,0,0,0,0,0,1,0,0,0,1,0,0,0,0,0,0,1,0,0,0,0,0,1,0,0,89.03,0,1,0,0,0,0,12.899222326086994,0.5
930,Female,21.0,Maharashtra,EWS,No,0.0,Production,3,7.85,75.36,800000.0,Yes,No,0,0,0,0,0,0,0,0,0,0,0,0,0,0,0,0,0,0,0,0,0,1,0,0,0,0,0,0,0,0,0,0,76.93,1,0,0,0,0,0,13.592368256649284,0.75
931,Female,22.0,Rajasthan,General,No,0.0,Production,1,7.34,72.16,150000.0,Yes,Yes,0,1,0,0,1,0,0,0,1,0,0,0,1,1,0,0,0,0,0,1,1,0,0,1,0,0,0,0,0,1,1,0,72.78,1,0,1,0,0,0,11.918397239722838,0.25
932,Female,25.0,Tamil Nadu,General,No,0.0,Commerce,2,8.45,75.03,400000.0,No,Yes,0,0,0,0,0,0,0,0,0,0,0,0,0,0,0,0,0,0,0,0,0,0,0,1,0,0,0,0,0,1,1,0,79.765,0,1,0,0,0,0,12.899222326086994,0.5
933,Female,17.0,Uttar Pradesh,OBC,No,0.0,CSE,4,9.07,81.18,1000000.0,No,Yes,0,0,0,0,0,0,1,0,0,0,1,0,0,0,0,0,1,0,0,0,0,0,1,0,0,0,0,0,0,0,0,0,85.94,0,1,0,0,0,0,13.815511557963774,1.0
934,Male,24.0,Gujarat,EWS,No,0.0,Mechanical,1,8.74,86.41,300000.0,Yes,No,0,1,0,0,1,0,0,1,1,0,0,0,1,0,1,0,0,0,1,0,0,0,0,0,0,0,0,0,0,1,0,1,86.905,1,1,1,0,0,1,12.611541086966115,0.25
935,Male,23.0,Tamil Nadu,ST,No,0.0,ECE,3,6.19,57.57,800000.0,Yes,Yes,0,0,0,0,0,0,0,0,0,0,0,0,0,0,0,0,0,0,0,0,0,0,0,0,0,0,0,0,0,0,0,0,59.735,1,0,0,0,0,0,13.592368256649284,0.75
936,Female,21.0,Tamil Nadu,SC,No,0.0,CSE,4,6.17,57.97,200000.0,No,Yes,0,0,0,0,0,0,0,0,0,0,0,0,0,1,0,0,0,0,0,0,0,0,0,0,0,0,0,0,0,0,0,0,59.835,1,0,0,0,0,0,12.206077645517674,1.0
937,Female,21.0,Maharashtra,SC,Yes,60.0,Biotechnology,3,7.13,70.07,300000.0,Yes,Yes,1,0,0,0,1,0,0,0,0,0,0,0,1,0,0,0,0,0,0,0,0,0,0,1,0,0,0,0,0,0,0,0,70.685,1,0,0,1,1,0,12.611541086966115,0.75
938,Female,19.0,Andhra Pradesh,SC,Yes,60.0,Management,2,9.07,90.35,120000.0,Yes,No,0,0,0,0,1,0,0,0,0,0,0,0,1,1,0,0,1,0,0,1,1,0,0,1,0,0,0,0,0,1,1,0,90.525,1,1,0,1,1,1,11.695255355062795,0.5
939,Male,24.0,Maharashtra,OBC,No,0.0,Instrumentation,2,6.83,64.26,400000.0,No,No,0,0,0,0,0,0,0,0,0,0,0,0,0,0,0,0,0,0,0,0,0,1,0,0,0,0,0,0,0,0,0,0,66.28,0,0,0,0,0,0,12.899222326086994,0.5
940,Female,22.0,Andhra Pradesh,OBC,No,0.0,Instrumentation,1,5.48,49.64,400000.0,No,Yes,0,0,0,0,0,0,0,0,0,0,0,0,0,0,0,0,0,0,0,0,0,0,0,0,0,0,0,0,0,0,0,0,52.22,0,0,1,0,0,0,12.899222326086994,0.25
941,Male,22.0,Andhra Pradesh,General,No,0.0,Civil,1,8.66,87.12,200000.0,No,Yes,0,1,0,0,1,0,0,1,0,1,0,0,1,1,1,0,1,0,1,0,1,0,0,0,0,0,0,0,0,1,0,1,86.86,1,1,1,0,0,1,12.206077645517674,0.25
942,Male,23.0,Andhra Pradesh,SC,No,0.0,Mechanical,2,6.02,55.41,400000.0,No,No,0,0,0,0,0,0,0,0,0,0,0,0,0,0,0,0,0,0,0,0,0,0,0,0,0,0,0,0,0,0,0,0,57.80499999999999,0,0,0,0,0,0,12.899222326086994,0.5
943,Female,24.0,Delhi,General,No,0.0,Electrical,3,7.47,71.81,1200000.0,No,No,0,0,0,0,0,0,0,0,0,0,0,0,0,0,0,0,0,0,0,0,0,0,0,0,0,0,0,0,0,0,0,0,73.255,0,0,0,0,0,0,13.997832948091215,0.75
944,Male,18.0,Rajasthan,General,No,0.0,Pharmacy,1,6.53,63.31,1200000.0,Yes,Yes,0,0,0,0,0,0,0,1,0,0,0,0,0,0,0,0,0,0,0,0,0,0,0,0,0,0,0,0,0,0,0,0,64.305,1,0,1,0,0,0,13.997832948091215,0.25
945,Female,23.0,Uttar Pradesh,General,No,0.0,Chemical,3,6.93,65.79,400000.0,Yes,No,0,0,0,0,0,0,0,0,0,0,0,0,1,0,0,0,0,0,0,0,0,0,0,1,0,0,0,0,0,0,1,0,67.545,1,0,0,0,0,0,12.899222326086994,0.75
946,Male,19.0,Delhi,OBC,No,0.0,ECE,3,8.16,71.2,1000000.0,Yes,No,0,0,0,0,0,0,0,0,0,0,0,0,0,0,0,0,0,0,0,0,0,0,0,0,0,0,0,0,0,0,0,0,76.4,1,0,0,0,0,0,13.815511557963774,0.75
947,Male,24.0,Rajasthan,EWS,No,0.0,Civil,2,6.98,65.98,200000.0,Yes,Yes,0,0,0,0,1,0,0,0,1,0,0,0,1,0,0,0,0,0,0,0,0,0,0,0,0,0,0,0,0,1,0,0,67.89000000000001,1,0,0,0,0,0,12.206077645517674,0.5
948,Female,17.0,Telangana,OBC,No,0.0,Commerce,1,7.39,69.09,600000.0,Yes,Yes,0,0,0,0,0,0,0,1,0,0,0,0,0,0,0,0,0,0,0,0,0,0,0,1,0,0,0,0,0,0,0,1,71.495,1,0,1,0,0,0,13.304686600863562,0.25
949,Male,23.0,Andhra Pradesh,EWS,No,0.0,Production,2,7.19,73.1,300000.0,No,No,0,0,0,0,0,0,0,0,1,0,0,0,1,0,0,0,1,0,0,0,0,0,0,0,0,0,0,0,0,1,0,0,72.5,1,0,0,0,0,0,12.611541086966115,0.5
950,Male,25.0,Andhra Pradesh,General,No,0.0,Instrumentation,3,8.17,76.73,250000.0,No,No,0,0,0,0,1,0,0,0,1,0,0,0,0,1,0,0,0,0,0,1,1,0,0,0,0,0,0,0,0,1,0,0,79.215,1,1,0,0,0,1,12.429220196836383,0.75
951,Male,21.0,Maharashtra,OBC,Yes,40.0,Biotechnology,2,8.34,71.2,250000.0,No,No,1,0,0,0,1,0,0,0,0,0,0,0,1,0,0,0,1,0,0,1,1,1,0,0,0,0,0,0,0,1,0,0,77.30000000000001,1,0,0,1,1,0,12.429220196836383,0.5
952,Male,23.0,Gujarat,SC,No,0.0,Pharmacy,3,8.91,85.75,250000.0,Yes,Yes,1,0,0,0,1,0,0,0,0,0,0,0,1,1,0,0,0,0,0,0,1,0,0,0,0,0,0,0,0,1,0,0,87.425,1,1,0,0,0,1,12.429220196836383,0.75
953,Male,25.0,Gujarat,SC,No,0.0,Pharmacy,3,7.37,71.36,200000.0,No,Yes,1,0,0,0,1,0,0,0,0,0,0,0,1,0,0,0,0,0,0,1,0,0,0,0,0,0,0,0,0,0,0,0,72.53,1,0,0,0,0,0,12.206077645517674,0.75
954,Female,18.0,Rajasthan,OBC,No,0.0,ECE,1,7.49,49.91,600000.0,Yes,Yes,0,0,0,0,0,0,0,0,1,0,0,0,0,0,0,0,1,0,0,0,0,0,0,0,0,0,0,0,0,0,0,0,62.405,1,0,1,0,0,0,13.304686600863562,0.25
955,Female,18.0,Rajasthan,EWS,No,0.0,CSE,4,6.07,58.09,1200000.0,Yes,Yes,0,0,0,0,0,0,0,0,0,0,0,0,0,0,0,0,0,0,0,0,0,0,0,0,0,0,0,0,0,0,0,0,59.395,1,0,0,0,0,0,13.997832948091215,1.0
956,Male,19.0,Karnataka,ST,No,0.0,Instrumentation,3,9.58,97.7,300000.0,No,Yes,0,1,0,0,1,0,0,0,1,0,0,0,1,0,0,0,0,0,0,0,0,0,0,0,0,0,0,0,0,1,0,0,96.75,1,1,0,0,0,1,12.611541086966115,0.75
957,Female,18.0,Tamil Nadu,ST,No,0.0,CSE,2,7.49,80.07,600000.0,No,Yes,0,0,0,0,0,1,0,0,1,0,0,0,0,0,0,0,0,0,0,0,0,0,1,1,0,0,0,1,0,0,0,0,77.485,0,0,0,0,0,0,13.304686600863562,0.5
958,Female,17.0,Uttar Pradesh,General,No,0.0,Civil,4,5.34,49.1,400000.0,Yes,Yes,0,0,0,0,0,0,0,0,0,0,0,0,0,0,0,0,0,0,0,0,0,0,0,0,0,0,0,0,0,0,0,0,51.25,1,0,0,0,0,0,12.899222326086994,1.0
959,Female,25.0,Andhra Pradesh,EWS,No,0.0,Medical,3,6.55,60.36,200000.0,Yes,Yes,0,0,0,0,1,0,0,0,0,0,0,0,1,0,0,0,0,0,0,0,0,0,0,1,0,0,0,0,0,0,0,0,62.93,1,0,0,0,0,0,12.206077645517674,0.75
960,Male,20.0,Uttar Pradesh,General,No,0.0,Science,3,7.3,67.93,250000.0,Yes,No,0,0,0,0,1,0,0,0,0,0,0,0,1,0,0,0,0,0,0,0,0,0,0,0,0,0,0,0,0,0,0,0,70.465,1,0,0,0,0,0,12.429220196836383,0.75
961,Female,25.0,Rajasthan,OBC,No,0.0,Production,3,5.12,50.88,80000.0,Yes,No,0,0,0,0,0,0,0,0,0,0,0,0,0,0,0,0,0,0,0,0,0,0,0,0,0,0,0,0,0,0,0,0,51.040000000000006,1,0,0,0,0,0,11.289794413577894,0.75
962,Male,21.0,Maharashtra,OBC,No,0.0,Civil,1,6.21,59.71,80000.0,No,No,0,0,0,0,0,0,0,0,0,0,0,0,0,1,0,0,0,0,0,0,0,1,0,0,0,0,0,0,0,0,0,0,60.905,1,0,1,0,0,0,11.289794413577894,0.25
963,Female,18.0,Delhi,SC,No,0.0,CSE,3,7.49,92.15,300000.0,Yes,Yes,0,1,0,0,0,0,0,0,1,0,0,0,1,0,0,1,1,0,0,1,0,0,1,0,0,0,0,0,0,1,1,0,83.525,1,0,0,0,0,0,12.611541086966115,0.75
964,Female,20.0,Telangana,OBC,No,0.0,CSE,1,5.0,46.64,1000000.0,No,No,0,0,0,0,0,0,0,0,0,0,0,0,0,0,0,0,0,0,0,0,0,0,0,0,0,0,0,0,0,0,0,0,48.32,0,0,1,0,0,0,13.815511557963774,0.25
965,Male,24.0,Karnataka,SC,No,0.0,Medical,2,8.82,89.67,400000.0,Yes,No,0,0,0,0,0,0,0,0,0,0,0,0,1,0,0,0,1,0,0,0,0,0,0,0,0,0,0,0,0,1,0,0,88.935,1,1,0,0,0,1,12.899222326086994,0.5
966,Female,19.0,Tamil Nadu,General,No,0.0,Science,2,6.02,58.68,1500000.0,Yes,Yes,0,0,0,0,0,0,0,0,0,0,0,0,0,0,0,0,0,0,0,0,0,0,0,0,0,0,0,0,0,0,0,0,59.44,1,0,0,0,0,0,14.220976332738882,0.5
967,Female,19.0,Other,SC,Yes,45.0,Mechanical,4,6.94,65.61,800000.0,Yes,Yes,0,0,0,0,0,0,0,0,0,0,0,0,0,0,0,0,0,0,0,0,0,0,0,0,0,0,0,0,1,0,0,0,67.505,1,0,0,1,1,0,13.592368256649284,1.0
968,Male,18.0,Andhra Pradesh,OBC,No,0.0,Medical,1,10.0,90.49,1000000.0,Yes,Yes,0,0,0,0,0,0,0,1,0,0,0,0,0,0,0,0,1,0,0,0,0,0,0,0,0,0,0,0,0,0,0,1,95.245,1,1,1,0,0,1,13.815511557963774,0.25
969,Male,23.0,Andhra Pradesh,General,No,0.0,CSE,1,7.8,75.5,150000.0,Yes,Yes,0,1,0,0,0,0,0,0,1,0,0,0,1,1,0,1,1,0,0,1,1,0,0,0,0,0,0,0,0,1,0,0,76.75,1,0,1,0,0,0,11.918397239722838,0.25
970,Female,19.0,Other,EWS,Yes,40.0,ECE,3,8.8,83.89,1500000.0,Yes,Yes,0,0,0,0,0,0,1,0,0,0,1,0,0,0,0,0,1,0,0,0,0,0,0,0,0,0,0,0,0,0,0,0,85.945,1,1,0,1,1,1,14.220976332738882,0.75
971,Male,24.0,Uttar Pradesh,ST,No,0.0,Chemical,3,7.87,73.59,400000.0,Yes,Yes,0,0,0,0,0,0,0,0,1,0,0,0,1,0,0,0,0,0,0,0,0,0,0,0,0,0,0,0,0,0,0,0,76.14500000000001,1,0,0,0,0,0,12.899222326086994,0.75
972,Male,25.0,Telangana,EWS,No,0.0,IT,1,7.82,73.26,500000.0,No,Yes,0,0,0,0,0,0,0,0,1,0,0,0,0,0,0,0,1,0,0,0,0,0,0,0,0,0,0,0,0,0,0,0,75.73,0,0,1,0,0,0,13.122365377402328,0.25
973,Female,19.0,Maharashtra,OBC,Yes,60.0,Medical,2,8.25,77.27,300000.0,No,Yes,1,0,0,0,1,0,0,0,0,0,0,0,1,0,0,0,0,0,0,0,0,1,0,1,0,0,0,0,0,1,1,0,79.88499999999999,1,1,0,1,1,1,12.611541086966115,0.5
974,Female,18.0,Tamil Nadu,OBC,No,0.0,Production,1,7.95,75.44,250000.0,No,Yes,0,0,0,0,0,0,0,0,1,0,0,0,1,1,0,0,1,0,0,0,0,0,0,1,0,1,0,0,0,1,0,0,77.47,1,0,1,0,0,0,12.429220196836383,0.25
975,Female,18.0,Madhya Pradesh,General,No,0.0,Electrical,2,8.85,83.92,350000.0,No,Yes,0,1,0,1,0,0,1,0,1,0,0,0,1,0,0,0,1,1,0,0,0,0,0,0,0,1,0,1,0,0,1,0,86.21000000000001,0,1,0,0,0,0,12.765691290604371,0.5
976,Female,19.0,Other,SC,No,0.0,Chemical,3,5.37,54.8,120000.0,No,No,0,0,0,0,0,0,0,0,0,0,0,0,0,0,0,0,0,0,0,0,0,0,0,0,0,0,0,0,0,0,0,0,54.25,1,0,0,0,0,0,11.695255355062795,0.75
977,Female,21.0,Rajasthan,General,No,0.0,Electrical,2,6.41,58.93,350000.0,Yes,No,0,0,0,0,0,0,0,0,0,0,0,0,0,0,0,0,0,0,0,0,0,0,0,0,0,0,0,0,0,0,0,0,61.515,1,0,0,0,0,0,12.765691290604371,0.5
978,Female,24.0,Rajasthan,General,No,0.0,Instrumentation,2,6.79,68.63,120000.0,No,Yes,0,0,0,0,1,0,0,0,1,0,0,0,1,1,0,0,0,0,0,1,0,0,0,0,0,0,0,0,0,0,1,0,68.265,1,0,0,0,0,0,11.695255355062795,0.5
979,Male,23.0,Madhya Pradesh,SC,No,0.0,Management,4,5.0,56.91,600000.0,No,Yes,0,0,0,0,0,0,0,0,0,0,0,0,0,0,0,0,0,0,0,0,0,0,0,0,0,0,0,0,0,0,0,0,53.455,0,0,0,0,0,0,13.304686600863562,1.0
980,Male,23.0,Andhra Pradesh,EWS,No,0.0,Management,2,8.77,83.98,350000.0,Yes,No,0,0,0,0,1,0,0,0,0,0,0,0,1,0,0,0,0,0,0,0,0,0,0,0,0,0,0,0,0,1,0,0,85.84,1,1,0,0,0,1,12.765691290604371,0.5
981,Male,18.0,Karnataka,SC,Yes,90.0,CSE,3,7.43,71.44,500000.0,No,Yes,0,0,0,0,0,0,0,0,0,0,0,0,0,0,0,0,0,0,0,0,0,0,0,0,0,0,0,0,1,0,0,0,72.87,0,0,0,1,1,0,13.122365377402328,0.75
982,Male,17.0,Madhya Pradesh,SC,No,0.0,Electrical,3,8.13,79.17,350000.0,Yes,No,0,1,0,0,1,0,1,0,1,0,0,0,1,0,0,0,0,1,0,0,0,0,0,0,0,0,0,0,0,1,0,0,80.23500000000001,1,1,0,0,0,1,12.765691290604371,0.75
983,Male,20.0,Karnataka,General,No,0.0,ECE,2,8.17,77.88,350000.0,Yes,No,0,0,0,0,0,0,0,0,1,0,0,0,1,0,0,0,0,0,0,0,0,0,0,0,0,0,0,0,0,1,0,0,79.78999999999999,1,1,0,0,0,1,12.765691290604371,0.5
984,Female,17.0,Rajasthan,EWS,No,0.0,Mechanical,1,7.26,68.52,150000.0,No,Yes,0,0,0,0,1,0,0,1,1,0,0,0,1,1,0,0,0,0,0,1,0,0,0,1,0,0,0,1,0,1,1,0,70.56,1,0,1,0,0,0,11.918397239722838,0.25
985,Male,21.0,Rajasthan,General,No,0.0,Commerce,2,7.27,72.47,1200000.0,Yes,No,0,0,0,0,0,0,0,0,0,0,0,0,0,0,0,0,1,0,0,0,0,0,0,0,0,0,0,0,0,0,0,0,72.585,1,0,0,0,0,0,13.997832948091215,0.5
986,Male,25.0,Telangana,ST,No,0.0,Biotechnology,4,8.21,69.17,1200000.0,Yes,No,0,0,0,0,0,0,0,0,0,0,0,0,0,0,0,0,0,0,0,0,0,0,0,0,0,0,0,0,0,0,0,0,75.635,1,0,0,0,0,0,13.997832948091215,1.0
987,Male,19.0,Maharashtra,General,No,0.0,Mechanical,2,8.29,79.34,80000.0,No,No,1,0,0,0,1,0,0,0,1,0,0,0,1,1,0,1,0,0,0,1,1,1,0,0,0,0,0,0,0,1,0,0,81.12,1,1,0,0,0,1,11.289794413577894,0.5
988,Female,25.0,Telangana,EWS,No,0.0,Production,4,7.48,69.89,150000.0,No,Yes,0,0,0,0,0,0,0,0,1,0,0,0,0,1,0,0,0,0,0,0,0,0,0,0,0,0,0,0,0,1,0,0,72.345,1,0,0,0,0,0,11.918397239722838,1.0
989,Female,19.0,Karnataka,ST,No,0.0,Production,4,8.85,86.92,150000.0,Yes,No,0,1,0,0,1,0,0,0,1,0,1,0,1,0,0,1,1,1,0,0,1,0,0,1,0,0,0,0,0,1,1,0,87.71000000000001,1,1,0,0,0,1,11.918397239722838,1.0
990,Female,22.0,Other,ST,No,0.0,Mechanical,1,6.57,71.2,1200000.0,No,No,0,0,0,0,0,0,0,0,0,0,0,0,0,0,0,0,1,0,0,0,0,0,0,0,0,0,0,0,0,0,0,0,68.45,0,0,1,0,0,0,13.997832948091215,0.25
991,Male,21.0,Rajasthan,General,No,0.0,Biotechnology,1,6.33,56.0,200000.0,No,Yes,0,0,0,0,0,0,0,0,0,0,0,0,0,0,0,0,0,0,0,0,0,0,0,0,0,0,0,0,0,0,0,0,59.65,1,0,1,0,0,0,12.206077645517674,0.25
992,Male,18.0,Karnataka,EWS,Yes,50.0,Civil,2,6.75,66.71,800000.0,Yes,Yes,0,0,0,0,0,0,0,0,0,0,0,0,0,0,0,0,0,0,0,0,0,0,0,0,0,0,0,0,1,0,0,0,67.10499999999999,1,0,0,1,1,0,13.592368256649284,0.5
993,Female,18.0,Uttar Pradesh,EWS,Yes,90.0,Management,1,8.64,83.62,80000.0,No,Yes,0,0,0,0,1,0,0,1,0,0,0,0,1,1,0,0,1,0,1,0,1,0,0,1,0,0,0,0,0,1,1,0,85.01,1,1,1,1,1,1,11.289794413577894,0.25
994,Female,17.0,Madhya Pradesh,SC,No,0.0,Civil,3,8.37,81.06,1200000.0,No,No,0,0,0,0,0,0,1,0,0,0,0,0,0,0,0,0,0,0,0,0,0,0,0,0,0,0,0,0,0,0,0,0,82.38,0,1,0,0,0,0,13.997832948091215,0.75
995,Male,18.0,Madhya Pradesh,ST,No,0.0,ECE,2,6.73,65.23,80000.0,No,No,0,0,0,0,1,0,0,0,1,0,0,0,0,1,0,0,0,0,0,1,0,0,0,0,0,0,0,0,0,0,0,0,66.26500000000001,1,0,0,0,0,0,11.289794413577894,0.5
996,Male,21.0,Gujarat,OBC,No,0.0,AI_DS,1,8.46,82.63,1000000.0,Yes,No,0,0,0,0,0,0,0,1,0,0,0,0,0,0,0,0,0,0,0,0,0,0,0,0,0,0,0,0,0,0,0,1,83.61500000000001,1,1,1,0,0,1,13.815511557963774,0.25
997,Male,19.0,Delhi,EWS,No,0.0,Biotechnology,4,8.93,86.96,1200000.0,Yes,No,0,0,0,0,0,0,0,0,0,0,0,0,0,0,0,0,0,0,0,0,0,0,0,0,0,0,0,0,0,0,0,0,88.13,1,1,0,0,0,1,13.997832948091215,1.0
998,Female,22.0,Uttar Pradesh,ST,Yes,80.0,Medical,2,7.92,78.45,200000.0,Yes,Yes,0,0,0,0,1,0,0,0,0,0,0,0,1,0,0,0,0,0,0,0,1,0,0,1,0,0,0,0,0,1,1,0,78.825,1,0,0,1,1,0,12.206077645517674,0.5
999,Female,18.0,Maharashtra,OBC,No,0.0,Chemical,1,7.47,68.32,400000.0,Yes,No,0,0,0,0,0,0,0,0,0,0,0,0,1,0,0,0,1,0,0,0,0,1,0,0,0,0,0,0,0,1,0,0,71.50999999999999,1,0,1,0,0,0,12.899222326086994,0.25
1000,Female,19.0,Telangana,OBC,No,0.0,Pharmacy,3,7.3,71.2,120000.0,Yes,Yes,1,0,0,0,1,0,0,0,0,0,0,0,1,1,0,0,1,0,0,1,1,0,0,1,0,0,0,0,0,0,0,0,72.1,1,0,0,0,0,0,11.695255355062795,0.75
1001,Female,21.0,Tamil Nadu,General,No,0.0,Science,2,6.69,63.12,120000.0,No,Yes,0,0,0,0,0,0,0,0,0,0,0,0,1,1,0,0,0,0,0,1,0,0,0,1,0,0,0,0,0,0,0,0,65.01,1,0,0,0,0,0,11.695255355062795,0.5
1002,Female,21.0,Andhra Pradesh,ST,No,0.0,Electrical,4,6.55,61.3,300000.0,No,No,0,0,0,0,1,0,0,0,1,0,0,0,1,0,0,0,0,0,0,0,0,0,0,1,0,0,0,0,0,0,0,0,63.4,1,0,0,0,0,0,12.611541086966115,1.0
1003,Male,23.0,Delhi,ST,No,0.0,IT,1,5.23,50.32,1000000.0,Yes,Yes,0,0,0,0,0,0,0,0,0,0,0,0,0,0,0,0,0,0,0,0,0,0,0,0,0,0,0,0,0,0,0,0,51.31,1,0,1,0,0,0,13.815511557963774,0.25
1004,Male,18.0,Telangana,ST,No,0.0,Medical,1,7.5,68.8,200000.0,No,No,0,0,0,0,0,0,0,1,0,0,0,0,1,0,0,0,0,0,0,0,0,0,0,0,0,0,0,0,0,0,0,0,71.9,1,0,1,0,0,0,12.206077645517674,0.25
1005,Male,22.0,Tamil Nadu,ST,No,0.0,Science,1,8.29,81.57,120000.0,Yes,Yes,0,0,0,0,0,0,0,1,0,0,0,0,1,0,0,0,1,0,1,0,1,0,0,0,0,0,0,0,0,1,0,1,82.23499999999999,1,1,1,0,0,1,11.695255355062795,0.25
1006,Female,23.0,Karnataka,ST,No,0.0,Biotechnology,3,5.57,50.63,600000.0,No,No,0,0,0,0,0,0,0,0,0,0,0,0,0,0,0,0,0,0,0,0,0,0,0,0,0,0,0,0,0,0,0,0,53.165000000000006,0,0,0,0,0,0,13.304686600863562,0.75
1007,Female,18.0,Telangana,ST,Yes,45.0,Management,2,6.58,59.69,800000.0,Yes,No,0,0,0,0,0,0,0,0,0,0,0,0,0,0,0,0,0,0,0,0,0,0,0,0,0,0,0,0,0,0,0,0,62.745,1,0,0,1,1,0,13.592368256649284,0.5
1008,Male,23.0,Maharashtra,SC,No,0.0,Management,2,8.5,80.17,80000.0,Yes,No,1,0,0,0,0,0,0,0,0,0,0,0,1,1,0,0,1,0,0,0,1,0,0,0,0,0,0,0,0,1,0,0,82.58500000000001,1,1,0,0,0,1,11.289794413577894,0.5
1009,Female,21.0,Telangana,OBC,No,0.0,AI_DS,3,7.18,62.2,350000.0,Yes,No,0,0,0,0,1,0,0,0,0,0,0,0,1,0,0,0,0,0,0,0,0,0,1,1,0,0,0,0,0,1,1,0,67.0,1,0,0,0,0,0,12.765691290604371,0.75
1010,Female,23.0,Delhi,OBC,No,0.0,Instrumentation,2,7.49,74.75,1500000.0,Yes,Yes,0,0,0,0,0,0,0,0,0,0,0,0,0,0,0,0,0,0,0,0,0,0,0,0,0,0,0,0,0,0,0,0,74.825,1,0,0,0,0,0,14.220976332738882,0.5
1011,Female,22.0,Telangana,OBC,No,0.0,Commerce,4,7.57,72.75,400000.0,Yes,No,0,0,0,0,0,0,0,0,0,0,0,0,1,0,0,0,1,0,0,0,0,0,0,1,0,0,0,0,0,1,1,0,74.225,1,0,0,0,0,0,12.899222326086994,1.0
1012,Female,23.0,Maharashtra,EWS,No,0.0,Civil,1,9.13,82.81,1000000.0,Yes,No,0,0,0,0,0,0,0,1,0,0,0,0,0,0,0,0,0,0,0,0,0,0,0,0,0,0,0,0,0,0,0,1,87.055,1,1,1,0,0,1,13.815511557963774,0.25
1013,Female,17.0,Gujarat,ST,No,0.0,Management,3,5.0,48.05,120000.0,No,No,0,0,0,0,0,0,0,0,0,0,0,0,0,0,0,0,0,0,0,0,0,0,0,0,0,0,0,0,0,0,0,0,49.025,1,0,0,0,0,0,11.695255355062795,0.75
1014,Male,24.0,Gujarat,ST,No,0.0,ECE,1,9.66,95.49,200000.0,Yes,No,1,1,0,0,1,0,0,1,1,0,0,0,1,1,1,1,0,0,0,0,1,0,0,0,0,0,0,0,0,1,0,0,96.04499999999999,1,1,1,0,0,1,12.206077645517674,0.25
1015,Male,23.0,Karnataka,SC,No,0.0,Civil,1,7.75,72.15,300000.0,No,Yes,0,1,0,0,0,0,0,0,1,0,0,0,1,0,0,0,1,0,0,0,0,0,0,0,0,0,0,0,0,1,0,0,74.825,1,0,1,0,0,0,12.611541086966115,0.25
1016,Female,21.0,Delhi,General,No,0.0,Science,4,8.47,77.54,350000.0,No,No,0,0,0,0,0,0,0,0,0,0,0,0,0,0,0,0,0,0,0,0,0,0,0,1,0,0,0,0,0,1,1,0,81.12,0,1,0,0,0,0,12.765691290604371,1.0
1017,Female,25.0,Madhya Pradesh,General,No,0.0,Science,4,8.07,78.18,300000.0,Yes,Yes,0,0,0,0,1,0,0,0,0,0,0,0,1,0,0,0,0,0,0,1,0,0,0,1,0,0,0,0,0,1,1,0,79.44,1,1,0,0,0,1,12.611541086966115,1.0
1018,Female,23.0,Telangana,ST,No,0.0,ECE,1,8.77,91.59,1200000.0,Yes,Yes,0,0,0,0,0,0,0,1,0,0,0,0,0,0,0,0,1,0,0,0,0,0,0,0,0,0,0,0,0,0,0,0,89.645,1,1,1,0,0,1,13.997832948091215,0.25
1019,Male,23.0,Rajasthan,ST,No,0.0,ECE,4,7.97,74.19,500000.0,Yes,No,0,0,0,0,0,0,0,0,1,0,0,0,0,0,0,0,0,0,0,0,0,0,0,0,0,0,0,0,0,0,0,0,76.945,1,0,0,0,0,0,13.122365377402328,1.0
1020,Female,20.0,Karnataka,ST,No,0.0,ECE,2,7.47,65.66,1500000.0,No,Yes,0,0,0,0,0,0,0,0,0,0,0,0,0,0,0,0,0,0,0,0,0,0,0,0,0,0,0,0,0,0,0,0,70.18,0,0,0,0,0,0,14.220976332738882,0.5
1021,Female,24.0,Andhra Pradesh,ST,Yes,50.0,Production,3,6.67,62.14,250000.0,No,No,0,0,0,0,1,0,0,0,1,0,0,0,0,0,0,0,0,0,0,0,0,0,0,1,0,0,0,0,1,0,0,0,64.42,1,0,0,1,1,0,12.429220196836383,0.75
1022,Female,20.0,Maharashtra,ST,Yes,40.0,Electrical,3,6.87,65.72,1500000.0,No,No,0,0,0,0,0,0,0,0,0,0,0,0,0,0,0,0,0,0,0,0,0,0,0,0,0,0,0,0,0,0,0,0,67.21000000000001,0,0,0,1,1,0,14.220976332738882,0.75
1023,Male,23.0,Karnataka,EWS,No,0.0,Civil,4,6.51,65.21,1500000.0,Yes,No,0,0,0,0,0,0,0,0,0,0,0,0,0,0,0,0,0,0,0,0,0,0,0,0,0,0,0,0,0,0,0,0,65.155,1,0,0,0,0,0,14.220976332738882,1.0
1024,Male,23.0,Gujarat,ST,No,0.0,Mechanical,4,7.5,71.22,200000.0,Yes,Yes,1,1,0,0,1,0,1,0,1,0,0,0,1,0,0,0,1,0,0,0,1,0,0,0,0,0,0,0,0,1,0,0,73.11,1,0,0,0,0,0,12.206077645517674,1.0
1025,Male,23.0,Other,SC,No,0.0,Mechanical,3,7.11,68.01,200000.0,Yes,Yes,0,0,0,0,1,0,0,0,1,0,0,0,0,1,0,0,1,0,0,0,1,0,0,0,0,0,0,0,0,1,0,0,69.555,1,0,0,0,0,0,12.206077645517674,0.75
1026,Male,23.0,Maharashtra,EWS,No,0.0,AI_DS,4,8.49,78.05,80000.0,Yes,No,1,0,0,0,1,0,1,0,0,0,0,0,1,1,0,0,1,0,0,1,1,1,0,0,0,0,0,0,0,1,0,0,81.475,1,1,0,0,0,1,11.289794413577894,1.0
1027,Female,19.0,Karnataka,OBC,No,0.0,Production,4,6.71,62.83,1200000.0,No,Yes,0,0,0,0,0,0,0,0,0,0,0,0,0,0,0,0,0,0,0,0,0,0,0,0,0,0,0,0,0,0,0,0,64.965,0,0,0,0,0,0,13.997832948091215,1.0
1028,Female,18.0,Gujarat,General,No,0.0,ECE,1,5.88,53.4,400000.0,Yes,Yes,0,0,0,0,0,0,0,0,0,0,0,0,0,0,0,0,0,0,0,0,0,0,0,0,0,0,0,0,0,0,0,0,56.099999999999994,1,0,1,0,0,0,12.899222326086994,0.25
1029,Male,21.0,Telangana,OBC,No,0.0,Management,3,7.49,68.46,1500000.0,Yes,No,0,0,0,0,0,0,0,0,0,0,0,0,0,0,0,0,0,0,0,0,0,0,0,0,0,0,0,0,0,0,0,0,71.68,1,0,0,0,0,0,14.220976332738882,0.75
1030,Male,24.0,Maharashtra,ST,No,0.0,AI_DS,2,7.82,74.87,800000.0,No,No,0,0,0,0,0,0,0,0,0,0,0,0,0,0,0,0,1,0,0,0,0,0,0,0,0,0,0,0,0,0,0,0,76.535,0,0,0,0,0,0,13.592368256649284,0.5
1031,Female,24.0,Gujarat,OBC,No,0.0,Mechanical,1,8.52,80.53,120000.0,No,No,1,1,0,1,1,0,0,0,1,1,0,0,1,1,1,0,1,0,0,1,1,0,0,1,0,1,0,1,0,0,0,1,82.865,1,1,1,0,0,1,11.695255355062795,0.25
1032,Female,25.0,Maharashtra,OBC,No,0.0,Instrumentation,1,7.97,75.41,200000.0,Yes,Yes,1,0,1,1,1,0,0,1,1,1,0,0,1,1,0,1,1,0,0,1,1,1,0,1,0,0,0,1,0,1,1,0,77.555,1,0,1,0,0,0,12.206077645517674,0.25
1033,Male,20.0,Madhya Pradesh,General,No,0.0,CSE,3,7.82,72.54,150000.0,Yes,Yes,0,1,0,0,1,0,1,0,1,0,0,0,1,0,0,0,0,0,0,1,0,0,0,0,0,0,0,0,0,1,0,0,75.37,1,0,0,0,0,0,11.918397239722838,0.75
1034,Male,21.0,Telangana,ST,No,0.0,AI_DS,3,5.0,47.1,1000000.0,No,No,0,0,0,0,0,0,0,0,0,0,0,0,0,0,0,0,0,0,0,0,0,0,0,0,0,0,0,0,0,0,0,0,48.55,0,0,0,0,0,0,13.815511557963774,0.75
1035,Female,23.0,Delhi,ST,No,0.0,Instrumentation,2,9.21,90.27,200000.0,No,No,0,1,0,0,1,0,0,0,1,0,1,0,1,1,0,0,1,0,0,1,1,0,0,1,0,0,0,1,0,1,1,0,91.185,1,1,0,0,0,1,12.206077645517674,0.5
1036,Male,21.0,Gujarat,OBC,No,0.0,Management,4,8.66,85.98,400000.0,No,No,0,0,0,0,0,0,0,0,0,0,0,0,1,0,0,0,0,0,0,0,0,0,0,0,0,0,0,0,0,1,0,0,86.28999999999999,0,1,0,0,0,0,12.899222326086994,1.0
1037,Female,18.0,Uttar Pradesh,ST,No,0.0,Pharmacy,3,7.61,72.89,800000.0,Yes,No,0,0,0,0,0,0,0,0,0,0,0,0,0,0,0,0,1,0,0,0,0,0,0,0,0,0,0,0,0,0,0,0,74.495,1,0,0,0,0,0,13.592368256649284,0.75
1038,Male,17.0,Delhi,SC,No,0.0,Chemical,3,6.76,63.27,350000.0,Yes,Yes,0,0,0,0,1,0,0,0,0,0,0,0,0,0,0,0,0,0,0,0,0,0,0,0,0,0,0,0,0,0,0,0,65.435,1,0,0,0,0,0,12.765691290604371,0.75
1039,Male,22.0,Andhra Pradesh,OBC,No,0.0,AI_DS,2,8.24,71.2,800000.0,No,No,0,0,0,0,0,0,1,0,0,0,0,0,0,0,0,0,1,0,0,0,0,0,0,0,0,0,0,0,0,0,0,0,76.80000000000001,0,0,0,0,0,0,13.592368256649284,0.5
1040,Male,22.0,Rajasthan,General,No,0.0,CSE,3,7.33,68.28,200000.0,No,No,0,0,0,0,1,0,0,0,1,0,0,0,1,0,0,0,0,0,0,0,1,0,0,0,0,0,0,0,0,0,0,0,70.78999999999999,1,0,0,0,0,0,12.206077645517674,0.75
1041,Male,25.0,Rajasthan,ST,No,0.0,Civil,2,7.5,73.05,120000.0,No,Yes,0,0,0,0,1,0,0,0,1,0,0,0,1,1,0,0,0,1,0,0,1,0,0,0,0,0,0,0,0,0,0,0,74.025,1,0,0,0,0,0,11.695255355062795,0.5
1042,Female,23.0,Madhya Pradesh,SC,No,0.0,IT,4,5.77,47.93,400000.0,Yes,No,0,0,0,0,0,0,0,0,0,0,0,0,0,0,0,0,0,0,0,0,0,0,0,0,0,0,0,0,0,0,0,0,52.815,1,0,0,0,0,0,12.899222326086994,1.0
1043,Female,18.0,Rajasthan,ST,No,0.0,Biotechnology,4,6.84,61.32,200000.0,Yes,No,0,0,0,0,1,0,0,0,0,0,0,0,1,1,0,0,0,0,0,0,0,0,0,1,0,0,0,0,0,0,0,0,64.86,1,0,0,0,0,0,12.206077645517674,1.0
1044,Male,17.0,Tamil Nadu,SC,No,0.0,Medical,1,6.89,65.01,500000.0,Yes,No,0,0,0,0,0,0,0,0,0,0,0,0,0,0,0,0,0,0,0,0,0,0,0,0,0,0,0,0,0,0,0,0,66.955,1,0,1,0,0,0,13.122365377402328,0.25
1045,Male,18.0,Tamil Nadu,General,No,0.0,Commerce,3,6.96,70.48,250000.0,No,No,0,0,0,0,0,0,0,0,0,0,0,0,1,1,0,0,1,0,0,0,0,0,0,0,0,0,0,0,0,0,0,0,70.03999999999999,1,0,0,0,0,0,12.429220196836383,0.75
1046,Female,18.0,Delhi,SC,No,0.0,IT,4,7.89,75.86,250000.0,No,No,0,1,0,0,1,0,1,0,0,0,0,0,0,1,0,0,1,0,0,1,0,0,0,0,0,0,0,0,0,0,0,0,77.38,1,0,0,0,0,0,12.429220196836383,1.0
1047,Male,22.0,Uttar Pradesh,General,Yes,40.0,CSE,2,8.25,74.96,120000.0,No,No,0,1,0,0,1,0,1,0,1,0,0,0,0,1,0,0,0,0,0,1,1,0,0,0,0,0,0,0,1,1,0,0,78.72999999999999,1,0,0,1,1,0,11.695255355062795,0.5
1048,Male,19.0,Rajasthan,OBC,No,0.0,Pharmacy,1,8.75,82.9,1000000.0,Yes,No,0,0,0,0,0,0,0,1,0,0,0,0,0,0,0,0,1,0,0,0,0,0,0,0,0,0,0,0,0,0,0,1,85.2,1,1,1,0,0,1,13.815511557963774,0.25
1049,Male,18.0,Maharashtra,SC,No,0.0,Biotechnology,4,8.3,75.63,250000.0,Yes,Yes,0,0,0,0,0,0,0,0,0,0,0,0,0,1,0,0,0,0,0,1,1,0,0,0,0,0,0,0,0,1,0,0,79.315,1,1,0,0,0,1,12.429220196836383,1.0
1050,Female,18.0,Maharashtra,SC,No,0.0,Commerce,4,5.64,56.03,800000.0,Yes,Yes,0,0,0,0,0,0,0,0,0,0,0,0,0,0,0,0,0,0,0,0,0,0,0,0,0,0,0,0,0,0,0,0,56.215,1,0,0,0,0,0,13.592368256649284,1.0
1051,Female,24.0,Telangana,SC,No,0.0,Management,2,7.95,72.82,120000.0,No,No,1,0,0,0,1,0,0,0,0,0,0,0,1,1,0,0,0,0,0,0,0,0,0,0,0,0,0,0,0,1,0,0,76.16,1,0,0,0,0,0,11.695255355062795,0.5
1052,Male,22.0,Delhi,OBC,No,0.0,Civil,1,6.46,64.75,350000.0,No,Yes,0,0,0,0,1,0,0,0,1,0,0,0,1,0,0,0,0,0,0,0,0,0,0,0,0,0,0,0,0,0,0,0,64.675,0,0,1,0,0,0,12.765691290604371,0.25
1053,Male,17.0,Other,OBC,No,0.0,Medical,2,6.07,62.59,350000.0,Yes,No,0,0,0,0,1,0,0,0,0,0,0,0,0,0,0,0,0,0,0,0,0,0,0,0,0,0,0,0,0,0,0,0,61.645,1,0,0,0,0,0,12.765691290604371,0.5
1054,Male,25.0,Delhi,SC,No,0.0,Chemical,4,6.42,62.91,800000.0,Yes,Yes,0,0,0,0,0,0,0,0,0,0,0,0,0,0,0,0,0,0,0,0,0,0,0,0,0,0,0,0,0,0,0,0,63.555,1,0,0,0,0,0,13.592368256649284,1.0
1055,Male,20.0,Madhya Pradesh,ST,No,0.0,Civil,4,7.11,69.35,200000.0,Yes,No,0,0,0,0,0,0,0,0,0,0,0,0,1,1,0,0,1,0,0,0,1,0,0,0,0,0,0,0,0,1,0,0,70.225,1,0,0,0,0,0,12.206077645517674,1.0
1056,Female,19.0,Other,SC,No,0.0,ECE,2,6.85,64.59,400000.0,Yes,Yes,0,0,0,0,1,0,0,0,0,0,0,0,1,0,0,0,0,0,0,0,0,0,0,0,0,0,0,0,0,0,0,0,66.545,1,0,0,0,0,0,12.899222326086994,0.5
1057,Male,17.0,Maharashtra,OBC,No,0.0,Management,4,7.55,68.72,300000.0,No,Yes,0,0,0,0,0,0,0,0,0,0,0,0,1,0,0,0,0,0,0,1,0,1,0,0,0,0,0,0,0,0,0,0,72.11,1,0,0,0,0,0,12.611541086966115,1.0
1058,Male,22.0,Andhra Pradesh,OBC,No,0.0,Commerce,3,8.39,78.17,80000.0,No,No,0,0,0,0,0,0,0,0,0,0,0,0,1,1,0,0,0,0,0,1,0,0,0,0,0,0,0,0,0,1,0,0,81.035,1,1,0,0,0,1,11.289794413577894,0.75
1059,Female,18.0,Maharashtra,ST,No,0.0,CSE,2,7.23,65.7,250000.0,Yes,No,0,0,0,0,0,0,0,0,1,0,0,0,1,1,0,0,0,0,0,0,1,0,0,1,0,0,0,0,0,0,1,0,69.0,1,0,0,0,0,0,12.429220196836383,0.5
1060,Male,21.0,Delhi,EWS,No,0.0,Commerce,1,5.0,46.93,350000.0,Yes,Yes,0,0,0,0,0,0,0,0,0,0,0,0,0,0,0,0,0,0,0,0,0,0,0,0,0,0,0,0,0,0,0,0,48.465,1,0,1,0,0,0,12.765691290604371,0.25
1061,Male,20.0,Rajasthan,General,No,0.0,Instrumentation,2,10.0,97.35,120000.0,Yes,No,0,1,0,0,1,0,1,0,1,0,0,0,0,1,0,0,1,0,0,1,1,0,0,0,0,0,0,0,0,1,0,0,98.675,1,1,0,0,0,1,11.695255355062795,0.5
1062,Male,23.0,Andhra Pradesh,ST,No,0.0,Instrumentation,4,7.48,70.27,200000.0,Yes,Yes,0,0,0,0,1,0,0,0,1,0,0,0,1,1,0,0,0,0,0,1,1,0,0,0,0,0,0,0,0,1,0,0,72.535,1,0,0,0,0,0,12.206077645517674,1.0
1063,Female,21.0,Uttar Pradesh,SC,No,0.0,ECE,2,7.53,73.18,500000.0,No,No,0,0,0,0,0,0,1,0,1,0,0,0,0,0,0,0,1,0,0,0,0,0,0,1,0,0,0,1,0,0,0,0,74.24000000000001,0,0,0,0,0,0,13.122365377402328,0.5
1064,Male,19.0,Madhya Pradesh,General,No,0.0,Biotechnology,4,6.08,61.1,150000.0,Yes,No,0,0,0,0,1,0,0,0,0,0,0,0,1,1,0,0,0,0,0,0,0,0,0,0,0,0,0,0,0,0,0,0,60.95,1,0,0,0,0,0,11.918397239722838,1.0
1065,Female,22.0,Maharashtra,OBC,No,0.0,AI_DS,2,8.36,81.57,800000.0,Yes,No,0,0,0,0,0,0,1,0,0,0,0,0,0,0,0,0,0,0,0,0,0,0,1,0,0,0,0,1,0,0,0,0,82.585,1,1,0,0,0,1,13.592368256649284,0.5
1066,Female,17.0,Tamil Nadu,OBC,No,0.0,IT,1,8.03,76.34,600000.0,No,Yes,0,0,0,0,0,0,0,0,0,0,0,0,0,0,0,0,0,0,0,0,0,0,0,1,0,0,0,1,0,0,0,0,78.32,0,1,1,0,0,0,13.304686600863562,0.25
1067,Male,19.0,Rajasthan,General,No,0.0,Biotechnology,4,8.31,80.72,400000.0,No,No,0,0,0,0,1,0,0,0,0,0,0,0,0,0,0,0,0,0,0,0,0,0,0,0,0,0,0,0,0,1,0,0,81.91,0,1,0,0,0,0,12.899222326086994,1.0
1068,Female,21.0,Madhya Pradesh,ST,Yes,50.0,Chemical,3,7.08,65.54,500000.0,No,Yes,0,0,0,0,1,0,0,0,0,0,0,0,0,0,0,0,0,0,0,0,0,0,0,0,0,0,0,0,1,0,0,0,68.17,0,0,0,1,1,0,13.122365377402328,0.75
1069,Female,25.0,Other,General,No,0.0,Commerce,2,7.62,77.04,800000.0,Yes,No,0,0,0,0,0,0,0,0,0,0,0,0,0,0,0,0,0,0,0,0,0,0,0,0,0,0,0,0,0,0,0,0,76.62,1,0,0,0,0,0,13.592368256649284,0.5
1070,Female,17.0,Karnataka,EWS,No,0.0,CSE,3,6.01,71.2,200000.0,Yes,Yes,0,0,0,0,0,0,0,0,1,0,0,0,0,1,0,0,0,0,0,0,0,0,0,1,0,0,0,0,0,1,1,0,65.65,1,0,0,0,0,0,12.206077645517674,0.75
1071,Female,18.0,Telangana,EWS,No,0.0,Science,2,7.7,73.3,250000.0,No,No,1,0,0,0,1,0,0,0,0,0,0,0,1,1,0,0,0,0,0,0,1,0,0,1,0,0,0,0,0,1,1,0,75.15,1,0,0,0,0,0,12.429220196836383,0.5
1072,Female,23.0,Telangana,SC,No,0.0,Biotechnology,1,7.71,71.2,350000.0,No,No,0,0,0,0,0,0,0,0,0,0,0,0,1,0,0,0,1,0,0,0,0,0,0,1,0,0,0,0,0,1,0,0,74.15,0,0,1,0,0,0,12.765691290604371,0.25
1073,Female,18.0,Maharashtra,ST,No,0.0,Electrical,4,7.23,73.15,800000.0,Yes,No,0,0,0,0,0,0,0,0,0,0,0,0,0,0,0,0,1,0,0,0,0,0,0,0,0,0,0,0,0,0,0,0,72.72500000000001,1,0,0,0,0,0,13.592368256649284,1.0
1074,Male,21.0,Tamil Nadu,SC,No,0.0,Chemical,1,5.58,50.52,400000.0,Yes,Yes,0,0,0,0,0,0,0,0,0,0,0,0,0,0,0,0,0,0,0,0,0,0,0,0,0,0,0,0,0,0,0,0,53.16,1,0,1,0,0,0,12.899222326086994,0.25
1075,Female,18.0,Maharashtra,ST,No,0.0,Commerce,3,7.38,65.18,800000.0,Yes,Yes,0,0,0,0,0,0,0,0,0,0,0,0,0,0,0,0,0,0,0,0,0,0,0,0,0,0,0,0,0,0,0,0,69.49000000000001,1,0,0,0,0,0,13.592368256649284,0.75
1076,Female,19.0,Madhya Pradesh,SC,No,0.0,Electrical,1,7.29,74.24,1000000.0,No,Yes,0,0,0,0,0,0,0,0,0,0,0,0,0,0,0,0,1,0,0,0,0,0,0,0,0,0,0,0,0,0,0,1,73.57,0,0,1,0,0,0,13.815511557963774,0.25
1077,Male,23.0,Uttar Pradesh,General,No,0.0,IT,4,7.53,72.23,350000.0,Yes,No,0,1,0,0,0,0,1,0,0,0,0,0,1,0,0,0,0,0,0,0,0,0,0,0,0,0,0,0,0,1,0,0,73.765,1,0,0,0,0,0,12.765691290604371,1.0
1078,Female,23.0,Rajasthan,SC,No,0.0,Chemical,2,5.99,55.06,600000.0,No,No,0,0,0,0,0,0,0,0,0,0,0,0,0,0,0,0,0,0,0,0,0,0,0,0,0,0,0,0,0,0,0,0,57.480000000000004,0,0,0,0,0,0,13.304686600863562,0.5
1079,Male,20.0,Maharashtra,OBC,No,0.0,Civil,3,7.05,66.02,250000.0,Yes,No,1,0,0,0,1,0,0,0,1,0,0,0,1,1,0,0,0,0,0,1,1,1,0,0,0,0,0,0,0,1,0,0,68.25999999999999,1,0,0,0,0,0,12.429220196836383,0.75
1080,Female,25.0,Gujarat,ST,No,0.0,Commerce,1,9.04,87.55,350000.0,No,No,0,0,0,0,0,0,0,1,0,0,0,0,0,0,0,0,0,0,0,0,0,0,0,1,1,0,0,0,0,1,1,0,88.975,0,1,1,0,0,0,12.765691290604371,0.25
1081,Female,24.0,Madhya Pradesh,ST,No,0.0,Commerce,4,6.17,59.35,80000.0,Yes,No,0,0,0,0,0,0,0,0,0,0,0,0,0,1,0,0,0,0,0,0,0,0,0,0,0,0,0,0,0,0,0,0,60.525000000000006,1,0,0,0,0,0,11.289794413577894,1.0
1082,Male,19.0,Uttar Pradesh,SC,No,0.0,Pharmacy,2,8.1,80.37,600000.0,No,Yes,0,0,0,0,0,0,0,0,0,0,0,0,0,0,0,0,0,0,0,0,0,0,0,0,0,0,0,0,0,0,0,0,80.685,0,1,0,0,0,0,13.304686600863562,0.5
1083,Female,19.0,Andhra Pradesh,General,No,0.0,Science,1,9.4,86.25,120000.0,Yes,No,0,0,0,0,1,0,0,1,0,0,0,0,1,0,0,0,1,0,1,1,1,0,0,1,1,0,0,0,0,0,1,1,90.125,1,1,1,0,0,1,11.695255355062795,0.25
1084,Male,22.0,Uttar Pradesh,General,No,0.0,Management,3,6.53,58.26,1500000.0,Yes,Yes,0,0,0,0,0,0,0,0,0,0,0,0,0,0,0,0,0,0,0,0,0,0,0,0,0,0,0,0,0,0,0,0,61.78,1,0,0,0,0,0,14.220976332738882,0.75
1085,Male,20.0,Delhi,OBC,No,0.0,Management,2,7.22,69.99,200000.0,Yes,No,0,0,0,0,1,0,0,0,0,0,0,0,1,1,0,0,0,0,0,1,1,0,0,0,0,0,0,0,0,1,0,0,71.095,1,0,0,0,0,0,12.206077645517674,0.5
1086,Female,17.0,Tamil Nadu,EWS,No,0.0,ECE,1,8.68,82.23,80000.0,Yes,Yes,0,1,0,1,1,0,0,1,1,1,0,1,0,1,1,0,0,0,1,1,1,0,0,1,0,0,0,1,0,1,1,1,84.515,1,1,1,0,0,1,11.289794413577894,0.25
1087,Male,20.0,Karnataka,General,No,0.0,Science,4,7.12,68.1,80000.0,Yes,No,0,0,0,0,0,0,0,0,0,0,0,0,1,1,0,0,1,0,0,1,0,0,0,0,0,0,0,0,0,1,0,0,69.65,1,0,0,0,0,0,11.289794413577894,1.0
1088,Female,24.0,Gujarat,OBC,No,0.0,Instrumentation,4,6.5,68.02,1500000.0,Yes,No,0,0,0,0,0,0,0,0,0,0,0,0,0,0,0,0,0,0,0,0,0,0,0,0,0,0,0,0,0,0,0,0,66.50999999999999,1,0,0,0,0,0,14.220976332738882,1.0
1089,Male,17.0,Gujarat,OBC,No,0.0,Production,2,5.57,53.47,500000.0,Yes,No,0,0,0,0,0,0,0,0,0,0,0,0,0,0,0,0,0,0,0,0,0,0,0,0,0,0,0,0,0,0,0,0,54.585,1,0,0,0,0,0,13.122365377402328,0.5
1090,Female,21.0,Telangana,General,No,0.0,Management,3,9.93,94.36,800000.0,No,No,0,0,0,0,0,0,0,0,0,0,0,0,0,0,0,0,1,0,0,0,0,0,0,0,0,0,0,0,0,0,0,0,96.83,0,1,0,0,0,0,13.592368256649284,0.75
1091,Female,18.0,Tamil Nadu,ST,No,0.0,Electrical,1,7.27,67.99,250000.0,No,Yes,0,0,0,0,1,0,0,1,1,0,0,0,1,0,0,0,1,0,0,1,0,0,0,0,0,0,0,0,0,0,1,0,70.345,1,0,1,0,0,0,12.429220196836383,0.25
1092,Female,17.0,Uttar Pradesh,SC,Yes,80.0,Science,1,7.28,73.28,300000.0,Yes,No,0,0,0,0,0,0,0,0,0,0,0,0,1,0,0,0,0,0,0,0,0,0,0,1,0,0,0,0,0,1,1,1,73.03999999999999,1,0,1,1,1,0,12.611541086966115,0.25
1093,Female,21.0,Maharashtra,OBC,No,0.0,Civil,3,5.0,52.1,1000000.0,No,Yes,0,0,0,0,0,0,0,0,0,0,0,0,0,0,0,0,0,0,0,0,0,0,0,0,0,0,0,0,0,0,0,0,51.05,0,0,0,0,0,0,13.815511557963774,0.75
1094,Male,19.0,Madhya Pradesh,EWS,No,0.0,Electrical,3,5.79,54.21,1200000.0,No,No,0,0,0,0,0,0,0,0,0,0,0,0,0,0,0,0,0,0,0,0,0,0,0,0,0,0,0,0,0,0,0,0,56.055,0,0,0,0,0,0,13.997832948091215,0.75
1095,Male,24.0,Andhra Pradesh,ST,No,0.0,Mechanical,3,6.98,68.08,150000.0,No,No,0,0,0,0,1,0,0,0,0,0,0,0,1,1,0,0,0,0,0,1,0,0,0,0,0,0,0,0,0,1,0,0,68.94,1,0,0,0,0,0,11.918397239722838,0.75
1096,Female,18.0,Maharashtra,General,No,0.0,Mechanical,2,5.58,54.4,120000.0,Yes,No,0,0,0,0,0,0,0,0,0,0,0,0,0,0,0,0,0,0,0,0,0,1,0,0,0,0,0,0,0,0,0,0,55.099999999999994,1,0,0,0,0,0,11.695255355062795,0.5
1097,Female,22.0,Karnataka,OBC,No,0.0,Mechanical,4,9.93,90.25,1200000.0,No,Yes,0,0,0,0,0,0,1,0,0,0,1,0,0,0,0,0,1,1,0,0,0,0,0,0,0,0,0,0,0,0,0,0,94.775,0,1,0,0,0,0,13.997832948091215,1.0
1098,Male,21.0,Rajasthan,General,No,0.0,AI_DS,4,7.73,71.45,1200000.0,No,No,0,0,0,0,0,0,1,0,0,0,0,0,0,0,0,0,0,0,0,0,0,0,0,0,0,0,0,0,0,0,0,0,74.375,0,0,0,0,0,0,13.997832948091215,1.0
1099,Male,22.0,Rajasthan,ST,No,0.0,Civil,2,8.01,76.15,250000.0,No,No,0,1,0,0,1,0,0,0,1,0,0,0,1,1,0,1,0,0,0,1,1,0,0,0,0,0,0,0,0,1,0,0,78.125,1,1,0,0,0,1,12.429220196836383,0.5
1100,Female,20.0,Karnataka,OBC,No,0.0,Civil,1,6.73,65.4,600000.0,Yes,Yes,0,0,0,0,0,0,0,1,1,0,0,0,0,0,0,0,0,0,0,0,0,0,0,1,0,0,0,0,0,0,0,1,66.35000000000001,1,0,1,0,0,0,13.304686600863562,0.25
1101,Male,17.0,Gujarat,General,No,0.0,Commerce,1,9.67,91.29,300000.0,Yes,No,1,0,0,0,1,0,0,1,0,0,0,0,1,0,0,0,1,0,1,1,0,0,0,0,0,0,0,0,0,1,0,0,93.995,1,1,1,0,0,1,12.611541086966115,0.25
1102,Male,20.0,Uttar Pradesh,ST,No,0.0,Pharmacy,2,8.36,75.54,1200000.0,Yes,No,0,0,0,0,0,0,0,0,0,0,0,0,0,0,0,0,0,0,0,0,0,0,0,0,0,0,0,0,0,0,0,0,79.57,1,1,0,0,0,1,13.997832948091215,0.5
1103,Female,23.0,Rajasthan,EWS,No,0.0,Chemical,1,6.35,61.74,120000.0,No,Yes,0,0,0,0,1,0,0,1,1,0,0,0,1,1,0,0,0,0,0,0,0,0,0,1,0,0,0,0,0,0,0,0,62.620000000000005,1,0,1,0,0,0,11.695255355062795,0.25
1104,Male,25.0,Madhya Pradesh,General,No,0.0,Chemical,3,9.28,89.23,350000.0,No,Yes,0,0,0,0,0,0,1,0,1,0,0,0,1,0,0,0,1,0,0,0,0,0,0,0,0,0,0,0,0,1,0,0,91.015,0,1,0,0,0,0,12.765691290604371,0.75
1105,Male,21.0,Rajasthan,EWS,No,0.0,Chemical,4,7.12,67.64,600000.0,Yes,Yes,0,0,0,0,0,0,0,0,0,0,0,0,0,0,0,0,0,0,0,0,0,0,0,0,0,0,0,0,0,0,0,0,69.42,1,0,0,0,0,0,13.304686600863562,1.0
1106,Female,21.0,Other,General,Yes,60.0,Instrumentation,2,6.0,58.81,300000.0,Yes,Yes,0,0,0,0,0,0,0,0,0,0,0,0,0,0,0,0,0,0,0,0,0,0,0,0,0,0,0,0,1,0,0,0,59.405,1,0,0,1,1,0,12.611541086966115,0.5
1107,Male,25.0,Madhya Pradesh,General,No,0.0,AI_DS,1,8.56,79.96,300000.0,Yes,No,0,0,0,0,1,0,0,1,1,0,0,0,1,0,0,1,1,0,0,1,0,0,0,0,0,0,0,0,0,1,0,0,82.78,1,1,1,0,0,1,12.611541086966115,0.25
1108,Male,25.0,Tamil Nadu,OBC,No,0.0,IT,1,6.94,66.73,80000.0,No,Yes,0,0,0,0,1,0,0,1,1,0,0,0,1,1,0,0,0,0,0,1,0,0,0,0,0,0,0,0,0,0,0,0,68.065,1,0,1,0,0,0,11.289794413577894,0.25
1109,Female,23.0,Tamil Nadu,SC,No,0.0,Production,1,6.98,66.11,80000.0,Yes,Yes,0,0,0,0,1,0,0,1,0,0,0,0,1,0,0,0,0,0,0,1,0,0,0,1,0,0,0,1,0,1,1,1,67.95500000000001,1,0,1,0,0,0,11.289794413577894,0.25
1110,Female,17.0,Delhi,ST,No,0.0,Medical,2,10.0,94.26,350000.0,No,Yes,0,0,0,0,0,0,0,0,0,0,0,0,1,0,0,0,1,0,0,0,0,0,0,1,0,0,0,0,0,1,1,0,97.13,0,1,0,0,0,0,12.765691290604371,0.5
1111,Male,24.0,Rajasthan,EWS,No,0.0,Pharmacy,3,7.07,65.22,200000.0,No,No,0,0,0,0,1,0,0,0,0,0,0,0,1,0,0,0,0,0,0,1,0,0,0,0,0,0,0,0,0,0,0,0,67.96000000000001,1,0,0,0,0,0,12.206077645517674,0.75
1112,Male,20.0,Karnataka,General,No,0.0,Production,4,8.39,79.16,1000000.0,Yes,Yes,0,0,0,0,0,0,0,0,0,0,0,0,0,0,0,0,1,1,0,0,0,0,0,0,0,0,0,0,0,0,0,0,81.53,1,1,0,0,0,1,13.815511557963774,1.0
1113,Male,17.0,Rajasthan,General,No,0.0,Mechanical,3,6.72,67.8,350000.0,No,No,0,0,0,0,0,0,0,0,0,0,0,0,0,0,0,0,0,0,0,0,0,0,0,0,0,0,0,0,0,0,0,0,67.5,0,0,0,0,0,0,12.765691290604371,0.75
1114,Male,21.0,Gujarat,EWS,No,0.0,ECE,1,9.2,85.6,120000.0,No,Yes,1,1,0,0,0,0,0,0,1,1,0,0,0,1,1,0,0,0,0,1,0,0,0,0,0,0,0,0,0,1,0,1,88.8,1,1,1,0,0,1,11.695255355062795,0.25
1115,Female,22.0,Karnataka,ST,No,0.0,Pharmacy,3,5.26,52.99,350000.0,Yes,No,0,0,0,0,0,0,0,0,0,0,0,0,0,0,0,0,0,0,0,0,0,0,0,0,0,0,0,0,0,0,0,0,52.795,1,0,0,0,0,0,12.765691290604371,0.75
1116,Female,25.0,Delhi,General,No,0.0,Commerce,4,6.68,65.83,250000.0,Yes,Yes,0,0,0,0,1,0,0,0,0,0,0,0,1,0,0,0,0,0,0,0,0,0,0,1,0,0,0,0,0,0,1,0,66.315,1,0,0,0,0,0,12.429220196836383,1.0
1117,Male,25.0,Karnataka,SC,No,0.0,Civil,1,5.14,51.51,300000.0,Yes,Yes,0,0,0,0,0,0,0,0,0,0,0,0,0,0,0,0,0,0,0,0,0,0,0,0,0,0,0,0,0,0,0,0,51.455,1,0,1,0,0,0,12.611541086966115,0.25
1118,Male,24.0,Other,ST,No,0.0,CSE,4,6.05,59.67,350000.0,Yes,No,0,0,0,0,0,0,0,0,0,0,0,0,0,0,0,0,0,0,0,0,0,0,0,0,0,0,0,0,0,0,0,0,60.085,1,0,0,0,0,0,12.765691290604371,1.0
1119,Female,23.0,Telangana,General,No,0.0,Medical,4,7.52,68.58,80000.0,No,No,0,0,0,0,1,0,0,0,0,0,0,0,1,1,0,0,1,0,0,1,1,0,0,1,0,0,0,0,0,1,0,0,71.88999999999999,1,0,0,0,0,0,11.289794413577894,1.0
1120,Female,17.0,Karnataka,OBC,No,0.0,Commerce,1,7.01,68.65,800000.0,No,Yes,0,0,0,0,0,0,0,0,0,0,0,0,0,0,0,0,1,0,0,0,0,0,0,0,0,0,0,0,0,0,0,1,69.375,0,0,1,0,0,0,13.592368256649284,0.25
1121,Female,17.0,Uttar Pradesh,SC,No,0.0,Instrumentation,2,7.63,74.24,1200000.0,Yes,No,0,0,0,0,0,0,0,0,0,0,0,0,0,0,0,0,0,0,0,0,0,0,0,0,0,0,0,0,0,0,0,0,75.27,1,0,0,0,0,0,13.997832948091215,0.5
1122,Female,23.0,Maharashtra,General,No,0.0,Chemical,4,9.87,89.07,350000.0,No,No,0,1,0,0,0,0,1,0,1,0,1,0,1,0,0,0,1,0,0,0,0,1,0,1,0,0,1,0,0,1,0,0,93.88499999999999,0,1,0,0,0,0,12.765691290604371,1.0
1123,Female,24.0,Karnataka,OBC,No,0.0,Instrumentation,3,9.44,89.99,120000.0,Yes,No,0,1,0,0,1,0,1,0,1,0,1,0,1,1,0,1,1,0,0,1,0,0,0,1,0,0,1,0,0,1,1,0,92.195,1,1,0,0,0,1,11.695255355062795,0.75
1124,Female,23.0,Maharashtra,EWS,No,0.0,Instrumentation,3,6.42,57.0,1200000.0,Yes,Yes,0,0,0,0,0,0,0,0,0,0,0,0,0,0,0,0,0,0,0,0,0,0,0,0,0,0,0,0,0,0,0,0,60.6,1,0,0,0,0,0,13.997832948091215,0.75
1125,Female,22.0,Telangana,OBC,No,0.0,CSE,4,7.27,71.83,80000.0,No,Yes,0,0,0,0,1,0,0,0,1,0,0,0,1,1,0,0,0,0,0,1,0,0,0,1,0,0,0,0,0,0,0,0,72.26499999999999,1,0,0,0,0,0,11.289794413577894,1.0
1126,Female,24.0,Other,EWS,No,0.0,IT,1,7.35,74.36,250000.0,No,Yes,0,0,0,1,1,0,0,0,0,0,0,0,1,1,0,0,0,0,0,0,1,0,0,1,0,0,0,1,0,1,1,0,73.93,1,0,1,0,0,0,12.429220196836383,0.25
1127,Female,19.0,Telangana,SC,No,0.0,CSE,2,5.76,54.68,200000.0,Yes,Yes,0,0,0,0,0,0,0,0,0,0,0,0,0,0,0,0,0,0,0,0,0,0,0,0,0,0,0,0,0,0,0,0,56.14,1,0,0,0,0,0,12.206077645517674,0.5
1128,Male,20.0,Rajasthan,General,No,0.0,Science,3,6.0,58.09,80000.0,Yes,Yes,0,0,0,0,0,0,0,0,0,0,0,0,0,1,0,0,0,0,0,0,0,0,0,0,0,0,0,0,0,0,0,0,59.045,1,0,0,0,0,0,11.289794413577894,0.75
1129,Female,21.0,Maharashtra,SC,No,0.0,IT,2,8.56,80.06,300000.0,Yes,Yes,1,1,0,0,1,0,1,0,1,0,0,0,1,0,0,0,1,0,0,1,0,0,1,0,0,0,0,1,0,1,1,0,82.83000000000001,1,1,0,0,0,1,12.611541086966115,0.5
1130,Female,18.0,Delhi,General,No,0.0,Biotechnology,3,5.0,48.1,1500000.0,No,Yes,0,0,0,0,0,0,0,0,0,0,0,0,0,0,0,0,0,0,0,0,0,0,0,0,0,0,0,0,0,0,0,0,49.05,0,0,0,0,0,0,14.220976332738882,0.75
1131,Female,21.0,Gujarat,General,No,0.0,Pharmacy,3,8.02,77.4,350000.0,No,No,0,0,0,0,0,0,0,0,0,0,0,0,0,0,0,0,0,0,0,0,0,0,0,1,0,0,0,0,0,1,1,0,78.8,0,1,0,0,0,0,12.765691290604371,0.75
1132,Female,17.0,Gujarat,SC,Yes,45.0,CSE,1,8.98,82.1,600000.0,Yes,No,0,0,0,0,0,1,0,1,1,0,0,0,0,0,0,0,1,0,0,0,0,0,0,1,0,0,0,1,1,0,0,1,85.95,1,1,1,1,1,1,13.304686600863562,0.25
1133,Female,20.0,Andhra Pradesh,EWS,Yes,80.0,Electrical,4,8.32,82.62,1200000.0,Yes,Yes,0,0,0,0,0,0,0,0,0,0,0,0,0,0,0,0,0,0,0,0,0,0,0,0,0,0,1,0,0,0,0,0,82.91,1,1,0,1,1,1,13.997832948091215,1.0
1134,Male,21.0,Uttar Pradesh,EWS,No,0.0,ECE,1,5.37,71.2,600000.0,No,No,0,0,0,0,0,0,0,0,0,0,0,0,0,0,0,0,1,0,0,0,0,0,0,0,0,0,0,0,0,0,0,0,62.45,0,0,1,0,0,0,13.304686600863562,0.25
1135,Female,21.0,Karnataka,EWS,No,0.0,Production,3,6.89,65.21,200000.0,No,Yes,0,0,0,0,1,0,0,0,1,0,0,0,1,0,0,0,0,0,0,0,0,0,0,1,0,0,0,0,0,0,0,0,67.05499999999999,1,0,0,0,0,0,12.206077645517674,0.75
1136,Female,22.0,Rajasthan,OBC,No,0.0,Commerce,3,7.92,73.78,120000.0,No,Yes,0,0,0,0,1,0,0,0,0,0,0,0,1,1,0,0,1,0,0,0,1,0,0,1,0,0,0,0,0,0,1,0,76.49000000000001,1,0,0,0,0,0,11.695255355062795,0.75
1137,Female,24.0,Uttar Pradesh,OBC,No,0.0,Commerce,2,6.69,63.66,600000.0,Yes,Yes,0,0,0,0,0,0,0,0,0,0,0,0,0,0,0,0,0,0,0,0,0,0,0,1,0,0,0,0,0,0,0,0,65.28,1,0,0,0,0,0,13.304686600863562,0.5
1138,Female,19.0,Uttar Pradesh,SC,No,0.0,Biotechnology,3,6.2,55.64,120000.0,Yes,No,0,0,0,0,0,0,0,0,0,0,0,0,0,0,0,0,0,0,0,0,0,0,0,0,0,0,0,0,0,0,0,0,58.82,1,0,0,0,0,0,11.695255355062795,0.75
1139,Female,25.0,Gujarat,EWS,No,0.0,Civil,2,8.32,75.59,400000.0,Yes,Yes,0,0,0,1,1,0,1,0,1,0,0,0,1,0,0,0,0,0,0,0,0,0,0,1,0,1,0,0,0,1,1,0,79.39500000000001,1,1,0,0,0,1,12.899222326086994,0.5
1140,Male,23.0,Telangana,EWS,No,0.0,Management,1,8.3,80.24,350000.0,Yes,No,0,0,0,0,0,0,0,1,0,0,0,0,1,0,0,0,0,0,0,0,0,0,0,0,0,0,0,0,0,1,0,1,81.62,1,1,1,0,0,1,12.765691290604371,0.25
1141,Male,19.0,Rajasthan,OBC,No,0.0,Medical,4,5.43,49.55,300000.0,Yes,No,0,0,0,0,0,0,0,0,0,0,0,0,0,0,0,0,0,0,0,0,0,0,0,0,0,0,0,0,0,0,0,0,51.925,1,0,0,0,0,0,12.611541086966115,1.0
1142,Male,21.0,Rajasthan,SC,No,0.0,Biotechnology,1,8.93,81.89,1000000.0,Yes,Yes,0,0,0,0,0,0,0,1,0,0,0,0,0,0,0,0,1,0,0,0,0,0,0,0,0,0,0,0,0,0,0,0,85.595,1,1,1,0,0,1,13.815511557963774,0.25
1143,Female,24.0,Andhra Pradesh,ST,No,0.0,Commerce,3,6.94,67.32,1200000.0,No,Yes,0,0,0,0,0,0,0,0,0,0,0,0,0,0,0,0,0,0,0,0,0,0,0,0,0,0,0,0,0,0,0,0,68.36,0,0,0,0,0,0,13.997832948091215,0.75
1144,Male,21.0,Rajasthan,OBC,No,0.0,Pharmacy,4,8.44,79.43,350000.0,No,No,0,0,0,0,0,0,0,0,0,0,0,0,0,0,0,0,0,0,0,0,0,0,0,0,0,0,0,0,0,1,0,0,81.91499999999999,0,1,0,0,0,0,12.765691290604371,1.0
1145,Male,25.0,Uttar Pradesh,SC,No,0.0,ECE,2,6.78,68.68,250000.0,No,No,0,0,0,0,1,0,0,0,1,0,0,0,1,0,0,0,0,0,0,0,0,0,0,0,0,0,0,0,0,0,0,0,68.24000000000001,1,0,0,0,0,0,12.429220196836383,0.5
1146,Male,25.0,Delhi,EWS,No,0.0,Commerce,3,9.59,94.04,300000.0,No,No,0,0,0,0,1,0,0,0,0,0,0,0,1,0,0,0,1,0,0,1,0,0,0,0,0,0,0,0,0,1,0,0,94.97,1,1,0,0,0,1,12.611541086966115,0.75
1147,Male,19.0,Maharashtra,OBC,No,0.0,Instrumentation,3,7.6,69.78,120000.0,No,No,0,0,0,0,1,0,0,0,0,0,0,0,0,1,0,0,0,0,0,1,0,0,0,0,0,0,0,0,0,0,0,0,72.89,1,0,0,0,0,0,11.695255355062795,0.75
1148,Male,18.0,Telangana,SC,No,0.0,Production,2,6.5,63.32,250000.0,No,Yes,0,0,0,0,1,0,0,0,1,0,0,0,1,0,0,0,0,0,0,0,0,0,0,0,0,0,0,0,0,0,0,0,64.16,1,0,0,0,0,0,12.429220196836383,0.5
1149,Male,21.0,Gujarat,General,No,0.0,Mechanical,1,8.0,80.2,600000.0,Yes,Yes,0,0,0,0,0,0,0,1,1,0,0,0,0,0,0,0,0,0,0,0,0,0,0,0,0,0,0,0,0,0,0,1,80.1,1,1,1,0,0,1,13.304686600863562,0.25
1150,Male,24.0,Maharashtra,SC,No,0.0,Commerce,4,8.28,74.15,500000.0,Yes,No,0,0,0,0,1,0,0,0,0,0,0,0,0,0,0,0,1,0,0,0,0,0,0,0,0,0,0,0,0,0,0,0,78.475,1,0,0,0,0,0,13.122365377402328,1.0
1151,Female,18.0,Rajasthan,ST,No,0.0,Management,3,8.76,80.23,120000.0,Yes,No,0,0,0,0,1,0,0,0,0,0,0,0,1,0,0,0,1,0,0,1,1,0,0,1,0,0,0,0,0,0,1,0,83.91499999999999,1,1,0,0,0,1,11.695255355062795,0.75
1152,Male,22.0,Rajasthan,OBC,No,0.0,Biotechnology,2,7.04,67.63,500000.0,No,No,0,0,0,0,1,0,0,0,0,0,0,0,0,0,0,0,1,0,0,0,0,0,0,0,0,0,0,0,0,0,0,0,69.015,0,0,0,0,0,0,13.122365377402328,0.5
1153,Female,25.0,Other,General,No,0.0,Biotechnology,1,9.89,98.0,350000.0,Yes,No,0,0,0,0,1,0,0,1,0,0,0,0,1,0,0,0,1,0,0,0,0,0,0,0,1,0,0,0,0,1,1,1,98.45,1,1,1,0,0,1,12.765691290604371,0.25
1154,Male,25.0,Other,General,No,0.0,CSE,2,8.23,77.64,150000.0,No,Yes,0,0,0,0,1,0,1,0,1,0,0,0,1,1,0,0,0,0,0,1,1,0,0,0,0,0,0,0,0,1,0,0,79.97,1,1,0,0,0,1,11.918397239722838,0.5
1155,Male,21.0,Tamil Nadu,OBC,No,0.0,Mechanical,4,8.14,79.99,250000.0,Yes,Yes,0,1,0,0,1,0,1,0,0,0,0,0,1,1,0,1,0,0,0,0,1,0,0,0,0,0,0,0,0,1,0,0,80.695,1,1,0,0,0,1,12.429220196836383,1.0
1156,Male,25.0,Karnataka,General,No,0.0,Management,2,7.49,73.03,1000000.0,Yes,Yes,0,0,0,0,0,0,0,0,0,0,0,0,0,0,0,0,1,0,0,0,0,0,0,0,0,0,0,0,0,0,0,0,73.965,1,0,0,0,0,0,13.815511557963774,0.5
1157,Female,21.0,Uttar Pradesh,ST,No,0.0,Production,3,7.78,75.4,400000.0,Yes,No,0,0,0,0,1,0,1,0,1,0,0,0,1,0,0,0,0,0,0,0,0,0,0,1,0,0,0,0,0,1,1,0,76.6,1,0,0,0,0,0,12.899222326086994,0.75
1158,Male,21.0,Other,ST,No,0.0,Medical,3,8.3,80.11,500000.0,No,No,0,0,0,0,0,0,0,0,0,0,0,0,0,0,0,0,0,0,0,0,0,0,0,0,0,0,0,0,0,0,0,0,81.555,0,1,0,0,0,0,13.122365377402328,0.75
1159,Male,20.0,Rajasthan,SC,No,0.0,Science,3,8.51,78.99,200000.0,No,Yes,0,0,0,0,0,0,0,0,0,0,0,0,0,1,0,0,1,0,0,1,1,0,0,0,0,0,0,0,0,0,0,0,82.04499999999999,1,1,0,0,0,1,12.206077645517674,0.75
1160,Male,24.0,Madhya Pradesh,General,No,0.0,Medical,2,6.83,61.58,1200000.0,No,No,0,0,0,0,0,0,0,0,0,0,0,0,0,0,0,0,0,0,0,0,0,0,0,0,0,0,0,0,0,0,0,0,64.94,0,0,0,0,0,0,13.997832948091215,0.5
1161,Female,20.0,Maharashtra,SC,No,0.0,Civil,4,8.03,78.62,80000.0,No,No,1,1,0,0,1,0,1,0,1,0,0,0,1,1,0,1,0,1,0,1,1,0,0,1,0,0,0,0,0,1,1,0,79.46000000000001,1,1,0,0,0,1,11.289794413577894,1.0
1162,Female,23.0,Andhra Pradesh,ST,No,0.0,Instrumentation,1,8.05,81.5,250000.0,No,Yes,0,1,0,1,1,0,0,1,1,1,0,0,1,1,0,0,1,0,1,1,0,0,0,1,0,0,0,1,0,1,1,0,81.0,1,1,1,0,0,1,12.429220196836383,0.25
1163,Female,17.0,Telangana,ST,No,0.0,Mechanical,2,7.49,73.16,1200000.0,Yes,No,0,0,0,0,0,0,0,0,0,0,0,0,0,0,0,0,0,0,0,0,0,0,0,0,0,0,0,0,0,0,0,0,74.03,1,0,0,0,0,0,13.997832948091215,0.5
1164,Male,25.0,Maharashtra,General,No,0.0,AI_DS,3,6.19,57.64,300000.0,Yes,Yes,0,0,0,0,0,0,0,0,0,0,0,0,0,0,0,0,0,0,0,0,0,1,0,0,0,0,0,0,0,0,0,0,59.77,1,0,0,0,0,0,12.611541086966115,0.75
1165,Male,22.0,Delhi,OBC,No,0.0,Medical,2,8.33,81.68,250000.0,Yes,No,0,0,0,0,1,0,0,0,0,0,0,0,1,0,0,0,0,0,0,1,0,0,0,0,0,0,0,0,0,1,0,0,82.49000000000001,1,1,0,0,0,1,12.429220196836383,0.5
1166,Female,23.0,Karnataka,EWS,No,0.0,CSE,1,7.15,71.2,1500000.0,Yes,Yes,0,0,0,0,0,0,0,0,0,0,0,0,0,0,0,0,0,0,0,0,0,0,0,0,0,0,0,0,0,0,0,0,71.35,1,0,1,0,0,0,14.220976332738882,0.25
1167,Female,24.0,Maharashtra,OBC,No,0.0,CSE,2,5.68,52.89,800000.0,Yes,Yes,0,0,0,0,0,0,0,0,0,0,0,0,0,0,0,0,0,0,0,0,0,0,0,0,0,0,0,0,0,0,0,0,54.845,1,0,0,0,0,0,13.592368256649284,0.5
1168,Female,18.0,Andhra Pradesh,ST,No,0.0,Instrumentation,1,8.57,83.14,120000.0,Yes,No,0,0,0,1,0,0,0,1,0,1,0,1,1,1,1,1,1,0,1,1,1,0,0,1,0,1,0,1,0,1,1,1,84.42,1,1,1,0,0,1,11.695255355062795,0.25
1169,Male,17.0,Delhi,EWS,No,0.0,ECE,4,8.1,77.1,200000.0,No,No,0,1,0,0,1,0,0,0,1,0,0,0,1,0,0,0,1,0,0,1,0,0,0,0,0,0,0,0,0,1,0,0,79.05,1,1,0,0,0,1,12.206077645517674,1.0
1170,Female,25.0,Maharashtra,SC,No,0.0,Civil,1,7.51,69.36,250000.0,No,No,0,0,1,0,1,0,0,1,1,0,0,0,1,1,0,0,0,0,0,0,1,0,0,1,0,0,0,0,0,1,1,0,72.22999999999999,1,0,1,0,0,0,12.429220196836383,0.25
1171,Female,23.0,Rajasthan,OBC,No,0.0,Instrumentation,4,8.34,80.49,250000.0,Yes,No,0,1,0,0,1,0,1,0,1,0,0,0,1,0,0,1,0,0,0,1,1,0,0,1,0,0,1,0,0,1,1,0,81.945,1,1,0,0,0,1,12.429220196836383,1.0
1172,Male,24.0,Andhra Pradesh,SC,No,0.0,ECE,4,8.09,75.28,200000.0,Yes,No,0,1,0,0,1,0,0,0,1,0,0,0,0,1,0,1,1,0,0,0,1,0,0,0,0,0,0,0,0,1,0,0,78.09,1,1,0,0,0,1,12.206077645517674,1.0
1173,Male,24.0,Madhya Pradesh,ST,No,0.0,Chemical,3,5.0,50.79,150000.0,Yes,Yes,0,0,0,0,0,0,0,0,0,0,0,0,0,0,0,0,0,0,0,0,0,0,0,0,0,0,0,0,0,0,0,0,50.394999999999996,1,0,0,0,0,0,11.918397239722838,0.75
1174,Male,20.0,Tamil Nadu,EWS,No,0.0,Electrical,4,6.93,63.25,600000.0,No,Yes,0,0,0,0,0,0,0,0,0,0,0,0,0,0,0,0,0,0,0,0,0,0,0,0,0,0,0,0,0,0,0,0,66.275,0,0,0,0,0,0,13.304686600863562,1.0
1175,Male,24.0,Telangana,ST,No,0.0,Biotechnology,2,8.33,77.96,80000.0,No,No,1,0,0,0,1,0,0,0,0,0,0,0,1,1,0,0,1,0,0,0,1,0,0,0,0,0,0,0,0,1,0,0,80.63,1,1,0,0,0,1,11.289794413577894,0.5
1176,Male,21.0,Karnataka,EWS,No,0.0,Management,3,8.77,85.17,800000.0,Yes,No,0,0,0,0,0,0,0,0,0,0,0,0,0,0,0,0,1,0,0,0,0,0,0,0,0,0,0,0,0,0,0,0,86.435,1,1,0,0,0,1,13.592368256649284,0.75
1177,Female,24.0,Delhi,EWS,No,0.0,AI_DS,1,8.32,74.94,350000.0,Yes,No,0,1,0,1,1,1,0,0,1,0,0,0,1,0,0,0,1,0,0,0,0,0,0,0,0,0,0,0,0,1,1,0,79.07,1,0,1,0,0,0,12.765691290604371,0.25
1178,Male,17.0,Gujarat,EWS,No,0.0,Mechanical,2,8.95,85.81,400000.0,Yes,Yes,0,0,0,0,0,0,1,0,1,0,0,0,0,0,0,0,1,0,0,0,0,0,0,0,0,0,0,0,0,0,0,0,87.655,1,1,0,0,0,1,12.899222326086994,0.5
1179,Female,24.0,Gujarat,EWS,No,0.0,Commerce,4,7.06,67.5,80000.0,No,Yes,0,0,0,0,1,0,0,0,0,0,0,0,1,1,0,0,0,0,0,1,0,0,0,1,0,0,0,0,0,1,0,0,69.05,1,0,0,0,0,0,11.289794413577894,1.0
1180,Female,21.0,Other,SC,No,0.0,Pharmacy,2,5.37,52.24,150000.0,No,Yes,0,0,0,0,0,0,0,0,0,0,0,0,0,0,0,0,0,0,0,0,0,0,0,0,0,0,0,0,0,0,0,0,52.97,1,0,0,0,0,0,11.918397239722838,0.5
1181,Female,25.0,Uttar Pradesh,SC,No,0.0,Civil,3,6.26,55.41,1000000.0,Yes,Yes,0,0,0,0,0,0,0,0,0,0,0,0,0,0,0,0,0,0,0,0,0,0,0,0,0,0,0,0,0,0,0,0,59.004999999999995,1,0,0,0,0,0,13.815511557963774,0.75
1182,Female,17.0,Madhya Pradesh,ST,No,0.0,Management,1,5.67,57.2,80000.0,No,Yes,0,0,0,0,0,0,0,0,0,0,0,0,0,1,0,0,0,0,0,0,0,0,0,0,0,0,0,0,0,0,0,0,56.95,1,0,1,0,0,0,11.289794413577894,0.25
1183,Male,18.0,Delhi,ST,No,0.0,IT,4,6.74,68.63,600000.0,Yes,Yes,0,0,0,0,0,0,0,0,0,0,0,0,0,0,0,0,0,0,0,0,0,0,0,0,0,0,0,0,0,0,0,0,68.015,1,0,0,0,0,0,13.304686600863562,1.0
1184,Female,25.0,Karnataka,SC,No,0.0,Civil,3,6.86,71.2,250000.0,No,No,0,0,0,0,1,0,0,0,0,0,0,0,0,1,0,0,0,0,0,0,0,0,0,1,0,0,0,0,0,0,1,0,69.9,1,0,0,0,0,0,12.429220196836383,0.75
1185,Female,23.0,Telangana,EWS,No,0.0,Civil,1,6.16,62.23,600000.0,Yes,Yes,0,0,0,0,0,0,0,0,1,0,0,0,0,0,0,0,0,0,0,0,0,0,0,1,0,0,0,1,0,0,0,0,61.915,1,0,1,0,0,0,13.304686600863562,0.25
1186,Male,21.0,Gujarat,SC,No,0.0,Electrical,4,7.31,67.8,300000.0,No,No,0,0,0,0,0,0,0,0,1,0,0,0,0,0,0,0,0,0,0,1,0,0,0,0,0,0,0,0,0,1,0,0,70.44999999999999,1,0,0,0,0,0,12.611541086966115,1.0
1187,Male,19.0,Maharashtra,OBC,No,0.0,AI_DS,2,7.69,74.56,150000.0,Yes,No,1,1,0,0,1,0,1,0,1,0,0,0,0,1,0,0,0,0,0,1,1,1,0,0,0,0,0,0,0,1,0,0,75.73,1,0,0,0,0,0,11.918397239722838,0.5
1188,Male,22.0,Rajasthan,General,No,0.0,Science,4,8.84,88.33,800000.0,No,No,0,0,0,0,0,0,0,0,0,0,0,0,0,0,0,0,1,0,0,0,0,0,0,0,0,0,0,0,0,0,0,0,88.36500000000001,0,1,0,0,0,0,13.592368256649284,1.0
1189,Female,25.0,Rajasthan,OBC,No,0.0,Medical,4,7.07,63.19,1000000.0,No,No,0,0,0,0,0,0,0,0,0,0,0,0,0,0,0,0,0,0,0,0,0,0,0,0,0,0,0,0,0,0,0,0,66.945,0,0,0,0,0,0,13.815511557963774,1.0
1190,Female,25.0,Madhya Pradesh,EWS,No,0.0,Civil,2,7.49,67.28,800000.0,No,Yes,0,0,0,0,0,0,0,0,0,0,0,0,0,0,0,0,1,0,0,0,0,0,0,0,0,0,0,1,0,0,0,0,71.09,0,0,0,0,0,0,13.592368256649284,0.5
1191,Female,25.0,Tamil Nadu,ST,No,0.0,Instrumentation,1,6.34,57.36,500000.0,No,No,0,0,0,0,0,0,0,0,0,0,0,0,0,0,0,0,0,0,0,0,0,0,0,0,0,0,0,0,0,0,0,0,60.379999999999995,0,0,1,0,0,0,13.122365377402328,0.25
1192,Male,17.0,Madhya Pradesh,ST,No,0.0,Pharmacy,4,7.91,75.0,200000.0,Yes,No,0,0,0,0,1,0,0,0,0,0,0,0,1,1,0,0,0,0,0,0,1,0,0,0,0,0,0,0,0,1,0,0,77.05,1,0,0,0,0,0,12.206077645517674,1.0
1193,Female,19.0,Maharashtra,General,No,0.0,Civil,1,7.54,69.35,600000.0,No,No,0,0,0,0,0,0,0,0,1,0,0,0,0,0,0,0,0,0,0,0,0,0,0,0,0,0,0,1,0,0,0,0,72.375,0,0,1,0,0,0,13.304686600863562,0.25
1194,Male,22.0,Telangana,EWS,No,0.0,Instrumentation,1,7.22,65.82,800000.0,No,No,0,0,0,0,0,0,0,1,0,0,0,0,0,0,0,0,0,0,0,0,0,0,0,0,0,0,0,0,0,0,0,1,69.00999999999999,0,0,1,0,0,0,13.592368256649284,0.25
1195,Female,17.0,Telangana,SC,No,0.0,CSE,4,11.0,84.52,350000.0,No,No,0,1,0,0,0,0,0,0,1,0,1,0,0,0,0,0,1,0,0,0,0,0,0,1,0,0,0,0,0,1,1,0,97.25999999999999,0,1,0,0,0,0,12.765691290604371,1.0
1196,Male,24.0,Other,EWS,No,0.0,IT,3,5.28,47.37,80000.0,Yes,Yes,0,0,0,0,0,0,0,0,0,0,0,0,0,0,0,0,0,0,0,0,0,0,0,0,0,0,0,0,0,0,0,0,50.085,1,0,0,0,0,0,11.289794413577894,0.75
1197,Male,18.0,Andhra Pradesh,General,No,0.0,IT,3,5.7,52.2,120000.0,No,Yes,0,0,0,0,0,0,0,0,0,0,0,0,0,0,0,0,0,0,0,0,0,0,0,0,0,0,0,0,0,0,0,0,54.6,1,0,0,0,0,0,11.695255355062795,0.75
1198,Male,22.0,Other,SC,No,0.0,Mechanical,3,7.4,65.95,500000.0,Yes,No,0,0,0,0,1,0,0,0,0,0,0,0,0,0,0,0,0,0,0,0,0,0,0,0,0,0,0,0,0,0,0,0,69.975,1,0,0,0,0,0,13.122365377402328,0.75
1199,Female,17.0,Rajasthan,OBC,No,0.0,Electrical,3,6.39,57.69,120000.0,Yes,No,0,0,0,0,0,0,0,0,0,0,0,0,0,1,0,0,0,0,0,0,0,0,0,0,0,0,0,0,0,0,0,0,60.795,1,0,0,0,0,0,11.695255355062795,0.75
1200,Male,21.0,Uttar Pradesh,OBC,No,0.0,Commerce,2,7.75,73.83,800000.0,Yes,No,0,0,0,0,0,0,0,0,0,0,0,0,0,0,0,0,0,0,0,0,0,0,0,0,0,0,0,0,0,0,0,0,75.66499999999999,1,0,0,0,0,0,13.592368256649284,0.5
1201,Female,25.0,Madhya Pradesh,General,No,0.0,AI_DS,4,6.63,63.52,120000.0,Yes,Yes,0,0,0,0,1,0,0,0,1,0,0,0,1,1,0,0,0,0,0,1,0,0,0,0,0,0,0,0,0,0,0,0,64.91,1,0,0,0,0,0,11.695255355062795,1.0
1202,Male,18.0,Gujarat,SC,No,0.0,CSE,2,6.84,64.17,1200000.0,Yes,Yes,0,0,0,0,0,0,0,0,0,0,0,0,0,0,0,0,0,0,0,0,0,0,0,0,0,0,0,0,0,0,0,0,66.285,1,0,0,0,0,0,13.997832948091215,0.5
1203,Female,24.0,Rajasthan,OBC,No,0.0,Civil,2,9.51,94.37,250000.0,Yes,No,0,1,0,1,0,0,1,0,1,0,1,0,0,1,0,1,0,1,0,1,1,0,0,0,0,1,0,1,0,1,0,0,94.735,1,1,0,0,0,1,12.429220196836383,0.5
1204,Female,19.0,Telangana,OBC,No,0.0,Commerce,2,5.94,58.92,1500000.0,Yes,No,0,0,0,0,0,0,0,0,0,0,0,0,0,0,0,0,0,0,0,0,0,0,0,0,0,0,0,0,0,0,0,0,59.160000000000004,1,0,0,0,0,0,14.220976332738882,0.5
1205,Male,19.0,Telangana,SC,No,0.0,Instrumentation,1,8.47,77.02,350000.0,No,No,0,1,0,0,0,0,0,0,1,0,0,0,1,0,0,0,0,0,0,0,0,0,0,0,0,0,0,0,0,1,0,0,80.86,0,1,1,0,0,0,12.765691290604371,0.25
1206,Female,25.0,Tamil Nadu,OBC,Yes,90.0,Medical,2,8.48,85.17,500000.0,Yes,No,0,0,0,0,1,0,0,0,0,0,0,0,0,0,0,0,1,0,0,0,0,0,0,0,0,0,0,0,0,0,0,0,84.98500000000001,1,1,0,1,1,1,13.122365377402328,0.5
1207,Female,21.0,Karnataka,SC,No,0.0,Instrumentation,1,6.15,55.67,500000.0,Yes,No,0,0,0,0,0,0,0,0,0,0,0,0,0,0,0,0,0,0,0,0,0,0,0,0,0,0,0,0,0,0,0,0,58.585,1,0,1,0,0,0,13.122365377402328,0.25
1208,Male,24.0,Telangana,General,No,0.0,Mechanical,4,8.72,83.65,150000.0,No,No,1,1,0,0,1,0,0,0,1,0,0,0,1,1,0,0,0,1,0,1,0,0,0,0,0,0,0,0,0,1,0,0,85.42500000000001,1,1,0,0,0,1,11.918397239722838,1.0
1209,Female,23.0,Other,EWS,No,0.0,Biotechnology,1,8.16,78.54,800000.0,No,Yes,0,0,0,0,0,0,0,0,0,0,0,0,0,0,0,0,1,0,0,0,0,0,0,0,0,0,0,0,0,0,0,0,80.07,0,1,1,0,0,0,13.592368256649284,0.25
1210,Male,23.0,Tamil Nadu,SC,No,0.0,ECE,2,7.97,71.74,300000.0,No,Yes,0,0,0,0,0,0,0,0,1,0,0,0,1,0,0,0,1,0,0,0,0,0,0,0,0,0,0,0,0,0,0,0,75.72,1,0,0,0,0,0,12.611541086966115,0.5
1211,Female,25.0,Gujarat,General,No,0.0,Science,4,8.76,86.73,1000000.0,No,No,0,0,0,0,0,0,0,0,0,0,0,0,0,0,0,0,1,0,0,0,0,0,0,0,0,0,0,0,0,0,0,0,87.16499999999999,0,1,0,0,0,0,13.815511557963774,1.0
1212,Male,21.0,Madhya Pradesh,EWS,No,0.0,Medical,3,7.22,68.46,80000.0,Yes,Yes,0,0,0,0,0,0,0,0,0,0,0,0,1,0,0,0,1,0,0,1,0,0,0,0,0,0,0,0,0,1,0,0,70.33,1,0,0,0,0,0,11.289794413577894,0.75
1213,Female,23.0,Maharashtra,EWS,No,0.0,CSE,2,5.66,55.31,500000.0,Yes,No,0,0,0,0,0,0,0,0,0,0,0,0,0,0,0,0,0,0,0,0,0,0,0,0,0,0,0,0,0,0,0,0,55.955,1,0,0,0,0,0,13.122365377402328,0.5
1214,Male,19.0,Gujarat,SC,No,0.0,CSE,1,8.19,77.62,250000.0,Yes,No,1,1,0,0,0,0,0,1,1,0,0,1,1,1,0,1,0,0,0,1,1,0,0,0,0,0,0,0,0,0,0,0,79.75999999999999,1,1,1,0,0,1,12.429220196836383,0.25
1215,Female,23.0,Gujarat,ST,Yes,45.0,Civil,2,8.85,83.07,250000.0,No,Yes,1,0,0,1,1,0,1,0,0,0,1,0,1,0,0,0,0,0,0,1,1,0,0,1,0,1,0,1,1,1,1,0,85.785,1,1,0,1,1,1,12.429220196836383,0.5
1216,Male,20.0,Karnataka,ST,No,0.0,Production,2,8.18,74.65,350000.0,No,Yes,0,1,0,0,0,0,0,0,1,0,0,0,1,0,0,0,0,0,0,0,0,0,0,0,0,0,0,0,0,1,0,0,78.225,0,0,0,0,0,0,12.765691290604371,0.5
1217,Female,19.0,Madhya Pradesh,General,No,0.0,Medical,2,7.49,70.44,400000.0,No,No,0,0,0,0,1,0,0,0,0,0,0,0,0,0,0,0,0,0,0,0,0,0,0,0,0,0,0,0,0,1,1,0,72.67,0,0,0,0,0,0,12.899222326086994,0.5
1218,Male,18.0,Andhra Pradesh,OBC,No,0.0,Electrical,4,7.77,72.71,1200000.0,No,No,0,0,0,0,0,0,1,0,0,0,0,0,0,0,0,0,0,0,0,0,0,0,0,0,0,0,0,0,0,0,0,0,75.20499999999998,0,0,0,0,0,0,13.997832948091215,1.0
1219,Female,23.0,Delhi,General,No,0.0,CSE,2,7.34,72.21,600000.0,Yes,Yes,0,0,0,0,0,0,0,0,1,0,0,0,0,0,0,0,0,0,0,0,0,0,0,1,0,0,0,1,0,0,0,0,72.805,1,0,0,0,0,0,13.304686600863562,0.5
1220,Female,21.0,Madhya Pradesh,EWS,No,0.0,Medical,1,6.98,61.49,800000.0,Yes,Yes,0,0,0,0,0,0,0,1,0,0,0,0,0,0,0,0,0,0,0,0,0,0,0,0,0,0,0,0,0,0,0,0,65.64500000000001,1,0,1,0,0,0,13.592368256649284,0.25
1221,Female,20.0,Maharashtra,OBC,No,0.0,AI_DS,3,9.6,95.34,350000.0,Yes,No,0,1,0,0,1,0,0,0,1,0,1,0,0,0,0,0,1,0,0,0,0,1,0,0,0,0,1,0,0,1,1,0,95.67,1,1,0,0,0,1,12.765691290604371,0.75
1222,Male,21.0,Telangana,ST,No,0.0,Management,1,5.95,58.59,350000.0,No,Yes,0,0,0,0,0,0,0,0,0,0,0,0,0,0,0,0,0,0,0,0,0,0,0,0,0,0,0,0,0,0,0,0,59.045,0,0,1,0,0,0,12.765691290604371,0.25
1223,Male,23.0,Other,EWS,No,0.0,Science,1,6.9,66.34,300000.0,Yes,No,0,0,0,0,1,0,0,0,0,0,0,0,1,0,0,0,0,0,0,0,0,0,0,0,0,0,0,0,0,1,0,1,67.67,1,0,1,0,0,0,12.611541086966115,0.25
1224,Male,19.0,Madhya Pradesh,OBC,No,0.0,Medical,4,7.85,73.87,80000.0,No,No,0,0,0,0,1,0,0,0,0,0,0,0,1,1,0,0,0,0,0,0,0,0,0,0,0,0,0,0,0,1,0,0,76.185,1,0,0,0,0,0,11.289794413577894,1.0
1225,Female,17.0,Telangana,ST,No,0.0,ECE,4,6.56,71.2,500000.0,No,No,0,0,0,0,0,0,0,0,0,0,0,0,0,0,0,0,0,0,0,0,0,0,0,0,0,0,0,0,0,0,0,0,68.4,0,0,0,0,0,0,13.122365377402328,1.0
1226,Female,25.0,Madhya Pradesh,General,No,0.0,Commerce,4,6.4,58.3,1500000.0,Yes,Yes,0,0,0,0,0,0,0,0,0,0,0,0,0,0,0,0,0,0,0,0,0,0,0,0,0,0,0,0,0,0,0,0,61.15,1,0,0,0,0,0,14.220976332738882,1.0
1227,Male,22.0,Uttar Pradesh,SC,No,0.0,Science,4,7.42,68.34,350000.0,No,No,0,0,0,0,1,0,0,0,0,0,0,0,0,0,0,0,0,0,0,0,0,0,0,0,0,0,0,0,0,1,0,0,71.27000000000001,0,0,0,0,0,0,12.765691290604371,1.0
1228,Male,18.0,Tamil Nadu,ST,No,0.0,Pharmacy,3,8.32,83.5,350000.0,No,No,0,0,0,0,0,0,0,0,0,0,0,0,0,0,0,0,0,0,0,0,0,0,0,0,0,0,0,0,0,1,0,0,83.35,0,1,0,0,0,0,12.765691290604371,0.75
1229,Male,25.0,Telangana,OBC,No,0.0,Commerce,1,6.8,65.32,400000.0,No,No,0,0,0,0,0,0,0,0,0,0,0,0,0,0,0,0,0,0,0,0,0,0,0,0,0,0,0,0,0,0,0,0,66.66,0,0,1,0,0,0,12.899222326086994,0.25
1230,Male,18.0,Madhya Pradesh,General,No,0.0,Medical,2,8.1,78.37,150000.0,Yes,Yes,0,0,0,0,1,0,0,0,0,0,0,0,0,1,0,0,0,0,0,1,1,0,0,0,0,0,0,0,0,1,0,0,79.685,1,1,0,0,0,1,11.918397239722838,0.5
1231,Male,19.0,Other,ST,No,0.0,Instrumentation,3,7.59,74.33,400000.0,Yes,No,0,0,0,0,1,0,1,0,0,0,0,0,1,0,0,0,1,0,0,0,0,0,0,0,0,0,0,0,0,1,0,0,75.11500000000001,1,0,0,0,0,0,12.899222326086994,0.75
1232,Male,18.0,Madhya Pradesh,SC,Yes,70.0,ECE,4,8.08,73.05,500000.0,Yes,No,0,0,0,0,1,0,0,0,1,0,0,0,0,0,0,0,0,0,0,0,0,0,0,0,0,0,0,0,1,0,0,0,76.925,1,0,0,1,1,0,13.122365377402328,1.0
1233,Female,23.0,Andhra Pradesh,General,No,0.0,Instrumentation,1,8.54,83.79,1500000.0,No,Yes,0,0,0,0,0,0,0,1,0,0,0,0,0,0,0,0,1,0,0,0,0,0,0,0,0,0,0,0,0,0,0,0,84.595,0,1,1,0,0,0,14.220976332738882,0.25
1234,Male,21.0,Telangana,EWS,No,0.0,Production,1,6.58,62.62,300000.0,No,Yes,0,0,0,0,0,0,0,1,1,0,0,0,1,0,0,0,0,0,0,1,0,0,0,0,0,0,0,0,0,0,0,0,64.21,1,0,1,0,0,0,12.611541086966115,0.25
1235,Female,21.0,Gujarat,SC,No,0.0,IT,4,8.32,78.41,150000.0,No,No,0,0,0,0,1,0,1,0,1,0,0,0,1,1,0,0,0,0,0,1,1,0,0,1,0,0,0,0,0,1,1,0,80.805,1,1,0,0,0,1,11.918397239722838,1.0
1236,Male,23.0,Karnataka,General,No,0.0,Electrical,3,8.79,90.6,250000.0,No,No,0,1,0,0,1,0,1,0,1,0,0,0,1,1,0,0,0,1,0,1,1,0,0,0,0,0,0,0,0,1,0,0,89.25,1,1,0,0,0,1,12.429220196836383,0.75
1237,Male,20.0,Maharashtra,General,No,0.0,Production,1,6.56,58.18,600000.0,No,No,0,0,0,0,0,0,0,0,0,0,0,0,0,0,0,0,0,0,0,0,0,1,0,0,0,0,0,0,0,0,0,0,61.89,0,0,1,0,0,0,13.304686600863562,0.25
1238,Female,22.0,Delhi,ST,No,0.0,CSE,3,7.86,76.83,350000.0,No,No,0,1,0,0,0,0,0,0,1,0,0,0,0,0,0,0,1,0,0,0,0,0,1,1,0,0,0,0,0,1,0,0,77.715,0,0,0,0,0,0,12.765691290604371,0.75
1239,Female,19.0,Tamil Nadu,ST,No,0.0,Mechanical,4,2.0,72.95,250000.0,No,Yes,0,0,0,0,0,0,0,0,1,0,0,0,1,1,0,0,0,0,0,0,0,0,0,1,0,0,0,0,0,0,0,0,46.475,1,0,0,0,0,0,12.429220196836383,1.0
1240,Male,24.0,Delhi,SC,No,0.0,Pharmacy,3,5.89,58.03,250000.0,No,No,0,0,0,0,0,0,0,0,0,0,0,0,0,1,0,0,0,0,0,0,0,0,0,0,0,0,0,0,0,0,0,0,58.465,1,0,0,0,0,0,12.429220196836383,0.75
1241,Female,17.0,Gujarat,EWS,No,0.0,Pharmacy,4,6.77,69.47,350000.0,Yes,No,0,0,0,0,1,0,0,0,0,0,0,0,1,0,0,0,0,0,0,0,0,0,0,0,0,0,0,0,0,1,1,0,68.585,1,0,0,0,0,0,12.765691290604371,1.0
1242,Female,20.0,Andhra Pradesh,EWS,No,0.0,ECE,1,9.89,91.66,350000.0,Yes,Yes,0,1,0,1,1,0,0,0,1,0,0,0,1,0,1,0,0,0,0,0,0,0,0,1,1,1,0,1,0,0,1,1,95.28,1,1,1,0,0,1,12.765691290604371,0.25
1243,Male,21.0,Gujarat,OBC,No,0.0,Medical,4,6.84,67.56,300000.0,Yes,No,1,0,0,0,1,0,0,0,0,0,0,0,1,0,0,0,0,0,0,0,0,0,0,0,0,0,0,0,0,1,0,0,67.98,1,0,0,0,0,0,12.611541086966115,1.0
1244,Female,22.0,Madhya Pradesh,General,No,0.0,Biotechnology,4,7.04,66.74,200000.0,No,No,0,0,0,0,1,0,0,0,0,0,0,0,1,1,0,0,0,0,0,1,0,0,0,0,0,0,0,0,0,0,1,0,68.57,1,0,0,0,0,0,12.206077645517674,1.0
1245,Female,21.0,Tamil Nadu,OBC,No,0.0,Mechanical,4,7.53,65.78,250000.0,Yes,No,0,0,0,0,1,0,0,0,1,0,0,0,1,1,0,0,0,0,0,1,1,0,0,0,0,0,0,0,0,0,1,0,70.53999999999999,1,0,0,0,0,0,12.429220196836383,1.0
1246,Female,19.0,Other,General,No,0.0,Commerce,4,7.48,68.99,350000.0,Yes,Yes,0,0,0,0,1,0,0,0,0,0,0,0,1,0,0,0,1,0,0,0,0,0,0,0,0,0,0,0,0,1,0,0,71.89500000000001,1,0,0,0,0,0,12.765691290604371,1.0
1247,Male,19.0,Uttar Pradesh,EWS,No,0.0,AI_DS,4,7.49,69.98,80000.0,No,Yes,0,0,0,0,0,0,0,0,1,0,0,0,0,1,0,0,1,0,0,1,0,0,0,0,0,0,0,0,0,1,0,0,72.44,1,0,0,0,0,0,11.289794413577894,1.0
1248,Male,24.0,Other,General,No,0.0,CSE,4,5.99,59.34,500000.0,Yes,Yes,0,0,0,0,0,0,0,0,0,0,0,0,0,0,0,0,0,0,0,0,0,0,0,0,0,0,0,0,0,0,0,0,59.620000000000005,1,0,0,0,0,0,13.122365377402328,1.0
1249,Female,22.0,Karnataka,OBC,No,0.0,Civil,3,7.17,67.28,150000.0,No,Yes,0,0,0,0,1,0,0,0,1,0,0,0,1,1,0,0,0,0,0,1,0,0,0,0,0,0,0,0,0,0,1,0,69.49000000000001,1,0,0,0,0,0,11.918397239722838,0.75
1250,Male,20.0,Uttar Pradesh,ST,No,0.0,Science,2,8.45,81.3,1200000.0,Yes,No,0,0,0,0,0,0,0,0,0,0,0,0,0,0,0,0,1,0,0,0,0,0,0,0,0,0,0,0,0,0,0,0,82.9,1,1,0,0,0,1,13.997832948091215,0.5
1251,Male,22.0,Gujarat,OBC,No,0.0,AI_DS,1,8.18,80.61,1000000.0,Yes,No,0,0,0,0,0,0,0,1,0,0,0,0,0,0,0,0,0,0,0,0,0,0,0,0,0,0,0,0,0,0,0,1,81.205,1,1,1,0,0,1,13.815511557963774,0.25
1252,Female,23.0,Rajasthan,ST,No,0.0,ECE,1,7.1,65.61,400000.0,No,Yes,0,0,0,0,0,0,0,0,0,0,0,0,1,0,0,0,0,0,0,0,0,0,0,1,0,0,0,0,0,1,1,0,68.305,0,0,1,0,0,0,12.899222326086994,0.25
1253,Female,23.0,Maharashtra,SC,No,0.0,Science,4,6.2,56.42,1200000.0,Yes,Yes,0,0,0,0,0,0,0,0,0,0,0,0,0,0,0,0,0,0,0,0,0,0,0,0,0,0,0,0,0,0,0,0,59.21,1,0,0,0,0,0,13.997832948091215,1.0
1254,Male,21.0,Uttar Pradesh,General,No,0.0,Pharmacy,4,10.0,98.0,800000.0,No,Yes,0,0,0,0,0,0,0,0,0,0,0,0,0,0,0,0,1,0,0,0,0,0,0,0,0,0,0,0,0,0,0,0,99.0,0,1,0,0,0,0,13.592368256649284,1.0
1255,Male,24.0,Karnataka,SC,No,0.0,AI_DS,4,5.88,51.89,1000000.0,No,Yes,0,0,0,0,0,0,0,0,0,0,0,0,0,0,0,0,0,0,0,0,0,0,0,0,0,0,0,0,0,0,0,0,55.345,0,0,0,0,0,0,13.815511557963774,1.0
1256,Female,22.0,Telangana,ST,No,0.0,Science,3,8.08,78.4,600000.0,No,Yes,0,0,0,0,0,0,0,0,0,0,0,0,0,0,0,0,0,0,0,0,0,0,0,0,0,0,0,0,0,0,0,0,79.6,0,1,0,0,0,0,13.304686600863562,0.75
1257,Male,19.0,Delhi,SC,Yes,50.0,Pharmacy,3,8.16,76.76,250000.0,Yes,No,0,0,0,0,1,0,0,0,0,0,0,0,0,1,0,0,0,0,0,1,1,0,0,0,0,0,0,0,0,0,0,0,79.18,1,1,0,1,1,1,12.429220196836383,0.75
1258,Female,24.0,Other,SC,No,0.0,Electrical,2,7.35,70.81,600000.0,No,No,0,0,0,0,0,0,0,0,1,0,0,0,0,0,0,0,1,0,0,0,0,0,0,1,0,0,0,1,0,0,0,0,72.155,0,0,0,0,0,0,13.304686600863562,0.5
1259,Female,20.0,Maharashtra,OBC,No,0.0,Electrical,1,7.6,65.54,250000.0,No,No,0,0,0,0,1,0,0,1,0,0,0,0,0,0,0,0,1,0,0,0,0,1,0,1,0,0,0,0,0,0,1,0,70.77000000000001,1,0,1,0,0,0,12.429220196836383,0.25
1260,Female,19.0,Madhya Pradesh,OBC,No,0.0,Biotechnology,3,7.22,66.04,350000.0,No,Yes,0,0,0,0,0,0,0,0,0,0,0,0,1,0,0,0,0,0,0,0,0,0,0,0,0,0,0,0,0,0,1,0,69.12,0,0,0,0,0,0,12.765691290604371,0.75
1261,Female,19.0,Tamil Nadu,ST,Yes,40.0,Biotechnology,2,7.71,82.2,250000.0,Yes,Yes,0,0,0,0,1,0,0,0,0,0,0,0,1,1,0,0,0,0,0,0,0,0,0,1,0,0,0,0,0,1,1,0,79.65,1,0,0,1,1,0,12.429220196836383,0.5
1262,Male,21.0,Uttar Pradesh,General,No,0.0,Pharmacy,4,7.94,74.49,400000.0,Yes,Yes,0,0,0,0,1,0,0,0,0,0,0,0,1,0,0,0,0,0,0,0,0,0,0,0,0,0,0,0,0,1,0,0,76.945,1,0,0,0,0,0,12.899222326086994,1.0
1263,Male,22.0,Other,General,No,0.0,ECE,3,8.61,83.24,500000.0,Yes,No,0,0,0,0,1,0,0,0,1,0,0,0,0,0,0,0,1,0,0,0,0,0,0,0,0,0,0,0,0,0,0,0,84.66999999999999,1,1,0,0,0,1,13.122365377402328,0.75
1264,Male,17.0,Tamil Nadu,EWS,No,0.0,Production,3,8.0,77.82,1200000.0,Yes,Yes,0,0,0,0,0,0,0,0,0,0,0,0,0,0,0,0,0,0,0,0,0,0,0,0,0,0,0,0,0,0,0,0,78.91,1,1,0,0,0,1,13.997832948091215,0.75
1265,Male,24.0,Gujarat,General,No,0.0,Instrumentation,3,9.97,91.32,350000.0,Yes,Yes,0,1,0,0,1,0,0,0,1,0,0,0,1,0,0,0,1,0,0,0,0,0,0,0,0,0,0,0,0,1,0,0,95.50999999999999,1,1,0,0,0,1,12.765691290604371,0.75
1266,Male,25.0,Telangana,General,No,0.0,Production,4,8.07,73.89,400000.0,Yes,Yes,0,0,0,0,1,0,0,0,1,0,0,0,1,0,0,0,0,1,0,0,0,0,0,0,0,0,0,0,0,1,0,0,77.295,1,0,0,0,0,0,12.899222326086994,1.0
1267,Female,18.0,Karnataka,ST,No,0.0,AI_DS,4,8.17,74.86,200000.0,Yes,Yes,0,1,0,0,1,0,1,0,1,0,0,0,1,1,0,0,0,0,0,1,1,0,0,1,0,0,0,0,0,1,1,0,78.28,1,0,0,0,0,0,12.206077645517674,1.0
1268,Female,21.0,Uttar Pradesh,General,No,0.0,ECE,4,7.0,65.61,1200000.0,Yes,No,0,0,0,0,0,0,0,0,0,0,0,0,0,0,0,0,1,0,0,0,0,0,0,0,0,0,0,0,0,0,0,0,67.805,1,0,0,0,0,0,13.997832948091215,1.0
1269,Male,21.0,Andhra Pradesh,EWS,No,0.0,Mechanical,3,8.67,85.12,350000.0,No,No,0,1,0,0,0,0,1,0,1,0,0,0,0,0,0,0,0,1,0,0,0,0,0,0,0,0,0,0,0,1,0,0,85.91,0,1,0,0,0,0,12.765691290604371,0.75
1270,Female,21.0,Delhi,OBC,No,0.0,Chemical,4,6.01,57.26,120000.0,Yes,No,0,0,0,0,0,0,0,0,0,0,0,0,0,1,0,0,0,0,0,0,0,0,0,0,0,0,0,0,0,0,0,0,58.67999999999999,1,0,0,0,0,0,11.695255355062795,1.0
1271,Male,22.0,Delhi,ST,No,0.0,Mechanical,1,6.65,59.4,1200000.0,No,No,0,0,0,0,0,0,0,0,0,0,0,0,0,0,0,0,0,0,0,0,0,0,0,0,0,0,0,0,0,0,0,0,62.95,0,0,1,0,0,0,13.997832948091215,0.25
1272,Male,24.0,Madhya Pradesh,EWS,No,0.0,Civil,1,7.24,67.85,1200000.0,Yes,Yes,0,0,0,0,0,0,0,1,0,0,0,0,0,0,0,0,0,0,0,0,0,0,0,0,0,0,0,0,0,0,0,0,70.125,1,0,1,0,0,0,13.997832948091215,0.25
1273,Female,25.0,Telangana,SC,No,0.0,Management,1,10.0,96.3,800000.0,No,Yes,0,0,0,0,0,0,0,1,0,0,0,0,0,0,0,0,0,0,0,0,0,0,0,0,0,0,0,0,0,0,0,1,98.15,0,1,1,0,0,0,13.592368256649284,0.25
1274,Male,22.0,Gujarat,OBC,No,0.0,Mechanical,2,5.85,53.88,600000.0,Yes,No,0,0,0,0,0,0,0,0,0,0,0,0,0,0,0,0,0,0,0,0,0,0,0,0,0,0,0,0,0,0,0,0,56.19,1,0,0,0,0,0,13.304686600863562,0.5
1275,Female,23.0,Telangana,OBC,No,0.0,Management,3,8.73,89.2,300000.0,Yes,No,1,0,0,0,1,0,0,0,0,0,0,0,0,0,0,0,1,0,0,1,0,0,0,1,0,0,0,0,0,0,0,0,88.25,1,1,0,0,0,1,12.611541086966115,0.75
1276,Female,22.0,Madhya Pradesh,ST,No,0.0,Medical,4,5.6,47.56,80000.0,No,Yes,0,0,0,0,0,0,0,0,0,0,0,0,0,0,0,0,0,0,0,0,0,0,0,0,0,0,0,0,0,0,0,0,51.78,1,0,0,0,0,0,11.289794413577894,1.0
1277,Female,22.0,Other,OBC,No,0.0,Instrumentation,1,9.75,93.79,1500000.0,Yes,Yes,0,0,0,0,0,0,0,1,0,0,0,0,0,0,0,0,1,0,0,0,0,0,0,0,0,0,0,0,0,0,0,0,95.64500000000001,1,1,1,0,0,1,14.220976332738882,0.25
1278,Female,21.0,Madhya Pradesh,General,No,0.0,Medical,3,6.46,62.97,500000.0,Yes,Yes,0,0,0,0,1,0,0,0,0,0,0,0,0,0,0,0,0,0,0,0,0,0,0,0,0,0,0,0,0,0,0,0,63.785,1,0,0,0,0,0,13.122365377402328,0.75
1279,Female,21.0,Rajasthan,General,No,0.0,Biotechnology,4,5.0,47.51,1000000.0,No,Yes,0,0,0,0,0,0,0,0,0,0,0,0,0,0,0,0,0,0,0,0,0,0,0,0,0,0,0,0,0,0,0,0,48.754999999999995,0,0,0,0,0,0,13.815511557963774,1.0
1280,Female,24.0,Karnataka,SC,No,0.0,Medical,1,7.89,77.73,120000.0,Yes,No,0,0,0,0,1,0,0,0,0,0,0,0,1,1,0,0,0,0,0,0,1,0,0,1,0,0,0,0,0,1,1,0,78.315,1,0,1,0,0,0,11.695255355062795,0.25
1281,Female,25.0,Madhya Pradesh,ST,No,0.0,ECE,4,6.28,59.92,150000.0,Yes,No,0,0,0,0,0,0,0,0,0,0,0,0,0,1,0,0,0,0,0,0,0,0,0,0,0,0,0,0,0,0,0,0,61.36,1,0,0,0,0,0,11.918397239722838,1.0
1282,Female,19.0,Gujarat,EWS,No,0.0,Civil,1,6.39,61.47,400000.0,Yes,No,0,0,0,0,1,0,0,0,0,0,0,0,1,0,0,0,0,0,0,0,0,0,0,0,0,0,0,0,0,0,0,0,62.685,1,0,1,0,0,0,12.899222326086994,0.25
1283,Female,25.0,Delhi,SC,No,0.0,Electrical,1,6.43,59.86,1500000.0,No,No,0,0,0,0,0,0,0,0,0,0,0,0,0,0,0,0,0,0,0,0,0,0,0,0,0,0,0,0,0,0,0,0,62.08,0,0,1,0,0,0,14.220976332738882,0.25
1284,Female,20.0,Gujarat,SC,No,0.0,Science,3,6.31,61.9,300000.0,Yes,No,1,0,0,0,1,0,0,0,0,0,0,0,0,0,0,0,0,0,0,0,0,0,0,1,0,0,0,0,0,0,0,0,62.5,1,0,0,0,0,0,12.611541086966115,0.75
1285,Female,17.0,Gujarat,General,No,0.0,Commerce,4,8.53,80.33,1200000.0,No,Yes,0,0,0,0,0,0,0,0,0,0,0,0,0,0,0,0,1,0,0,0,0,0,0,0,0,0,0,0,0,0,0,0,82.815,0,1,0,0,0,0,13.997832948091215,1.0
1286,Male,25.0,Madhya Pradesh,General,No,0.0,IT,3,7.55,67.38,1200000.0,No,No,0,0,0,0,0,0,0,0,0,0,0,0,0,0,0,0,0,0,0,0,0,0,0,0,0,0,0,0,0,0,0,0,71.44,0,0,0,0,0,0,13.997832948091215,0.75
1287,Female,18.0,Rajasthan,EWS,No,0.0,ECE,2,7.14,67.68,1200000.0,Yes,No,0,0,0,0,0,0,0,0,0,0,0,0,0,0,0,0,0,0,0,0,0,0,0,0,0,0,0,0,0,0,0,0,69.53999999999999,1,0,0,0,0,0,13.997832948091215,0.5
1288,Male,18.0,Other,ST,No,0.0,Science,4,10.0,91.66,1000000.0,Yes,No,0,0,0,0,0,0,0,0,0,0,0,0,0,0,0,0,0,0,0,0,0,0,0,0,0,0,0,0,0,0,0,0,95.83,1,1,0,0,0,1,13.815511557963774,1.0
1289,Male,19.0,Other,EWS,No,0.0,Commerce,1,9.26,90.96,350000.0,No,No,0,0,0,0,0,0,0,1,0,0,0,0,1,0,0,0,1,0,0,0,0,0,0,0,0,0,0,0,0,0,0,1,91.78,0,1,1,0,0,0,12.765691290604371,0.25
1290,Female,17.0,Maharashtra,OBC,No,0.0,Electrical,3,7.84,79.76,1500000.0,Yes,No,0,0,0,0,0,0,1,0,0,0,0,0,0,0,0,0,0,0,0,0,0,0,0,0,0,0,0,0,0,0,0,0,79.08000000000001,1,0,0,0,0,0,14.220976332738882,0.75
1291,Female,20.0,Uttar Pradesh,SC,No,0.0,Electrical,2,7.95,76.69,1200000.0,Yes,Yes,0,0,0,0,0,0,0,0,0,0,0,0,0,0,0,0,1,1,0,0,0,0,0,0,0,0,0,0,0,0,0,0,78.095,1,0,0,0,0,0,13.997832948091215,0.5
1292,Female,40.0,Rajasthan,General,No,0.0,IT,2,7.44,74.35,500000.0,No,Yes,0,0,0,0,0,0,0,0,0,0,0,0,0,0,0,0,0,0,0,0,0,0,1,1,0,0,0,0,0,0,0,0,74.375,0,0,0,0,0,0,13.122365377402328,0.5
1293,Female,22.0,Karnataka,OBC,No,0.0,Mechanical,4,8.82,81.91,250000.0,Yes,Yes,0,1,0,0,0,0,1,0,1,0,0,0,1,1,0,0,0,1,0,1,1,0,0,1,0,0,0,0,0,0,1,0,85.055,1,1,0,0,0,1,12.429220196836383,1.0
1294,Female,17.0,Gujarat,ST,No,0.0,Medical,1,5.92,55.63,400000.0,Yes,No,0,0,0,0,0,0,0,0,0,0,0,0,0,0,0,0,0,0,0,0,0,0,0,0,0,0,0,0,0,0,0,0,57.415000000000006,1,0,1,0,0,0,12.899222326086994,0.25
1295,Male,24.0,Tamil Nadu,ST,No,0.0,Medical,1,6.54,61.94,120000.0,Yes,Yes,0,0,0,0,1,0,0,1,0,0,0,0,0,1,0,0,0,0,0,1,0,0,0,0,0,0,0,0,0,0,0,0,63.67,1,0,1,0,0,0,11.695255355062795,0.25
1296,Male,20.0,Rajasthan,ST,No,0.0,Pharmacy,3,8.98,83.94,350000.0,Yes,Yes,0,0,0,0,1,0,0,0,0,0,0,0,1,0,0,0,1,0,0,0,0,0,0,0,0,0,0,0,0,1,0,0,86.87,1,1,0,0,0,1,12.765691290604371,0.75
1297,Male,25.0,Madhya Pradesh,ST,No,0.0,ECE,4,7.45,70.95,80000.0,Yes,No,0,0,0,0,1,0,0,0,1,0,0,0,1,1,0,0,1,0,0,1,1,0,0,0,0,0,0,0,0,1,0,0,72.725,1,0,0,0,0,0,11.289794413577894,1.0
1298,Female,23.0,Rajasthan,SC,No,0.0,Chemical,1,8.52,74.2,350000.0,No,Yes,0,1,0,1,1,0,0,0,1,0,0,0,1,0,0,0,1,0,0,0,0,0,0,0,0,0,0,1,0,1,1,1,79.69999999999999,0,0,1,0,0,0,12.765691290604371,0.25
1299,Male,23.0,Tamil Nadu,General,No,0.0,Instrumentation,3,6.77,64.95,80000.0,Yes,Yes,0,0,0,0,1,0,0,0,1,0,0,0,1,1,0,0,0,0,0,1,0,0,0,0,0,0,0,0,0,0,0,0,66.32499999999999,1,0,0,0,0,0,11.289794413577894,0.75
1300,Male,17.0,Gujarat,EWS,No,0.0,Management,1,8.94,83.45,80000.0,Yes,No,1,0,0,0,0,0,0,0,0,0,0,0,1,1,0,0,1,0,1,0,0,0,0,0,0,0,0,0,0,1,0,1,86.425,1,1,1,0,0,1,11.289794413577894,0.25
1301,Female,23.0,Gujarat,ST,No,0.0,Electrical,2,7.49,51.73,300000.0,Yes,Yes,0,0,0,0,0,0,0,0,1,0,0,0,1,0,0,0,0,0,0,0,0,0,0,0,0,0,0,0,0,1,1,0,63.315,1,0,0,0,0,0,12.611541086966115,0.5
1302,Male,24.0,Karnataka,SC,No,0.0,Pharmacy,3,6.74,60.46,600000.0,No,Yes,0,0,0,0,0,0,0,0,0,0,0,0,0,0,0,0,0,0,0,0,0,0,0,0,0,0,0,0,0,0,0,0,63.93000000000001,0,0,0,0,0,0,13.304686600863562,0.75
1303,Male,22.0,Maharashtra,ST,Yes,90.0,Electrical,4,6.75,63.57,80000.0,No,Yes,1,0,0,0,1,0,0,0,1,0,0,0,1,1,0,0,0,0,0,1,0,0,0,0,0,0,0,0,1,0,0,0,65.535,1,0,0,1,1,0,11.289794413577894,1.0
1304,Male,18.0,Maharashtra,SC,No,0.0,AI_DS,4,6.77,57.7,120000.0,Yes,No,0,0,0,0,0,0,0,0,0,0,0,0,1,1,0,0,0,0,0,0,0,0,0,0,0,0,0,0,0,0,0,0,62.699999999999996,1,0,0,0,0,0,11.695255355062795,1.0
1305,Female,23.0,Delhi,ST,No,0.0,CSE,3,8.58,85.33,400000.0,No,No,0,0,0,0,0,0,1,0,0,0,0,0,1,0,0,0,1,0,0,0,0,0,1,1,0,0,0,0,0,1,1,0,85.565,0,1,0,0,0,0,12.899222326086994,0.75
1306,Male,22.0,Other,EWS,No,0.0,ECE,4,8.28,75.25,400000.0,Yes,Yes,0,0,0,0,0,0,1,0,1,0,0,0,1,0,0,0,0,0,0,0,0,0,0,0,0,0,0,0,0,0,0,0,79.025,1,1,0,0,0,1,12.899222326086994,1.0
1307,Male,25.0,Gujarat,OBC,No,0.0,AI_DS,1,7.26,68.95,1000000.0,No,No,0,0,0,0,0,0,0,0,0,0,0,0,0,0,0,0,0,0,0,0,0,0,0,0,0,0,0,0,0,0,0,0,70.775,0,0,1,0,0,0,13.815511557963774,0.25
1308,Male,20.0,Karnataka,SC,No,0.0,Chemical,3,8.22,80.1,1000000.0,No,No,0,0,0,0,0,0,0,0,0,0,0,0,0,0,0,0,0,0,0,0,0,0,0,0,0,0,0,0,0,0,0,0,81.15,0,1,0,0,0,0,13.815511557963774,0.75
1309,Male,22.0,Andhra Pradesh,SC,No,0.0,IT,4,6.62,63.14,800000.0,Yes,Yes,0,0,0,0,0,0,0,0,0,0,0,0,0,0,0,0,0,0,0,0,0,0,0,0,0,0,0,0,0,0,0,0,64.67,1,0,0,0,0,0,13.592368256649284,1.0
1310,Male,17.0,Gujarat,General,No,0.0,Production,2,8.05,71.2,350000.0,No,Yes,0,1,0,0,0,0,1,0,1,0,0,0,1,0,0,0,0,0,0,0,0,0,0,0,0,0,0,0,0,1,0,0,75.85,0,0,0,0,0,0,12.765691290604371,0.5
1311,Female,21.0,Madhya Pradesh,OBC,No,0.0,Medical,4,8.35,81.69,200000.0,No,No,0,0,0,0,0,0,0,0,0,0,0,0,1,0,0,0,0,0,0,1,1,0,0,1,0,0,0,0,0,1,1,0,82.595,1,1,0,0,0,1,12.206077645517674,1.0
1312,Female,18.0,Maharashtra,EWS,No,0.0,Biotechnology,2,7.6,76.43,250000.0,No,No,0,0,0,0,1,0,0,0,0,0,0,0,0,1,0,0,1,0,0,0,1,1,0,1,0,0,0,0,0,0,1,0,76.215,1,0,0,0,0,0,12.429220196836383,0.5
1313,Female,18.0,Other,SC,No,0.0,Instrumentation,1,7.99,73.32,1200000.0,No,No,0,0,0,0,0,0,0,0,0,0,0,0,0,0,0,0,0,0,0,0,0,0,0,0,0,0,0,0,0,0,0,0,76.61,0,0,1,0,0,0,13.997832948091215,0.25
1314,Male,25.0,Gujarat,General,No,0.0,Science,1,9.18,89.3,120000.0,No,Yes,1,0,0,0,1,0,0,1,0,0,0,0,1,1,0,0,1,0,1,0,1,0,0,0,0,0,0,0,0,1,0,1,90.55,1,1,1,0,0,1,11.695255355062795,0.25
1315,Female,21.0,Tamil Nadu,ST,No,0.0,AI_DS,2,6.97,64.78,350000.0,Yes,Yes,0,0,0,0,1,0,0,0,0,0,0,0,1,0,0,0,0,0,0,0,0,0,0,1,0,0,0,0,0,0,0,0,67.24000000000001,1,0,0,0,0,0,12.765691290604371,0.5
1316,Male,17.0,Karnataka,SC,No,0.0,Electrical,1,7.86,76.06,1200000.0,No,Yes,0,0,0,0,0,0,0,0,0,0,0,0,0,0,0,0,1,0,0,0,0,0,0,0,0,0,0,0,0,0,0,0,77.33000000000001,0,0,1,0,0,0,13.997832948091215,0.25
1317,Male,22.0,Gujarat,General,No,0.0,Production,2,7.74,74.46,500000.0,No,Yes,0,0,0,0,0,0,1,0,1,0,0,0,0,0,0,0,1,1,0,0,0,0,0,0,0,0,0,0,0,0,0,0,75.93,0,0,0,0,0,0,13.122365377402328,0.5
1318,Female,17.0,Andhra Pradesh,SC,No,0.0,Commerce,4,9.54,93.84,400000.0,No,Yes,0,0,0,0,0,0,0,0,0,0,0,0,1,0,0,0,1,0,0,0,0,0,0,1,0,0,0,0,0,1,0,0,94.62,0,1,0,0,0,0,12.899222326086994,1.0
1319,Female,21.0,Rajasthan,SC,No,0.0,Chemical,2,7.49,76.26,1000000.0,Yes,Yes,0,0,0,0,0,0,0,0,0,0,0,0,0,0,0,0,0,0,0,0,0,0,0,0,0,0,0,0,0,0,0,0,75.58000000000001,1,0,0,0,0,0,13.815511557963774,0.5
1320,Female,19.0,Gujarat,ST,No,0.0,Production,4,6.26,60.66,1200000.0,Yes,No,0,0,0,0,0,0,0,0,0,0,0,0,0,0,0,0,0,0,0,0,0,0,0,0,0,0,0,0,0,0,0,0,61.629999999999995,1,0,0,0,0,0,13.997832948091215,1.0
1321,Female,20.0,Karnataka,SC,No,0.0,Instrumentation,2,9.67,91.21,350000.0,Yes,Yes,0,1,0,0,1,0,1,0,0,0,1,0,0,0,0,0,0,0,0,0,0,0,0,1,0,1,0,1,0,1,1,0,93.955,1,1,0,0,0,1,12.765691290604371,0.5
1322,Male,24.0,Gujarat,SC,No,0.0,CSE,1,6.48,59.6,500000.0,No,Yes,0,0,0,0,0,0,0,0,0,0,0,0,0,0,0,0,0,0,0,0,0,0,0,0,0,0,0,0,0,0,0,0,62.2,0,0,1,0,0,0,13.122365377402328,0.25
1323,Female,20.0,Other,ST,No,0.0,ECE,4,6.19,56.45,150000.0,Yes,No,0,0,0,0,0,0,0,0,0,0,0,0,0,1,0,0,0,0,0,0,0,0,0,0,0,0,0,0,0,0,0,0,59.175000000000004,1,0,0,0,0,0,11.918397239722838,1.0
1324,Female,17.0,Maharashtra,SC,No,0.0,Science,4,7.06,62.85,600000.0,Yes,No,0,0,0,0,0,0,0,0,0,0,0,0,0,0,0,0,0,0,0,0,0,0,0,0,0,0,0,0,0,0,0,0,66.725,1,0,0,0,0,0,13.304686600863562,1.0
1325,Female,20.0,Delhi,General,No,0.0,Pharmacy,2,7.52,74.15,1500000.0,No,No,0,0,0,0,0,0,0,0,0,0,0,0,0,0,0,0,1,0,0,0,0,0,0,0,0,0,0,0,0,0,0,0,74.675,0,0,0,0,0,0,14.220976332738882,0.5
1326,Female,17.0,Other,General,No,0.0,Instrumentation,3,6.41,65.45,250000.0,No,No,0,0,0,0,1,0,0,0,1,0,0,0,1,0,0,0,0,0,0,0,0,0,0,0,0,0,0,0,0,0,0,0,64.775,1,0,0,0,0,0,12.429220196836383,0.75
1327,Female,22.0,Rajasthan,General,No,0.0,Management,2,8.11,80.14,600000.0,No,No,0,0,0,0,0,0,0,0,0,0,0,0,0,0,0,0,0,0,0,0,0,0,0,1,0,0,0,0,0,0,0,0,80.62,0,1,0,0,0,0,13.304686600863562,0.5
1328,Female,21.0,Rajasthan,ST,No,0.0,Medical,4,6.71,66.31,80000.0,Yes,Yes,0,0,0,0,1,0,0,0,0,0,0,0,0,0,0,0,0,0,0,1,0,0,0,1,0,0,0,0,0,1,1,0,66.705,1,0,0,0,0,0,11.289794413577894,1.0
1329,Male,18.0,Karnataka,SC,No,0.0,Commerce,4,6.19,61.48,1000000.0,Yes,No,0,0,0,0,0,0,0,0,0,0,0,0,0,0,0,0,0,0,0,0,0,0,0,0,0,0,0,0,0,0,0,0,61.69,1,0,0,0,0,0,13.815511557963774,1.0
1330,Female,24.0,Uttar Pradesh,EWS,Yes,60.0,Commerce,1,7.71,74.9,200000.0,Yes,Yes,0,0,0,0,1,0,0,1,0,0,0,0,1,1,0,0,1,0,0,0,1,0,0,1,0,0,0,0,0,0,1,1,76.0,1,0,1,1,1,0,12.206077645517674,0.25
1331,Female,18.0,Telangana,ST,No,0.0,Science,3,6.09,55.17,350000.0,No,No,0,0,0,0,0,0,0,0,0,0,0,0,0,0,0,0,0,0,0,0,0,0,0,0,0,0,0,0,0,0,0,0,58.035,0,0,0,0,0,0,12.765691290604371,0.75
1332,Male,21.0,Tamil Nadu,General,No,0.0,Instrumentation,2,8.22,75.24,200000.0,No,No,0,1,0,0,1,0,0,0,1,0,0,0,1,0,0,0,0,0,0,1,1,0,0,0,0,0,0,0,0,1,0,0,78.72,1,1,0,0,0,1,12.206077645517674,0.5
1333,Female,19.0,Tamil Nadu,General,No,0.0,Production,3,8.06,72.47,1500000.0,No,No,0,0,0,0,0,0,0,0,0,0,0,0,0,0,0,0,1,1,0,0,0,0,0,0,0,0,0,0,0,0,0,0,76.535,0,0,0,0,0,0,14.220976332738882,0.75
1334,Male,23.0,Madhya Pradesh,EWS,No,0.0,Mechanical,4,8.52,77.24,200000.0,No,No,0,1,0,0,1,0,1,0,1,0,0,0,0,1,0,0,1,1,0,1,1,0,0,0,0,0,0,0,0,1,0,0,81.22,1,1,0,0,0,1,12.206077645517674,1.0
1335,Female,22.0,Tamil Nadu,SC,No,0.0,Mechanical,3,8.16,79.4,80000.0,Yes,Yes,0,1,0,0,0,0,1,0,1,0,0,0,1,1,0,1,0,0,0,0,1,0,0,1,0,0,1,0,0,1,1,0,80.5,1,1,0,0,0,1,11.289794413577894,0.75
1336,Female,25.0,Other,EWS,No,0.0,Mechanical,4,6.66,65.02,600000.0,Yes,Yes,0,0,0,0,0,0,0,0,0,0,0,0,0,0,0,0,0,0,0,0,0,0,0,0,0,0,0,0,0,0,0,0,65.81,1,0,0,0,0,0,13.304686600863562,1.0
1337,Male,18.0,Uttar Pradesh,ST,No,0.0,Electrical,3,7.49,72.58,500000.0,No,No,0,0,0,0,0,0,0,0,0,0,0,0,0,0,0,0,0,0,0,0,0,0,0,0,0,0,0,0,0,0,0,0,73.74000000000001,0,0,0,0,0,0,13.122365377402328,0.75
1338,Male,23.0,Rajasthan,SC,No,0.0,AI_DS,3,6.29,53.87,200000.0,No,Yes,0,0,0,0,0,0,0,0,0,0,0,0,0,0,0,0,0,0,0,0,0,0,0,0,0,0,0,0,0,0,0,0,58.385,1,0,0,0,0,0,12.206077645517674,0.75
1339,Male,25.0,Gujarat,SC,Yes,45.0,Production,2,7.92,70.55,200000.0,No,Yes,1,0,0,0,1,0,0,0,1,0,0,0,1,1,0,0,0,0,0,1,0,0,0,0,0,0,0,0,1,1,0,0,74.875,1,0,0,1,1,0,12.206077645517674,0.5
1340,Male,17.0,Telangana,OBC,No,0.0,Management,4,7.61,71.5,350000.0,Yes,No,0,0,0,0,1,0,0,0,0,0,0,0,0,0,0,0,0,0,0,0,0,0,0,0,0,0,0,0,0,0,0,0,73.80000000000001,1,0,0,0,0,0,12.765691290604371,1.0
1341,Male,25.0,Uttar Pradesh,ST,No,0.0,Medical,3,8.31,78.04,1000000.0,No,No,0,0,0,0,0,0,0,0,0,0,0,0,0,0,0,0,1,0,0,0,0,0,0,0,0,0,0,0,0,0,0,0,80.57000000000001,0,1,0,0,0,0,13.815511557963774,0.75
1342,Female,22.0,Madhya Pradesh,OBC,No,0.0,Pharmacy,1,7.1,69.65,1000000.0,Yes,No,0,0,0,0,0,0,0,0,0,0,0,0,0,0,0,0,0,0,0,0,0,0,0,0,0,0,0,0,0,0,0,0,70.325,1,0,1,0,0,0,13.815511557963774,0.25
1343,Male,25.0,Uttar Pradesh,OBC,No,0.0,Management,3,7.9,76.0,120000.0,Yes,No,0,0,0,0,1,0,0,0,0,0,0,0,0,1,0,0,0,0,0,1,1,0,0,0,0,0,0,0,0,1,0,0,77.5,1,0,0,0,0,0,11.695255355062795,0.75
1344,Male,24.0,Telangana,EWS,No,0.0,Science,4,8.06,71.96,400000.0,No,Yes,0,0,0,0,0,0,0,0,0,0,0,0,0,0,0,0,1,0,0,0,0,0,0,0,0,0,0,0,0,1,0,0,76.28,0,0,0,0,0,0,12.899222326086994,1.0
1345,Male,17.0,Delhi,General,No,0.0,IT,3,8.41,81.73,400000.0,Yes,Yes,0,0,0,0,1,0,1,0,1,0,0,0,1,0,0,0,1,0,0,0,0,0,0,0,0,0,0,0,0,0,0,0,82.91499999999999,1,1,0,0,0,1,12.899222326086994,0.75
1346,Female,18.0,Telangana,EWS,No,0.0,CSE,4,6.28,58.93,350000.0,Yes,No,0,0,0,0,0,0,0,0,0,0,0,0,0,0,0,0,0,0,0,0,0,0,0,0,0,0,0,0,0,0,0,0,60.865,1,0,0,0,0,0,12.765691290604371,1.0
1347,Male,24.0,Maharashtra,EWS,No,0.0,Chemical,3,7.45,70.37,200000.0,No,Yes,1,0,0,0,1,0,0,0,1,0,0,0,1,0,0,0,1,0,0,1,1,1,0,0,0,0,0,0,0,0,0,0,72.435,1,0,0,0,0,0,12.206077645517674,0.75
1348,Female,17.0,Uttar Pradesh,General,No,0.0,Pharmacy,1,7.9,79.34,1200000.0,Yes,Yes,0,0,0,0,0,0,0,1,0,0,0,0,0,0,0,0,0,0,0,0,0,0,0,0,0,0,0,0,0,0,0,0,79.17,1,0,1,0,0,0,13.997832948091215,0.25
1349,Female,19.0,Maharashtra,OBC,No,0.0,Mechanical,2,8.8,71.2,80000.0,No,Yes,1,1,0,1,1,0,1,0,1,0,1,0,1,1,0,0,1,1,0,1,1,0,0,0,0,0,0,1,0,1,1,0,79.6,1,0,0,0,0,0,11.289794413577894,0.5
1350,Female,21.0,Rajasthan,ST,No,0.0,Medical,4,8.25,82.36,350000.0,No,Yes,0,0,0,0,0,0,0,0,0,0,0,0,1,0,0,0,0,0,0,0,0,0,0,1,0,0,0,0,0,1,1,0,82.43,0,1,0,0,0,0,12.765691290604371,1.0
1351,Female,19.0,Rajasthan,SC,No,0.0,Commerce,3,7.96,78.89,400000.0,Yes,Yes,0,0,0,0,1,0,0,0,0,0,0,0,0,0,0,0,0,0,0,0,0,0,0,1,0,0,0,0,0,1,0,0,79.245,1,0,0,0,0,0,12.899222326086994,0.75
1352,Female,23.0,Karnataka,OBC,No,0.0,AI_DS,3,9.91,71.2,400000.0,Yes,No,0,0,0,0,1,0,1,0,1,0,1,0,1,0,0,0,1,0,0,0,0,0,1,0,0,0,0,0,0,1,1,0,85.15,1,0,0,0,0,0,12.899222326086994,0.75
1353,Male,17.0,Delhi,General,No,0.0,ECE,2,7.8,77.24,80000.0,Yes,Yes,0,1,0,0,1,0,1,0,1,0,0,0,1,1,0,1,0,0,0,1,1,0,0,0,0,0,0,0,0,1,0,0,77.62,1,0,0,0,0,0,11.289794413577894,0.5
1354,Female,23.0,Telangana,General,No,0.0,Pharmacy,1,7.67,72.94,150000.0,Yes,No,0,0,0,0,1,0,0,0,0,0,0,0,1,0,0,0,0,0,0,1,1,0,0,1,0,0,0,0,0,1,1,0,74.82,1,0,1,0,0,0,11.918397239722838,0.25
1355,Male,25.0,Karnataka,SC,No,0.0,Electrical,3,7.08,71.95,600000.0,Yes,No,0,0,0,0,0,0,0,0,0,0,0,0,0,0,0,0,0,0,0,0,0,0,0,0,0,0,0,0,0,0,0,0,71.375,1,0,0,0,0,0,13.304686600863562,0.75
1356,Male,25.0,Gujarat,ST,Yes,40.0,ECE,3,6.52,66.54,250000.0,Yes,No,0,0,0,0,0,0,0,0,0,0,0,0,1,1,0,0,0,0,0,0,0,0,0,0,0,0,0,0,1,1,0,0,65.87,1,0,0,1,1,0,12.429220196836383,0.75
1357,Male,25.0,Gujarat,General,No,0.0,Electrical,3,7.49,72.75,400000.0,No,No,0,0,0,0,0,0,0,0,0,0,0,0,0,0,0,0,0,0,0,0,0,0,0,0,0,0,0,0,0,0,0,0,73.825,0,0,0,0,0,0,12.899222326086994,0.75
1358,Male,25.0,Rajasthan,SC,No,0.0,Electrical,2,7.94,69.13,1500000.0,No,Yes,0,0,0,0,0,0,0,0,0,0,0,0,0,0,0,0,0,0,0,0,0,0,0,0,0,0,0,0,0,0,0,0,74.265,0,0,0,0,0,0,14.220976332738882,0.5
1359,Female,17.0,Madhya Pradesh,General,No,0.0,Management,1,8.25,81.03,1500000.0,Yes,No,0,0,0,0,0,0,0,1,0,0,0,0,0,0,0,0,0,0,0,0,0,0,0,0,0,0,0,0,0,0,0,0,81.765,1,1,1,0,0,1,14.220976332738882,0.25
1360,Female,21.0,Other,OBC,No,0.0,Electrical,4,6.79,64.88,1200000.0,Yes,No,0,0,0,0,0,0,0,0,0,0,0,0,0,0,0,0,0,0,0,0,0,0,0,0,0,0,0,0,0,0,0,0,66.39,1,0,0,0,0,0,13.997832948091215,1.0
1361,Female,23.0,Andhra Pradesh,ST,No,0.0,CSE,4,9.84,91.96,120000.0,No,No,0,1,0,0,1,0,1,0,0,0,1,0,1,1,0,0,1,0,0,1,1,0,1,1,0,0,0,0,0,1,1,0,95.18,1,1,0,0,0,1,11.695255355062795,1.0
1362,Female,21.0,Maharashtra,SC,No,0.0,IT,1,6.23,63.63,200000.0,Yes,No,1,0,1,0,1,0,0,0,1,0,0,0,1,1,0,0,0,0,0,0,0,0,0,1,0,0,0,0,0,0,0,0,62.965,1,0,1,0,0,0,12.206077645517674,0.25
1363,Male,22.0,Maharashtra,EWS,Yes,50.0,Medical,2,9.86,93.68,300000.0,Yes,No,1,0,0,0,1,0,0,0,0,0,0,0,0,0,0,0,1,0,0,0,0,1,0,0,0,0,0,0,0,1,0,0,96.14,1,1,0,1,1,1,12.611541086966115,0.5
1364,Male,25.0,Madhya Pradesh,General,No,0.0,ECE,4,8.71,86.77,150000.0,Yes,No,0,0,0,0,1,0,0,0,1,0,0,0,1,1,0,0,1,0,0,1,1,0,0,0,0,0,0,0,0,0,0,0,86.935,1,1,0,0,0,1,11.918397239722838,1.0
1365,Male,20.0,Tamil Nadu,OBC,No,0.0,CSE,1,6.61,61.34,350000.0,Yes,Yes,0,0,0,0,1,0,0,0,1,0,0,0,1,0,0,0,0,0,0,0,0,0,0,0,0,0,0,0,0,0,0,0,63.720000000000006,1,0,1,0,0,0,12.765691290604371,0.25
1366,Female,17.0,Karnataka,SC,No,0.0,CSE,2,8.98,90.37,300000.0,No,Yes,0,1,0,0,0,1,0,0,0,0,0,0,1,0,0,0,1,0,0,1,0,0,0,1,0,1,0,1,0,1,1,0,90.08500000000001,1,1,0,0,0,1,12.611541086966115,0.5
1367,Male,19.0,Uttar Pradesh,OBC,No,0.0,Instrumentation,4,8.18,75.07,800000.0,No,Yes,0,0,0,0,0,0,0,0,0,0,0,0,0,0,0,0,0,0,0,0,0,0,0,0,0,0,0,0,0,0,0,0,78.435,0,1,0,0,0,0,13.592368256649284,1.0
1368,Female,23.0,Maharashtra,ST,No,0.0,Medical,3,9.88,92.27,1500000.0,Yes,No,0,0,0,0,0,0,0,0,0,0,0,0,0,0,0,0,1,0,0,0,0,0,0,0,0,0,0,0,0,0,0,0,95.535,1,1,0,0,0,1,14.220976332738882,0.75
1369,Female,17.0,Other,ST,Yes,90.0,Science,2,7.1,68.48,350000.0,Yes,Yes,0,0,0,0,1,0,0,0,0,0,0,0,1,0,0,0,0,0,0,0,0,0,0,1,0,0,0,0,0,1,1,0,69.74000000000001,1,0,0,1,1,0,12.765691290604371,0.5
1370,Male,18.0,Gujarat,ST,No,0.0,Biotechnology,2,9.36,91.48,350000.0,No,No,0,0,0,0,1,0,0,0,0,0,0,0,1,0,0,0,1,0,0,0,0,0,0,0,0,0,0,0,0,1,0,0,92.53999999999999,0,1,0,0,0,0,12.765691290604371,0.5
1371,Female,25.0,Telangana,SC,No,0.0,Instrumentation,1,8.0,77.39,1200000.0,Yes,No,0,0,0,0,0,0,0,0,0,0,0,0,0,0,0,0,0,0,0,0,0,0,0,0,0,0,0,0,0,0,0,0,78.695,1,1,1,0,0,1,13.997832948091215,0.25
1372,Male,18.0,Delhi,ST,No,0.0,IT,4,7.55,73.4,400000.0,Yes,Yes,0,0,0,0,1,0,1,0,0,0,0,0,0,0,0,0,0,0,0,0,0,0,0,0,0,0,0,0,0,0,0,0,74.45,1,0,0,0,0,0,12.899222326086994,1.0
1373,Male,17.0,Andhra Pradesh,OBC,No,0.0,AI_DS,2,5.0,46.61,350000.0,No,No,0,0,0,0,0,0,0,0,0,0,0,0,0,0,0,0,0,0,0,0,0,0,0,0,0,0,0,0,0,0,0,0,48.305,0,0,0,0,0,0,12.765691290604371,0.5
1374,Male,24.0,Uttar Pradesh,General,No,0.0,Civil,2,7.79,70.55,1000000.0,No,Yes,0,0,0,0,0,0,1,0,0,0,0,0,0,0,0,0,1,0,0,0,0,0,0,0,0,0,0,0,0,0,0,0,74.225,0,0,0,0,0,0,13.815511557963774,0.5
1375,Male,19.0,Madhya Pradesh,SC,No,0.0,Pharmacy,4,7.96,75.01,200000.0,Yes,No,0,0,0,0,1,0,0,0,0,0,0,0,1,1,0,0,1,0,0,1,0,0,0,0,0,0,0,0,0,0,0,0,77.305,1,0,0,0,0,0,12.206077645517674,1.0
1376,Female,19.0,Telangana,EWS,No,0.0,Mechanical,2,9.61,96.01,300000.0,No,Yes,1,1,0,1,1,0,1,0,0,0,0,0,0,0,0,0,1,1,0,1,0,0,0,0,0,1,0,1,0,1,1,0,96.055,1,1,0,0,0,1,12.611541086966115,0.5
1377,Female,18.0,Karnataka,EWS,No,0.0,Mechanical,2,6.94,65.48,500000.0,No,Yes,0,0,0,0,1,0,0,0,1,0,0,0,0,0,0,0,0,0,0,0,0,0,0,1,0,0,0,1,0,0,0,0,67.44,0,0,0,0,0,0,13.122365377402328,0.5
1378,Male,18.0,Andhra Pradesh,EWS,No,0.0,Mechanical,3,7.41,69.04,300000.0,Yes,Yes,0,0,0,0,0,0,0,0,0,0,0,0,0,0,0,0,1,0,0,0,0,0,0,0,0,0,0,0,0,0,0,0,71.57,1,0,0,0,0,0,12.611541086966115,0.75
1379,Male,20.0,Maharashtra,ST,Yes,40.0,Medical,1,7.73,71.16,1500000.0,Yes,Yes,0,0,0,0,0,0,0,0,0,0,0,0,0,0,0,0,0,0,0,0,0,0,0,0,0,0,0,0,0,0,0,0,74.23,1,0,1,1,1,0,14.220976332738882,0.25
1380,Male,17.0,Other,ST,No,0.0,Medical,3,7.49,60.2,800000.0,No,No,0,0,0,0,0,0,0,0,0,0,0,0,0,0,0,0,1,0,0,0,0,0,0,0,0,0,0,0,0,0,0,0,67.55000000000001,0,0,0,0,0,0,13.592368256649284,0.75
1381,Male,24.0,Uttar Pradesh,SC,No,0.0,CSE,4,8.26,76.06,350000.0,No,No,0,1,0,0,0,0,0,0,1,0,0,0,0,0,0,0,0,0,0,0,0,0,0,0,0,0,0,0,0,1,0,0,79.33,0,1,0,0,0,0,12.765691290604371,1.0
1382,Male,21.0,Telangana,OBC,No,0.0,Medical,3,8.57,79.52,150000.0,No,Yes,1,0,0,0,1,0,0,0,0,0,0,0,1,1,0,0,0,0,0,1,1,0,0,0,0,0,0,0,0,0,0,0,82.61,1,1,0,0,0,1,11.918397239722838,0.75
1383,Female,21.0,Gujarat,General,No,0.0,Production,4,7.8,76.56,150000.0,No,Yes,1,1,0,0,0,0,1,0,1,0,0,0,1,1,0,0,0,0,0,1,0,0,0,0,0,0,0,0,0,0,0,0,77.28,1,0,0,0,0,0,11.918397239722838,1.0
1384,Female,23.0,Maharashtra,ST,No,0.0,Science,4,7.46,72.23,400000.0,No,No,0,0,0,0,1,0,0,0,0,0,0,0,1,0,0,0,0,0,0,0,0,0,0,0,0,0,0,0,0,1,0,0,73.41499999999999,0,0,0,0,0,0,12.899222326086994,1.0
1385,Female,23.0,Gujarat,EWS,No,0.0,Civil,2,6.88,64.77,600000.0,Yes,No,0,0,0,0,0,0,0,0,0,0,0,0,0,0,0,0,0,0,0,0,0,0,0,0,0,0,0,1,0,0,0,0,66.785,1,0,0,0,0,0,13.304686600863562,0.5
1386,Female,25.0,Andhra Pradesh,SC,No,0.0,Civil,4,7.25,66.64,150000.0,No,Yes,0,0,0,0,0,0,0,0,1,0,0,0,0,1,0,0,0,0,0,1,0,0,0,1,0,0,0,0,0,0,0,0,69.57,1,0,0,0,0,0,11.918397239722838,1.0
1387,Female,21.0,Uttar Pradesh,ST,No,0.0,Civil,3,7.49,64.61,500000.0,Yes,No,0,0,0,0,1,0,0,0,0,0,0,0,0,0,0,0,0,0,0,0,0,0,0,1,0,0,0,0,0,0,0,0,69.755,1,0,0,0,0,0,13.122365377402328,0.75
1388,Female,19.0,Tamil Nadu,General,No,0.0,Medical,2,6.91,64.79,250000.0,Yes,No,0,0,0,0,0,0,0,0,0,0,0,0,1,1,0,0,0,0,0,0,0,0,0,0,0,0,0,0,0,0,0,0,66.945,1,0,0,0,0,0,12.429220196836383,0.5
1389,Male,19.0,Andhra Pradesh,SC,No,0.0,Electrical,4,7.19,67.58,300000.0,Yes,Yes,0,0,0,0,1,0,0,0,1,0,0,0,1,0,0,0,0,0,0,0,0,0,0,0,0,0,0,0,0,1,0,0,69.74000000000001,1,0,0,0,0,0,12.611541086966115,1.0
1390,Male,18.0,Maharashtra,General,No,0.0,IT,3,7.43,72.02,1500000.0,Yes,No,0,0,0,0,0,0,0,0,0,0,0,0,0,0,0,0,1,0,0,0,0,0,0,0,0,0,0,0,0,0,0,0,73.16,1,0,0,0,0,0,14.220976332738882,0.75
1391,Female,20.0,Gujarat,OBC,No,0.0,AI_DS,3,8.55,79.28,600000.0,No,No,0,0,0,0,0,0,1,0,1,0,0,0,0,0,0,0,1,0,0,0,0,0,0,1,0,0,0,0,0,0,0,0,82.39,0,1,0,0,0,0,13.304686600863562,0.75
1392,Female,22.0,Gujarat,SC,No,0.0,Mechanical,2,6.06,54.44,150000.0,No,Yes,0,0,0,0,0,0,0,0,0,0,0,0,0,0,0,0,0,0,0,0,0,0,0,0,0,0,0,0,0,0,0,0,57.519999999999996,1,0,0,0,0,0,11.918397239722838,0.5
1393,Female,19.0,Delhi,EWS,No,0.0,Instrumentation,2,6.92,64.68,120000.0,Yes,No,0,0,0,0,0,0,0,0,1,0,0,0,1,1,0,0,0,0,0,0,0,0,0,1,0,0,0,0,0,0,0,0,66.94,1,0,0,0,0,0,11.695255355062795,0.5
1394,Male,17.0,Gujarat,ST,No,0.0,Management,2,6.58,58.62,1200000.0,Yes,No,0,0,0,0,0,0,0,0,0,0,0,0,0,0,0,0,0,0,0,0,0,0,0,0,0,0,0,0,0,0,0,0,62.209999999999994,1,0,0,0,0,0,13.997832948091215,0.5
1395,Female,19.0,Tamil Nadu,General,No,0.0,Pharmacy,3,6.95,66.57,120000.0,No,Yes,0,0,0,0,0,0,0,0,0,0,0,0,1,0,0,0,0,0,0,1,0,0,0,1,0,0,0,0,0,1,0,0,68.035,1,0,0,0,0,0,11.695255355062795,0.75
1396,Male,19.0,Uttar Pradesh,SC,No,0.0,Electrical,1,8.21,76.32,1200000.0,Yes,No,0,0,0,0,0,0,0,1,0,0,0,0,0,0,0,0,0,0,0,0,0,0,0,0,0,0,0,0,0,0,0,0,79.21000000000001,1,1,1,0,0,1,13.997832948091215,0.25
1397,Female,18.0,Madhya Pradesh,EWS,No,0.0,Management,1,7.0,63.72,600000.0,No,Yes,0,0,0,0,0,0,0,0,0,0,0,0,0,0,0,0,0,0,0,0,0,0,0,0,0,0,0,0,0,0,0,0,66.86,0,0,1,0,0,0,13.304686600863562,0.25
1398,Female,21.0,Karnataka,EWS,No,0.0,CSE,4,7.46,68.32,300000.0,Yes,Yes,0,0,0,0,1,0,0,0,0,0,0,0,1,0,0,0,1,0,0,0,0,0,1,1,0,0,0,0,0,1,1,0,71.46,1,0,0,0,0,0,12.611541086966115,1.0
1399,Male,21.0,Telangana,ST,No,0.0,Biotechnology,1,8.19,71.2,250000.0,No,Yes,1,0,0,0,0,0,0,1,0,0,0,0,1,0,0,0,1,0,0,0,1,0,0,0,0,0,0,0,0,1,0,1,76.55,1,0,1,0,0,0,12.429220196836383,0.25
1400,Female,25.0,Maharashtra,OBC,No,0.0,CSE,1,7.07,68.07,250000.0,No,Yes,0,0,0,0,1,0,0,1,1,0,0,0,1,1,0,0,0,0,0,1,0,1,0,1,0,0,0,1,0,0,0,0,69.38499999999999,1,0,1,0,0,0,12.429220196836383,0.25
1401,Female,23.0,Andhra Pradesh,General,No,0.0,Instrumentation,4,7.72,81.42,300000.0,No,No,0,1,0,0,0,0,1,0,1,0,0,0,1,0,0,0,0,0,0,1,0,0,0,1,0,0,0,0,0,1,0,0,79.31,1,0,0,0,0,0,12.611541086966115,1.0
1402,Female,22.0,Gujarat,SC,No,0.0,Civil,4,7.92,72.23,250000.0,No,Yes,1,1,0,0,1,0,0,0,1,0,0,0,1,0,0,0,0,0,0,0,1,0,0,1,0,0,0,0,0,1,0,0,75.715,1,0,0,0,0,0,12.429220196836383,1.0
1403,Female,18.0,Other,SC,No,0.0,ECE,1,7.39,64.88,350000.0,Yes,Yes,0,0,0,0,1,0,0,0,0,0,0,0,1,0,0,0,0,0,0,0,0,0,0,0,0,0,0,0,0,1,1,0,69.38999999999999,1,0,1,0,0,0,12.765691290604371,0.25
1404,Male,18.0,Gujarat,SC,No,0.0,Production,1,7.4,67.8,1500000.0,Yes,Yes,0,0,0,0,0,0,0,0,0,0,0,0,0,0,0,0,0,0,0,0,0,0,0,0,0,0,0,0,0,0,0,0,70.9,1,0,1,0,0,0,14.220976332738882,0.25
1405,Male,22.0,Uttar Pradesh,General,No,0.0,Science,3,8.6,80.05,1200000.0,Yes,Yes,0,0,0,0,0,0,0,0,0,0,0,0,0,0,0,0,0,0,0,0,0,0,0,0,0,0,0,0,0,0,0,0,83.025,1,1,0,0,0,1,13.997832948091215,0.75
1406,Male,19.0,Karnataka,General,No,0.0,AI_DS,1,7.36,68.01,350000.0,Yes,Yes,0,0,0,0,1,0,0,1,1,0,0,0,1,0,0,0,0,0,0,0,0,0,0,0,0,0,0,0,0,0,0,0,70.805,1,0,1,0,0,0,12.765691290604371,0.25
1407,Male,18.0,Andhra Pradesh,SC,No,0.0,Civil,4,9.59,90.14,1500000.0,Yes,No,0,0,0,0,0,0,1,0,0,0,0,0,0,0,0,0,1,1,0,0,0,0,0,0,0,0,0,0,0,0,0,0,93.02000000000001,1,1,0,0,0,1,14.220976332738882,1.0
1408,Male,24.0,Telangana,EWS,No,0.0,IT,4,9.7,94.59,150000.0,Yes,Yes,1,0,0,0,1,0,1,0,1,0,0,0,1,0,0,1,1,0,0,1,1,0,0,0,0,0,0,0,0,1,0,0,95.795,1,1,0,0,0,1,11.918397239722838,1.0
1409,Male,20.0,Telangana,OBC,No,0.0,Civil,1,8.08,77.87,1000000.0,Yes,Yes,0,0,0,0,0,0,0,1,0,0,0,0,0,0,0,0,0,0,0,0,0,0,0,0,0,0,0,0,0,0,0,1,79.33500000000001,1,1,1,0,0,1,13.815511557963774,0.25
1410,Male,22.0,Karnataka,OBC,No,0.0,Chemical,4,7.97,69.93,500000.0,No,Yes,0,0,0,0,0,0,0,0,1,0,0,0,0,0,0,0,0,0,0,0,0,0,0,0,0,0,0,0,0,0,0,0,74.815,0,0,0,0,0,0,13.122365377402328,1.0
1411,Female,21.0,Madhya Pradesh,OBC,No,0.0,Instrumentation,3,7.17,70.65,1200000.0,Yes,Yes,0,0,0,0,0,0,0,0,0,0,0,0,0,0,0,0,1,0,0,0,0,0,0,0,0,0,0,0,0,0,0,0,71.17500000000001,1,0,0,0,0,0,13.997832948091215,0.75
1412,Male,18.0,Tamil Nadu,SC,No,0.0,IT,4,7.44,71.2,120000.0,No,Yes,0,1,0,0,0,0,0,0,1,0,0,0,1,1,0,0,0,0,0,1,0,0,0,0,0,0,0,0,0,1,0,0,72.80000000000001,1,0,0,0,0,0,11.695255355062795,1.0
1413,Male,22.0,Uttar Pradesh,SC,No,0.0,AI_DS,3,7.44,75.79,1000000.0,No,No,0,0,0,0,0,0,0,0,0,0,0,0,0,0,0,0,1,0,0,0,0,0,0,0,0,0,0,0,0,0,0,0,75.095,0,0,0,0,0,0,13.815511557963774,0.75
1414,Female,24.0,Madhya Pradesh,ST,No,0.0,Management,3,9.0,85.31,500000.0,Yes,Yes,0,0,0,0,0,0,0,0,0,0,0,0,0,0,0,0,1,0,0,0,0,0,0,1,0,0,0,0,0,0,0,0,87.655,1,1,0,0,0,1,13.122365377402328,0.75
1415,Male,17.0,Madhya Pradesh,ST,No,0.0,Science,3,8.64,80.98,1200000.0,No,No,0,0,0,0,0,0,0,0,0,0,0,0,0,0,0,0,1,0,0,0,0,0,0,0,0,0,0,0,0,0,0,0,83.69,0,1,0,0,0,0,13.997832948091215,0.75
1416,Female,24.0,Gujarat,OBC,No,0.0,Medical,4,5.46,49.1,80000.0,Yes,No,0,0,0,0,0,0,0,0,0,0,0,0,0,0,0,0,0,0,0,0,0,0,0,0,0,0,0,0,0,0,0,0,51.85,1,0,0,0,0,0,11.289794413577894,1.0
1417,Female,19.0,Andhra Pradesh,SC,Yes,90.0,Mechanical,2,9.38,88.29,600000.0,Yes,Yes,0,0,0,0,0,0,1,0,1,0,1,0,0,0,0,0,1,1,0,0,0,0,0,1,0,0,0,1,1,0,0,0,91.04500000000002,1,1,0,1,1,1,13.304686600863562,0.5
1418,Male,17.0,Andhra Pradesh,ST,No,0.0,Biotechnology,2,7.21,67.6,80000.0,No,No,0,0,0,0,1,0,0,0,0,0,0,0,1,1,0,0,0,0,0,1,1,0,0,0,0,0,0,0,0,0,0,0,69.85,1,0,0,0,0,0,11.289794413577894,0.5
1419,Male,21.0,Delhi,SC,No,0.0,Management,4,9.78,97.79,350000.0,No,Yes,0,0,0,0,0,0,0,0,0,0,0,0,0,0,0,0,1,0,0,0,0,0,0,0,0,0,0,0,0,1,0,0,97.795,0,1,0,0,0,0,12.765691290604371,1.0
1420,Female,17.0,Madhya Pradesh,General,No,0.0,Biotechnology,4,10.0,94.52,600000.0,No,Yes,0,0,0,0,0,0,0,0,0,0,0,0,0,0,0,0,1,0,0,0,0,0,0,0,0,0,0,0,0,0,0,0,97.25999999999999,0,1,0,0,0,0,13.304686600863562,1.0
1421,Male,21.0,Tamil Nadu,OBC,No,0.0,CSE,3,7.85,70.03,800000.0,Yes,No,0,0,0,0,0,0,0,0,0,0,0,0,0,0,0,0,0,0,0,0,0,0,0,0,0,0,0,0,0,0,0,0,74.265,1,0,0,0,0,0,13.592368256649284,0.75
1422,Female,23.0,Uttar Pradesh,General,No,0.0,Chemical,3,9.27,84.56,1000000.0,No,Yes,0,0,0,0,0,0,1,0,0,0,1,0,0,0,0,0,1,0,0,0,0,0,0,0,0,0,0,0,0,0,0,0,88.63,0,1,0,0,0,0,13.815511557963774,0.75
1423,Female,24.0,Rajasthan,General,No,0.0,Commerce,2,7.76,70.43,200000.0,No,Yes,0,0,0,0,1,0,0,0,0,0,0,0,1,0,0,0,1,0,0,1,0,0,0,1,0,0,0,0,0,0,0,0,74.015,1,0,0,0,0,0,12.206077645517674,0.5
1424,Female,24.0,Telangana,EWS,No,0.0,Biotechnology,2,6.79,61.99,150000.0,No,Yes,0,0,0,0,1,0,0,0,0,0,0,0,1,1,0,0,0,0,0,1,0,0,0,1,0,0,0,0,0,0,0,0,64.94500000000001,1,0,0,0,0,0,11.918397239722838,0.5
1425,Male,20.0,Tamil Nadu,EWS,No,0.0,CSE,3,6.77,62.7,500000.0,Yes,No,0,0,0,0,1,0,0,0,0,0,0,0,0,0,0,0,0,0,0,0,0,0,0,0,0,0,0,0,0,0,0,0,65.19999999999999,1,0,0,0,0,0,13.122365377402328,0.75
1426,Male,22.0,Rajasthan,EWS,No,0.0,Instrumentation,1,6.84,67.48,400000.0,No,Yes,0,0,0,0,0,0,0,0,1,0,0,0,0,0,0,0,0,0,0,0,0,0,0,0,0,0,0,0,0,0,0,0,67.94,0,0,1,0,0,0,12.899222326086994,0.25
1427,Female,19.0,Madhya Pradesh,General,No,0.0,Production,1,6.17,59.28,300000.0,No,No,0,0,0,0,0,0,0,0,0,0,0,0,0,0,0,0,0,0,0,0,0,0,0,0,0,0,0,0,0,0,0,0,60.49,1,0,1,0,0,0,12.611541086966115,0.25
1428,Male,21.0,Madhya Pradesh,ST,No,0.0,Civil,2,8.96,83.58,600000.0,Yes,No,0,0,0,0,0,0,1,0,1,0,0,0,0,0,0,0,1,1,0,0,0,0,0,0,0,0,0,0,0,0,0,0,86.59,1,1,0,0,0,1,13.304686600863562,0.5
1429,Male,20.0,Delhi,EWS,No,0.0,Medical,4,6.64,62.39,1000000.0,Yes,No,0,0,0,0,0,0,0,0,0,0,0,0,0,0,0,0,0,0,0,0,0,0,0,0,0,0,0,0,0,0,0,0,64.395,1,0,0,0,0,0,13.815511557963774,1.0
1430,Female,20.0,Gujarat,SC,Yes,80.0,Commerce,1,8.92,85.32,300000.0,No,Yes,1,0,0,0,1,0,0,0,0,0,0,0,0,0,0,0,0,0,1,1,0,0,0,1,1,0,0,0,0,1,1,1,87.25999999999999,1,1,1,1,1,1,12.611541086966115,0.25
1431,Female,23.0,Delhi,OBC,No,0.0,Biotechnology,1,6.86,66.62,350000.0,No,No,0,0,0,0,0,0,0,0,0,0,0,0,1,0,0,0,0,0,0,0,0,0,0,0,0,0,0,0,0,1,0,1,67.61000000000001,0,0,1,0,0,0,12.765691290604371,0.25
1432,Male,24.0,Telangana,OBC,No,0.0,Biotechnology,1,6.18,60.75,350000.0,Yes,No,0,0,0,0,1,0,0,0,0,0,0,0,1,0,0,0,0,0,0,0,0,0,0,0,0,0,0,0,0,0,0,0,61.275,1,0,1,0,0,0,12.765691290604371,0.25
1433,Female,22.0,Gujarat,SC,No,0.0,Medical,1,7.99,74.98,800000.0,No,No,0,0,0,0,0,0,0,0,0,0,0,0,0,0,0,0,1,0,0,0,0,0,0,0,0,0,0,0,0,0,0,1,77.44,0,0,1,0,0,0,13.592368256649284,0.25
1434,Female,19.0,Madhya Pradesh,EWS,No,0.0,IT,3,6.49,58.99,300000.0,Yes,Yes,0,0,0,0,0,0,0,0,0,0,0,0,0,0,0,0,0,0,0,0,0,0,0,0,0,0,0,0,0,0,0,0,61.94500000000001,1,0,0,0,0,0,12.611541086966115,0.75
1435,Male,24.0,Rajasthan,General,No,0.0,ECE,2,8.14,81.02,1000000.0,Yes,Yes,0,0,0,0,0,0,0,0,0,0,0,0,0,0,0,0,0,0,0,0,0,0,0,0,0,0,0,0,0,0,0,0,81.21000000000001,1,1,0,0,0,1,13.815511557963774,0.5
1436,Female,22.0,Madhya Pradesh,General,No,0.0,AI_DS,4,6.74,65.41,350000.0,Yes,No,0,0,0,0,1,0,0,0,0,0,0,0,1,0,0,0,0,0,0,0,0,0,0,1,0,0,0,0,0,1,1,0,66.405,1,0,0,0,0,0,12.765691290604371,1.0
1437,Female,19.0,Delhi,General,No,0.0,Science,2,5.0,45.75,120000.0,No,Yes,0,0,0,0,0,0,0,0,0,0,0,0,0,0,0,0,0,0,0,0,0,0,0,0,0,0,0,0,0,0,0,0,47.875,1,0,0,0,0,0,11.695255355062795,0.5
1438,Male,17.0,Other,EWS,Yes,80.0,Production,4,7.46,68.14,80000.0,Yes,Yes,0,0,0,0,1,0,0,0,0,0,0,0,1,1,0,0,0,0,0,1,1,0,0,0,0,0,0,0,1,1,0,0,71.37,1,0,0,1,1,0,11.289794413577894,1.0
1439,Male,19.0,Gujarat,EWS,No,0.0,Medical,4,6.38,58.61,80000.0,No,No,0,0,0,0,0,0,0,0,0,0,0,0,0,1,0,0,0,0,0,0,0,0,0,0,0,0,0,0,0,0,0,0,61.205,1,0,0,0,0,0,11.289794413577894,1.0
1440,Male,23.0,Delhi,General,Yes,70.0,IT,2,7.85,74.01,200000.0,No,Yes,0,1,0,0,1,0,0,0,1,0,0,0,0,0,0,0,0,0,0,0,1,0,0,0,0,0,0,0,1,0,0,0,76.255,1,0,0,1,1,0,12.206077645517674,0.5
1441,Female,18.0,Uttar Pradesh,General,No,0.0,Mechanical,4,5.0,45.0,200000.0,Yes,Yes,0,0,0,0,0,0,0,0,0,0,0,0,0,0,0,0,0,0,0,0,0,0,0,0,0,0,0,0,0,0,0,0,47.5,1,0,0,0,0,0,12.206077645517674,1.0
1442,Female,21.0,Delhi,SC,No,0.0,Mechanical,2,6.77,65.69,1200000.0,No,No,0,0,0,0,0,0,0,0,0,0,0,0,0,0,0,0,0,0,0,0,0,0,0,0,0,0,0,0,0,0,0,0,66.695,0,0,0,0,0,0,13.997832948091215,0.5
1443,Male,22.0,Telangana,ST,No,0.0,Chemical,4,5.0,46.0,80000.0,No,No,0,0,0,0,0,0,0,0,0,0,0,0,0,0,0,0,0,0,0,0,0,0,0,0,0,0,0,0,0,0,0,0,48.0,1,0,0,0,0,0,11.289794413577894,1.0
1444,Male,19.0,Rajasthan,General,No,0.0,ECE,2,6.87,69.43,200000.0,No,Yes,0,0,0,0,1,0,0,0,0,0,0,0,1,1,0,0,0,0,0,1,0,0,0,0,0,0,0,0,0,0,0,0,69.065,1,0,0,0,0,0,12.206077645517674,0.5
1445,Female,22.0,Tamil Nadu,General,No,0.0,Production,3,7.04,68.03,200000.0,Yes,No,0,0,0,0,1,0,0,0,1,0,0,0,1,1,0,0,0,0,0,0,0,0,0,1,0,0,0,0,0,1,1,0,69.215,1,0,0,0,0,0,12.206077645517674,0.75
1446,Male,20.0,Gujarat,SC,No,0.0,Medical,3,7.67,66.47,400000.0,No,Yes,0,0,0,0,0,0,0,0,0,0,0,0,1,0,0,0,0,0,0,0,0,0,0,0,0,0,0,0,0,0,0,0,71.58500000000001,0,0,0,0,0,0,12.899222326086994,0.75
1447,Female,24.0,Delhi,EWS,No,0.0,Production,1,8.42,80.64,600000.0,Yes,Yes,0,0,0,0,0,0,0,1,1,0,0,0,0,0,0,0,1,0,0,0,0,0,0,1,0,0,0,1,0,0,0,1,82.42,1,1,1,0,0,1,13.304686600863562,0.25
1448,Male,17.0,Maharashtra,SC,No,0.0,Chemical,4,8.11,88.82,350000.0,Yes,Yes,0,0,0,0,1,0,0,0,1,0,0,0,1,0,0,0,1,0,0,0,0,0,0,0,0,0,0,0,0,1,0,0,84.96,1,1,0,0,0,1,12.765691290604371,1.0
1449,Male,22.0,Karnataka,OBC,No,0.0,Pharmacy,1,5.0,52.67,250000.0,No,Yes,0,0,0,0,0,0,0,0,0,0,0,0,0,0,0,0,0,0,0,0,0,0,0,0,0,0,0,0,0,0,0,0,51.335,1,0,1,0,0,0,12.429220196836383,0.25
1450,Female,17.0,Rajasthan,SC,No,0.0,Science,2,7.16,68.88,120000.0,Yes,No,0,0,0,0,0,0,0,0,0,0,0,0,1,0,0,0,0,0,0,1,0,0,0,0,0,0,0,0,0,0,1,0,70.24,1,0,0,0,0,0,11.695255355062795,0.5
1451,Male,17.0,Rajasthan,General,No,0.0,Science,3,7.45,69.5,250000.0,Yes,No,0,0,0,0,0,0,0,0,0,0,0,0,0,1,0,0,0,0,0,1,1,0,0,0,0,0,0,0,0,1,0,0,72.0,1,0,0,0,0,0,12.429220196836383,0.75
1452,Male,19.0,Karnataka,General,No,0.0,Medical,1,6.82,65.78,80000.0,No,No,0,0,0,0,1,0,0,0,0,0,0,0,1,1,0,0,0,0,0,1,0,0,0,0,0,0,0,0,0,0,0,1,66.99000000000001,1,0,1,0,0,0,11.289794413577894,0.25
1453,Female,23.0,Gujarat,General,No,0.0,IT,1,5.68,56.21,1200000.0,No,No,0,0,0,0,0,0,0,0,0,0,0,0,0,0,0,0,0,0,0,0,0,0,0,0,0,0,0,0,0,0,0,0,56.504999999999995,0,0,1,0,0,0,13.997832948091215,0.25
1454,Female,20.0,Telangana,General,No,0.0,Civil,2,7.0,63.11,1000000.0,No,Yes,0,0,0,0,0,0,0,0,0,0,0,0,0,0,0,0,0,0,0,0,0,0,0,0,0,0,0,0,0,0,0,0,66.555,0,0,0,0,0,0,13.815511557963774,0.5
1455,Male,23.0,Delhi,ST,No,0.0,IT,3,6.96,69.89,350000.0,Yes,No,0,0,0,0,1,0,0,0,1,0,0,0,1,0,0,0,0,0,0,0,0,0,0,0,0,0,0,0,0,0,0,0,69.745,1,0,0,0,0,0,12.765691290604371,0.75
1456,Female,24.0,Delhi,OBC,No,0.0,Pharmacy,2,6.86,71.2,300000.0,No,No,0,0,0,0,0,0,0,0,0,0,0,0,0,0,0,0,0,0,0,0,0,0,0,1,0,0,0,0,0,0,0,0,69.9,1,0,0,0,0,0,12.611541086966115,0.5
1457,Male,23.0,Madhya Pradesh,ST,No,0.0,Chemical,2,6.62,65.16,1500000.0,No,No,0,0,0,0,0,0,0,0,0,0,0,0,0,0,0,0,0,0,0,0,0,0,0,0,0,0,0,0,0,0,0,0,65.68,0,0,0,0,0,0,14.220976332738882,0.5
1458,Female,23.0,Rajasthan,EWS,No,0.0,Electrical,3,7.49,84.59,300000.0,No,No,0,1,0,0,1,0,0,0,1,0,0,0,1,0,0,0,0,0,0,0,0,0,0,1,0,0,0,0,0,0,0,0,79.745,1,0,0,0,0,0,12.611541086966115,0.75
1459,Male,17.0,Madhya Pradesh,EWS,No,0.0,Electrical,3,7.29,71.26,500000.0,Yes,Yes,0,0,0,0,1,0,0,0,0,0,0,0,0,0,0,0,0,0,0,0,0,0,0,0,0,0,0,0,0,0,0,0,72.08000000000001,1,0,0,0,0,0,13.122365377402328,0.75
1460,Male,23.0,Rajasthan,General,No,0.0,IT,1,7.62,76.28,600000.0,Yes,No,0,0,0,0,0,0,0,0,1,0,0,0,0,0,0,0,1,0,0,0,0,0,0,0,0,0,0,0,0,0,0,1,76.24000000000001,1,0,1,0,0,0,13.304686600863562,0.25
1461,Male,20.0,Other,SC,No,0.0,Biotechnology,3,6.64,65.32,500000.0,No,No,0,0,0,0,1,0,0,0,0,0,0,0,0,0,0,0,0,0,0,0,0,0,0,0,0,0,0,0,0,0,0,0,65.85999999999999,0,0,0,0,0,0,13.122365377402328,0.75
1462,Male,22.0,Andhra Pradesh,General,No,0.0,Science,2,7.27,68.87,1500000.0,Yes,Yes,0,0,0,0,0,0,0,0,0,0,0,0,0,0,0,0,1,0,0,0,0,0,0,0,0,0,0,0,0,0,0,0,70.785,1,0,0,0,0,0,14.220976332738882,0.5
1463,Male,24.0,Gujarat,General,No,0.0,Chemical,2,7.61,73.05,1200000.0,No,No,0,0,0,0,0,0,0,0,0,0,0,0,0,0,0,0,0,0,0,0,0,0,0,0,0,0,0,0,0,0,0,0,74.575,0,0,0,0,0,0,13.997832948091215,0.5
1464,Male,25.0,Other,General,No,0.0,Civil,1,7.36,70.56,350000.0,Yes,No,0,0,0,0,1,0,0,1,1,0,0,0,1,0,0,0,0,0,0,0,0,0,0,0,0,0,0,0,0,1,0,0,72.08000000000001,1,0,1,0,0,0,12.765691290604371,0.25
1465,Male,20.0,Gujarat,General,No,0.0,Science,1,9.39,92.16,350000.0,No,No,0,0,0,0,0,0,0,1,0,0,0,0,0,0,0,0,0,0,0,0,0,0,0,0,0,0,0,0,0,0,0,0,93.03,0,1,1,0,0,0,12.765691290604371,0.25
1466,Male,21.0,Madhya Pradesh,ST,No,0.0,Chemical,4,8.54,79.76,600000.0,No,Yes,0,0,0,0,0,0,0,0,1,0,0,0,0,0,0,0,0,0,0,0,0,0,0,0,0,0,0,0,0,0,0,0,82.58,0,1,0,0,0,0,13.304686600863562,1.0
1467,Female,17.0,Tamil Nadu,SC,No,0.0,Instrumentation,4,6.43,63.95,1500000.0,No,Yes,0,0,0,0,0,0,0,0,0,0,0,0,0,0,0,0,0,0,0,0,0,0,0,0,0,0,0,0,0,0,0,0,64.125,0,0,0,0,0,0,14.220976332738882,1.0
1468,Female,22.0,Other,ST,No,0.0,Medical,1,8.55,85.64,400000.0,Yes,No,0,0,0,0,1,0,0,1,0,0,0,0,1,0,0,0,0,0,0,0,0,0,0,1,1,0,0,0,0,1,1,1,85.57,1,1,1,0,0,1,12.899222326086994,0.25
1469,Female,25.0,Rajasthan,General,No,0.0,ECE,4,6.78,63.72,350000.0,No,Yes,0,0,0,0,0,0,0,0,1,0,0,0,0,0,0,0,0,0,0,0,0,0,0,1,0,0,0,0,0,0,0,0,65.75999999999999,0,0,0,0,0,0,12.765691290604371,1.0
1470,Female,17.0,Madhya Pradesh,SC,No,0.0,Science,2,5.53,51.36,600000.0,No,Yes,0,0,0,0,0,0,0,0,0,0,0,0,0,0,0,0,0,0,0,0,0,0,0,0,0,0,0,0,0,0,0,0,53.33,0,0,0,0,0,0,13.304686600863562,0.5
1471,Male,19.0,Uttar Pradesh,General,No,0.0,Science,1,8.7,81.25,500000.0,Yes,No,0,0,0,0,0,0,0,0,0,0,0,0,0,0,0,0,1,0,0,0,0,0,0,0,0,0,0,0,0,0,0,1,84.125,1,1,1,0,0,1,13.122365377402328,0.25
1472,Female,23.0,Delhi,General,No,0.0,ECE,4,8.27,77.99,150000.0,No,No,0,1,0,0,1,0,1,0,1,0,0,0,1,1,0,0,0,0,0,0,1,0,0,1,0,0,1,0,0,1,1,0,80.345,1,1,0,0,0,1,11.918397239722838,1.0
1473,Male,17.0,Telangana,EWS,No,0.0,ECE,2,7.89,71.51,1500000.0,Yes,Yes,0,0,0,0,0,0,1,0,0,0,0,0,0,0,0,0,0,0,0,0,0,0,0,0,0,0,0,0,0,0,0,0,75.205,1,0,0,0,0,0,14.220976332738882,0.5
1474,Female,24.0,Karnataka,General,No,0.0,Mechanical,4,7.6,63.23,80000.0,No,Yes,0,0,0,0,1,0,0,0,1,0,0,0,1,1,0,0,0,0,0,0,0,0,0,1,0,0,0,0,0,1,0,0,69.615,1,0,0,0,0,0,11.289794413577894,1.0
1475,Male,22.0,Other,EWS,No,0.0,Production,4,7.28,64.27,1200000.0,Yes,Yes,0,0,0,0,0,0,0,0,0,0,0,0,0,0,0,0,0,0,0,0,0,0,0,0,0,0,0,0,0,0,0,0,68.535,1,0,0,0,0,0,13.997832948091215,1.0
1476,Male,19.0,Gujarat,EWS,No,0.0,Science,4,8.95,87.36,300000.0,No,Yes,1,0,0,0,0,0,0,0,0,0,0,0,1,0,0,0,1,0,0,1,0,0,0,0,0,0,0,0,0,1,0,0,88.43,1,1,0,0,0,1,12.611541086966115,1.0
1477,Female,25.0,Rajasthan,ST,No,0.0,Instrumentation,4,8.06,81.13,500000.0,No,Yes,0,0,0,0,1,0,1,0,1,0,0,0,0,0,0,0,0,0,0,0,0,0,0,1,0,0,0,0,0,0,0,0,80.86500000000001,0,1,0,0,0,0,13.122365377402328,1.0
1478,Male,18.0,Telangana,SC,No,0.0,CSE,2,6.36,65.66,120000.0,Yes,Yes,0,0,0,0,0,0,0,0,1,0,0,0,1,1,0,0,0,0,0,0,0,0,0,0,0,0,0,0,0,1,0,0,64.63,1,0,0,0,0,0,11.695255355062795,0.5
1479,Male,19.0,Other,OBC,No,0.0,Pharmacy,3,8.62,81.18,400000.0,Yes,Yes,0,0,0,0,1,0,0,0,0,0,0,0,0,0,0,0,1,0,0,0,0,0,0,0,0,0,0,0,0,0,0,0,83.69,1,1,0,0,0,1,12.899222326086994,0.75
1480,Female,18.0,Delhi,General,No,0.0,Electrical,3,8.86,80.85,150000.0,No,Yes,0,0,0,0,0,0,1,0,1,0,1,0,1,0,0,0,1,1,0,1,1,0,0,1,0,0,0,0,0,1,1,0,84.725,1,1,0,0,0,1,11.918397239722838,0.75
1481,Female,17.0,Delhi,General,No,0.0,Instrumentation,1,6.51,60.02,250000.0,Yes,No,0,0,0,0,1,0,0,1,1,0,0,1,1,0,0,0,0,0,0,0,0,0,0,1,0,0,0,0,0,0,0,0,62.56,1,0,1,0,0,0,12.429220196836383,0.25
1482,Male,24.0,Karnataka,OBC,No,0.0,Management,4,6.87,62.1,200000.0,Yes,Yes,0,0,0,0,0,0,0,0,0,0,0,0,1,1,0,0,0,0,0,0,0,0,0,0,0,0,0,0,0,0,0,0,65.4,1,0,0,0,0,0,12.206077645517674,1.0
1483,Female,25.0,Other,EWS,No,0.0,AI_DS,2,7.49,84.44,800000.0,Yes,Yes,0,0,0,0,0,1,0,0,0,0,0,0,0,0,0,0,0,0,0,0,0,0,0,0,0,0,0,1,0,0,0,0,79.67,1,0,0,0,0,0,13.592368256649284,0.5
1484,Male,24.0,Delhi,General,No,0.0,Production,4,7.92,73.53,1500000.0,No,Yes,0,0,0,0,0,0,0,0,0,0,0,0,0,0,0,0,0,0,0,0,0,0,0,0,0,0,0,0,0,0,0,0,76.36500000000001,0,0,0,0,0,0,14.220976332738882,1.0
1485,Female,23.0,Maharashtra,ST,Yes,50.0,Medical,1,5.32,51.35,200000.0,No,No,0,0,0,0,0,0,0,0,0,0,0,0,0,0,0,0,0,0,0,0,0,0,0,0,0,0,0,0,0,0,0,0,52.275000000000006,1,0,1,1,1,0,12.206077645517674,0.25
1486,Female,20.0,Gujarat,ST,No,0.0,Commerce,2,5.21,49.29,200000.0,No,No,0,0,0,0,0,0,0,0,0,0,0,0,0,0,0,0,0,0,0,0,0,0,0,0,0,0,0,0,0,0,0,0,50.695,1,0,0,0,0,0,12.206077645517674,0.5
1487,Male,23.0,Uttar Pradesh,General,No,0.0,AI_DS,2,5.86,61.63,1200000.0,Yes,No,0,0,0,0,0,0,0,0,0,0,0,0,0,0,0,0,0,0,0,0,0,0,0,0,0,0,0,0,0,0,0,0,60.115,1,0,0,0,0,0,13.997832948091215,0.5
1488,Female,23.0,Telangana,ST,No,0.0,Biotechnology,3,8.59,81.92,1500000.0,No,No,0,0,0,0,0,0,0,0,0,0,0,0,0,0,0,0,1,0,0,0,0,0,0,0,0,0,0,0,0,0,0,0,83.91,0,1,0,0,0,0,14.220976332738882,0.75
1489,Female,25.0,Tamil Nadu,ST,No,0.0,Electrical,4,7.49,83.15,300000.0,Yes,No,0,0,0,0,0,0,0,0,1,0,0,0,0,0,0,1,0,0,0,0,0,0,0,1,0,0,0,0,0,0,1,0,79.025,1,0,0,0,0,0,12.611541086966115,1.0
1490,Female,25.0,Delhi,EWS,No,0.0,Instrumentation,3,8.15,78.02,250000.0,No,Yes,0,0,0,0,1,0,1,0,0,0,0,0,1,1,0,0,1,0,0,1,1,0,0,0,0,0,1,0,0,1,0,0,79.75999999999999,1,1,0,0,0,1,12.429220196836383,0.75
1491,Female,22.0,Karnataka,EWS,No,0.0,Chemical,2,7.82,78.11,1500000.0,No,No,0,0,0,0,0,0,0,0,0,0,0,0,0,0,0,0,1,0,0,0,0,0,0,0,0,0,0,0,0,0,0,0,78.155,0,0,0,0,0,0,14.220976332738882,0.5
1492,Female,21.0,Uttar Pradesh,ST,No,0.0,Civil,2,8.38,80.48,1200000.0,No,Yes,0,0,0,0,0,0,0,0,0,0,0,0,0,0,0,0,0,0,0,0,0,0,0,0,0,0,0,0,0,0,0,0,82.14000000000001,0,1,0,0,0,0,13.997832948091215,0.5
1493,Female,25.0,Delhi,SC,No,0.0,Science,2,5.51,49.46,350000.0,No,Yes,0,0,0,0,0,0,0,0,0,0,0,0,0,0,0,0,0,0,0,0,0,0,0,0,0,0,0,0,0,0,0,0,52.28,0,0,0,0,0,0,12.765691290604371,0.5
1494,Male,22.0,Gujarat,ST,No,0.0,Medical,4,7.35,70.11,1000000.0,No,No,0,0,0,0,0,0,0,0,0,0,0,0,0,0,0,0,0,0,0,0,0,0,0,0,0,0,0,0,0,0,0,0,71.805,0,0,0,0,0,0,13.815511557963774,1.0
1495,Female,19.0,Telangana,EWS,No,0.0,ECE,4,6.14,65.57,1500000.0,No,Yes,0,0,0,0,0,0,0,0,0,0,0,0,0,0,0,0,0,0,0,0,0,0,0,0,0,0,0,0,0,0,0,0,63.485,0,0,0,0,0,0,14.220976332738882,1.0
1496,Male,20.0,Telangana,ST,No,0.0,Instrumentation,4,9.32,90.35,200000.0,No,Yes,0,1,0,0,1,0,1,0,1,0,0,0,1,1,0,0,0,0,0,1,1,0,0,0,0,0,0,0,0,1,0,0,91.775,1,1,0,0,0,1,12.206077645517674,1.0
1497,Female,24.0,Uttar Pradesh,General,No,0.0,Medical,3,7.59,71.47,120000.0,Yes,Yes,0,0,0,0,0,0,0,0,0,0,0,0,1,1,0,0,0,0,0,1,1,0,0,0,0,0,0,0,0,1,1,0,73.685,1,0,0,0,0,0,11.695255355062795,0.75
1498,Male,22.0,Maharashtra,General,No,0.0,Instrumentation,1,6.36,60.65,500000.0,No,Yes,0,0,0,0,0,0,0,0,1,0,0,0,0,0,0,0,0,0,0,0,0,0,0,0,0,0,0,0,0,0,0,0,62.125,0,0,1,0,0,0,13.122365377402328,0.25
1499,Male,23.0,Karnataka,General,No,0.0,IT,1,7.81,70.47,120000.0,No,No,0,1,0,0,0,0,0,1,1,1,0,0,1,1,0,0,0,0,0,1,0,0,0,0,0,0,0,0,0,0,0,1,74.285,1,0,1,0,0,0,11.695255355062795,0.25
1500,Female,23.0,Karnataka,OBC,No,0.0,Instrumentation,3,7.9,74.58,1500000.0,Yes,Yes,0,0,0,0,0,0,1,0,0,0,0,0,0,0,0,0,1,0,0,0,0,0,0,0,0,0,0,0,0,0,0,0,76.78999999999999,1,0,0,0,0,0,14.220976332738882,0.75
1501,Male,25.0,Uttar Pradesh,SC,No,0.0,Mechanical,4,5.21,46.91,200000.0,Yes,Yes,0,0,0,0,0,0,0,0,0,0,0,0,0,0,0,0,0,0,0,0,0,0,0,0,0,0,0,0,0,0,0,0,49.504999999999995,1,0,0,0,0,0,12.206077645517674,1.0
1502,Male,21.0,Tamil Nadu,General,No,0.0,Commerce,2,7.0,72.16,200000.0,No,Yes,0,0,0,0,1,0,0,0,0,0,0,0,1,1,0,0,1,0,0,1,1,0,0,0,0,0,0,0,0,1,0,0,71.08,1,0,0,0,0,0,12.206077645517674,0.5
1503,Male,20.0,Telangana,General,Yes,80.0,Chemical,4,8.17,73.61,600000.0,No,No,0,0,0,0,0,0,1,0,0,0,0,0,0,0,0,0,0,0,0,0,0,0,0,0,0,0,0,0,1,0,0,0,77.655,0,0,0,1,1,0,13.304686600863562,1.0
1504,Male,20.0,Rajasthan,General,No,0.0,Science,4,8.08,72.12,150000.0,No,No,0,0,0,0,1,0,0,0,0,0,0,0,0,1,0,0,1,0,0,1,1,0,0,0,0,0,0,0,0,1,0,0,76.46000000000001,1,0,0,0,0,0,11.918397239722838,1.0
1505,Male,25.0,Telangana,OBC,No,0.0,Management,4,8.8,82.19,1200000.0,No,No,0,0,0,0,0,0,0,0,0,0,0,0,0,0,0,0,0,0,0,0,0,0,0,0,0,0,0,0,0,0,0,0,85.095,0,1,0,0,0,0,13.997832948091215,1.0
1506,Male,24.0,Delhi,EWS,No,0.0,Science,2,7.39,71.2,300000.0,Yes,Yes,0,0,0,0,1,0,0,0,0,0,0,0,1,0,0,0,0,0,0,0,0,0,0,0,0,0,0,0,0,1,0,0,72.55,1,0,0,0,0,0,12.611541086966115,0.5
1507,Female,19.0,Andhra Pradesh,OBC,No,0.0,Pharmacy,4,5.96,52.43,50000000.0,Yes,No,0,0,0,0,0,0,0,0,0,0,0,0,0,0,0,0,0,0,0,0,0,0,0,0,0,0,0,0,0,0,0,0,56.015,1,0,0,0,0,0,17.72753358339242,1.0
1508,Male,23.0,Uttar Pradesh,ST,No,0.0,Production,1,6.8,67.72,400000.0,Yes,No,0,0,0,0,1,0,0,0,1,0,0,0,1,0,0,0,0,0,0,0,0,0,0,0,0,0,0,0,0,1,0,1,67.86,1,0,1,0,0,0,12.899222326086994,0.25
1509,Female,22.0,Andhra Pradesh,General,No,0.0,Science,4,5.68,45.46,120000.0,No,No,0,0,0,0,0,0,0,0,0,0,0,0,0,0,0,0,0,0,0,0,0,0,0,0,0,0,0,0,0,0,0,0,51.129999999999995,1,0,0,0,0,0,11.695255355062795,1.0
1510,Female,20.0,Telangana,SC,No,0.0,Instrumentation,4,6.96,67.78,150000.0,Yes,No,1,0,0,0,0,0,0,0,1,0,0,0,1,1,0,0,0,0,0,1,0,0,0,1,0,0,0,0,0,1,1,0,68.69,1,0,0,0,0,0,11.918397239722838,1.0
1511,Male,17.0,Andhra Pradesh,SC,Yes,45.0,AI_DS,2,8.94,83.54,120000.0,Yes,No,0,1,0,0,1,0,1,0,1,0,0,0,1,1,0,1,0,0,0,1,1,0,0,0,0,0,0,0,1,1,0,0,86.47,1,1,0,1,1,1,11.695255355062795,0.5
1512,Male,25.0,Telangana,ST,No,0.0,Electrical,4,7.01,70.06,350000.0,Yes,Yes,0,0,0,0,1,0,0,0,0,0,0,0,1,0,0,0,1,0,0,0,0,0,0,0,0,0,0,0,0,1,0,0,70.08,1,0,0,0,0,0,12.765691290604371,1.0
1513,Female,21.0,Gujarat,EWS,No,0.0,AI_DS,1,5.26,48.8,600000.0,Yes,No,0,0,0,0,0,0,0,0,0,0,0,0,0,0,0,0,0,0,0,0,0,0,0,0,0,0,0,0,0,0,0,0,50.699999999999996,1,0,1,0,0,0,13.304686600863562,0.25
1514,Female,23.0,Gujarat,OBC,Yes,45.0,AI_DS,1,7.49,74.78,1200000.0,Yes,No,0,0,0,0,0,0,0,0,0,0,0,0,0,0,0,0,0,0,0,0,0,0,0,0,0,0,0,0,0,0,0,0,74.84,1,0,1,1,1,0,13.997832948091215,0.25
1515,Male,25.0,Rajasthan,ST,No,0.0,Pharmacy,2,6.89,65.56,150000.0,Yes,Yes,0,0,0,0,1,0,0,0,0,0,0,0,0,1,0,0,0,0,0,1,0,0,0,0,0,0,0,0,0,1,0,0,67.22999999999999,1,0,0,0,0,0,11.918397239722838,0.5
1516,Male,22.0,Gujarat,SC,No,0.0,CSE,1,5.0,45.53,350000.0,Yes,No,0,0,0,0,0,0,0,0,0,0,0,0,0,0,0,0,0,0,0,0,0,0,0,0,0,0,0,0,0,0,0,0,47.765,1,0,1,0,0,0,12.765691290604371,0.25
1517,Male,24.0,Gujarat,OBC,No,0.0,Pharmacy,3,8.04,73.43,400000.0,Yes,No,0,0,0,0,1,0,0,0,0,0,0,0,0,0,0,0,0,0,0,0,0,0,0,0,0,0,0,0,0,1,0,0,76.91499999999999,1,0,0,0,0,0,12.899222326086994,0.75
1518,Male,18.0,Karnataka,OBC,No,0.0,IT,1,7.49,71.2,350000.0,Yes,Yes,0,0,0,0,0,0,0,0,0,0,0,0,0,0,0,0,1,0,0,0,0,0,0,0,0,0,0,0,0,1,0,1,73.05000000000001,1,0,1,0,0,0,12.765691290604371,0.25
1519,Female,24.0,Delhi,ST,No,0.0,Medical,4,7.09,67.87,500000.0,No,No,0,0,0,0,0,0,0,0,0,0,0,0,0,0,0,0,0,0,0,0,0,0,0,1,0,0,0,0,0,0,0,0,69.385,0,0,0,0,0,0,13.122365377402328,1.0
1520,Female,21.0,Delhi,ST,No,0.0,Management,2,6.34,59.61,1200000.0,Yes,Yes,0,0,0,0,0,0,0,0,0,0,0,0,0,0,0,0,0,0,0,0,0,0,0,0,0,0,0,0,0,0,0,0,61.504999999999995,1,0,0,0,0,0,13.997832948091215,0.5
1521,Male,22.0,Telangana,General,No,0.0,Commerce,4,8.23,78.66,350000.0,No,No,0,0,0,0,0,0,0,0,0,0,0,0,0,0,0,0,0,0,0,0,0,0,0,0,0,0,0,0,0,1,0,0,80.48,0,1,0,0,0,0,12.765691290604371,1.0
1522,Male,22.0,Tamil Nadu,OBC,No,0.0,Civil,4,6.8,65.27,1200000.0,Yes,No,0,0,0,0,0,0,0,0,0,0,0,0,0,0,0,0,0,0,0,0,0,0,0,0,0,0,0,0,0,0,0,0,66.63499999999999,1,0,0,0,0,0,13.997832948091215,1.0
1523,Male,21.0,Andhra Pradesh,OBC,No,0.0,Production,4,8.36,73.27,250000.0,No,No,0,1,0,0,0,0,1,0,1,0,0,0,1,0,0,0,0,0,0,1,1,0,0,0,0,0,0,0,0,1,0,0,78.435,1,0,0,0,0,0,12.429220196836383,1.0
1524,Female,24.0,Madhya Pradesh,OBC,No,0.0,Commerce,1,8.89,83.45,200000.0,Yes,Yes,0,0,0,0,0,0,0,1,0,0,0,0,1,1,0,0,1,0,1,1,1,0,0,1,0,0,0,0,0,1,0,1,86.17500000000001,1,1,1,0,0,1,12.206077645517674,0.25
1525,Female,22.0,Maharashtra,SC,No,0.0,Medical,4,8.01,79.69,120000.0,No,No,1,0,0,0,1,0,0,0,0,0,0,0,1,1,0,0,1,0,0,1,1,0,0,1,0,0,0,0,0,1,1,0,79.895,1,1,0,0,0,1,11.695255355062795,1.0
1526,Female,17.0,Tamil Nadu,General,No,0.0,Civil,3,5.85,53.45,500000.0,Yes,Yes,0,0,0,0,0,0,0,0,0,0,0,0,0,0,0,0,0,0,0,0,0,0,0,0,0,0,0,0,0,0,0,0,55.975,1,0,0,0,0,0,13.122365377402328,0.75
1527,Male,19.0,Delhi,SC,No,0.0,Civil,3,7.15,65.57,80000.0,No,No,0,0,0,0,0,0,0,0,1,0,0,0,1,1,0,0,0,0,0,1,0,0,0,0,0,0,0,0,0,0,0,0,68.535,1,0,0,0,0,0,11.289794413577894,0.75
1528,Female,24.0,Madhya Pradesh,EWS,No,0.0,Pharmacy,1,9.58,88.44,1200000.0,Yes,No,0,0,0,0,0,0,0,0,0,0,0,0,0,0,0,0,1,0,0,0,0,0,0,0,0,0,0,0,0,0,0,0,92.12,1,1,1,0,0,1,13.997832948091215,0.25
1529,Female,23.0,Delhi,General,No,0.0,AI_DS,2,6.83,65.5,1500000.0,No,No,0,0,0,0,0,0,0,0,0,0,0,0,0,0,0,0,0,0,0,0,0,0,0,0,0,0,0,0,0,0,0,0,66.9,0,0,0,0,0,0,14.220976332738882,0.5
1530,Female,21.0,Gujarat,OBC,No,0.0,Civil,1,6.06,56.38,600000.0,No,No,0,0,0,0,0,0,0,0,0,0,0,0,0,0,0,0,0,0,0,0,0,0,0,0,0,0,0,0,0,0,0,0,58.489999999999995,0,0,1,0,0,0,13.304686600863562,0.25
1531,Female,20.0,Maharashtra,General,No,0.0,Electrical,2,7.88,73.86,350000.0,Yes,No,0,1,0,0,1,0,0,0,1,0,0,0,1,0,0,0,1,1,0,0,0,1,0,0,0,1,0,0,0,1,1,0,76.33,1,0,0,0,0,0,12.765691290604371,0.5
1532,Male,23.0,Delhi,EWS,No,0.0,Civil,1,7.39,68.62,120000.0,Yes,Yes,0,0,0,0,1,0,0,1,1,0,0,0,1,1,0,0,1,0,0,1,1,0,0,0,0,0,0,0,0,1,0,0,71.25999999999999,1,0,1,0,0,0,11.695255355062795,0.25
1533,Female,24.0,Rajasthan,OBC,No,0.0,Mechanical,4,5.68,54.92,120000.0,Yes,No,0,0,0,0,0,0,0,0,0,0,0,0,0,0,0,0,0,0,0,0,0,0,0,0,0,0,0,0,0,0,0,0,55.86,1,0,0,0,0,0,11.695255355062795,1.0
1534,Female,22.0,Tamil Nadu,SC,No,0.0,Biotechnology,3,9.61,91.35,500000.0,Yes,No,0,0,0,0,0,0,0,0,0,0,0,0,0,0,0,0,1,0,0,0,0,0,0,1,0,0,0,0,0,0,0,0,93.725,1,1,0,0,0,1,13.122365377402328,0.75
1535,Male,20.0,Maharashtra,ST,No,0.0,Biotechnology,3,7.77,71.2,400000.0,No,Yes,0,0,0,0,0,0,0,0,0,0,0,0,1,0,0,0,0,0,0,0,0,0,0,0,0,0,0,0,0,1,0,0,74.44999999999999,0,0,0,0,0,0,12.899222326086994,0.75
1536,Female,21.0,Rajasthan,OBC,No,0.0,Production,2,5.98,61.92,400000.0,Yes,Yes,0,0,0,0,0,0,0,0,0,0,0,0,0,0,0,0,0,0,0,0,0,0,0,0,0,0,0,0,0,0,0,0,60.86,1,0,0,0,0,0,12.899222326086994,0.5
1537,Female,23.0,Andhra Pradesh,ST,No,0.0,Chemical,1,7.74,78.43,200000.0,Yes,No,0,0,0,1,0,0,0,1,1,0,0,0,1,1,0,1,1,0,0,1,1,0,0,0,0,1,0,1,0,1,1,0,77.915,1,0,1,0,0,0,12.206077645517674,0.25
1538,Male,22.0,Maharashtra,ST,No,0.0,Commerce,2,6.62,68.34,350000.0,No,Yes,0,0,0,0,1,0,0,0,0,0,0,0,0,0,0,0,0,0,0,0,0,0,0,0,0,0,0,0,0,0,0,0,67.27000000000001,0,0,0,0,0,0,12.765691290604371,0.5
1539,Female,22.0,Rajasthan,SC,No,0.0,Management,4,8.43,81.74,600000.0,Yes,No,0,0,0,0,0,0,0,0,0,0,0,0,0,0,0,0,0,0,0,0,0,0,0,1,0,0,0,0,0,0,0,0,83.02,1,1,0,0,0,1,13.304686600863562,1.0
1540,Female,20.0,Telangana,OBC,No,0.0,Mechanical,3,7.78,73.16,350000.0,No,No,0,1,0,0,0,0,0,0,1,0,0,0,1,0,0,0,0,0,0,0,0,0,0,0,0,0,0,0,0,1,0,0,75.47999999999999,0,0,0,0,0,0,12.765691290604371,0.75
1541,Male,18.0,Rajasthan,General,No,0.0,CSE,2,8.94,85.35,500000.0,No,No,0,0,0,0,0,0,1,0,0,0,0,0,0,0,0,0,1,0,0,0,0,0,0,0,0,0,0,0,0,0,0,0,87.375,0,1,0,0,0,0,13.122365377402328,0.5
1542,Male,19.0,Maharashtra,General,No,0.0,IT,2,5.14,45.48,250000.0,No,No,0,0,0,0,0,0,0,0,0,0,0,0,0,0,0,0,0,0,0,0,0,1,0,0,0,0,0,0,0,0,0,0,48.44,1,0,0,0,0,0,12.429220196836383,0.5
1543,Male,17.0,Gujarat,SC,No,0.0,IT,1,7.28,70.09,80000.0,Yes,Yes,1,1,0,0,1,0,0,1,1,0,0,1,1,1,0,0,0,0,0,1,1,0,0,0,0,0,0,0,0,1,0,0,71.445,1,0,1,0,0,0,11.289794413577894,0.25
1544,Male,23.0,Tamil Nadu,General,No,0.0,Chemical,1,7.43,74.24,1500000.0,No,Yes,0,0,0,0,0,0,0,0,0,0,0,0,0,0,0,0,0,0,0,0,0,0,0,0,0,0,0,0,0,0,0,0,74.27,0,0,1,0,0,0,14.220976332738882,0.25
1545,Male,24.0,Uttar Pradesh,SC,No,0.0,ECE,4,5.16,49.45,600000.0,Yes,No,0,0,0,0,0,0,0,0,0,0,0,0,0,0,0,0,0,0,0,0,0,0,0,0,0,0,0,0,0,0,0,0,50.525000000000006,1,0,0,0,0,0,13.304686600863562,1.0
1546,Male,23.0,Madhya Pradesh,OBC,No,0.0,Science,3,5.32,52.82,500000.0,No,No,0,0,0,0,0,0,0,0,0,0,0,0,0,0,0,0,0,0,0,0,0,0,0,0,0,0,0,0,0,0,0,0,53.010000000000005,0,0,0,0,0,0,13.122365377402328,0.75
1547,Female,23.0,Karnataka,SC,No,0.0,Civil,2,7.39,71.46,400000.0,Yes,Yes,0,0,0,0,1,0,0,0,0,0,0,0,1,0,0,0,0,0,0,0,0,0,0,1,0,0,0,1,0,1,1,0,72.67999999999999,1,0,0,0,0,0,12.899222326086994,0.5
1548,Male,18.0,Maharashtra,EWS,No,0.0,Electrical,1,6.46,65.21,400000.0,Yes,Yes,0,0,0,0,0,0,0,0,1,0,0,0,1,0,0,0,0,0,0,0,0,0,0,0,0,0,0,0,0,1,0,1,64.905,1,0,1,0,0,0,12.899222326086994,0.25
1549,Male,21.0,Madhya Pradesh,SC,No,0.0,Management,4,8.75,84.88,350000.0,Yes,No,0,0,0,0,1,0,0,0,0,0,0,0,1,0,0,0,0,0,0,0,0,0,0,0,0,0,0,0,0,1,0,0,86.19,1,1,0,0,0,1,12.765691290604371,1.0
1550,Male,24.0,Other,General,No,0.0,Medical,2,7.34,71.47,300000.0,Yes,Yes,0,0,0,0,1,0,0,0,0,0,0,0,1,0,0,0,0,0,0,1,0,0,0,0,0,0,0,0,0,1,0,0,72.435,1,0,0,0,0,0,12.611541086966115,0.5
1551,Male,21.0,Andhra Pradesh,OBC,No,0.0,Science,4,6.65,65.74,1200000.0,No,No,0,0,0,0,0,0,0,0,0,0,0,0,0,0,0,0,0,0,0,0,0,0,0,0,0,0,0,0,0,0,0,0,66.12,0,0,0,0,0,0,13.997832948091215,1.0
1552,Male,22.0,Andhra Pradesh,SC,No,0.0,Mechanical,1,9.48,93.27,1500000.0,Yes,No,0,0,0,0,0,0,0,1,0,0,0,0,0,0,0,0,1,0,0,0,0,0,0,0,0,0,0,0,0,0,0,0,94.035,1,1,1,0,0,1,14.220976332738882,0.25
1553,Female,18.0,Tamil Nadu,SC,No,0.0,Electrical,2,6.62,63.97,500000.0,No,No,0,0,0,0,0,0,0,0,1,0,0,0,0,0,0,0,0,0,0,0,0,0,0,0,0,0,0,1,0,0,0,0,65.08500000000001,0,0,0,0,0,0,13.122365377402328,0.5
1554,Male,19.0,Andhra Pradesh,General,No,0.0,Pharmacy,3,5.95,58.24,1200000.0,No,No,0,0,0,0,0,0,0,0,0,0,0,0,0,0,0,0,0,0,0,0,0,0,0,0,0,0,0,0,0,0,0,0,58.870000000000005,0,0,0,0,0,0,13.997832948091215,0.75
1555,Male,18.0,Tamil Nadu,EWS,No,0.0,Electrical,3,8.04,70.77,800000.0,No,No,0,0,0,0,0,0,0,0,0,0,0,0,0,0,0,0,0,1,0,0,0,0,0,0,0,0,0,0,0,0,0,0,75.585,0,0,0,0,0,0,13.592368256649284,0.75
1556,Male,23.0,Maharashtra,ST,No,0.0,Chemical,4,6.11,57.2,80000.0,No,No,0,0,0,0,0,0,0,0,0,0,0,0,0,0,0,0,0,0,0,0,0,0,0,0,0,0,0,0,0,0,0,0,59.150000000000006,1,0,0,0,0,0,11.289794413577894,1.0
1557,Male,23.0,Uttar Pradesh,General,No,0.0,Commerce,4,7.14,64.2,600000.0,Yes,No,0,0,0,0,0,0,0,0,0,0,0,0,0,0,0,0,0,0,0,0,0,0,0,0,0,0,0,0,0,0,0,0,67.8,1,0,0,0,0,0,13.304686600863562,1.0
1558,Male,24.0,Telangana,SC,No,0.0,IT,2,7.97,76.47,800000.0,No,No,0,0,0,0,0,0,0,0,0,0,0,0,0,0,0,0,0,0,0,0,0,0,0,0,0,0,0,0,0,0,0,0,78.08500000000001,0,0,0,0,0,0,13.592368256649284,0.5
1559,Female,17.0,Delhi,OBC,Yes,90.0,Science,2,7.49,66.8,350000.0,Yes,No,0,0,0,0,1,0,0,0,0,0,0,0,1,0,0,0,1,0,0,0,0,0,0,1,0,0,0,0,0,1,1,0,70.85,1,0,0,1,1,0,12.765691290604371,0.5
1560,Male,21.0,Telangana,EWS,No,0.0,Commerce,1,8.76,88.19,500000.0,No,Yes,0,0,0,0,0,0,0,1,0,0,0,0,0,0,0,0,1,0,0,0,0,0,0,0,0,0,0,0,0,0,0,1,87.895,0,1,1,0,0,0,13.122365377402328,0.25
1561,Female,21.0,Delhi,EWS,No,0.0,ECE,2,6.92,63.9,350000.0,No,Yes,0,0,0,0,1,0,0,0,0,0,0,0,1,0,0,0,0,0,0,0,0,0,0,0,0,0,0,1,0,0,0,0,66.55,0,0,0,0,0,0,12.765691290604371,0.5
1562,Male,17.0,Other,ST,No,0.0,Production,4,8.09,75.78,80000.0,Yes,Yes,0,1,0,0,1,0,1,0,1,0,0,0,1,1,0,1,1,0,0,1,1,0,0,0,0,0,0,0,0,1,0,0,78.34,1,1,0,0,0,1,11.289794413577894,1.0
1563,Female,19.0,Other,SC,No,0.0,Commerce,2,7.33,71.85,350000.0,Yes,Yes,0,0,0,0,1,0,0,0,0,0,0,0,1,0,0,0,0,0,0,0,0,0,0,1,0,0,0,0,0,0,1,0,72.57499999999999,1,0,0,0,0,0,12.765691290604371,0.5
1564,Female,18.0,Telangana,SC,No,0.0,AI_DS,1,5.21,53.45,150000.0,Yes,Yes,0,0,0,0,0,0,0,0,0,0,0,0,0,0,0,0,0,0,0,0,0,0,0,0,0,0,0,0,0,0,0,0,52.775000000000006,1,0,1,0,0,0,11.918397239722838,0.25
1565,Male,18.0,Telangana,OBC,No,0.0,Science,3,7.59,70.87,120000.0,No,Yes,1,0,0,0,0,0,0,0,0,0,0,0,1,1,0,0,1,0,0,1,0,0,0,0,0,0,0,0,0,0,0,0,73.385,1,0,0,0,0,0,11.695255355062795,0.75
1566,Female,21.0,Rajasthan,SC,No,0.0,Pharmacy,2,7.39,70.09,350000.0,Yes,No,0,0,0,0,1,0,0,0,0,0,0,0,1,0,0,0,0,0,0,0,0,0,0,1,0,0,0,0,0,1,1,0,71.995,1,0,0,0,0,0,12.765691290604371,0.5
1567,Male,18.0,Rajasthan,OBC,No,0.0,Mechanical,2,5.42,55.97,400000.0,No,Yes,0,0,0,0,0,0,0,0,0,0,0,0,0,0,0,0,0,0,0,0,0,0,0,0,0,0,0,0,0,0,0,0,55.085,0,0,0,0,0,0,12.899222326086994,0.5
1568,Female,23.0,Andhra Pradesh,General,No,0.0,Medical,2,7.55,73.05,350000.0,Yes,No,0,0,0,0,1,0,0,0,0,0,0,0,1,0,0,0,0,0,0,0,0,0,0,0,0,0,0,0,0,0,0,0,74.275,1,0,0,0,0,0,12.765691290604371,0.5
1569,Male,20.0,Other,ST,No,0.0,Science,4,8.64,79.02,300000.0,No,Yes,0,0,0,0,0,0,0,0,0,0,0,0,1,0,0,0,1,0,0,1,0,0,0,0,0,0,0,0,0,1,0,0,82.71000000000001,1,1,0,0,0,1,12.611541086966115,1.0
1570,Male,17.0,Tamil Nadu,OBC,Yes,50.0,CSE,3,8.07,75.86,800000.0,No,No,0,0,0,0,0,0,0,0,0,0,0,0,0,0,0,0,0,0,0,0,0,0,0,0,0,0,0,0,1,0,0,0,78.28,0,1,0,1,1,0,13.592368256649284,0.75
1571,Male,22.0,Tamil Nadu,General,No,0.0,ECE,1,8.52,74.56,600000.0,Yes,No,0,0,0,0,0,0,0,1,0,0,0,0,0,0,0,0,0,0,0,0,0,0,0,0,0,0,0,0,0,0,0,0,79.88,1,0,1,0,0,0,13.304686600863562,0.25
1572,Female,25.0,Delhi,SC,No,0.0,IT,3,7.38,68.3,200000.0,No,No,0,0,0,0,1,0,0,0,1,0,0,0,1,0,0,0,0,0,0,1,0,0,0,1,0,0,0,0,0,0,1,0,71.05,1,0,0,0,0,0,12.206077645517674,0.75
1573,Female,17.0,Rajasthan,General,No,0.0,Electrical,3,8.02,77.6,1500000.0,No,Yes,0,0,0,0,0,0,0,0,0,0,0,0,0,0,0,0,0,0,0,0,0,0,0,0,0,0,0,0,0,0,0,0,78.89999999999999,0,1,0,0,0,0,14.220976332738882,0.75
1574,Female,22.0,Maharashtra,General,No,0.0,Pharmacy,1,6.65,61.04,400000.0,No,No,0,0,0,0,0,0,0,1,0,0,0,0,0,0,0,0,0,0,0,0,0,1,0,0,0,0,0,0,0,0,0,0,63.769999999999996,0,0,1,0,0,0,12.899222326086994,0.25
1575,Female,17.0,Maharashtra,SC,No,0.0,AI_DS,2,7.37,67.33,500000.0,Yes,No,0,0,0,0,1,0,0,0,0,0,0,0,0,0,0,0,0,0,0,0,0,0,0,1,0,0,0,0,0,0,0,0,70.515,1,0,0,0,0,0,13.122365377402328,0.5
1576,Male,18.0,Telangana,SC,No,0.0,ECE,2,8.51,79.74,600000.0,Yes,Yes,0,0,0,0,0,0,1,0,1,0,0,0,0,0,0,0,1,0,0,0,0,0,0,0,0,0,0,0,0,0,0,0,82.41999999999999,1,1,0,0,0,1,13.304686600863562,0.5
1577,Male,17.0,Telangana,SC,No,0.0,AI_DS,3,5.0,46.38,500000.0,No,Yes,0,0,0,0,0,0,0,0,0,0,0,0,0,0,0,0,0,0,0,0,0,0,0,0,0,0,0,0,0,0,0,0,48.19,0,0,0,0,0,0,13.122365377402328,0.75
1578,Female,17.0,Telangana,ST,No,0.0,Biotechnology,3,6.25,54.48,1000000.0,Yes,Yes,0,0,0,0,0,0,0,0,0,0,0,0,0,0,0,0,0,0,0,0,0,0,0,0,0,0,0,0,0,0,0,0,58.489999999999995,1,0,0,0,0,0,13.815511557963774,0.75
1579,Male,18.0,Uttar Pradesh,General,No,0.0,Management,1,6.02,57.52,400000.0,No,No,0,0,0,0,0,0,0,0,0,0,0,0,0,0,0,0,0,0,0,0,0,0,0,0,0,0,0,0,0,0,0,0,58.86,0,0,1,0,0,0,12.899222326086994,0.25
1580,Male,21.0,Gujarat,EWS,No,0.0,Production,1,9.09,87.29,300000.0,Yes,Yes,1,1,0,0,0,0,0,1,1,0,0,0,1,0,1,0,1,0,1,1,0,0,0,0,0,0,0,0,0,1,0,1,89.095,1,1,1,0,0,1,12.611541086966115,0.25
1581,Male,17.0,Tamil Nadu,OBC,No,0.0,Electrical,2,6.77,65.68,1000000.0,Yes,No,0,0,0,0,0,0,0,0,0,0,0,0,0,0,0,0,0,0,0,0,0,0,0,0,0,0,0,0,0,0,0,0,66.69,1,0,0,0,0,0,13.815511557963774,0.5
1582,Male,25.0,Telangana,EWS,No,0.0,Civil,4,6.95,63.94,500000.0,Yes,Yes,0,0,0,0,1,0,0,0,1,0,0,0,0,0,0,0,0,0,0,0,0,0,0,0,0,0,0,0,0,0,0,0,66.72,1,0,0,0,0,0,13.122365377402328,1.0
1583,Female,20.0,Uttar Pradesh,ST,No,0.0,Chemical,3,6.11,52.79,150000.0,No,No,0,0,0,0,0,0,0,0,0,0,0,0,0,0,0,0,0,0,0,0,0,0,0,0,0,0,0,0,0,0,0,0,56.945,1,0,0,0,0,0,11.918397239722838,0.75
1584,Female,21.0,Karnataka,EWS,No,0.0,ECE,4,7.03,67.26,250000.0,No,Yes,0,0,0,0,1,0,0,0,1,0,0,0,1,0,0,0,1,0,0,0,0,0,0,0,0,0,0,0,0,1,0,0,68.78,1,0,0,0,0,0,12.429220196836383,1.0
1585,Male,23.0,Uttar Pradesh,OBC,No,0.0,Electrical,2,7.38,68.86,1500000.0,Yes,Yes,0,0,0,0,0,0,0,0,0,0,0,0,0,0,0,0,0,0,0,0,0,0,0,0,0,0,0,0,0,0,0,0,71.33,1,0,0,0,0,0,14.220976332738882,0.5
1586,Male,17.0,Karnataka,OBC,No,0.0,AI_DS,4,6.37,62.34,150000.0,Yes,No,0,0,0,0,1,0,0,0,1,0,0,0,1,1,0,0,0,0,0,0,0,0,0,0,0,0,0,0,0,0,0,0,63.02,1,0,0,0,0,0,11.918397239722838,1.0
1587,Male,17.0,Other,OBC,No,0.0,CSE,4,5.92,58.57,120000.0,No,Yes,0,0,0,0,0,0,0,0,0,0,0,0,0,0,0,0,0,0,0,0,0,0,0,0,0,0,0,0,0,0,0,0,58.885000000000005,1,0,0,0,0,0,11.695255355062795,1.0
1588,Female,19.0,Gujarat,General,No,0.0,Biotechnology,4,7.49,57.59,350000.0,No,No,0,0,0,0,0,0,0,0,0,0,0,0,0,0,0,0,0,0,0,0,0,0,0,0,0,0,0,0,0,0,0,0,66.245,0,0,0,0,0,0,12.765691290604371,1.0
1589,Male,19.0,Karnataka,ST,No,0.0,Production,4,5.74,53.03,400000.0,No,No,0,0,0,0,0,0,0,0,0,0,0,0,0,0,0,0,0,0,0,0,0,0,0,0,0,0,0,0,0,0,0,0,55.215,0,0,0,0,0,0,12.899222326086994,1.0
1590,Male,21.0,Maharashtra,ST,No,0.0,IT,1,7.49,83.91,1000000.0,No,No,0,0,0,0,0,0,0,1,0,0,0,0,0,0,0,0,0,0,0,0,0,0,0,0,0,0,0,0,0,0,0,0,79.405,0,0,1,0,0,0,13.815511557963774,0.25
1591,Male,23.0,Rajasthan,SC,No,0.0,Instrumentation,2,8.67,83.93,350000.0,Yes,No,0,1,0,0,0,0,1,0,0,0,0,0,1,0,0,0,1,0,0,0,0,0,0,0,0,0,0,0,0,1,0,0,85.315,1,1,0,0,0,1,12.765691290604371,0.5
1592,Male,24.0,Madhya Pradesh,SC,No,0.0,Science,2,6.18,57.72,1000000.0,No,No,0,0,0,0,0,0,0,0,0,0,0,0,0,0,0,0,0,0,0,0,0,0,0,0,0,0,0,0,0,0,0,0,59.76,0,0,0,0,0,0,13.815511557963774,0.5
1593,Female,21.0,Gujarat,ST,No,0.0,Electrical,1,6.56,66.31,1200000.0,Yes,No,0,0,0,0,0,0,0,1,0,0,0,0,0,0,0,0,0,0,0,0,0,0,0,0,0,0,0,0,0,0,0,0,65.955,1,0,1,0,0,0,13.997832948091215,0.25
1594,Female,20.0,Delhi,EWS,No,0.0,CSE,1,6.06,60.25,250000.0,No,No,0,0,0,0,1,0,0,1,1,0,0,0,0,1,0,0,0,0,0,0,0,0,0,1,0,0,0,0,0,0,0,0,60.425,1,0,1,0,0,0,12.429220196836383,0.25
1595,Male,21.0,Other,EWS,No,0.0,Medical,1,8.57,86.9,120000.0,Yes,Yes,0,0,0,0,1,0,0,0,0,0,0,0,1,0,0,0,1,0,0,1,1,0,0,0,0,0,0,0,0,1,0,1,86.30000000000001,1,1,1,0,0,1,11.695255355062795,0.25
1596,Female,21.0,Karnataka,EWS,No,0.0,Mechanical,4,7.01,68.73,500000.0,Yes,Yes,0,0,0,0,0,0,0,0,0,0,0,0,0,0,0,0,0,0,0,0,0,0,0,0,0,0,0,0,0,0,0,0,69.41499999999999,1,0,0,0,0,0,13.122365377402328,1.0
1597,Male,22.0,Delhi,ST,No,0.0,CSE,4,10.0,71.2,200000.0,Yes,Yes,0,1,0,0,0,0,0,0,1,0,0,0,1,1,0,0,1,0,0,0,1,0,0,0,0,0,0,0,0,1,0,0,85.6,1,0,0,0,0,0,12.206077645517674,1.0
1598,Female,23.0,Telangana,SC,No,0.0,Medical,3,5.66,48.13,120000.0,No,No,0,0,0,0,0,0,0,0,0,0,0,0,0,0,0,0,0,0,0,0,0,0,0,0,0,0,0,0,0,0,0,0,52.365,1,0,0,0,0,0,11.695255355062795,0.75
1599,Male,20.0,Madhya Pradesh,General,No,0.0,Pharmacy,4,8.36,73.77,1200000.0,Yes,No,0,0,0,0,0,0,0,0,0,0,0,0,0,0,0,0,0,0,0,0,0,0,0,0,0,0,0,0,0,0,0,0,78.685,1,0,0,0,0,0,13.997832948091215,1.0
1600,Female,20.0,Andhra Pradesh,EWS,Yes,40.0,ECE,2,7.05,68.29,200000.0,No,Yes,0,0,0,0,1,0,0,0,1,0,0,0,1,1,0,0,1,0,0,1,0,0,0,1,0,0,0,1,1,0,0,0,69.39500000000001,1,0,0,1,1,0,12.206077645517674,0.5
1601,Male,24.0,Andhra Pradesh,EWS,No,0.0,AI_DS,1,7.72,74.62,800000.0,No,Yes,0,0,0,0,0,0,0,0,0,0,0,0,0,0,0,0,0,0,0,0,0,0,0,0,0,0,0,0,0,0,0,0,75.91,0,0,1,0,0,0,13.592368256649284,0.25
1602,Male,20.0,Karnataka,SC,No,0.0,Instrumentation,1,7.77,77.65,600000.0,No,Yes,0,0,0,0,0,0,0,1,1,0,0,0,0,0,0,0,0,0,0,0,0,0,0,0,0,0,0,0,0,0,0,0,77.675,0,0,1,0,0,0,13.304686600863562,0.25
1603,Female,24.0,Karnataka,General,No,0.0,Production,1,6.36,58.39,120000.0,No,Yes,0,0,0,0,0,0,0,0,0,0,0,0,0,0,0,0,0,0,0,0,0,0,0,0,0,0,0,0,0,0,0,0,60.995000000000005,1,0,1,0,0,0,11.695255355062795,0.25
1604,Male,24.0,Telangana,EWS,No,0.0,CSE,4,6.57,64.91,1500000.0,Yes,No,0,0,0,0,0,0,0,0,0,0,0,0,0,0,0,0,0,0,0,0,0,0,0,0,0,0,0,0,0,0,0,0,65.305,1,0,0,0,0,0,14.220976332738882,1.0
1605,Female,18.0,Rajasthan,EWS,No,0.0,Instrumentation,1,8.58,82.86,350000.0,No,No,0,1,0,1,0,0,0,1,1,0,0,0,0,0,0,0,1,0,0,0,0,0,0,1,0,0,0,1,0,1,1,1,84.33,0,1,1,0,0,0,12.765691290604371,0.25
1606,Female,25.0,Gujarat,General,No,0.0,CSE,3,8.92,81.21,200000.0,Yes,Yes,1,0,0,0,0,0,1,0,0,0,0,0,1,0,0,1,1,0,0,1,1,0,1,0,0,0,0,0,0,1,1,0,85.205,1,1,0,0,0,1,12.206077645517674,0.75
1607,Male,17.0,Gujarat,OBC,No,0.0,Civil,2,9.5,94.82,250000.0,No,Yes,1,1,0,0,1,0,1,0,1,0,0,0,1,1,0,0,1,1,0,1,0,0,0,0,0,0,0,0,0,1,0,0,94.91,1,1,0,0,0,1,12.429220196836383,0.5
1608,Female,20.0,Uttar Pradesh,OBC,Yes,80.0,CSE,3,8.38,84.96,800000.0,No,No,0,0,0,0,0,0,1,0,0,0,0,0,0,0,0,0,1,0,0,0,0,0,1,0,0,0,1,0,1,0,0,0,84.38,0,1,0,1,1,0,13.592368256649284,0.75
1609,Male,18.0,Gujarat,ST,No,0.0,Mechanical,3,5.51,50.77,80000.0,Yes,No,0,0,0,0,0,0,0,0,0,0,0,0,0,0,0,0,0,0,0,0,0,0,0,0,0,0,0,0,0,0,0,0,52.935,1,0,0,0,0,0,11.289794413577894,0.75
1610,Male,18.0,Gujarat,OBC,No,0.0,Commerce,1,6.62,65.05,350000.0,Yes,Yes,0,0,0,0,1,0,0,1,0,0,0,0,1,0,0,0,0,0,0,0,0,0,0,0,0,0,0,0,0,1,0,0,65.625,1,0,1,0,0,0,12.765691290604371,0.25
1611,Female,25.0,Delhi,EWS,No,0.0,Biotechnology,4,6.24,61.55,150000.0,Yes,No,0,0,0,0,1,0,0,0,0,0,0,0,1,1,0,0,0,0,0,0,0,0,0,1,0,0,0,0,0,0,0,0,61.975,1,0,0,0,0,0,11.918397239722838,1.0
1612,Female,19.0,Uttar Pradesh,ST,No,0.0,Instrumentation,2,9.14,88.92,1000000.0,Yes,Yes,0,0,0,0,0,0,1,0,0,0,1,0,0,0,0,0,1,0,0,0,0,0,0,0,0,0,0,0,0,0,0,0,90.16,1,1,0,0,0,1,13.815511557963774,0.5
1613,Female,21.0,Andhra Pradesh,EWS,No,0.0,AI_DS,1,7.84,71.52,1200000.0,Yes,Yes,0,0,0,0,0,0,0,0,0,0,0,0,0,0,0,0,1,0,0,0,0,0,0,0,0,0,0,0,0,0,0,0,74.96000000000001,1,0,1,0,0,0,13.997832948091215,0.25
1614,Male,25.0,Rajasthan,EWS,No,0.0,Electrical,1,7.49,65.31,500000.0,Yes,Yes,0,0,0,0,1,0,0,0,1,0,0,0,0,0,0,0,0,0,0,0,0,0,0,0,0,0,0,0,0,0,0,0,70.105,1,0,1,0,0,0,13.122365377402328,0.25
1615,Male,20.0,Maharashtra,EWS,No,0.0,AI_DS,2,8.44,71.2,350000.0,Yes,No,0,0,0,0,1,0,1,0,1,0,0,0,0,0,0,0,0,0,0,0,0,1,0,0,0,0,0,0,0,1,0,0,77.8,1,0,0,0,0,0,12.765691290604371,0.5
1616,Male,21.0,Telangana,SC,No,0.0,Mechanical,1,7.0,60.42,350000.0,No,Yes,0,0,0,0,0,0,0,1,1,0,0,0,0,0,0,0,0,0,0,0,0,0,0,0,0,0,0,0,0,1,0,0,65.21000000000001,0,0,1,0,0,0,12.765691290604371,0.25
1617,Male,20.0,Other,General,No,0.0,Science,1,6.21,64.73,350000.0,Yes,No,0,0,0,0,1,0,0,1,0,0,0,0,1,0,0,0,0,0,0,0,0,0,0,0,0,0,0,0,0,0,0,0,63.415000000000006,1,0,1,0,0,0,12.765691290604371,0.25
1618,Female,19.0,Other,SC,No,0.0,Biotechnology,1,5.96,57.19,80000.0,Yes,Yes,0,0,0,0,0,0,0,0,0,0,0,0,0,1,0,0,0,0,0,0,0,0,0,0,0,0,0,0,0,0,0,0,58.394999999999996,1,0,1,0,0,0,11.289794413577894,0.25
1619,Male,17.0,Rajasthan,SC,No,0.0,AI_DS,1,8.71,78.98,1000000.0,Yes,No,0,0,0,0,0,0,0,0,0,0,0,0,0,0,0,0,1,0,0,0,0,0,0,0,0,0,0,0,0,0,0,1,83.04,1,1,1,0,0,1,13.815511557963774,0.25
1620,Male,24.0,Delhi,SC,No,0.0,CSE,2,7.72,76.15,300000.0,No,No,0,1,0,0,0,0,1,0,0,0,0,0,0,0,0,0,0,0,0,0,0,0,0,0,0,0,0,0,0,1,0,0,76.67500000000001,1,0,0,0,0,0,12.611541086966115,0.5
1621,Male,25.0,Other,SC,No,0.0,Instrumentation,2,7.51,79.95,120000.0,Yes,No,0,0,0,0,1,0,0,0,1,0,0,0,1,1,0,1,1,0,0,1,1,0,0,0,0,0,0,0,0,1,0,0,77.525,1,0,0,0,0,0,11.695255355062795,0.5
1622,Female,24.0,Delhi,General,No,0.0,Chemical,1,5.5,71.2,300000.0,No,No,0,0,0,0,0,0,0,0,1,0,0,0,0,0,0,0,0,0,0,0,0,0,0,1,0,0,0,1,0,0,0,0,63.1,1,0,1,0,0,0,12.611541086966115,0.25
1623,Male,25.0,Andhra Pradesh,ST,Yes,70.0,IT,1,7.29,71.57,800000.0,No,Yes,0,0,0,0,0,0,0,1,0,0,0,0,0,0,0,0,0,0,0,0,0,0,0,0,0,0,0,0,1,0,0,1,72.235,0,0,1,1,1,0,13.592368256649284,0.25
1624,Female,21.0,Other,SC,No,0.0,Instrumentation,2,8.03,74.09,350000.0,No,Yes,0,1,0,1,0,0,1,0,1,0,0,0,0,0,0,0,1,0,0,0,0,0,0,0,0,1,0,0,0,1,1,0,77.195,0,0,0,0,0,0,12.765691290604371,0.5
1625,Male,23.0,Gujarat,SC,No,0.0,Biotechnology,3,7.77,68.24,800000.0,Yes,No,0,0,0,0,0,0,0,0,0,0,0,0,0,0,0,0,0,0,0,0,0,0,0,0,0,0,0,0,0,0,0,0,72.97,1,0,0,0,0,0,13.592368256649284,0.75
1626,Female,19.0,Uttar Pradesh,ST,No,0.0,IT,4,8.22,78.98,80000.0,No,Yes,0,1,0,0,1,0,0,0,0,0,0,0,0,1,0,0,1,0,0,1,0,0,1,1,0,0,0,0,0,1,1,0,80.59,1,1,0,0,0,1,11.289794413577894,1.0
1627,Male,23.0,Uttar Pradesh,EWS,No,0.0,Pharmacy,1,7.49,81.74,1200000.0,Yes,Yes,0,0,0,0,0,0,0,1,0,0,0,0,0,0,0,0,0,0,0,0,0,0,0,0,0,0,0,0,0,0,0,0,78.32,1,0,1,0,0,0,13.997832948091215,0.25
1628,Male,17.0,Telangana,General,No,0.0,Medical,3,7.94,75.87,1500000.0,Yes,Yes,0,0,0,0,0,0,0,0,0,0,0,0,0,0,0,0,0,0,0,0,0,0,0,0,0,0,0,0,0,0,0,0,77.635,1,0,0,0,0,0,14.220976332738882,0.75
1629,Female,21.0,Other,OBC,No,0.0,Management,4,6.44,59.04,200000.0,Yes,No,0,0,0,0,0,0,0,0,0,0,0,0,0,0,0,0,0,0,0,0,0,0,0,0,0,0,0,0,0,0,0,0,61.72,1,0,0,0,0,0,12.206077645517674,1.0
1630,Male,21.0,Other,General,No,0.0,Production,2,8.92,89.05,800000.0,Yes,Yes,0,0,0,0,0,0,1,0,0,0,0,0,0,0,0,0,1,0,0,0,0,0,0,0,0,0,0,0,0,0,0,0,89.125,1,1,0,0,0,1,13.592368256649284,0.5
1631,Female,21.0,Gujarat,EWS,No,0.0,Chemical,4,7.21,68.63,250000.0,Yes,Yes,0,0,0,0,0,0,0,0,1,0,0,0,1,1,0,0,0,0,0,1,1,0,0,1,0,0,0,0,0,1,1,0,70.365,1,0,0,0,0,0,12.429220196836383,1.0
1632,Male,23.0,Gujarat,SC,No,0.0,Commerce,2,6.41,64.41,120000.0,No,No,0,0,0,0,1,0,0,0,0,0,0,0,1,1,0,0,0,0,0,0,0,0,0,0,0,0,0,0,0,0,0,0,64.255,1,0,0,0,0,0,11.695255355062795,0.5
1633,Male,24.0,Maharashtra,ST,No,0.0,Medical,2,8.3,84.67,300000.0,No,No,1,0,0,0,1,0,0,0,0,0,0,0,0,0,0,0,0,0,0,1,0,0,0,0,0,0,0,0,0,1,0,0,83.83500000000001,1,1,0,0,0,1,12.611541086966115,0.5
1634,Male,19.0,Andhra Pradesh,OBC,No,0.0,Pharmacy,3,6.45,60.14,500000.0,Yes,No,0,0,0,0,1,0,0,0,0,0,0,0,0,0,0,0,0,0,0,0,0,0,0,0,0,0,0,0,0,0,0,0,62.32,1,0,0,0,0,0,13.122365377402328,0.75
1635,Male,17.0,Other,General,No,0.0,Chemical,4,7.78,75.85,1200000.0,No,No,0,0,0,0,0,0,1,0,0,0,0,0,0,0,0,0,1,0,0,0,0,0,0,0,0,0,0,0,0,0,0,0,76.82499999999999,0,0,0,0,0,0,13.997832948091215,1.0
1636,Male,20.0,Rajasthan,General,No,0.0,Mechanical,3,7.24,66.16,300000.0,Yes,No,0,0,0,0,1,0,0,0,1,0,0,0,1,0,0,0,0,0,0,0,0,0,0,0,0,0,0,0,0,0,0,0,69.28,1,0,0,0,0,0,12.611541086966115,0.75
1637,Male,22.0,Maharashtra,SC,No,0.0,IT,3,8.56,83.48,200000.0,Yes,Yes,0,1,0,0,0,0,1,0,1,0,0,0,0,1,0,1,0,0,0,1,0,0,0,0,0,0,0,0,0,1,0,0,84.54,1,1,0,0,0,1,12.206077645517674,0.75
1638,Male,22.0,Karnataka,EWS,No,0.0,Biotechnology,1,6.4,64.87,350000.0,Yes,Yes,0,0,0,0,1,0,0,1,0,0,0,0,0,0,0,0,0,0,0,0,0,0,0,0,0,0,0,0,0,0,0,0,64.435,1,0,1,0,0,0,12.765691290604371,0.25
1639,Male,18.0,Rajasthan,EWS,No,0.0,Science,1,8.9,84.95,500000.0,Yes,Yes,0,0,0,0,1,0,0,1,0,0,0,0,0,0,0,0,1,0,0,0,0,0,0,0,0,0,0,0,0,0,0,1,86.975,1,1,1,0,0,1,13.122365377402328,0.25
1640,Male,18.0,Other,OBC,No,0.0,Electrical,4,7.6,73.86,800000.0,No,Yes,0,0,0,0,0,0,1,0,0,0,0,0,0,0,0,0,0,1,0,0,0,0,0,0,0,0,0,0,0,0,0,0,74.93,0,0,0,0,0,0,13.592368256649284,1.0
1641,Male,23.0,Maharashtra,General,No,0.0,Management,3,6.47,61.56,350000.0,Yes,No,0,0,0,0,1,0,0,0,0,0,0,0,1,0,0,0,0,0,0,0,0,1,0,0,0,0,0,0,0,0,0,0,63.13,1,0,0,0,0,0,12.765691290604371,0.75
1642,Female,25.0,Delhi,General,Yes,45.0,Civil,1,5.0,50.13,1200000.0,Yes,Yes,0,0,0,0,0,0,0,0,0,0,0,0,0,0,0,0,0,0,0,0,0,0,0,0,0,0,0,0,0,0,0,0,50.065,1,0,1,1,1,0,13.997832948091215,0.25
1643,Female,23.0,Rajasthan,EWS,No,0.0,CSE,2,5.63,58.0,1000000.0,No,No,0,0,0,0,0,0,0,0,0,0,0,0,0,0,0,0,0,0,0,0,0,0,0,0,0,0,0,0,0,0,0,0,57.15,0,0,0,0,0,0,13.815511557963774,0.5
1644,Female,24.0,Telangana,SC,No,0.0,ECE,4,7.1,66.81,80000.0,Yes,No,1,0,0,0,1,0,0,0,1,0,0,0,1,1,0,0,1,0,0,1,1,0,0,1,0,0,0,0,0,1,1,0,68.905,1,0,0,0,0,0,11.289794413577894,1.0
1645,Female,22.0,Gujarat,General,No,0.0,AI_DS,1,6.75,63.26,1500000.0,No,Yes,0,0,0,0,0,0,0,0,0,0,0,0,0,0,0,0,0,0,0,0,0,0,0,0,0,0,0,0,0,0,0,0,65.38,0,0,1,0,0,0,14.220976332738882,0.25
1646,Female,20.0,Karnataka,ST,No,0.0,Biotechnology,1,9.2,79.94,600000.0,Yes,No,0,0,0,0,0,0,0,0,0,0,0,0,0,0,0,0,1,0,0,0,0,0,0,1,0,0,0,0,0,0,0,1,85.97,1,1,1,0,0,1,13.304686600863562,0.25
1647,Male,19.0,Gujarat,OBC,No,0.0,Electrical,1,9.03,86.8,200000.0,No,No,1,1,0,0,1,0,0,1,1,1,0,1,1,1,0,0,1,0,1,1,0,0,0,0,0,0,0,0,0,1,0,0,88.55,1,1,1,0,0,1,12.206077645517674,0.25
1648,Female,22.0,Andhra Pradesh,General,No,0.0,IT,3,6.05,54.25,150000.0,No,Yes,0,0,0,0,0,0,0,0,0,0,0,0,0,0,0,0,0,0,0,0,0,0,0,0,0,0,0,0,0,0,0,0,57.375,1,0,0,0,0,0,11.918397239722838,0.75
1649,Female,17.0,Maharashtra,OBC,No,0.0,Medical,4,7.49,87.51,350000.0,Yes,Yes,0,0,0,0,1,0,0,0,0,0,0,0,1,0,0,0,1,0,0,0,0,1,0,0,0,0,0,0,0,1,1,0,81.20500000000001,1,0,0,0,0,0,12.765691290604371,1.0
1650,Male,19.0,Andhra Pradesh,General,No,0.0,Civil,1,6.12,61.55,500000.0,Yes,No,0,0,0,0,1,0,0,0,1,0,0,0,0,0,0,0,0,0,0,0,0,0,0,0,0,0,0,0,0,0,0,0,61.375,1,0,1,0,0,0,13.122365377402328,0.25
1651,Female,23.0,Uttar Pradesh,General,No,0.0,CSE,4,7.91,72.33,150000.0,No,Yes,0,1,0,0,0,0,0,0,1,0,0,0,0,1,0,0,0,0,0,1,1,0,1,1,0,0,0,0,0,1,0,0,75.715,1,0,0,0,0,0,11.918397239722838,1.0
1652,Female,20.0,Rajasthan,OBC,No,0.0,Instrumentation,3,7.76,70.64,300000.0,Yes,No,0,1,0,0,0,0,1,0,1,0,0,0,1,0,0,0,1,0,0,1,0,0,0,0,0,0,0,0,0,1,1,0,74.12,1,0,0,0,0,0,12.611541086966115,0.75
1653,Male,23.0,Uttar Pradesh,General,No,0.0,Management,4,8.82,86.97,1200000.0,Yes,Yes,0,0,0,0,0,0,0,0,0,0,0,0,0,0,0,0,1,0,0,0,0,0,0,0,0,0,0,0,0,0,0,0,87.58500000000001,1,1,0,0,0,1,13.997832948091215,1.0
1654,Female,21.0,Maharashtra,General,No,0.0,CSE,4,8.14,78.41,1200000.0,Yes,No,0,0,0,0,0,0,0,0,0,0,0,0,0,0,0,0,0,0,0,0,0,0,0,0,0,0,0,0,0,0,0,0,79.905,1,1,0,0,0,1,13.997832948091215,1.0
1655,Female,20.0,Tamil Nadu,EWS,No,0.0,Electrical,4,9.61,91.29,80000.0,Yes,Yes,0,1,0,0,1,0,1,0,1,0,0,0,1,1,0,0,1,0,0,1,1,0,0,1,0,0,1,0,0,1,1,0,93.695,1,1,0,0,0,1,11.289794413577894,1.0
1656,Female,18.0,Maharashtra,General,No,0.0,Science,1,6.08,59.11,600000.0,Yes,No,0,0,0,0,0,0,0,0,0,0,0,0,0,0,0,0,0,0,0,0,0,0,0,0,0,0,0,0,0,0,0,0,59.955,1,0,1,0,0,0,13.304686600863562,0.25
1657,Male,21.0,Telangana,EWS,No,0.0,CSE,4,10.0,91.96,250000.0,Yes,No,1,1,0,0,0,0,1,0,1,0,0,0,1,1,0,1,1,0,0,1,1,0,0,0,0,0,0,0,0,1,0,0,95.97999999999999,1,1,0,0,0,1,12.429220196836383,1.0
1658,Female,23.0,Other,SC,No,0.0,Science,1,7.07,68.41,500000.0,No,Yes,0,0,0,0,0,0,0,0,0,0,0,0,0,0,0,0,1,0,0,0,0,0,0,1,0,0,0,0,0,0,0,1,69.555,0,0,1,0,0,0,13.122365377402328,0.25
1659,Female,23.0,Maharashtra,EWS,No,0.0,Biotechnology,1,7.44,67.73,250000.0,Yes,No,0,0,0,0,1,0,0,1,0,0,0,0,0,1,0,0,1,0,0,0,0,1,0,1,0,0,0,0,0,1,1,1,71.065,1,0,1,0,0,0,12.429220196836383,0.25
1660,Male,19.0,Karnataka,General,No,0.0,Production,3,8.85,91.04,1200000.0,Yes,No,0,0,0,0,0,0,0,0,0,0,0,0,0,0,0,0,1,1,0,0,0,0,0,0,0,0,0,0,0,0,0,0,89.77000000000001,1,1,0,0,0,1,13.997832948091215,0.75
1661,Female,25.0,Maharashtra,ST,No,0.0,CSE,4,7.74,70.82,150000.0,No,Yes,1,0,0,0,1,0,1,0,1,0,0,0,1,0,0,0,0,0,0,1,0,0,1,1,0,0,0,0,0,0,1,0,74.11,1,0,0,0,0,0,11.918397239722838,1.0
1662,Female,23.0,Maharashtra,ST,No,0.0,Civil,3,5.64,54.35,500000.0,Yes,Yes,0,0,0,0,0,0,0,0,0,0,0,0,0,0,0,0,0,0,0,0,0,0,0,0,0,0,0,0,0,0,0,0,55.375,1,0,0,0,0,0,13.122365377402328,0.75
1663,Female,22.0,Other,OBC,No,0.0,Electrical,1,8.82,85.22,1500000.0,No,Yes,0,0,0,0,0,0,0,1,0,0,0,0,0,0,0,0,1,0,0,0,0,0,0,0,0,0,0,0,0,0,0,0,86.71000000000001,0,1,1,0,0,0,14.220976332738882,0.25
1664,Female,23.0,Other,General,No,0.0,Commerce,3,7.5,69.48,80000.0,Yes,No,0,0,0,0,1,0,0,0,0,0,0,0,0,0,0,0,0,0,0,1,1,0,0,1,0,0,0,0,0,1,1,0,72.24000000000001,1,0,0,0,0,0,11.289794413577894,0.75
1665,Female,25.0,Other,OBC,No,0.0,Instrumentation,1,6.19,61.31,1200000.0,No,No,0,0,0,0,0,0,0,0,0,0,0,0,0,0,0,0,0,0,0,0,0,0,0,0,0,0,0,0,0,0,0,0,61.605000000000004,0,0,1,0,0,0,13.997832948091215,0.25
1666,Female,23.0,Other,General,No,0.0,Civil,1,8.6,77.06,350000.0,No,No,0,1,0,1,0,0,0,0,0,0,0,0,0,0,0,0,1,0,0,0,0,0,0,0,0,1,0,1,0,1,0,0,81.53,0,1,1,0,0,0,12.765691290604371,0.25
1667,Male,19.0,Karnataka,EWS,No,0.0,Biotechnology,1,9.41,91.12,250000.0,Yes,No,0,0,0,0,1,0,0,1,0,0,0,0,0,1,0,0,1,0,0,1,1,0,0,0,0,0,0,0,0,1,0,1,92.61,1,1,1,0,0,1,12.429220196836383,0.25
1668,Female,25.0,Gujarat,OBC,No,0.0,Chemical,3,9.18,83.18,800000.0,Yes,Yes,0,0,0,0,0,0,0,0,0,0,1,0,0,0,0,0,1,0,0,0,0,0,0,0,0,0,1,0,0,0,0,0,87.49000000000001,1,1,0,0,0,1,13.592368256649284,0.75
1669,Male,24.0,Karnataka,General,Yes,90.0,Commerce,4,5.86,55.22,350000.0,Yes,Yes,0,0,0,0,0,0,0,0,0,0,0,0,0,0,0,0,0,0,0,0,0,0,0,0,0,0,0,0,0,0,0,0,56.91,1,0,0,1,1,0,12.765691290604371,1.0
1670,Male,23.0,Delhi,OBC,No,0.0,Civil,3,8.1,82.34,1500000.0,Yes,Yes,0,0,0,0,0,0,1,0,0,0,0,0,0,0,0,0,0,1,0,0,0,0,0,0,0,0,0,0,0,0,0,0,81.67,1,1,0,0,0,1,14.220976332738882,0.75
1671,Male,23.0,Delhi,General,No,0.0,Instrumentation,1,8.35,78.6,250000.0,Yes,No,0,1,0,0,1,0,0,0,0,0,0,0,1,1,0,0,0,0,0,1,1,0,0,0,0,0,0,0,0,1,0,0,81.05,1,1,1,0,0,1,12.429220196836383,0.25
1672,Male,24.0,Andhra Pradesh,OBC,No,0.0,Civil,4,6.27,63.26,500.0,No,Yes,0,0,0,0,1,0,0,0,1,0,0,0,1,1,0,0,0,0,0,0,0,0,0,0,0,0,0,0,0,0,0,0,62.98,1,0,0,0,0,0,6.2166061010848646,1.0
1673,Male,22.0,Karnataka,SC,No,0.0,CSE,4,7.49,65.12,400000.0,No,No,0,0,0,0,1,0,0,0,1,0,0,0,0,0,0,0,0,0,0,0,0,0,0,0,0,0,0,0,0,0,0,0,70.01,0,0,0,0,0,0,12.899222326086994,1.0
1674,Male,17.0,Tamil Nadu,OBC,No,0.0,Commerce,2,7.16,72.79,350000.0,Yes,No,0,0,0,0,0,0,0,0,0,0,0,0,1,0,0,0,0,0,0,0,0,0,0,0,0,0,0,0,0,1,0,0,72.195,1,0,0,0,0,0,12.765691290604371,0.5
1675,Male,25.0,Rajasthan,ST,No,0.0,Management,4,8.31,78.53,80000.0,Yes,Yes,0,0,0,0,1,0,0,0,0,0,0,0,1,1,0,0,1,0,0,1,1,0,0,0,0,0,0,0,0,1,0,0,80.815,1,1,0,0,0,1,11.289794413577894,1.0
1676,Female,17.0,Andhra Pradesh,EWS,No,0.0,Instrumentation,1,6.88,64.34,200000.0,Yes,Yes,0,0,0,0,1,0,0,0,1,0,0,0,1,1,0,0,0,0,0,1,0,0,0,1,0,0,0,0,0,0,0,0,66.57,1,0,1,0,0,0,12.206077645517674,0.25
1677,Female,20.0,Rajasthan,OBC,No,0.0,Biotechnology,3,8.01,76.33,1000000.0,Yes,Yes,0,0,0,0,0,0,0,0,0,0,0,0,0,0,0,0,0,0,0,0,0,0,0,0,0,0,0,0,0,0,0,0,78.215,1,1,0,0,0,1,13.815511557963774,0.75
1678,Female,23.0,Rajasthan,ST,No,0.0,AI_DS,4,6.79,64.01,80000.0,Yes,Yes,0,0,0,0,1,0,0,0,1,0,0,0,1,1,0,0,0,0,0,1,0,0,0,1,0,0,0,0,0,0,0,0,65.95500000000001,1,0,0,0,0,0,11.289794413577894,1.0
1679,Male,18.0,Uttar Pradesh,OBC,Yes,40.0,Production,4,7.59,65.72,200000.0,No,Yes,0,0,0,0,1,0,0,0,1,0,0,0,0,0,0,0,0,1,0,0,0,0,0,0,0,0,0,0,1,0,0,0,70.81,1,0,0,1,1,0,12.206077645517674,1.0
1680,Female,24.0,Delhi,EWS,No,0.0,Medical,1,8.05,73.54,200000.0,Yes,No,0,0,0,0,1,0,0,1,0,0,0,0,1,1,0,0,0,0,0,0,0,0,0,1,0,0,0,0,0,1,1,1,77.02000000000001,1,0,1,0,0,0,12.206077645517674,0.25
1681,Male,25.0,Telangana,SC,No,0.0,IT,2,6.12,53.08,1500000.0,No,Yes,0,0,0,0,0,0,0,0,0,0,0,0,0,0,0,0,0,0,0,0,0,0,0,0,0,0,0,0,0,0,0,0,57.14,0,0,0,0,0,0,14.220976332738882,0.5
1682,Male,23.0,Telangana,EWS,Yes,90.0,ECE,4,5.35,46.76,250000.0,No,Yes,0,0,0,0,0,0,0,0,0,0,0,0,0,0,0,0,0,0,0,0,0,0,0,0,0,0,0,0,1,0,0,0,50.129999999999995,1,0,0,1,1,0,12.429220196836383,1.0
1683,Male,24.0,Karnataka,SC,No,0.0,Medical,4,6.65,69.03,500000.0,Yes,Yes,0,0,0,0,1,0,0,0,0,0,0,0,0,0,0,0,0,0,0,0,0,0,0,0,0,0,0,0,0,0,0,0,67.765,1,0,0,0,0,0,13.122365377402328,1.0
1684,Female,24.0,Other,EWS,No,0.0,Mechanical,1,6.87,65.8,80000.0,Yes,Yes,0,0,0,0,1,0,0,1,1,0,0,0,1,1,0,0,0,0,0,1,0,0,0,1,0,0,0,1,0,1,1,0,67.25,1,0,1,0,0,0,11.289794413577894,0.25
1685,Female,25.0,Gujarat,General,No,0.0,Instrumentation,4,7.98,76.2,350000.0,No,No,0,0,0,0,0,0,0,0,1,0,0,0,0,0,0,0,0,0,0,0,0,0,0,1,0,0,0,0,0,0,1,0,78.0,0,0,0,0,0,0,12.765691290604371,1.0
1686,Female,20.0,Andhra Pradesh,OBC,No,0.0,CSE,1,7.41,66.81,1500000.0,Yes,No,0,0,0,0,0,0,0,0,0,0,0,0,0,0,0,0,0,0,0,0,0,0,0,0,0,0,0,0,0,0,0,0,70.455,1,0,1,0,0,0,14.220976332738882,0.25
1687,Female,17.0,Madhya Pradesh,OBC,No,0.0,Science,1,9.24,93.2,400000.0,No,No,0,0,0,0,0,0,0,0,0,0,0,0,0,0,0,0,0,0,0,0,0,0,0,0,1,0,0,0,0,1,0,1,92.80000000000001,0,1,1,0,0,0,12.899222326086994,0.25
1688,Male,24.0,Tamil Nadu,General,No,0.0,Management,2,5.48,48.99,350000.0,Yes,Yes,0,0,0,0,0,0,0,0,0,0,0,0,0,0,0,0,0,0,0,0,0,0,0,0,0,0,0,0,0,0,0,0,51.895,1,0,0,0,0,0,12.765691290604371,0.5
1689,Female,17.0,Andhra Pradesh,EWS,No,0.0,Mechanical,2,7.16,65.13,200000.0,No,No,0,0,0,0,0,0,0,0,0,0,0,0,0,0,0,0,0,0,0,1,0,0,0,1,0,0,0,0,0,0,0,0,68.365,1,0,0,0,0,0,12.206077645517674,0.5
1690,Male,18.0,Andhra Pradesh,SC,Yes,50.0,Science,1,8.11,74.86,800000.0,No,No,0,0,0,0,0,0,0,1,0,0,0,0,0,0,0,0,0,0,0,0,0,0,0,0,0,0,0,0,0,0,0,0,77.97999999999999,0,0,1,1,1,0,13.592368256649284,0.25
1691,Male,18.0,Delhi,OBC,No,0.0,Electrical,3,10.0,98.0,600000.0,No,No,0,0,0,0,0,0,1,0,1,0,0,0,0,0,0,0,1,1,0,0,0,0,0,0,0,0,0,0,0,0,0,0,99.0,0,1,0,0,0,0,13.304686600863562,0.75
1692,Male,25.0,Uttar Pradesh,EWS,No,0.0,Instrumentation,2,7.76,76.8,350000.0,No,Yes,0,0,0,0,0,0,0,0,1,0,0,0,1,0,0,0,1,0,0,0,0,0,0,0,0,0,0,0,0,0,0,0,77.19999999999999,0,0,0,0,0,0,12.765691290604371,0.5
1693,Male,19.0,Maharashtra,SC,No,0.0,Production,4,8.83,82.19,1000000.0,No,No,0,0,0,0,0,0,1,0,0,0,0,0,0,0,0,0,0,1,0,0,0,0,0,0,0,0,0,0,0,0,0,0,85.245,0,1,0,0,0,0,13.815511557963774,1.0
1694,Male,21.0,Uttar Pradesh,SC,No,0.0,AI_DS,1,6.52,62.17,250000.0,No,No,0,0,0,0,1,0,0,0,1,0,0,0,0,1,0,0,0,0,0,0,0,0,0,0,0,0,0,0,0,0,0,0,63.684999999999995,1,0,1,0,0,0,12.429220196836383,0.25
1695,Female,17.0,Other,ST,No,0.0,Mechanical,2,2.0,81.45,500000.0,No,No,0,0,0,0,1,0,0,0,0,0,0,0,0,0,0,0,0,0,0,0,0,0,0,0,0,1,0,1,0,0,0,0,50.725,0,0,0,0,0,0,13.122365377402328,0.5
1696,Female,24.0,Karnataka,EWS,No,0.0,Mechanical,1,5.61,50.89,600000.0,No,No,0,0,0,0,0,0,0,0,0,0,0,0,0,0,0,0,0,0,0,0,0,0,0,0,0,0,0,0,0,0,0,0,53.495000000000005,0,0,1,0,0,0,13.304686600863562,0.25
1697,Female,18.0,Uttar Pradesh,General,No,0.0,Science,4,7.41,70.17,600000.0,No,No,0,0,0,0,0,0,0,0,0,0,0,0,0,0,0,0,1,0,0,0,0,0,0,0,0,0,0,0,0,0,0,0,72.13499999999999,0,0,0,0,0,0,13.304686600863562,1.0
1698,Male,23.0,Delhi,ST,No,0.0,Electrical,2,9.87,89.61,300000.0,Yes,No,0,1,0,0,0,0,1,0,1,0,0,0,1,0,0,1,1,1,0,0,0,0,0,0,0,0,0,0,0,1,0,0,94.155,1,1,0,0,0,1,12.611541086966115,0.5
1699,Male,25.0,Madhya Pradesh,EWS,Yes,0.0,Mechanical,2,8.11,81.51,300000.0,Yes,No,0,0,0,0,1,0,1,0,1,0,0,0,1,0,0,1,1,0,0,1,0,0,0,0,0,0,0,0,0,1,0,0,81.305,1,1,0,1,0,1,12.611541086966115,0.5
1700,Male,22.0,Andhra Pradesh,ST,No,0.0,Biotechnology,4,10.0,93.79,600000.0,Yes,Yes,0,0,0,0,0,0,0,0,0,0,0,0,0,0,0,0,1,0,0,0,0,0,0,0,0,0,0,0,0,0,0,0,96.89500000000001,1,1,0,0,0,1,13.304686600863562,1.0
1701,Male,19.0,Telangana,EWS,No,0.0,Biotechnology,3,8.09,78.56,250000.0,No,Yes,1,0,0,0,1,0,0,0,0,0,0,0,1,0,0,0,0,0,0,1,1,0,0,0,0,0,0,0,0,1,0,0,79.73,1,1,0,0,0,1,12.429220196836383,0.75
1702,Female,24.0,Uttar Pradesh,ST,No,0.0,Pharmacy,3,7.73,73.14,150000.0,Yes,Yes,0,0,0,0,1,0,0,0,0,0,0,0,1,1,0,0,1,0,0,0,1,0,0,1,0,0,0,0,0,1,0,0,75.22,1,0,0,0,0,0,11.918397239722838,0.75
1703,Female,23.0,Karnataka,OBC,No,0.0,ECE,3,8.02,68.59,350000.0,Yes,No,0,0,0,0,1,0,0,0,1,0,0,0,1,0,0,0,1,0,0,0,0,0,0,0,0,0,1,0,0,1,0,0,74.395,1,0,0,0,0,0,12.765691290604371,0.75
1704,Male,22.0,Gujarat,EWS,No,0.0,Management,2,8.32,79.42,300000.0,No,Yes,1,0,0,0,0,0,0,0,0,0,0,0,1,0,0,0,0,0,0,0,0,0,0,0,0,0,0,0,0,0,0,0,81.31,1,1,0,0,0,1,12.611541086966115,0.5
1705,Male,23.0,Uttar Pradesh,OBC,No,0.0,Production,3,7.23,74.83,500000.0,No,Yes,0,0,0,0,1,0,0,0,0,0,0,0,0,0,0,0,0,0,0,0,0,0,0,0,0,0,0,0,0,0,0,0,73.565,0,0,0,0,0,0,13.122365377402328,0.75
1706,Male,25.0,Rajasthan,EWS,No,0.0,Pharmacy,3,6.69,62.35,80000.0,No,No,0,0,0,0,1,0,0,0,0,0,0,0,1,1,0,0,0,0,0,1,0,0,0,0,0,0,0,0,0,0,0,0,64.625,1,0,0,0,0,0,11.289794413577894,0.75
1707,Female,25.0,Madhya Pradesh,General,No,0.0,Management,3,9.89,91.46,1500000.0,No,Yes,0,0,0,0,0,0,0,0,0,0,0,0,0,0,0,0,0,0,0,0,0,0,0,0,0,0,0,0,0,0,0,0,95.18,0,1,0,0,0,0,14.220976332738882,0.75
1708,Male,20.0,Telangana,EWS,No,0.0,AI_DS,1,6.84,64.54,400000.0,No,Yes,0,0,0,0,0,0,0,1,0,0,0,0,1,0,0,0,0,0,0,0,0,0,0,0,0,0,0,0,0,0,0,0,66.47,0,0,1,0,0,0,12.899222326086994,0.25
1709,Male,20.0,Delhi,SC,No,0.0,Instrumentation,1,8.51,81.47,120000.0,No,Yes,0,1,0,0,1,0,0,1,1,0,0,1,1,1,0,0,1,0,1,0,1,0,0,0,0,0,0,0,0,1,0,1,83.285,1,1,1,0,0,1,11.695255355062795,0.25
1710,Female,21.0,Rajasthan,SC,No,0.0,CSE,3,5.95,54.93,1500000.0,No,Yes,0,0,0,0,0,0,0,0,0,0,0,0,0,0,0,0,0,0,0,0,0,0,0,0,0,0,0,0,0,0,0,0,57.215,0,0,0,0,0,0,14.220976332738882,0.75
1711,Male,20.0,Gujarat,General,No,0.0,Civil,4,6.77,64.08,400000.0,Yes,Yes,0,0,0,0,1,0,0,0,1,0,0,0,0,0,0,0,0,0,0,0,0,0,0,0,0,0,0,0,0,0,0,0,65.88999999999999,1,0,0,0,0,0,12.899222326086994,1.0
1712,Female,24.0,Madhya Pradesh,General,Yes,70.0,Instrumentation,2,8.01,77.35,1000000.0,Yes,No,0,0,0,0,0,0,1,0,0,0,0,0,0,0,0,0,0,0,0,0,0,0,0,0,0,0,0,0,0,0,0,0,78.725,1,1,0,1,1,1,13.815511557963774,0.5
1713,Male,17.0,Madhya Pradesh,OBC,No,0.0,ECE,4,5.37,54.21,500000.0,Yes,Yes,0,0,0,0,0,0,0,0,0,0,0,0,0,0,0,0,0,0,0,0,0,0,0,0,0,0,0,0,0,0,0,0,53.955,1,0,0,0,0,0,13.122365377402328,1.0
1714,Female,17.0,Maharashtra,SC,No,0.0,Pharmacy,4,7.8,78.25,150000.0,Yes,No,1,0,0,0,1,0,0,0,0,0,0,0,1,1,0,0,0,0,0,1,1,0,0,0,0,0,0,0,0,1,0,0,78.125,1,0,0,0,0,0,11.918397239722838,1.0
1715,Female,23.0,Maharashtra,SC,No,0.0,Commerce,4,8.03,79.59,500000.0,No,No,0,0,0,0,1,0,0,0,0,0,0,0,0,0,0,0,1,0,0,0,0,0,0,1,0,0,0,0,0,0,0,0,79.945,0,1,0,0,0,0,13.122365377402328,1.0
1716,Female,19.0,Gujarat,ST,No,0.0,Biotechnology,3,8.06,80.61,350000.0,No,No,0,0,0,0,0,0,0,0,0,0,0,0,0,0,0,0,1,0,0,0,0,0,0,1,0,0,0,0,0,1,0,0,80.605,0,1,0,0,0,0,12.765691290604371,0.75
1717,Female,22.0,Uttar Pradesh,SC,No,0.0,Electrical,3,8.13,76.94,600000.0,Yes,Yes,0,0,0,0,0,0,0,0,1,0,0,0,0,0,0,0,1,1,0,0,0,0,0,0,0,0,0,0,0,0,0,0,79.12,1,1,0,0,0,1,13.304686600863562,0.75
1718,Female,22.0,Maharashtra,OBC,No,0.0,CSE,1,10.0,97.67,80000.0,Yes,No,1,1,1,1,1,1,0,1,1,1,0,0,1,1,1,1,1,0,1,1,1,0,0,1,1,1,0,1,0,1,1,1,98.83500000000001,1,1,1,0,0,1,11.289794413577894,0.25
1719,Female,20.0,Uttar Pradesh,OBC,No,0.0,Production,2,8.19,73.98,800000.0,Yes,No,0,0,0,0,0,0,1,0,0,0,0,0,0,0,0,0,0,0,0,0,0,0,0,0,0,0,0,0,0,0,0,0,77.94,1,0,0,0,0,0,13.592368256649284,0.5
1720,Female,18.0,Karnataka,General,No,0.0,Management,1,5.95,57.4,500000.0,Yes,No,0,0,0,0,0,0,0,0,0,0,0,0,0,0,0,0,0,0,0,0,0,0,0,0,0,0,0,0,0,0,0,0,58.45,1,0,1,0,0,0,13.122365377402328,0.25
1721,Male,18.0,Telangana,SC,No,0.0,Medical,4,7.67,71.02,600000.0,No,Yes,0,0,0,0,0,0,0,0,0,0,0,0,0,0,0,0,1,0,0,0,0,0,0,0,0,0,0,0,0,0,0,0,73.86,0,0,0,0,0,0,13.304686600863562,1.0
1722,Female,20.0,Andhra Pradesh,ST,No,0.0,Science,3,7.67,77.63,800000.0,No,Yes,0,0,0,0,0,0,0,0,0,0,0,0,0,0,0,0,0,0,0,0,0,0,0,0,0,0,0,0,0,0,0,0,77.16499999999999,0,0,0,0,0,0,13.592368256649284,0.75
1723,Male,21.0,Madhya Pradesh,EWS,No,0.0,Mechanical,3,8.33,75.71,250000.0,Yes,Yes,0,1,0,0,0,0,0,0,1,0,0,0,0,1,0,1,0,0,0,1,1,0,0,0,0,0,0,0,0,0,0,0,79.505,1,1,0,0,0,1,12.429220196836383,0.75
1724,Male,19.0,Delhi,General,No,0.0,Civil,1,7.37,67.6,150000.0,Yes,Yes,0,0,0,0,1,0,0,1,1,0,0,1,0,1,0,0,1,0,0,0,1,0,0,0,0,0,0,0,0,1,0,0,70.65,1,0,1,0,0,0,11.918397239722838,0.25
1725,Male,21.0,Uttar Pradesh,General,No,0.0,CSE,1,7.03,65.54,500000.0,Yes,No,0,0,0,0,1,0,0,0,0,0,0,0,0,0,0,0,0,0,0,0,0,0,0,0,0,0,0,0,0,0,0,1,67.92,1,0,1,0,0,0,13.122365377402328,0.25
1726,Female,24.0,Gujarat,OBC,No,0.0,Science,3,6.93,62.07,80000.0,Yes,No,1,0,0,0,1,0,0,0,0,0,0,0,1,1,0,0,0,0,0,1,0,0,0,0,0,0,0,0,0,0,0,0,65.685,1,0,0,0,0,0,11.289794413577894,0.75
1727,Female,25.0,Rajasthan,ST,No,0.0,Mechanical,3,7.35,68.14,400000.0,No,No,0,0,0,0,0,0,0,0,0,0,0,0,0,0,0,0,1,0,0,0,0,0,0,0,0,0,0,0,0,0,0,0,70.82,0,0,0,0,0,0,12.899222326086994,0.75
1728,Female,22.0,Delhi,General,No,0.0,Medical,2,5.0,53.66,1500000.0,Yes,No,0,0,0,0,0,0,0,0,0,0,0,0,0,0,0,0,0,0,0,0,0,0,0,0,0,0,0,0,0,0,0,0,51.83,1,0,0,0,0,0,14.220976332738882,0.5
1729,Male,18.0,Delhi,ST,No,0.0,Production,1,8.81,82.57,350000.0,Yes,Yes,0,1,0,0,1,0,0,1,1,0,0,0,1,0,0,0,1,0,0,0,0,0,0,0,0,0,0,0,0,1,0,1,85.33500000000001,1,1,1,0,0,1,12.765691290604371,0.25
1730,Female,18.0,Other,ST,No,0.0,Science,2,7.52,67.93,200000.0,No,Yes,0,0,0,0,1,0,0,0,0,0,0,0,0,0,0,0,1,0,0,1,0,0,0,1,0,0,0,0,0,0,1,0,71.565,1,0,0,0,0,0,12.206077645517674,0.5
1731,Male,17.0,Madhya Pradesh,OBC,No,0.0,Civil,4,9.53,96.23,350000.0,Yes,No,0,0,0,0,1,0,1,0,0,0,0,0,0,0,0,0,1,1,0,0,0,0,0,0,0,0,0,0,0,1,0,0,95.765,1,1,0,0,0,1,12.765691290604371,1.0
1732,Female,18.0,Other,SC,No,0.0,Electrical,2,7.69,76.13,150000.0,No,No,0,1,0,1,0,0,1,0,1,0,0,0,0,1,0,0,0,0,0,0,0,0,0,0,0,1,0,1,0,1,0,0,76.515,1,0,0,0,0,0,11.918397239722838,0.5
1733,Male,25.0,Karnataka,SC,No,0.0,Chemical,3,7.71,69.23,350000.0,Yes,No,0,0,0,0,1,0,0,0,1,0,0,0,1,0,0,0,0,0,0,0,0,0,0,0,0,0,0,0,0,1,0,0,73.16499999999999,1,0,0,0,0,0,12.765691290604371,0.75
1734,Female,24.0,Karnataka,OBC,No,0.0,Chemical,2,7.01,66.99,80000.0,No,No,0,0,0,0,0,0,0,0,1,0,0,0,1,1,0,0,0,0,0,1,1,0,0,1,0,0,0,0,0,1,1,0,68.54499999999999,1,0,0,0,0,0,11.289794413577894,0.5
1735,Female,24.0,Uttar Pradesh,General,No,0.0,Science,4,6.95,65.37,80000.0,Yes,Yes,0,0,0,0,0,0,0,0,0,0,0,0,0,1,0,0,0,0,0,1,0,0,0,1,0,0,0,0,0,1,1,0,67.435,1,0,0,0,0,0,11.289794413577894,1.0
1736,Female,18.0,Gujarat,General,No,0.0,Science,4,7.39,69.96,1000000.0,Yes,Yes,0,0,0,0,0,0,0,0,0,0,0,0,0,0,0,0,0,0,0,0,0,0,0,0,0,0,0,0,0,0,0,0,71.92999999999999,1,0,0,0,0,0,13.815511557963774,1.0
1737,Female,22.0,Gujarat,EWS,No,0.0,Production,2,7.56,68.64,150000.0,Yes,Yes,0,0,0,0,1,0,0,0,1,0,0,0,1,1,0,0,0,0,0,1,0,0,0,1,0,0,0,0,0,0,1,0,72.12,1,0,0,0,0,0,11.918397239722838,0.5
1738,Male,22.0,Andhra Pradesh,General,No,0.0,Mechanical,1,7.49,59.23,350000.0,No,No,0,0,0,0,0,0,0,0,0,0,0,0,0,0,0,0,0,0,0,0,0,0,0,0,0,0,0,0,0,0,0,0,67.065,0,0,1,0,0,0,12.765691290604371,0.25
1739,Female,25.0,Delhi,EWS,No,0.0,Science,3,8.67,76.05,800000.0,Yes,No,0,0,0,0,0,0,0,0,0,0,0,0,0,0,0,0,1,0,0,0,0,0,0,0,0,0,0,0,0,0,0,0,81.375,1,1,0,0,0,1,13.592368256649284,0.75
1740,Female,19.0,Karnataka,EWS,No,0.0,IT,1,8.88,88.52,200000.0,Yes,No,0,1,0,1,0,1,0,0,1,1,0,1,1,1,1,1,0,0,0,1,1,0,0,1,1,1,0,1,0,1,1,1,88.66,1,1,1,0,0,1,12.206077645517674,0.25
1741,Female,20.0,Andhra Pradesh,General,No,0.0,Biotechnology,1,7.14,60.02,400000.0,Yes,No,0,0,0,0,1,0,0,1,0,0,0,0,0,0,0,0,1,0,0,0,0,0,0,0,0,0,0,0,0,1,1,0,65.71,1,0,1,0,0,0,12.899222326086994,0.25
1742,Male,20.0,Uttar Pradesh,General,Yes,45.0,Mechanical,3,7.07,66.97,800000.0,Yes,Yes,0,0,0,0,0,0,0,0,0,0,0,0,0,0,0,0,0,0,0,0,0,0,0,0,0,0,0,0,1,0,0,0,68.83500000000001,1,0,0,1,1,0,13.592368256649284,0.75
1743,Female,20.0,Tamil Nadu,SC,No,0.0,Civil,1,7.49,58.21,350000.0,Yes,Yes,0,0,0,0,0,0,0,0,0,0,0,0,1,0,0,0,0,0,0,0,0,0,0,0,0,0,0,0,0,0,1,0,66.555,1,0,1,0,0,0,12.765691290604371,0.25
1744,Female,24.0,Rajasthan,OBC,No,0.0,Management,1,9.34,90.72,600000.0,Yes,Yes,0,0,0,0,0,0,0,1,0,0,0,0,0,0,0,0,1,0,0,0,0,0,0,1,1,0,0,0,0,0,0,1,92.06,1,1,1,0,0,1,13.304686600863562,0.25
1745,Female,17.0,Other,OBC,No,0.0,ECE,2,6.39,55.91,150000.0,Yes,No,0,0,0,0,0,0,0,0,0,0,0,0,0,1,0,0,0,0,0,0,0,0,0,0,0,0,0,0,0,0,0,0,59.905,1,0,0,0,0,0,11.918397239722838,0.5
1746,Female,24.0,Other,OBC,No,0.0,AI_DS,1,7.11,66.9,120000.0,No,No,0,0,0,0,0,0,0,1,1,0,0,0,1,1,0,0,1,0,0,1,0,0,0,1,0,0,0,0,0,0,0,0,69.0,1,0,1,0,0,0,11.695255355062795,0.25
1747,Male,19.0,Gujarat,General,No,0.0,IT,4,8.1,75.34,150000.0,No,No,1,1,0,0,1,0,0,0,1,0,0,0,1,1,0,0,0,0,0,0,1,0,0,0,0,0,0,0,0,1,0,0,78.17,1,1,0,0,0,1,11.918397239722838,1.0
1748,Male,20.0,Uttar Pradesh,OBC,Yes,70.0,Civil,4,8.11,82.85,350000.0,No,Yes,0,0,0,0,0,0,0,0,0,0,0,0,1,0,0,0,0,1,0,0,0,0,0,0,0,0,0,0,1,1,0,0,81.975,0,1,0,1,1,0,12.765691290604371,1.0
1749,Male,19.0,Tamil Nadu,SC,No,0.0,ECE,2,8.48,80.42,350000.0,No,Yes,0,1,0,0,0,0,0,0,1,0,0,0,1,0,0,0,0,0,0,0,0,0,0,0,0,0,0,0,0,1,0,0,82.61000000000001,0,1,0,0,0,0,12.765691290604371,0.5
1750,Male,18.0,Telangana,General,No,0.0,Medical,2,7.49,68.09,300000.0,Yes,No,0,0,0,0,1,0,0,0,0,0,0,0,1,0,0,0,0,0,0,0,0,0,0,0,0,0,0,0,0,1,0,0,71.495,1,0,0,0,0,0,12.611541086966115,0.5
1751,Male,19.0,Uttar Pradesh,SC,No,0.0,CSE,2,7.49,82.86,1000000.0,No,No,0,0,0,0,0,0,0,0,0,0,0,0,0,0,0,0,1,0,0,0,0,0,0,0,0,0,0,0,0,0,0,0,78.88,0,0,0,0,0,0,13.815511557963774,0.5
1752,Female,18.0,Other,General,No,0.0,Civil,3,7.55,71.88,350000.0,No,Yes,0,1,0,0,0,0,0,0,1,0,0,0,1,0,0,0,1,0,0,0,0,0,0,1,0,0,0,0,0,1,0,0,73.69,0,0,0,0,0,0,12.765691290604371,0.75
1753,Male,20.0,Tamil Nadu,General,No,0.0,Civil,4,6.9,61.43,300000.0,No,No,0,0,0,0,0,0,0,0,1,0,0,0,0,0,0,0,0,0,0,0,0,0,0,0,0,0,0,0,0,0,0,0,65.215,1,0,0,0,0,0,12.611541086966115,1.0
1754,Female,21.0,Gujarat,OBC,No,0.0,Instrumentation,1,7.49,74.77,1000000.0,Yes,Yes,0,0,0,0,0,0,0,0,0,0,0,0,0,0,0,0,1,0,0,0,0,0,0,0,0,0,0,0,0,0,0,1,74.83500000000001,1,0,1,0,0,0,13.815511557963774,0.25
1755,Male,24.0,Maharashtra,ST,No,0.0,Mechanical,4,8.1,75.35,200000.0,No,No,1,1,0,0,1,0,1,0,1,0,0,0,0,1,0,1,0,0,0,1,1,0,0,0,0,0,0,0,0,0,0,0,78.175,1,1,0,0,0,1,12.206077645517674,1.0
1756,Male,19.0,Uttar Pradesh,EWS,No,0.0,AI_DS,4,8.96,82.49,350000.0,Yes,No,0,1,0,0,1,0,1,0,1,0,0,0,0,0,0,0,1,0,0,0,0,0,0,0,0,0,0,0,0,1,0,0,86.045,1,1,0,0,0,1,12.765691290604371,1.0
1757,Male,19.0,Gujarat,SC,No,0.0,ECE,3,9.55,85.48,300000.0,No,Yes,1,1,0,0,0,0,1,0,1,0,0,0,1,0,0,0,1,0,0,1,0,0,0,0,0,0,0,0,0,1,0,0,90.49000000000001,1,1,0,0,0,1,12.611541086966115,0.75
1758,Male,20.0,Telangana,General,No,0.0,ECE,1,8.02,77.62,600000.0,No,No,0,0,0,0,0,0,0,0,1,0,0,0,0,0,0,0,0,0,0,0,0,0,0,0,0,0,0,0,0,0,0,1,78.91,0,1,1,0,0,0,13.304686600863562,0.25
1759,Female,24.0,Maharashtra,ST,No,0.0,Chemical,1,6.55,63.5,300000.0,No,No,1,0,0,0,0,0,0,0,1,0,0,0,0,0,0,0,0,0,0,0,0,0,0,1,0,0,0,0,0,0,0,0,64.5,1,0,1,0,0,0,12.611541086966115,0.25
1760,Female,21.0,Andhra Pradesh,OBC,No,0.0,Instrumentation,4,9.04,79.23,1500000.0,Yes,Yes,0,0,0,0,0,0,1,0,0,0,0,0,0,0,0,0,1,0,0,0,0,0,0,0,0,0,1,0,0,0,0,0,84.815,1,1,0,0,0,1,14.220976332738882,1.0
1761,Female,24.0,Andhra Pradesh,General,No,0.0,IT,1,8.1,69.47,1200000.0,Yes,Yes,0,0,0,0,0,0,0,0,0,0,0,0,0,0,0,0,1,0,0,0,0,0,0,0,0,0,0,0,0,0,0,0,75.235,1,0,1,0,0,0,13.997832948091215,0.25
1762,Male,17.0,Andhra Pradesh,EWS,No,0.0,Science,4,7.49,65.12,250000.0,Yes,No,0,0,0,0,0,0,0,0,0,0,0,0,1,1,0,0,1,0,0,1,1,0,0,0,0,0,0,0,0,1,0,0,70.01,1,0,0,0,0,0,12.429220196836383,1.0
1763,Male,23.0,Delhi,General,No,0.0,ECE,3,6.8,61.08,400000.0,Yes,Yes,0,0,0,0,0,0,0,0,0,0,0,0,1,0,0,0,0,0,0,0,0,0,0,0,0,0,0,0,0,0,0,0,64.53999999999999,1,0,0,0,0,0,12.899222326086994,0.75
1764,Male,18.0,Madhya Pradesh,General,No,0.0,Civil,1,7.49,71.2,350000.0,No,Yes,0,0,0,0,0,0,0,1,1,0,0,0,1,0,0,0,0,0,0,0,0,0,0,0,0,0,0,0,0,0,0,1,73.05000000000001,0,0,1,0,0,0,12.765691290604371,0.25
1765,Male,17.0,Tamil Nadu,OBC,No,0.0,IT,3,5.3,47.2,300000.0,No,No,0,0,0,0,0,0,0,0,0,0,0,0,0,0,0,0,0,0,0,0,0,0,0,0,0,0,0,0,0,0,0,0,50.1,1,0,0,0,0,0,12.611541086966115,0.75
1766,Female,20.0,Andhra Pradesh,OBC,No,0.0,Civil,1,9.3,93.92,80000.0,No,Yes,0,0,0,1,1,0,0,1,1,1,0,1,1,0,1,0,1,0,0,1,1,0,0,1,1,1,0,1,0,1,1,1,93.46000000000001,1,1,1,0,0,1,11.289794413577894,0.25
1767,Female,25.0,Delhi,SC,No,0.0,Commerce,3,7.38,71.2,400000.0,Yes,Yes,0,0,0,0,1,0,0,0,0,0,0,0,1,0,0,0,0,0,0,0,0,0,0,0,0,0,0,0,0,0,1,0,72.5,1,0,0,0,0,0,12.899222326086994,0.75
1768,Male,25.0,Maharashtra,SC,No,0.0,Civil,4,7.49,98.0,150000.0,No,No,0,0,0,0,1,0,0,0,1,0,0,0,1,1,0,1,1,0,0,0,1,0,0,0,0,0,0,0,0,0,0,0,86.45,1,0,0,0,0,0,11.918397239722838,1.0
1769,Female,23.0,Andhra Pradesh,OBC,No,0.0,AI_DS,2,8.31,76.51,1500000.0,Yes,No,0,0,0,0,0,0,0,0,0,0,0,0,0,0,0,0,0,0,0,0,0,0,1,0,0,0,0,0,0,0,0,0,79.805,1,1,0,0,0,1,14.220976332738882,0.5
1770,Male,17.0,Maharashtra,SC,No,0.0,Commerce,1,7.44,70.2,250000.0,No,Yes,0,0,0,0,0,0,0,1,0,0,0,0,1,1,0,0,0,0,0,0,0,0,0,0,0,0,0,0,0,0,0,0,72.30000000000001,1,0,1,0,0,0,12.429220196836383,0.25
1771,Male,18.0,Maharashtra,ST,No,0.0,Science,1,7.9,79.4,250000.0,Yes,Yes,1,0,0,0,1,0,0,1,0,0,0,0,1,0,0,0,0,0,0,1,1,0,0,0,0,0,0,0,0,0,0,0,79.2,1,0,1,0,0,0,12.429220196836383,0.25
1772,Female,20.0,Delhi,EWS,No,0.0,Instrumentation,1,8.56,78.09,300000.0,Yes,Yes,0,1,0,1,1,0,0,1,0,1,0,0,1,0,0,1,0,0,0,0,0,0,0,1,0,0,0,0,0,1,1,1,81.845,1,1,1,0,0,1,12.611541086966115,0.25
1773,Female,19.0,Maharashtra,SC,No,0.0,IT,3,9.15,87.86,800000.0,No,No,0,0,0,0,0,0,0,0,0,0,1,0,0,0,0,0,0,0,0,0,0,0,0,0,0,0,0,0,0,0,0,0,89.68,0,1,0,0,0,0,13.592368256649284,0.75
1774,Female,20.0,Other,General,No,0.0,Science,1,8.32,83.44,1500000.0,No,No,0,0,0,0,0,0,0,1,0,0,0,0,0,0,0,0,0,0,0,0,0,0,0,0,0,0,0,0,0,0,0,0,83.32,0,1,1,0,0,0,14.220976332738882,0.25
1775,Female,18.0,Andhra Pradesh,ST,No,0.0,Electrical,2,6.17,58.51,400000.0,No,Yes,0,0,0,0,0,0,0,0,0,0,0,0,0,0,0,0,0,0,0,0,0,0,0,0,0,0,0,0,0,0,0,0,60.105000000000004,0,0,0,0,0,0,12.899222326086994,0.5
1776,Female,24.0,Uttar Pradesh,SC,No,0.0,Mechanical,3,6.86,60.47,350000.0,Yes,Yes,0,0,0,0,1,0,0,0,0,0,0,0,1,0,0,0,0,0,0,0,0,0,0,0,0,0,0,0,0,0,0,0,64.535,1,0,0,0,0,0,12.765691290604371,0.75
1777,Female,18.0,Uttar Pradesh,ST,No,0.0,AI_DS,3,7.92,82.77,150000.0,No,Yes,0,1,0,0,0,0,0,0,1,0,0,0,1,1,0,0,1,0,0,1,1,0,0,1,0,0,0,0,0,0,0,0,80.985,1,0,0,0,0,0,11.918397239722838,0.75
1778,Male,20.0,Tamil Nadu,General,No,0.0,Mechanical,1,5.29,50.16,120000.0,No,Yes,0,0,0,0,0,0,0,0,0,0,0,0,0,0,0,0,0,0,0,0,0,0,0,0,0,0,0,0,0,0,0,0,51.53,1,0,1,0,0,0,11.695255355062795,0.25
1779,Male,17.0,Other,SC,No,0.0,AI_DS,2,8.27,78.93,350000.0,No,Yes,0,0,0,0,0,0,1,0,1,0,0,0,1,0,0,0,0,0,0,0,0,0,0,0,0,0,0,0,0,1,0,0,80.815,0,1,0,0,0,0,12.765691290604371,0.5
1780,Male,18.0,Tamil Nadu,General,No,0.0,Chemical,1,7.36,66.02,1500000.0,Yes,No,0,0,0,0,0,0,0,0,0,0,0,0,0,0,0,0,0,0,0,0,0,0,0,0,0,0,0,0,0,0,0,0,69.81,1,0,1,0,0,0,14.220976332738882,0.25
1781,Female,21.0,Delhi,OBC,No,0.0,ECE,4,7.78,71.64,300000.0,Yes,No,0,1,0,0,1,0,0,0,1,0,0,0,1,0,0,0,0,0,0,1,0,0,0,1,0,0,0,0,0,1,0,0,74.72,1,0,0,0,0,0,12.611541086966115,1.0
1782,Female,24.0,Maharashtra,EWS,No,0.0,CSE,3,5.0,51.08,500000.0,Yes,No,0,0,0,0,0,0,0,0,0,0,0,0,0,0,0,0,0,0,0,0,0,0,0,0,0,0,0,0,0,0,0,0,50.54,1,0,0,0,0,0,13.122365377402328,0.75
1783,Female,22.0,Tamil Nadu,General,No,0.0,Mechanical,2,8.65,82.33,350000.0,Yes,No,0,1,0,1,1,0,1,0,0,0,0,0,1,0,0,0,1,1,0,0,0,0,0,1,0,1,0,1,0,1,1,0,84.41499999999999,1,1,0,0,0,1,12.765691290604371,0.5
1784,Female,18.0,Other,General,No,0.0,Management,3,7.77,77.04,1200000.0,Yes,No,0,0,0,0,0,0,0,0,0,0,0,0,0,0,0,0,1,0,0,0,0,0,0,0,0,0,0,0,0,0,0,0,77.37,1,0,0,0,0,0,13.997832948091215,0.75
1785,Male,24.0,Andhra Pradesh,EWS,No,0.0,Management,1,7.77,76.53,250000.0,Yes,No,0,0,0,0,1,0,0,1,0,0,0,0,1,1,0,0,0,0,0,0,1,0,0,0,0,0,0,0,0,1,0,0,77.115,1,0,1,0,0,0,12.429220196836383,0.25
1786,Male,18.0,Telangana,General,No,0.0,Commerce,1,7.14,71.77,300000.0,No,Yes,1,0,0,0,0,0,0,0,0,0,0,0,1,0,0,0,1,0,0,0,0,0,0,0,0,0,0,0,0,0,0,0,71.585,1,0,1,0,0,0,12.611541086966115,0.25
1787,Female,25.0,Other,OBC,No,0.0,Chemical,2,7.88,75.44,300000.0,No,No,0,0,0,1,0,0,0,0,1,0,0,0,0,0,0,0,0,0,0,1,0,0,0,1,0,1,0,1,0,1,1,0,77.12,1,0,0,0,0,0,12.611541086966115,0.5
1788,Male,24.0,Uttar Pradesh,ST,No,0.0,IT,4,5.98,57.67,1000000.0,No,No,0,0,0,0,0,0,0,0,0,0,0,0,0,0,0,0,0,0,0,0,0,0,0,0,0,0,0,0,0,0,0,0,58.735,0,0,0,0,0,0,13.815511557963774,1.0
1789,Female,25.0,Karnataka,SC,No,0.0,Commerce,1,6.5,59.84,250000.0,No,No,0,0,0,0,0,0,0,0,0,0,0,0,0,1,0,0,0,0,0,0,0,0,0,0,0,0,0,0,0,0,0,0,62.42,1,0,1,0,0,0,12.429220196836383,0.25
1790,Male,18.0,Tamil Nadu,General,No,0.0,Biotechnology,1,6.52,58.74,350000.0,Yes,Yes,0,0,0,0,0,0,0,0,0,0,0,0,0,0,0,0,0,0,0,0,0,0,0,0,0,0,0,0,0,0,0,0,61.97,1,0,1,0,0,0,12.765691290604371,0.25
1791,Female,20.0,Other,General,No,0.0,Electrical,1,10.0,98.0,500000.0,Yes,No,0,0,0,0,1,0,0,1,1,0,0,0,0,0,1,0,1,0,0,0,0,0,0,1,1,1,0,0,0,0,0,0,99.0,1,1,1,0,0,1,13.122365377402328,0.25
1792,Female,25.0,Delhi,OBC,No,0.0,Commerce,2,9.8,89.43,250000.0,No,No,0,0,0,0,0,0,0,0,0,0,0,0,0,1,0,0,1,0,0,1,1,0,0,1,0,0,0,0,0,0,1,0,93.715,1,1,0,0,0,1,12.429220196836383,0.5
1793,Male,25.0,Tamil Nadu,EWS,No,0.0,Commerce,1,7.59,68.22,600000.0,Yes,Yes,0,0,0,0,0,0,0,0,0,0,0,0,0,0,0,0,1,0,0,0,0,0,0,0,0,0,0,0,0,0,0,0,72.06,1,0,1,0,0,0,13.304686600863562,0.25
1794,Female,18.0,Karnataka,General,No,0.0,Production,3,6.67,60.61,800000.0,Yes,Yes,0,0,0,0,0,0,0,0,0,0,0,0,0,0,0,0,0,0,0,0,0,0,0,0,0,0,0,0,0,0,0,0,63.655,1,0,0,0,0,0,13.592368256649284,0.75
1795,Female,18.0,Karnataka,OBC,No,0.0,Commerce,1,8.99,84.22,300000.0,Yes,Yes,0,0,0,0,1,0,0,1,0,0,0,0,1,0,0,0,1,0,1,1,0,0,0,1,0,0,0,0,0,0,0,1,87.06,1,1,1,0,0,1,12.611541086966115,0.25
1796,Male,21.0,Madhya Pradesh,EWS,No,0.0,Medical,3,8.78,85.22,1200000.0,Yes,Yes,0,0,0,0,0,0,0,0,0,0,0,0,0,0,0,0,1,0,0,0,0,0,0,0,0,0,0,0,0,0,0,0,86.50999999999999,1,1,0,0,0,1,13.997832948091215,0.75
1797,Female,21.0,Telangana,ST,No,0.0,ECE,1,10.0,90.56,350000.0,No,Yes,0,1,0,1,0,0,0,0,1,0,0,0,0,0,1,0,1,0,0,0,0,0,0,1,1,1,0,1,0,1,1,0,95.28,0,1,1,0,0,0,12.765691290604371,0.25
1798,Male,21.0,Telangana,General,No,0.0,Commerce,4,9.01,89.03,1500000.0,Yes,No,0,0,0,0,0,0,0,0,0,0,0,0,0,0,0,0,1,0,0,0,0,0,0,0,0,0,0,0,0,0,0,0,89.565,1,1,0,0,0,1,14.220976332738882,1.0
1799,Female,18.0,Delhi,OBC,No,0.0,IT,1,6.33,63.16,1500000.0,No,No,0,0,0,0,0,0,0,0,0,0,0,0,0,0,0,0,0,0,0,0,0,0,0,0,0,0,0,0,0,0,0,0,63.23,0,0,1,0,0,0,14.220976332738882,0.25
1800,Male,18.0,Telangana,General,No,0.0,Commerce,1,7.9,74.37,1200000.0,Yes,No,0,0,0,0,0,0,0,1,0,0,0,0,0,0,0,0,0,0,0,0,0,0,0,0,0,0,0,0,0,0,0,0,76.685,1,0,1,0,0,0,13.997832948091215,0.25
1801,Male,23.0,Other,ST,No,0.0,Commerce,2,7.49,59.69,1000000.0,No,No,0,0,0,0,0,0,0,0,0,0,0,0,0,0,0,0,1,0,0,0,0,0,0,0,0,0,0,0,0,0,0,0,67.295,0,0,0,0,0,0,13.815511557963774,0.5
1802,Female,25.0,Andhra Pradesh,EWS,No,0.0,AI_DS,3,9.96,94.62,300000.0,No,No,0,0,0,0,0,0,1,0,1,0,1,0,1,0,0,0,1,0,0,1,0,0,0,0,0,0,1,0,0,1,1,0,97.11000000000001,1,1,0,0,0,1,12.611541086966115,0.75
1803,Male,18.0,Rajasthan,EWS,No,0.0,Mechanical,1,8.44,77.81,350000.0,No,No,0,1,0,0,1,0,0,0,1,0,0,0,1,0,0,0,1,0,0,0,0,0,0,0,0,0,0,0,0,0,0,1,81.10499999999999,0,1,1,0,0,0,12.765691290604371,0.25
1804,Male,23.0,Maharashtra,SC,No,0.0,Management,1,6.56,65.57,350000.0,Yes,Yes,0,0,0,0,1,0,0,0,0,0,0,0,1,0,0,0,0,0,0,0,0,0,0,0,0,0,0,0,0,0,0,0,65.585,1,0,1,0,0,0,12.765691290604371,0.25
1805,Female,20.0,Andhra Pradesh,SC,No,0.0,Electrical,1,5.88,54.61,500000.0,No,No,0,0,0,0,0,0,0,0,0,0,0,0,0,0,0,0,0,0,0,0,0,0,0,0,0,0,0,0,0,0,0,0,56.705,0,0,1,0,0,0,13.122365377402328,0.25
1806,Female,17.0,Andhra Pradesh,ST,Yes,40.0,Chemical,2,7.54,71.96,250000.0,No,Yes,0,1,0,1,1,0,0,0,1,0,0,0,1,0,0,0,0,0,0,1,0,0,0,1,0,1,0,0,1,0,0,0,73.68,1,0,0,1,1,0,12.429220196836383,0.5
1807,Male,21.0,Andhra Pradesh,ST,No,0.0,Instrumentation,4,7.29,70.44,350000.0,No,No,0,0,0,0,0,0,0,0,1,0,0,0,0,0,0,0,0,0,0,0,0,0,0,0,0,0,0,0,0,0,0,0,71.67,0,0,0,0,0,0,12.765691290604371,1.0
1808,Male,22.0,Andhra Pradesh,SC,No,0.0,Chemical,3,8.33,81.34,350000.0,No,No,0,0,0,0,1,0,0,0,1,0,0,0,0,0,0,0,0,0,0,0,0,0,0,0,0,0,0,0,0,0,0,0,82.32,0,1,0,0,0,0,12.765691290604371,0.75
1809,Female,22.0,Delhi,General,No,0.0,Chemical,3,7.49,59.19,200000.0,Yes,Yes,0,0,0,0,0,0,0,0,1,0,0,0,1,1,0,0,0,0,0,0,0,0,0,0,0,0,0,0,0,1,1,0,67.045,1,0,0,0,0,0,12.206077645517674,0.75
1810,Female,19.0,Karnataka,SC,No,0.0,Medical,4,8.93,87.52,1200000.0,Yes,Yes,0,0,0,0,0,0,0,0,0,0,0,0,0,0,0,0,1,0,0,0,0,0,0,0,0,0,0,0,0,0,0,0,88.41,1,1,0,0,0,1,13.997832948091215,1.0
1811,Female,22.0,Telangana,General,No,0.0,Biotechnology,3,5.85,56.63,200000.0,Yes,Yes,0,0,0,0,0,0,0,0,0,0,0,0,0,1,0,0,0,0,0,0,0,0,0,0,0,0,0,0,0,0,0,0,57.565,1,0,0,0,0,0,12.206077645517674,0.75
1812,Female,19.0,Gujarat,General,No,0.0,Chemical,2,5.13,48.88,1200000.0,No,No,0,0,0,0,0,0,0,0,0,0,0,0,0,0,0,0,0,0,0,0,0,0,0,0,0,0,0,0,0,0,0,0,50.09,0,0,0,0,0,0,13.997832948091215,0.5
1813,Female,24.0,Telangana,ST,No,0.0,Biotechnology,1,9.78,90.07,350000.0,Yes,Yes,0,0,0,0,1,0,0,1,0,0,0,0,1,0,0,0,1,0,0,0,0,0,0,1,1,0,0,0,0,1,0,0,93.935,1,1,1,0,0,1,12.765691290604371,0.25
1814,Male,19.0,Telangana,General,No,0.0,Instrumentation,4,6.5,64.04,80000.0,Yes,Yes,0,0,0,0,1,0,0,0,0,0,0,0,1,1,0,0,0,0,0,1,0,0,0,0,0,0,0,0,0,0,0,0,64.52000000000001,1,0,0,0,0,0,11.289794413577894,1.0
1815,Male,21.0,Uttar Pradesh,EWS,No,0.0,Management,4,5.65,51.78,500000.0,Yes,Yes,0,0,0,0,0,0,0,0,0,0,0,0,0,0,0,0,0,0,0,0,0,0,0,0,0,0,0,0,0,0,0,0,54.14,1,0,0,0,0,0,13.122365377402328,1.0
1816,Male,19.0,Uttar Pradesh,EWS,No,0.0,Pharmacy,4,8.22,76.19,1200000.0,Yes,No,0,0,0,0,0,0,0,0,0,0,0,0,0,0,0,0,1,0,0,0,0,0,0,0,0,0,0,0,0,0,0,0,79.195,1,1,0,0,0,1,13.997832948091215,1.0
1817,Female,19.0,Andhra Pradesh,SC,No,0.0,Commerce,1,7.22,71.2,150000.0,Yes,Yes,0,0,0,0,1,0,0,1,0,0,0,0,1,0,0,0,0,0,0,1,1,0,0,1,0,0,0,0,0,1,1,1,71.7,1,0,1,0,0,0,11.918397239722838,0.25
1818,Male,20.0,Delhi,SC,No,0.0,Management,3,8.01,76.9,200000.0,No,No,0,0,0,0,1,0,0,0,0,0,0,0,1,1,0,0,1,0,0,1,0,0,0,0,0,0,0,0,0,1,0,0,78.5,1,1,0,0,0,1,12.206077645517674,0.75
1819,Female,25.0,Maharashtra,ST,No,0.0,Mechanical,3,7.09,68.47,250000.0,Yes,No,0,0,0,0,1,0,0,0,1,0,0,0,1,1,0,0,0,0,0,1,1,0,0,1,0,0,0,0,0,0,1,0,69.685,1,0,0,0,0,0,12.429220196836383,0.75
1820,Male,18.0,Other,EWS,No,0.0,Production,3,7.35,71.2,250000.0,No,No,0,0,0,0,1,0,0,0,1,0,0,0,0,0,0,0,1,0,0,1,1,0,0,0,0,0,0,0,0,0,0,0,72.35,1,0,0,0,0,0,12.429220196836383,0.75
1821,Male,17.0,Other,ST,No,0.0,Pharmacy,3,6.9,65.0,800000.0,No,No,0,0,0,0,0,0,0,0,0,0,0,0,0,0,0,0,0,0,0,0,0,0,0,0,0,0,0,0,0,0,0,0,67.0,0,0,0,0,0,0,13.592368256649284,0.75
1822,Male,20.0,Rajasthan,General,No,0.0,Civil,2,6.31,59.84,1000000.0,No,No,0,0,0,0,0,0,0,0,0,0,0,0,0,0,0,0,0,0,0,0,0,0,0,0,0,0,0,0,0,0,0,0,61.47,0,0,0,0,0,0,13.815511557963774,0.5
1823,Female,18.0,Tamil Nadu,ST,No,0.0,Medical,2,6.53,58.69,200000.0,No,Yes,0,0,0,0,0,0,0,0,0,0,0,0,1,1,0,0,0,0,0,0,0,0,0,0,0,0,0,0,0,0,0,0,61.995,1,0,0,0,0,0,12.206077645517674,0.5
1824,Female,19.0,Maharashtra,General,No,0.0,Medical,2,7.81,74.83,1500000.0,Yes,No,0,0,0,0,0,0,0,0,0,0,0,0,0,0,0,0,0,0,0,0,0,0,0,0,0,0,0,0,0,0,0,0,76.465,1,0,0,0,0,0,14.220976332738882,0.5
1825,Female,17.0,Other,EWS,No,0.0,AI_DS,4,8.44,78.89,200000.0,Yes,No,0,1,0,0,1,0,0,0,1,0,0,0,1,1,0,1,1,0,0,1,1,0,0,0,0,0,0,0,0,1,1,0,81.645,1,1,0,0,0,1,12.206077645517674,1.0
1826,Female,20.0,Maharashtra,ST,No,0.0,Production,3,7.99,77.56,1000000.0,Yes,No,0,0,0,0,0,0,0,0,0,0,0,0,0,0,0,0,0,1,0,0,0,0,0,0,0,0,0,0,0,0,0,0,78.73,1,0,0,0,0,0,13.815511557963774,0.75
1827,Male,22.0,Karnataka,SC,Yes,90.0,ECE,1,8.03,73.81,1000000.0,No,No,0,0,0,0,0,0,0,1,0,0,0,0,0,0,0,0,1,0,0,0,0,0,0,0,0,0,0,0,0,0,0,0,77.055,0,0,1,1,1,0,13.815511557963774,0.25
1828,Female,25.0,Telangana,EWS,No,0.0,Commerce,3,7.68,74.05,150000.0,No,No,1,0,0,0,1,0,0,0,0,0,0,0,1,1,0,0,0,0,0,1,0,0,0,1,0,0,0,0,0,1,1,0,75.425,1,0,0,0,0,0,11.918397239722838,0.75
1829,Female,22.0,Telangana,SC,No,0.0,Civil,3,7.51,65.09,1000000.0,Yes,No,0,0,0,0,0,0,0,0,0,0,0,0,0,0,0,0,0,1,0,0,0,0,0,0,0,0,0,0,0,0,0,0,70.095,1,0,0,0,0,0,13.815511557963774,0.75
1830,Male,24.0,Delhi,General,Yes,80.0,Biotechnology,2,7.69,79.69,800000.0,Yes,Yes,0,0,0,0,0,0,0,0,0,0,0,0,0,0,0,0,0,0,0,0,0,0,0,0,0,0,0,0,0,0,0,0,78.295,1,0,0,1,1,0,13.592368256649284,0.5
1831,Female,25.0,Delhi,SC,No,0.0,Medical,4,7.49,64.98,600000.0,Yes,Yes,0,0,0,0,0,0,0,0,0,0,0,0,0,0,0,0,0,0,0,0,0,0,0,0,0,0,0,0,0,0,0,0,69.94,1,0,0,0,0,0,13.304686600863562,1.0
1832,Female,22.0,Tamil Nadu,EWS,No,0.0,Management,1,7.95,76.46,250000.0,No,Yes,0,0,0,0,1,0,0,0,0,0,0,0,1,1,0,0,0,0,0,0,1,0,0,1,0,0,0,0,0,0,1,0,77.97999999999999,1,0,1,0,0,0,12.429220196836383,0.25
1833,Female,23.0,Karnataka,General,No,0.0,Medical,3,11.0,81.06,150000.0,No,Yes,0,0,0,0,1,0,0,0,0,0,0,0,1,1,0,0,1,0,0,1,1,0,0,1,0,0,0,0,0,1,1,0,95.53,1,1,0,0,0,1,11.918397239722838,0.75
1834,Male,25.0,Other,OBC,No,0.0,Mechanical,2,8.38,81.38,200000.0,Yes,Yes,0,0,0,0,1,0,1,0,1,0,0,0,0,1,0,1,0,0,0,1,0,0,0,0,0,0,0,0,0,0,0,0,82.59,1,1,0,0,0,1,12.206077645517674,0.5
1835,Male,25.0,Tamil Nadu,General,No,0.0,Mechanical,2,7.33,70.65,150000.0,Yes,Yes,0,0,0,0,0,0,0,0,1,0,0,0,0,1,0,0,0,0,0,1,1,0,0,0,0,0,0,0,0,1,0,0,71.975,1,0,0,0,0,0,11.918397239722838,0.5
1836,Male,19.0,Rajasthan,General,No,0.0,CSE,2,8.74,85.65,200000.0,Yes,Yes,0,1,0,0,1,0,1,0,1,0,0,0,1,1,0,1,0,0,0,0,1,0,0,0,0,0,0,0,0,0,0,0,86.525,1,1,0,0,0,1,12.206077645517674,0.5
1837,Male,18.0,Delhi,ST,No,0.0,Medical,1,6.13,60.7,80000.0,Yes,No,0,0,0,0,1,0,0,0,0,0,0,0,1,1,0,0,0,0,0,0,0,0,0,0,0,0,0,0,0,0,0,0,61.0,1,0,1,0,0,0,11.289794413577894,0.25
1838,Female,18.0,Maharashtra,EWS,No,0.0,Chemical,2,7.42,70.71,300000.0,No,Yes,1,0,0,1,1,0,0,0,1,0,0,0,1,0,0,0,0,0,0,0,0,0,0,1,0,1,0,1,0,0,1,0,72.455,1,0,0,0,0,0,12.611541086966115,0.5
1839,Female,17.0,Karnataka,EWS,No,0.0,Biotechnology,2,7.59,71.65,800000.0,Yes,Yes,0,0,0,0,0,0,0,0,0,0,0,0,0,0,0,0,0,0,0,0,0,0,0,0,0,0,0,0,0,0,0,0,73.775,1,0,0,0,0,0,13.592368256649284,0.5
1840,Female,21.0,Andhra Pradesh,EWS,No,0.0,Civil,3,8.93,84.58,250000.0,No,No,0,1,0,0,1,0,0,0,1,0,0,0,1,1,0,0,0,1,0,1,0,0,0,0,0,0,1,0,0,1,0,0,86.94,1,1,0,0,0,1,12.429220196836383,0.75
1841,Male,17.0,Maharashtra,OBC,No,0.0,CSE,4,6.16,57.34,1500000.0,No,No,0,0,0,0,0,0,0,0,0,0,0,0,0,0,0,0,0,0,0,0,0,0,0,0,0,0,0,0,0,0,0,0,59.47,0,0,0,0,0,0,14.220976332738882,1.0
1842,Male,22.0,Telangana,SC,No,0.0,Medical,4,7.71,76.93,1500000.0,Yes,No,0,0,0,0,0,0,0,0,0,0,0,0,0,0,0,0,0,0,0,0,0,0,0,0,0,0,0,0,0,0,0,0,77.015,1,0,0,0,0,0,14.220976332738882,1.0
1843,Male,17.0,Andhra Pradesh,ST,No,0.0,Medical,4,7.49,75.54,250000.0,Yes,Yes,0,0,0,0,1,0,0,0,0,0,0,0,1,1,0,0,0,0,0,0,1,0,0,0,0,0,0,0,0,1,0,0,75.22,1,0,0,0,0,0,12.429220196836383,1.0
1844,Male,23.0,Madhya Pradesh,SC,No,0.0,AI_DS,2,10.0,95.79,250000.0,Yes,No,0,1,0,0,1,0,1,0,1,0,0,0,0,0,0,1,1,0,0,1,0,0,0,0,0,0,0,0,0,1,0,0,97.89500000000001,1,1,0,0,0,1,12.429220196836383,0.5
1845,Female,18.0,Andhra Pradesh,EWS,No,0.0,Instrumentation,4,9.03,85.33,80000.0,Yes,No,0,0,0,0,0,0,1,0,0,0,1,0,1,1,0,1,1,0,0,1,1,0,0,1,0,0,0,0,0,1,1,0,87.815,1,1,0,0,0,1,11.289794413577894,1.0
1846,Male,23.0,Andhra Pradesh,EWS,No,0.0,Electrical,4,8.14,71.2,500000.0,No,Yes,0,0,0,0,1,0,0,0,1,0,0,0,0,0,0,0,0,1,0,0,0,0,0,0,0,0,0,0,0,0,0,0,76.30000000000001,0,0,0,0,0,0,13.122365377402328,1.0
1847,Female,24.0,Maharashtra,EWS,No,0.0,Commerce,1,8.96,88.29,400000.0,No,Yes,0,0,0,0,0,0,0,0,0,0,0,0,0,0,0,0,1,0,0,0,0,1,0,1,1,0,0,0,0,1,1,0,88.94500000000001,0,1,1,0,0,0,12.899222326086994,0.25
1848,Female,17.0,Madhya Pradesh,EWS,No,0.0,Pharmacy,4,8.55,80.28,1500000.0,Yes,No,0,0,0,0,0,0,0,0,0,0,0,0,0,0,0,0,1,0,0,0,0,0,0,0,0,0,0,0,0,0,0,0,82.89,1,1,0,0,0,1,14.220976332738882,1.0
1849,Female,17.0,Uttar Pradesh,OBC,No,0.0,AI_DS,2,6.81,65.69,350000.0,No,No,0,0,0,0,0,0,0,0,0,0,0,0,1,0,0,0,0,0,0,0,0,0,0,0,0,0,0,0,0,0,1,0,66.895,0,0,0,0,0,0,12.765691290604371,0.5
1850,Male,23.0,Maharashtra,SC,No,0.0,CSE,3,8.62,81.22,150000.0,Yes,No,1,0,0,0,1,0,1,0,1,0,0,0,1,0,0,0,1,0,0,1,1,0,0,0,0,0,0,0,0,1,0,0,83.71,1,1,0,0,0,1,11.918397239722838,0.75
1851,Female,22.0,Delhi,SC,No,0.0,ECE,4,8.78,87.77,400000.0,No,No,0,0,0,0,1,0,1,0,1,0,0,0,1,0,0,0,1,0,0,0,0,0,0,1,0,0,0,0,0,1,1,0,87.785,0,1,0,0,0,0,12.899222326086994,1.0
1852,Male,19.0,Tamil Nadu,SC,No,0.0,Mechanical,1,6.4,58.29,120000.0,Yes,No,0,0,0,0,0,0,0,0,0,0,0,0,0,1,0,0,0,0,0,0,0,0,0,0,0,0,0,0,0,0,0,0,61.144999999999996,1,0,1,0,0,0,11.695255355062795,0.25
1853,Male,23.0,Gujarat,ST,No,0.0,Mechanical,2,7.33,70.56,600000.0,No,No,0,0,0,0,0,0,0,0,1,0,0,0,0,0,0,0,0,0,0,0,0,0,0,0,0,0,0,0,0,0,0,0,71.93,0,0,0,0,0,0,13.304686600863562,0.5
1854,Male,24.0,Maharashtra,SC,No,0.0,Pharmacy,3,6.87,69.32,150000.0,Yes,No,0,0,0,0,1,0,0,0,0,0,0,0,1,1,0,0,0,0,0,0,0,0,0,0,0,0,0,0,0,1,0,0,69.00999999999999,1,0,0,0,0,0,11.918397239722838,0.75
1855,Female,22.0,Tamil Nadu,General,No,0.0,Electrical,1,8.01,76.21,1500000.0,Yes,Yes,0,0,0,0,0,0,0,0,0,0,0,0,0,0,0,0,0,0,0,0,0,0,0,0,0,0,0,0,0,0,0,0,78.155,1,1,1,0,0,1,14.220976332738882,0.25
1856,Female,24.0,Maharashtra,EWS,Yes,80.0,IT,1,5.78,50.96,800000.0,No,Yes,0,0,0,0,0,0,0,0,0,0,0,0,0,0,0,0,0,0,0,0,0,0,0,0,0,0,0,0,1,0,0,0,54.38,0,0,1,1,1,0,13.592368256649284,0.25
1857,Female,23.0,Telangana,General,No,0.0,Civil,2,7.84,68.08,250000.0,No,Yes,0,0,0,0,1,0,0,0,1,0,0,0,1,1,0,0,0,0,0,0,0,0,0,1,0,0,0,0,0,0,0,0,73.24000000000001,1,0,0,0,0,0,12.429220196836383,0.5
1858,Male,25.0,Uttar Pradesh,SC,No,0.0,Instrumentation,1,7.49,82.37,80000.0,Yes,No,0,0,0,0,1,0,0,1,1,1,0,0,1,1,1,0,0,0,1,1,1,0,0,0,0,0,0,0,0,1,0,1,78.635,1,0,1,0,0,0,11.289794413577894,0.25
1859,Male,19.0,Telangana,ST,No,0.0,Electrical,4,10.0,98.0,120000.0,No,No,1,1,0,0,1,0,0,0,1,0,0,0,1,1,0,0,1,1,0,0,1,0,0,0,0,0,0,0,0,1,0,0,99.0,1,1,0,0,0,1,11.695255355062795,1.0
1860,Male,24.0,Rajasthan,General,No,0.0,IT,1,7.28,68.84,120000.0,No,Yes,0,0,0,0,1,0,0,1,1,0,0,0,1,1,0,0,0,0,0,1,0,0,0,0,0,0,0,0,0,1,0,1,70.82,1,0,1,0,0,0,11.695255355062795,0.25
1861,Male,24.0,Rajasthan,General,No,0.0,Commerce,1,8.69,87.66,1000000.0,Yes,No,0,0,0,0,0,0,0,1,0,0,0,0,0,0,0,0,1,0,0,0,0,0,0,0,0,0,0,0,0,0,0,1,87.28,1,1,1,0,0,1,13.815511557963774,0.25
1862,Male,24.0,Maharashtra,EWS,No,0.0,IT,1,5.53,47.18,400000.0,Yes,No,0,0,0,0,0,0,0,0,0,0,0,0,0,0,0,0,0,0,0,0,0,1,0,0,0,0,0,0,0,0,0,0,51.24,1,0,1,0,0,0,12.899222326086994,0.25
1863,Female,17.0,Maharashtra,ST,No,0.0,AI_DS,3,6.75,65.87,500000.0,No,No,0,0,0,0,1,0,0,0,1,0,0,0,0,0,0,0,0,0,0,0,0,0,0,0,0,0,0,0,0,0,0,0,66.685,0,0,0,0,0,0,13.122365377402328,0.75
1864,Male,19.0,Uttar Pradesh,EWS,No,0.0,Civil,4,8.1,71.2,300000.0,Yes,No,0,1,0,0,1,0,0,0,1,0,0,0,1,0,0,0,0,0,0,1,0,0,0,0,0,0,0,0,0,1,0,0,76.1,1,0,0,0,0,0,12.611541086966115,1.0
1865,Female,24.0,Rajasthan,ST,No,0.0,AI_DS,2,6.06,50.62,350000.0,Yes,No,0,0,0,0,0,0,0,0,0,0,0,0,0,0,0,0,0,0,0,0,0,0,0,0,0,0,0,0,0,0,0,0,55.61,1,0,0,0,0,0,12.765691290604371,0.5
1866,Male,20.0,Rajasthan,General,No,0.0,IT,2,8.53,78.55,300000.0,No,Yes,0,1,0,0,0,0,1,0,1,0,0,0,1,0,0,1,1,0,0,0,0,0,0,0,0,0,0,0,0,1,0,0,81.925,1,1,0,0,0,1,12.611541086966115,0.5
1867,Male,18.0,Tamil Nadu,SC,No,0.0,Pharmacy,4,5.08,48.7,350000.0,Yes,No,0,0,0,0,0,0,0,0,0,0,0,0,0,0,0,0,0,0,0,0,0,0,0,0,0,0,0,0,0,0,0,0,49.75,1,0,0,0,0,0,12.765691290604371,1.0
1868,Male,23.0,Delhi,General,No,0.0,Instrumentation,4,8.45,79.91,80000.0,No,No,0,1,0,0,1,0,1,0,1,0,0,0,1,0,0,0,0,0,0,1,1,0,0,0,0,0,0,0,0,1,0,0,82.205,1,1,0,0,0,1,11.289794413577894,1.0
1869,Male,25.0,Karnataka,SC,No,0.0,Civil,3,6.95,65.55,150000.0,No,Yes,0,0,0,0,1,0,0,0,1,0,0,0,1,1,0,0,0,0,0,1,0,0,0,0,0,0,0,0,0,1,0,0,67.525,1,0,0,0,0,0,11.918397239722838,0.75
1870,Female,21.0,Andhra Pradesh,OBC,No,0.0,Biotechnology,3,7.06,63.03,80000.0,No,No,0,0,0,0,1,0,0,0,0,0,0,0,1,1,0,0,1,0,0,0,0,0,0,1,0,0,0,0,0,0,0,0,66.815,1,0,0,0,0,0,11.289794413577894,0.75
1871,Female,17.0,Andhra Pradesh,SC,No,0.0,Biotechnology,3,6.64,64.64,120000.0,No,No,0,0,0,0,0,0,0,0,0,0,0,0,1,0,0,0,0,0,0,1,0,0,0,1,0,0,0,0,0,0,0,0,65.52,1,0,0,0,0,0,11.695255355062795,0.75
1872,Male,20.0,Uttar Pradesh,OBC,No,0.0,CSE,1,7.49,75.46,500000.0,No,No,0,0,0,0,0,0,0,0,1,0,0,0,0,0,0,0,0,0,0,0,0,0,0,0,0,0,0,0,0,0,0,0,75.18,0,0,1,0,0,0,13.122365377402328,0.25
1873,Male,17.0,Tamil Nadu,SC,No,0.0,ECE,2,6.31,59.4,120000.0,Yes,Yes,0,0,0,0,0,0,0,0,0,0,0,0,0,0,0,0,0,0,0,0,0,0,0,0,0,0,0,0,0,0,0,0,61.25,1,0,0,0,0,0,11.695255355062795,0.5
1874,Female,25.0,Andhra Pradesh,General,No,0.0,CSE,2,7.49,48.04,300000.0,No,No,0,0,0,0,0,0,0,0,1,0,0,0,0,0,0,0,1,0,0,0,0,0,0,0,0,0,0,0,0,1,0,0,61.47,1,0,0,0,0,0,12.611541086966115,0.5
1875,Female,17.0,Other,OBC,No,0.0,CSE,4,9.21,83.07,1000000.0,No,Yes,0,0,0,0,0,0,1,0,0,0,1,0,0,0,0,0,1,0,0,0,0,0,1,0,0,0,0,0,0,0,0,0,87.58500000000001,0,1,0,0,0,0,13.815511557963774,1.0
1876,Female,21.0,Rajasthan,OBC,No,0.0,AI_DS,2,6.8,65.59,150000.0,No,No,0,0,0,0,1,0,0,0,1,0,0,0,1,0,0,0,0,0,0,0,0,0,0,1,0,0,0,1,0,1,0,0,66.795,1,0,0,0,0,0,11.918397239722838,0.5
1877,Female,17.0,Maharashtra,OBC,No,0.0,IT,1,9.0,84.16,300000.0,Yes,No,1,1,1,1,0,1,0,1,1,0,0,0,1,0,1,1,1,0,1,1,0,1,0,1,0,1,0,0,0,1,1,1,87.08,1,1,1,0,0,1,12.611541086966115,0.25
1878,Male,19.0,Madhya Pradesh,EWS,No,0.0,Biotechnology,1,6.67,57.46,400000.0,No,Yes,0,0,0,0,0,0,0,0,0,0,0,0,1,0,0,0,0,0,0,0,0,0,0,0,0,0,0,0,0,0,0,0,62.08,0,0,1,0,0,0,12.899222326086994,0.25
1879,Female,18.0,Tamil Nadu,OBC,No,0.0,Science,1,7.62,78.52,350000.0,No,Yes,0,0,0,0,1,0,0,1,0,0,0,0,1,0,0,0,1,0,0,0,0,0,0,1,0,0,0,0,0,1,1,0,77.36,0,0,1,0,0,0,12.765691290604371,0.25
1880,Male,18.0,Maharashtra,General,No,0.0,Chemical,2,7.49,74.32,250000.0,Yes,Yes,1,0,0,0,1,0,0,0,1,0,0,0,0,1,0,0,1,0,0,0,1,1,0,0,0,0,0,0,0,1,0,0,74.61,1,0,0,0,0,0,12.429220196836383,0.5
1881,Male,17.0,Telangana,SC,No,0.0,IT,2,7.89,74.92,350000.0,Yes,No,0,1,0,0,0,0,0,0,1,0,0,0,1,0,0,0,0,0,0,0,0,0,0,0,0,0,0,0,0,0,0,0,76.91,1,0,0,0,0,0,12.765691290604371,0.5
1882,Male,18.0,Delhi,SC,No,0.0,ECE,2,6.52,64.41,800000.0,No,Yes,0,0,0,0,0,0,0,0,0,0,0,0,0,0,0,0,0,0,0,0,0,0,0,0,0,0,0,0,0,0,0,0,64.80499999999999,0,0,0,0,0,0,13.592368256649284,0.5
1883,Female,22.0,Karnataka,General,No,0.0,Biotechnology,2,7.77,73.87,80000.0,No,No,0,0,0,0,0,0,0,0,0,0,0,0,1,1,0,0,1,0,0,1,0,0,0,1,0,0,0,0,0,0,0,0,75.785,1,0,0,0,0,0,11.289794413577894,0.5
1884,Male,17.0,Maharashtra,ST,No,0.0,CSE,1,6.33,64.05,350000.0,No,Yes,0,0,0,0,1,0,0,0,0,0,0,0,0,0,0,0,0,0,0,0,0,0,0,0,0,0,0,0,0,0,0,0,63.675,0,0,1,0,0,0,12.765691290604371,0.25
1885,Male,25.0,Andhra Pradesh,ST,No,0.0,IT,2,8.3,77.19,400000.0,No,Yes,0,0,0,0,1,0,0,0,1,0,0,0,1,0,0,0,0,0,0,0,0,0,0,0,0,0,0,0,0,1,0,0,80.095,0,1,0,0,0,0,12.899222326086994,0.5
1886,Male,20.0,Uttar Pradesh,SC,No,0.0,Pharmacy,2,8.7,81.16,80000.0,Yes,No,0,0,0,0,1,0,0,0,0,0,0,0,0,1,0,0,1,0,0,1,1,0,0,0,0,0,0,0,0,1,0,0,84.08,1,1,0,0,0,1,11.289794413577894,0.5
1887,Female,24.0,Andhra Pradesh,OBC,No,0.0,CSE,2,6.56,60.04,150000.0,No,Yes,0,0,0,0,1,0,0,0,1,0,0,0,1,1,0,0,0,0,0,1,0,0,0,1,0,0,0,1,0,0,0,0,62.81999999999999,1,0,0,0,0,0,11.918397239722838,0.5
1888,Male,24.0,Karnataka,ST,No,0.0,Electrical,4,5.37,52.43,150000.0,No,Yes,0,0,0,0,0,0,0,0,0,0,0,0,0,0,0,0,0,0,0,0,0,0,0,0,0,0,0,0,0,0,0,0,53.065,1,0,0,0,0,0,11.918397239722838,1.0
1889,Female,25.0,Telangana,OBC,No,0.0,Mechanical,2,5.3,46.66,200000.0,Yes,No,0,0,0,0,0,0,0,0,0,0,0,0,0,0,0,0,0,0,0,0,0,0,0,0,0,0,0,0,0,0,0,0,49.83,1,0,0,0,0,0,12.206077645517674,0.5
1890,Female,18.0,Rajasthan,General,No,0.0,IT,1,5.01,47.34,800000.0,No,Yes,0,0,0,0,0,0,0,0,0,0,0,0,0,0,0,0,0,0,0,0,0,0,0,0,0,0,0,0,0,0,0,0,48.72,0,0,1,0,0,0,13.592368256649284,0.25
1891,Female,20.0,Maharashtra,EWS,No,0.0,Commerce,3,7.32,68.56,200000.0,Yes,Yes,0,0,0,0,0,0,0,0,0,0,0,0,1,1,0,0,0,0,0,1,0,1,0,1,0,0,0,0,0,1,1,0,70.88,1,0,0,0,0,0,12.206077645517674,0.75
1892,Male,18.0,Andhra Pradesh,ST,No,0.0,Electrical,1,6.25,55.86,250000.0,No,No,0,0,0,0,0,0,0,0,0,0,0,0,0,1,0,0,0,0,0,0,0,0,0,0,0,0,0,0,0,0,0,0,59.18,1,0,1,0,0,0,12.429220196836383,0.25
1893,Female,25.0,Delhi,ST,No,0.0,Mechanical,1,8.06,74.92,150000.0,No,No,0,0,0,1,1,0,0,0,1,0,0,0,0,1,0,0,0,0,0,1,0,0,0,0,0,1,0,1,0,1,1,1,77.76,1,0,1,0,0,0,11.918397239722838,0.25
1894,Male,23.0,Maharashtra,OBC,No,0.0,Production,4,7.88,72.2,800000.0,Yes,No,0,0,0,0,0,0,0,0,0,0,0,0,0,0,0,0,1,1,0,0,0,1,0,0,0,0,0,0,0,0,0,0,75.5,1,0,0,0,0,0,13.592368256649284,1.0
1895,Male,24.0,Madhya Pradesh,SC,No,0.0,AI_DS,3,7.72,77.25,400000.0,No,Yes,0,0,0,0,0,0,0,0,1,0,0,0,1,0,0,0,0,0,0,0,0,0,0,0,0,0,0,0,0,0,0,0,77.225,0,0,0,0,0,0,12.899222326086994,0.75
1896,Male,17.0,Tamil Nadu,General,No,0.0,Pharmacy,2,8.2,76.66,200000.0,Yes,Yes,0,0,0,0,1,0,0,0,0,0,0,0,1,1,0,0,1,0,0,1,1,0,0,0,0,0,0,0,0,1,0,0,79.33,1,1,0,0,0,1,12.206077645517674,0.5
1897,Male,23.0,Gujarat,General,No,0.0,Mechanical,1,7.81,73.47,300000.0,Yes,No,0,1,0,0,1,0,0,0,1,0,0,0,1,0,0,0,0,0,0,0,0,0,0,0,0,0,0,0,0,1,0,1,75.785,1,0,1,0,0,0,12.611541086966115,0.25
1898,Male,22.0,Uttar Pradesh,General,No,0.0,ECE,4,7.51,70.37,200000.0,No,No,0,1,0,0,1,0,0,0,1,0,0,0,1,1,0,0,0,0,0,1,0,0,0,0,0,0,0,0,0,0,0,0,72.735,1,0,0,0,0,0,12.206077645517674,1.0
1899,Male,22.0,Uttar Pradesh,ST,No,0.0,Management,2,7.3,69.99,1000000.0,Yes,No,0,0,0,0,0,0,0,0,0,0,0,0,0,0,0,0,1,0,0,0,0,0,0,0,0,0,0,0,0,0,0,0,71.495,1,0,0,0,0,0,13.815511557963774,0.5
1900,Male,17.0,Madhya Pradesh,OBC,No,0.0,Civil,1,6.31,56.9,500000.0,No,Yes,0,0,0,0,0,0,0,0,0,0,0,0,0,0,0,0,0,0,0,0,0,0,0,0,0,0,0,0,0,0,0,0,60.0,0,0,1,0,0,0,13.122365377402328,0.25
1901,Female,19.0,Delhi,SC,No,0.0,Chemical,1,5.83,50.58,800000.0,Yes,Yes,0,0,0,0,0,0,0,0,0,0,0,0,0,0,0,0,0,0,0,0,0,0,0,0,0,0,0,0,0,0,0,0,54.44,1,0,1,0,0,0,13.592368256649284,0.25
1902,Male,24.0,Gujarat,General,No,0.0,Civil,3,6.04,57.86,500000.0,Yes,Yes,0,0,0,0,0,0,0,0,0,0,0,0,0,0,0,0,0,0,0,0,0,0,0,0,0,0,0,0,0,0,0,0,59.129999999999995,1,0,0,0,0,0,13.122365377402328,0.75
1903,Male,19.0,Maharashtra,SC,No,0.0,Instrumentation,4,6.43,62.63,250000.0,Yes,Yes,0,0,0,0,1,0,0,0,0,0,0,0,1,1,0,0,0,0,0,0,0,0,0,0,0,0,0,0,0,0,0,0,63.465,1,0,0,0,0,0,12.429220196836383,1.0
1904,Male,18.0,Andhra Pradesh,SC,No,0.0,CSE,1,7.54,65.72,800000.0,Yes,Yes,0,0,0,0,0,0,0,1,0,0,0,0,0,0,0,0,1,0,0,0,0,0,0,0,0,0,0,0,0,0,0,0,70.56,1,0,1,0,0,0,13.592368256649284,0.25
1905,Male,17.0,Other,OBC,No,0.0,Instrumentation,2,8.29,81.19,200000.0,Yes,Yes,0,1,0,0,0,0,1,0,1,0,0,0,1,1,0,0,1,0,0,1,1,0,0,0,0,0,0,0,0,1,0,0,82.04499999999999,1,1,0,0,0,1,12.206077645517674,0.5
1906,Female,24.0,Madhya Pradesh,OBC,No,0.0,ECE,2,6.31,61.21,300000.0,Yes,Yes,0,0,0,0,0,0,0,0,1,0,0,0,1,0,0,0,0,0,0,0,0,0,0,0,0,0,0,1,0,0,0,0,62.155,1,0,0,0,0,0,12.611541086966115,0.5
1907,Male,25.0,Rajasthan,ST,No,0.0,IT,4,6.47,61.76,250000.0,No,Yes,0,0,0,0,1,0,0,0,1,0,0,0,1,0,0,0,0,0,0,0,0,0,0,0,0,0,0,0,0,0,0,0,63.230000000000004,1,0,0,0,0,0,12.429220196836383,1.0
1908,Male,17.0,Madhya Pradesh,EWS,No,0.0,Science,4,5.98,51.43,400000.0,No,No,0,0,0,0,0,0,0,0,0,0,0,0,0,0,0,0,0,0,0,0,0,0,0,0,0,0,0,0,0,0,0,0,55.615,0,0,0,0,0,0,12.899222326086994,1.0
1909,Male,25.0,Karnataka,OBC,No,0.0,CSE,2,7.04,66.51,600000.0,Yes,No,0,0,0,0,0,0,0,0,1,0,0,0,0,0,0,0,0,0,0,0,0,0,0,0,0,0,0,0,0,0,0,0,68.45500000000001,1,0,0,0,0,0,13.304686600863562,0.5
1910,Male,24.0,Telangana,ST,No,0.0,IT,2,7.02,63.14,600000.0,Yes,Yes,0,0,0,0,0,0,0,0,0,0,0,0,0,0,0,0,0,0,0,0,0,0,0,0,0,0,0,0,0,0,0,0,66.66999999999999,1,0,0,0,0,0,13.304686600863562,0.5
1911,Male,21.0,Karnataka,EWS,No,0.0,AI_DS,4,7.49,67.5,350000.0,Yes,Yes,0,0,0,0,0,0,0,0,1,0,0,0,1,0,0,0,0,0,0,0,0,0,0,0,0,0,0,0,0,1,0,0,71.2,1,0,0,0,0,0,12.765691290604371,1.0
1912,Male,20.0,Rajasthan,ST,No,0.0,IT,3,7.45,71.32,350000.0,No,No,0,0,0,0,0,0,0,0,1,0,0,0,1,0,0,0,0,0,0,0,0,0,0,0,0,0,0,0,0,0,0,0,72.91,0,0,0,0,0,0,12.765691290604371,0.75
1913,Female,24.0,Maharashtra,ST,No,0.0,Medical,2,6.7,67.17,120000.0,No,No,0,0,0,0,0,0,0,0,0,0,0,0,1,1,0,0,0,0,0,1,0,0,0,0,0,0,0,0,0,1,0,0,67.08500000000001,1,0,0,0,0,0,11.695255355062795,0.5
1914,Female,17.0,Telangana,EWS,No,0.0,Instrumentation,3,6.09,59.32,800000.0,Yes,No,0,0,0,0,0,0,0,0,0,0,0,0,0,0,0,0,0,0,0,0,0,0,0,0,0,0,0,0,0,0,0,0,60.11,1,0,0,0,0,0,13.592368256649284,0.75
1915,Female,23.0,Karnataka,SC,No,0.0,Civil,2,8.92,86.18,350000.0,No,No,0,1,0,1,0,0,1,0,1,0,0,0,0,0,0,0,1,0,0,0,0,0,0,0,0,1,0,1,0,1,1,0,87.69,0,1,0,0,0,0,12.765691290604371,0.5
1916,Male,21.0,Other,EWS,No,0.0,Science,2,7.26,67.39,150000.0,Yes,No,0,0,0,0,1,0,0,0,0,0,0,0,1,1,0,0,1,0,0,0,1,0,0,0,0,0,0,0,0,1,0,0,69.995,1,0,0,0,0,0,11.918397239722838,0.5
1917,Male,23.0,Rajasthan,General,No,0.0,Electrical,3,8.74,78.76,200000.0,No,Yes,0,1,0,0,1,0,1,0,1,0,0,0,1,1,0,1,1,1,0,1,0,0,0,0,0,0,0,0,0,1,0,0,83.08000000000001,1,1,0,0,0,1,12.206077645517674,0.75
1918,Female,25.0,Madhya Pradesh,SC,No,0.0,ECE,1,6.34,59.04,500000.0,No,Yes,0,0,0,0,0,0,0,0,0,0,0,0,0,0,0,0,0,0,0,0,0,0,0,0,0,0,0,0,0,0,0,0,61.22,0,0,1,0,0,0,13.122365377402328,0.25
1919,Female,19.0,Other,OBC,No,0.0,AI_DS,4,8.99,86.54,250000.0,Yes,Yes,0,1,0,0,1,0,1,0,1,0,0,0,1,1,0,1,0,0,0,1,1,0,1,1,0,0,0,0,0,1,0,0,88.22,1,1,0,0,0,1,12.429220196836383,1.0
1920,Female,20.0,Gujarat,SC,No,0.0,Mechanical,3,6.34,59.3,800000.0,Yes,No,0,0,0,0,0,0,0,0,0,0,0,0,0,0,0,0,0,0,0,0,0,0,0,0,0,0,0,0,0,0,0,0,61.349999999999994,1,0,0,0,0,0,13.592368256649284,0.75
1921,Male,20.0,Karnataka,SC,No,0.0,IT,2,6.76,62.09,120000.0,Yes,No,0,0,0,0,1,0,0,0,1,0,0,0,1,1,0,0,0,0,0,0,0,0,0,0,0,0,0,0,0,0,0,0,64.845,1,0,0,0,0,0,11.695255355062795,0.5
1922,Female,23.0,Maharashtra,SC,No,0.0,Instrumentation,3,8.67,78.25,1500000.0,No,No,0,0,0,0,0,0,1,0,0,0,0,0,0,0,0,0,1,0,0,0,0,0,0,0,0,0,1,0,0,0,0,0,82.475,0,1,0,0,0,0,14.220976332738882,0.75
1923,Female,24.0,Madhya Pradesh,ST,No,0.0,Instrumentation,3,9.43,92.07,200000.0,No,Yes,0,1,0,0,1,0,1,0,1,0,0,0,1,0,0,0,1,0,0,1,0,0,0,0,0,0,1,0,0,1,1,0,93.185,1,1,0,0,0,1,12.206077645517674,0.75
1924,Female,22.0,Uttar Pradesh,ST,No,0.0,Instrumentation,4,8.81,82.31,350000.0,No,Yes,0,1,0,0,0,0,1,0,1,0,1,0,0,0,0,0,1,0,0,0,0,0,0,0,0,0,0,0,0,1,1,0,85.20500000000001,0,1,0,0,0,0,12.765691290604371,1.0
1925,Female,20.0,Telangana,OBC,No,0.0,Biotechnology,3,7.32,65.24,300000.0,Yes,Yes,0,0,0,0,1,0,0,0,0,0,0,0,1,0,0,0,1,0,0,0,0,0,0,1,0,0,0,0,0,1,1,0,69.22,1,0,0,0,0,0,12.611541086966115,0.75
1926,Female,21.0,Delhi,General,No,0.0,Mechanical,4,6.87,66.75,600000.0,Yes,No,0,0,0,0,0,0,0,0,1,0,0,0,0,0,0,0,0,0,0,0,0,0,0,1,0,0,0,0,0,0,0,0,67.725,1,0,0,0,0,0,13.304686600863562,1.0
1927,Female,23.0,Andhra Pradesh,SC,No,0.0,Mechanical,1,9.06,82.75,1500000.0,Yes,Yes,0,0,0,0,0,0,0,1,0,0,0,0,0,0,0,0,1,0,0,0,0,0,0,0,0,0,0,0,0,0,0,0,86.67500000000001,1,1,1,0,0,1,14.220976332738882,0.25
1928,Female,21.0,Gujarat,OBC,No,0.0,ECE,3,7.06,66.62,150000.0,No,Yes,1,0,0,0,1,0,0,0,1,0,0,0,0,1,0,0,0,0,0,1,0,0,0,1,0,0,0,0,0,0,0,0,68.61,1,0,0,0,0,0,11.918397239722838,0.75
1929,Female,17.0,Other,SC,No,0.0,Civil,2,5.83,57.16,1200000.0,Yes,No,0,0,0,0,0,0,0,0,0,0,0,0,0,0,0,0,0,0,0,0,0,0,0,0,0,0,0,0,0,0,0,0,57.73,1,0,0,0,0,0,13.997832948091215,0.5
1930,Male,21.0,Madhya Pradesh,SC,No,0.0,IT,4,6.63,62.4,600000.0,No,Yes,0,0,0,0,0,0,0,0,0,0,0,0,0,0,0,0,0,0,0,0,0,0,0,0,0,0,0,0,0,0,0,0,64.35,0,0,0,0,0,0,13.304686600863562,1.0
1931,Female,20.0,Rajasthan,General,Yes,80.0,ECE,4,6.96,63.75,500000.0,No,Yes,0,0,0,0,1,0,0,0,1,0,0,0,0,0,0,0,0,0,0,0,0,0,0,0,0,0,0,0,1,0,0,0,66.675,0,0,0,1,1,0,13.122365377402328,1.0
1932,Male,18.0,Rajasthan,SC,No,0.0,Science,1,7.49,70.51,500000.0,No,No,0,0,0,0,0,0,0,1,0,0,0,0,0,0,0,0,0,0,0,0,0,0,0,0,0,0,0,0,0,0,0,0,72.70500000000001,0,0,1,0,0,0,13.122365377402328,0.25
1933,Male,20.0,Madhya Pradesh,SC,No,0.0,Mechanical,4,7.05,64.79,500000.0,No,No,0,0,0,0,0,0,0,0,0,0,0,0,0,0,0,0,0,0,0,0,0,0,0,0,0,0,0,0,0,0,0,0,67.64500000000001,0,0,0,0,0,0,13.122365377402328,1.0
1934,Female,24.0,Maharashtra,General,No,0.0,Mechanical,1,7.88,79.82,1000000.0,No,No,0,0,0,0,0,0,0,0,0,0,0,0,0,0,0,0,0,0,0,0,0,0,0,0,0,0,0,0,0,0,0,0,79.31,0,0,1,0,0,0,13.815511557963774,0.25
1935,Male,20.0,Tamil Nadu,ST,No,0.0,Commerce,4,7.67,75.85,800000.0,No,No,0,0,0,0,0,0,0,0,0,0,0,0,0,0,0,0,1,0,0,0,0,0,0,0,0,0,0,0,0,0,0,0,76.275,0,0,0,0,0,0,13.592368256649284,1.0
1936,Male,20.0,Tamil Nadu,General,No,0.0,IT,1,5.83,55.86,1200000.0,No,Yes,0,0,0,0,0,0,0,0,0,0,0,0,0,0,0,0,0,0,0,0,0,0,0,0,0,0,0,0,0,0,0,0,57.08,0,0,1,0,0,0,13.997832948091215,0.25
1937,Female,25.0,Rajasthan,General,No,0.0,Pharmacy,3,6.18,54.28,350000.0,Yes,Yes,0,0,0,0,0,0,0,0,0,0,0,0,0,0,0,0,0,0,0,0,0,0,0,0,0,0,0,0,0,0,0,0,58.04,1,0,0,0,0,0,12.765691290604371,0.75
1938,Male,19.0,Tamil Nadu,OBC,No,0.0,AI_DS,3,6.61,66.37,150000.0,No,No,0,0,0,0,0,0,0,0,0,0,0,0,1,1,0,0,0,0,0,0,0,0,0,0,0,0,0,0,0,1,0,0,66.23500000000001,1,0,0,0,0,0,11.918397239722838,0.75
1939,Male,18.0,Andhra Pradesh,General,No,0.0,Production,1,8.64,82.81,1200000.0,Yes,No,0,0,0,0,0,0,0,1,0,0,0,0,0,0,0,0,1,0,0,0,0,0,0,0,0,0,0,0,0,0,0,0,84.605,1,1,1,0,0,1,13.997832948091215,0.25
1940,Male,24.0,Gujarat,General,No,0.0,Civil,4,5.66,53.18,600000.0,No,No,0,0,0,0,0,0,0,0,0,0,0,0,0,0,0,0,0,0,0,0,0,0,0,0,0,0,0,0,0,0,0,0,54.89,0,0,0,0,0,0,13.304686600863562,1.0
1941,Male,25.0,Andhra Pradesh,OBC,No,0.0,CSE,2,7.86,75.2,600000.0,No,Yes,0,0,0,0,0,0,1,0,0,0,0,0,0,0,0,0,0,0,0,0,0,0,0,0,0,0,0,0,0,0,0,0,76.9,0,0,0,0,0,0,13.304686600863562,0.5
1942,Female,19.0,Madhya Pradesh,EWS,No,0.0,Civil,2,5.29,47.58,150000.0,Yes,Yes,0,0,0,0,0,0,0,0,0,0,0,0,0,0,0,0,0,0,0,0,0,0,0,0,0,0,0,0,0,0,0,0,50.239999999999995,1,0,0,0,0,0,11.918397239722838,0.5
1943,Female,20.0,Uttar Pradesh,OBC,No,0.0,Mechanical,1,7.42,72.1,250000.0,No,No,0,0,0,1,0,0,0,1,1,1,0,0,1,0,0,0,1,0,0,1,0,0,0,1,0,1,0,0,0,0,0,0,73.15,1,0,1,0,0,0,12.429220196836383,0.25
1944,Male,22.0,Karnataka,OBC,No,0.0,Commerce,1,5.0,47.01,500000.0,No,Yes,0,0,0,0,0,0,0,0,0,0,0,0,0,0,0,0,0,0,0,0,0,0,0,0,0,0,0,0,0,0,0,0,48.504999999999995,0,0,1,0,0,0,13.122365377402328,0.25
1945,Female,23.0,Rajasthan,General,No,0.0,Science,1,7.67,75.41,500000.0,Yes,No,0,0,0,0,1,0,0,1,0,0,0,0,0,0,0,0,0,0,0,0,0,0,0,0,0,0,0,0,0,0,0,0,76.055,1,0,1,0,0,0,13.122365377402328,0.25
1946,Female,18.0,Delhi,OBC,No,0.0,Civil,4,8.33,80.88,80000.0,Yes,Yes,0,1,0,0,0,0,0,0,1,0,0,0,1,1,0,1,1,0,0,0,0,0,0,1,0,0,0,0,0,1,1,0,82.09,1,1,0,0,0,1,11.289794413577894,1.0
1947,Female,18.0,Gujarat,ST,No,0.0,Production,2,6.54,56.41,1000000.0,Yes,No,0,0,0,0,0,0,0,0,0,0,0,0,0,0,0,0,0,0,0,0,0,0,0,0,0,0,0,0,0,0,0,0,60.905,1,0,0,0,0,0,13.815511557963774,0.5
1948,Female,21.0,Delhi,SC,No,0.0,Management,2,7.03,69.79,300000.0,No,No,0,0,0,0,1,0,0,0,0,0,0,0,0,0,0,0,1,0,0,0,0,0,0,1,0,0,0,0,0,0,0,0,70.045,1,0,0,0,0,0,12.611541086966115,0.5
1949,Male,19.0,Karnataka,OBC,No,0.0,Electrical,2,9.17,89.25,150000.0,Yes,Yes,0,1,0,0,1,0,1,0,1,0,0,0,1,0,0,1,1,0,0,1,1,0,0,0,0,0,0,0,0,0,0,0,90.475,1,1,0,0,0,1,11.918397239722838,0.5
1950,Female,21.0,Gujarat,SC,No,0.0,Electrical,2,8.02,77.33,150000.0,No,No,1,1,0,1,1,0,0,0,1,0,0,0,1,1,0,0,0,0,0,1,1,0,0,1,0,0,0,1,0,0,1,0,78.76499999999999,1,1,0,0,0,1,11.918397239722838,0.5
1951,Male,23.0,Gujarat,EWS,No,0.0,Biotechnology,2,6.83,64.49,300000.0,Yes,No,0,0,0,0,1,0,0,0,0,0,0,0,1,0,0,0,0,0,0,0,0,0,0,0,0,0,0,0,0,0,0,0,66.395,1,0,0,0,0,0,12.611541086966115,0.5
1952,Male,24.0,Karnataka,General,No,0.0,ECE,1,9.5,87.42,250000.0,No,No,0,1,0,0,1,0,0,1,1,1,0,0,0,1,1,0,0,0,1,1,1,0,0,0,0,0,0,0,0,1,0,0,91.21000000000001,1,1,1,0,0,1,12.429220196836383,0.25
1953,Female,18.0,Karnataka,General,No,0.0,Biotechnology,2,9.44,88.71,1500000.0,No,Yes,0,0,0,0,0,0,0,0,0,0,0,0,0,0,0,0,1,0,0,0,0,0,0,0,0,0,0,0,0,0,0,0,91.55499999999999,0,1,0,0,0,0,14.220976332738882,0.5
1954,Female,19.0,Maharashtra,General,No,0.0,Medical,2,9.09,82.13,350000.0,Yes,No,0,0,0,0,1,0,0,0,0,0,0,0,0,0,0,0,1,0,0,0,0,1,0,0,0,0,0,0,0,0,1,0,86.515,1,1,0,0,0,1,12.765691290604371,0.5
1955,Female,20.0,Uttar Pradesh,ST,No,0.0,Medical,1,8.2,75.69,300000.0,No,No,0,0,0,0,0,0,0,0,0,0,0,0,0,0,0,0,0,0,0,1,0,0,0,1,0,0,0,0,0,1,1,0,78.845,1,1,1,0,0,1,12.611541086966115,0.25
1956,Male,22.0,Madhya Pradesh,SC,No,0.0,Mechanical,1,5.8,55.76,300000.0,Yes,No,0,0,0,0,0,0,0,0,0,0,0,0,0,0,0,0,0,0,0,0,0,0,0,0,0,0,0,0,0,0,0,0,56.879999999999995,1,0,1,0,0,0,12.611541086966115,0.25
1957,Female,18.0,Rajasthan,EWS,No,0.0,Biotechnology,3,8.71,80.21,350000.0,No,Yes,0,0,0,0,0,0,0,0,0,0,0,0,1,0,0,0,1,0,0,0,0,0,0,0,0,0,0,0,0,1,1,0,83.655,0,1,0,0,0,0,12.765691290604371,0.75
1958,Male,23.0,Uttar Pradesh,OBC,No,0.0,Science,4,5.7,71.2,300000.0,Yes,Yes,0,0,0,0,1,0,0,0,0,0,0,0,1,0,0,0,0,0,0,0,0,0,0,0,0,0,0,0,0,0,0,0,64.1,1,0,0,0,0,0,12.611541086966115,1.0
1959,Female,17.0,Gujarat,General,No,0.0,Commerce,2,7.4,71.94,800000.0,Yes,Yes,0,0,0,0,0,0,0,0,0,0,0,0,0,0,0,0,0,0,0,0,0,0,0,0,0,0,0,0,0,0,0,0,72.97,1,0,0,0,0,0,13.592368256649284,0.5
1960,Female,18.0,Gujarat,General,No,0.0,AI_DS,2,8.64,81.9,600000.0,Yes,No,0,0,0,0,0,1,1,0,1,0,1,0,0,0,0,0,0,0,0,0,0,0,1,1,0,0,0,1,0,0,0,0,84.15,1,1,0,0,0,1,13.304686600863562,0.5
1961,Female,24.0,Delhi,EWS,No,0.0,Medical,1,9.73,93.11,600000.0,No,Yes,0,0,0,0,0,0,0,1,0,0,0,0,0,0,0,0,1,0,0,0,0,0,0,1,1,0,0,0,0,0,0,0,95.20500000000001,0,1,1,0,0,0,13.304686600863562,0.25
1962,Male,19.0,Andhra Pradesh,General,No,0.0,Production,1,7.08,62.43,1200000.0,Yes,Yes,0,0,0,0,0,0,0,1,0,0,0,0,0,0,0,0,1,0,0,0,0,0,0,0,0,0,0,0,0,0,0,0,66.615,1,0,1,0,0,0,13.997832948091215,0.25
1963,Female,23.0,Other,General,No,0.0,Biotechnology,4,7.18,67.2,800000.0,No,No,0,0,0,0,0,0,0,0,0,0,0,0,0,0,0,0,0,0,0,0,0,0,0,0,0,0,0,0,0,0,0,0,69.5,0,0,0,0,0,0,13.592368256649284,1.0
1964,Male,20.0,Other,EWS,No,0.0,Chemical,2,8.65,83.56,120000.0,Yes,No,0,0,0,0,0,0,1,0,0,0,0,0,1,1,0,1,1,0,0,0,1,0,0,0,0,0,0,0,0,1,0,0,85.03,1,1,0,0,0,1,11.695255355062795,0.5
1965,Female,21.0,Karnataka,General,No,0.0,Biotechnology,2,6.08,58.28,200000.0,Yes,No,0,0,0,0,0,0,0,0,0,0,0,0,0,1,0,0,0,0,0,0,0,0,0,0,0,0,0,0,0,0,0,0,59.54,1,0,0,0,0,0,12.206077645517674,0.5
1966,Male,19.0,Rajasthan,EWS,No,0.0,CSE,3,8.31,83.53,400000.0,No,No,0,0,0,0,0,0,0,0,1,0,0,0,0,0,0,0,0,0,0,0,0,0,0,0,0,0,0,0,0,1,0,0,83.315,0,1,0,0,0,0,12.899222326086994,0.75
1967,Female,24.0,Telangana,ST,Yes,40.0,CSE,2,8.57,83.7,350000.0,No,No,0,1,0,1,0,1,1,0,1,0,0,0,1,0,0,0,1,0,0,0,0,0,1,1,0,1,0,1,1,0,1,0,84.7,0,1,0,1,1,0,12.765691290604371,0.5
1968,Female,21.0,Delhi,ST,No,0.0,Chemical,4,7.57,73.08,600000.0,No,No,0,0,0,0,0,0,0,0,1,0,0,0,0,0,0,0,0,0,0,0,0,0,0,1,0,0,0,0,0,0,0,0,74.39,0,0,0,0,0,0,13.304686600863562,1.0
1969,Male,23.0,Karnataka,ST,No,0.0,Commerce,1,9.0,81.5,250000.0,No,No,0,0,0,0,1,0,0,1,0,0,0,0,0,1,0,0,1,0,1,1,1,0,0,0,0,0,0,0,0,1,0,0,85.75,1,1,1,0,0,1,12.429220196836383,0.25
1970,Male,23.0,Karnataka,SC,No,0.0,Production,4,7.08,64.94,200000.0,Yes,No,0,0,0,0,1,0,0,0,1,0,0,0,1,1,0,0,1,0,0,0,0,0,0,0,0,0,0,0,0,1,0,0,67.87,1,0,0,0,0,0,12.206077645517674,1.0
1971,Female,23.0,Uttar Pradesh,OBC,No,0.0,Science,1,7.95,79.22,120000.0,No,Yes,0,0,0,0,1,0,0,1,0,0,0,0,1,1,0,0,0,0,0,1,0,0,0,1,0,0,0,0,0,0,0,0,79.36,1,0,1,0,0,0,11.695255355062795,0.25
1972,Female,20.0,Madhya Pradesh,OBC,Yes,50.0,Science,1,6.78,57.24,150000.0,No,No,0,0,0,0,0,0,0,0,0,0,0,0,1,1,0,0,0,0,0,0,0,0,0,0,0,0,0,0,0,0,0,0,62.519999999999996,1,0,1,1,1,0,11.918397239722838,0.25
1973,Male,19.0,Delhi,OBC,No,0.0,Civil,4,7.01,69.34,250000.0,Yes,Yes,0,0,0,0,0,0,0,0,1,0,0,0,1,1,0,0,0,0,0,0,1,0,0,0,0,0,0,0,0,0,0,0,69.72,1,0,0,0,0,0,12.429220196836383,1.0
1974,Female,21.0,Delhi,EWS,No,0.0,Biotechnology,4,7.49,78.71,300000.0,No,No,0,0,0,0,1,0,0,0,0,0,0,0,1,0,0,0,1,0,0,1,0,0,0,1,0,0,0,0,0,0,0,0,76.805,1,0,0,0,0,0,12.611541086966115,1.0
1975,Female,20.0,Telangana,SC,No,0.0,Chemical,2,7.16,64.18,350000.0,No,Yes,0,0,0,0,0,0,0,0,0,0,0,0,1,0,0,0,1,0,0,0,0,0,0,1,0,0,0,0,0,1,0,0,67.89,0,0,0,0,0,0,12.765691290604371,0.5
1976,Female,18.0,Andhra Pradesh,EWS,No,0.0,Production,2,8.12,74.64,1500000.0,No,No,0,0,0,0,0,0,1,0,0,0,0,0,0,0,0,0,0,0,0,0,0,0,0,0,0,0,0,0,0,0,0,0,77.91999999999999,0,0,0,0,0,0,14.220976332738882,0.5
1977,Female,21.0,Karnataka,EWS,No,0.0,Commerce,3,10.0,96.71,80000.0,Yes,Yes,0,0,0,0,0,0,0,0,0,0,0,0,1,0,0,0,1,0,0,1,0,0,0,1,0,0,0,0,0,0,0,0,98.35499999999999,1,1,0,0,0,1,11.289794413577894,0.75
1978,Male,17.0,Uttar Pradesh,SC,No,0.0,Electrical,4,6.8,62.77,350000.0,Yes,No,0,0,0,0,1,0,0,0,1,0,0,0,1,0,0,0,0,0,0,0,0,0,0,0,0,0,0,0,0,0,0,0,65.385,1,0,0,0,0,0,12.765691290604371,1.0
1979,Male,20.0,Gujarat,General,No,0.0,Science,2,7.39,69.49,80000.0,Yes,Yes,0,0,0,0,1,0,0,0,0,0,0,0,1,1,0,0,0,0,0,1,1,0,0,0,0,0,0,0,0,1,0,0,71.695,1,0,0,0,0,0,11.289794413577894,0.5
1980,Female,17.0,Tamil Nadu,SC,No,0.0,Pharmacy,2,8.84,84.54,250000.0,No,No,0,0,0,0,1,0,0,0,0,0,0,0,0,1,0,0,1,0,0,1,1,0,0,0,0,0,0,0,0,0,1,0,86.47,1,1,0,0,0,1,12.429220196836383,0.5
1981,Female,24.0,Uttar Pradesh,OBC,No,0.0,Electrical,1,6.62,68.56,200000.0,Yes,Yes,0,0,0,0,1,0,0,1,1,0,0,0,1,0,0,0,0,0,0,0,0,0,0,1,0,0,0,1,0,1,1,1,67.38,1,0,1,0,0,0,12.206077645517674,0.25
1982,Female,21.0,Uttar Pradesh,ST,No,0.0,Medical,1,7.56,74.13,150000.0,Yes,Yes,0,0,0,0,1,0,0,0,0,0,0,0,1,1,0,0,1,0,0,1,0,0,0,1,0,0,0,0,0,1,1,1,74.865,1,0,1,0,0,0,11.918397239722838,0.25
1983,Male,19.0,Madhya Pradesh,General,No,0.0,ECE,2,6.77,65.4,1000000.0,No,No,0,0,0,0,0,0,0,0,0,0,0,0,0,0,0,0,0,0,0,0,0,0,0,0,0,0,0,0,0,0,0,0,66.55,0,0,0,0,0,0,13.815511557963774,0.5
1984,Female,22.0,Delhi,EWS,No,0.0,Biotechnology,3,7.87,69.1,800000.0,No,Yes,0,0,0,0,0,0,0,0,0,0,0,0,0,0,0,0,0,0,0,0,0,0,0,0,0,0,0,0,0,0,0,0,73.9,0,0,0,0,0,0,13.592368256649284,0.75
1985,Female,18.0,Uttar Pradesh,EWS,No,0.0,AI_DS,3,9.92,98.0,1000000.0,No,No,0,0,0,0,0,0,1,0,0,0,1,0,0,0,0,0,0,0,0,0,0,0,1,0,0,0,0,0,0,0,0,0,98.6,0,1,0,0,0,0,13.815511557963774,0.75
1986,Male,21.0,Madhya Pradesh,ST,No,0.0,AI_DS,1,7.02,63.38,200000.0,No,Yes,0,0,0,0,1,0,0,1,1,0,0,0,1,0,0,0,1,0,0,0,0,0,0,0,0,0,0,0,0,1,0,0,66.78999999999999,1,0,1,0,0,0,12.206077645517674,0.25
1987,Male,21.0,Gujarat,OBC,No,0.0,Mechanical,2,7.92,75.5,80000.0,Yes,Yes,1,1,0,0,1,0,1,0,0,0,0,0,1,1,0,0,0,0,0,1,1,0,0,0,0,0,0,0,0,1,0,0,77.35,1,0,0,0,0,0,11.289794413577894,0.5
1988,Female,24.0,Telangana,OBC,No,0.0,Civil,1,7.93,75.91,80000.0,No,Yes,1,1,0,1,0,0,0,0,1,1,0,0,1,1,0,0,1,0,0,1,1,0,0,1,0,0,0,1,0,1,1,1,77.60499999999999,1,0,1,0,0,0,11.289794413577894,0.25
1989,Female,23.0,Delhi,ST,No,0.0,CSE,1,8.11,81.39,500000.0,No,Yes,0,0,0,0,0,1,0,1,1,0,0,0,0,0,1,0,1,0,0,0,0,0,0,0,0,1,0,1,0,0,0,1,81.245,0,1,1,0,0,0,13.122365377402328,0.25
1990,Female,23.0,Uttar Pradesh,General,No,0.0,AI_DS,4,8.18,74.56,400000.0,No,Yes,0,0,0,0,1,0,1,0,1,0,0,0,1,0,0,0,1,0,0,0,0,0,0,0,0,0,1,0,0,1,1,0,78.18,0,0,0,0,0,0,12.899222326086994,1.0
1991,Female,21.0,Karnataka,General,No,0.0,Biotechnology,1,9.14,91.75,150000.0,Yes,No,0,0,0,0,1,0,0,1,0,0,0,0,1,0,0,0,1,0,1,1,1,0,0,1,1,0,0,0,0,1,0,1,91.575,1,1,1,0,0,1,11.918397239722838,0.25
1992,Male,19.0,Gujarat,EWS,No,0.0,Instrumentation,4,10.0,91.63,350000.0,No,Yes,0,1,0,0,0,0,1,0,1,0,0,0,1,0,0,0,0,0,0,0,0,0,0,0,0,0,0,0,0,0,0,0,95.815,0,1,0,0,0,0,12.765691290604371,1.0
1993,Female,22.0,Gujarat,OBC,No,0.0,Electrical,2,7.79,67.76,80000.0,Yes,Yes,0,0,0,0,1,0,0,0,1,0,0,0,1,1,0,0,0,1,0,1,1,0,0,0,0,0,0,0,0,1,1,0,72.83000000000001,1,0,0,0,0,0,11.289794413577894,0.5
1994,Male,22.0,Andhra Pradesh,EWS,No,0.0,Civil,2,8.16,75.88,80000.0,Yes,Yes,0,1,0,0,1,0,1,0,0,0,0,0,0,1,0,1,0,1,0,0,1,0,0,0,0,0,0,0,0,1,0,0,78.74,1,1,0,0,0,1,11.289794413577894,0.5
1995,Male,20.0,Maharashtra,ST,No,0.0,AI_DS,1,9.81,90.87,800000.0,No,No,0,0,0,0,0,0,0,1,0,0,0,0,0,0,0,0,1,0,0,0,0,0,0,0,0,0,0,0,0,0,0,0,94.48500000000001,0,1,1,0,0,0,13.592368256649284,0.25
1996,Female,17.0,Tamil Nadu,ST,No,0.0,Management,3,5.47,50.55,1200000.0,No,Yes,0,0,0,0,0,0,0,0,0,0,0,0,0,0,0,0,0,0,0,0,0,0,0,0,0,0,0,0,0,0,0,0,52.625,0,0,0,0,0,0,13.997832948091215,0.75
1997,Male,19.0,Telangana,SC,No,0.0,AI_DS,2,5.13,50.99,200000.0,No,No,0,0,0,0,0,0,0,0,0,0,0,0,0,0,0,0,0,0,0,0,0,0,0,0,0,0,0,0,0,0,0,0,51.144999999999996,1,0,0,0,0,0,12.206077645517674,0.5
1998,Male,20.0,Maharashtra,OBC,No,0.0,Electrical,1,5.02,47.78,150000.0,No,No,0,0,0,0,0,0,0,0,0,0,0,0,0,0,0,0,0,0,0,0,0,1,0,0,0,0,0,0,0,0,0,0,48.989999999999995,1,0,1,0,0,0,11.918397239722838,0.25
1999,Male,17.0,Rajasthan,ST,No,0.0,Mechanical,2,5.01,46.63,350000.0,Yes,No,0,0,0,0,0,0,0,0,0,0,0,0,0,0,0,0,0,0,0,0,0,0,0,0,0,0,0,0,0,0,0,0,48.364999999999995,1,0,0,0,0,0,12.765691290604371,0.5
2000,Male,24.0,Andhra Pradesh,SC,No,0.0,Science,1,9.47,91.05,1500000.0,No,No,0,0,0,0,0,0,0,1,0,0,0,0,0,0,0,0,1,0,0,0,0,0,0,0,0,0,0,0,0,0,0,0,92.875,0,1,1,0,0,0,14.220976332738882,0.25
2001,Female,21.0,Andhra Pradesh,General,No,0.0,Mechanical,3,6.46,61.28,80000.0,No,No,0,0,0,0,0,0,0,0,1,0,0,0,0,1,0,0,0,0,0,0,0,0,0,0,0,0,0,0,0,0,0,0,62.94,1,0,0,0,0,0,11.289794413577894,0.75
2002,Male,25.0,Tamil Nadu,OBC,No,0.0,Management,2,7.52,72.86,300000.0,Yes,Yes,0,0,0,0,1,0,0,0,0,0,0,0,1,0,0,0,0,0,0,1,0,0,0,0,0,0,0,0,0,1,0,0,74.03,1,0,0,0,0,0,12.611541086966115,0.5
2003,Male,22.0,Uttar Pradesh,General,No,0.0,Biotechnology,4,5.86,57.45,350000.0,No,No,0,0,0,0,0,0,0,0,0,0,0,0,0,0,0,0,0,0,0,0,0,0,0,0,0,0,0,0,0,0,0,0,58.025000000000006,0,0,0,0,0,0,12.765691290604371,1.0
2004,Male,20.0,Tamil Nadu,OBC,No,0.0,Science,1,5.0,45.61,1200000.0,Yes,Yes,0,0,0,0,0,0,0,0,0,0,0,0,0,0,0,0,0,0,0,0,0,0,0,0,0,0,0,0,0,0,0,0,47.805,1,0,1,0,0,0,13.997832948091215,0.25
2005,Male,18.0,Rajasthan,General,No,0.0,Science,1,6.91,67.54,200000.0,No,No,0,0,0,0,1,0,0,1,0,0,0,0,1,0,0,0,0,0,0,0,0,0,0,0,0,0,0,0,0,0,0,0,68.32,1,0,1,0,0,0,12.206077645517674,0.25
2006,Male,18.0,Tamil Nadu,General,No,0.0,CSE,3,7.53,67.32,1000000.0,Yes,Yes,0,0,0,0,0,0,0,0,0,0,0,0,0,0,0,0,0,0,0,0,0,0,0,0,0,0,0,0,0,0,0,0,71.31,1,0,0,0,0,0,13.815511557963774,0.75
2007,Male,22.0,Rajasthan,EWS,No,0.0,Instrumentation,3,6.32,60.64,150000.0,No,Yes,0,0,0,0,1,0,0,0,1,0,0,0,1,0,0,0,0,0,0,0,0,0,0,0,0,0,0,0,0,0,0,0,61.92,1,0,0,0,0,0,11.918397239722838,0.75
2008,Female,18.0,Gujarat,OBC,No,0.0,Management,4,7.41,68.66,1000000.0,No,Yes,0,0,0,0,0,0,0,0,0,0,0,0,0,0,0,0,0,0,0,0,0,0,0,0,0,0,0,0,0,0,0,0,71.38,0,0,0,0,0,0,13.815511557963774,1.0
2009,Male,25.0,Tamil Nadu,OBC,No,0.0,Pharmacy,3,6.92,67.83,150000.0,Yes,Yes,0,0,0,0,1,0,0,0,0,0,0,0,1,1,0,0,0,0,0,1,0,0,0,0,0,0,0,0,0,1,0,0,68.515,1,0,0,0,0,0,11.918397239722838,0.75
2010,Female,19.0,Andhra Pradesh,SC,No,0.0,Instrumentation,4,6.88,65.1,1500000.0,Yes,Yes,0,0,0,0,0,0,0,0,0,0,0,0,0,0,0,0,0,0,0,0,0,0,0,0,0,0,0,0,0,0,0,0,66.94999999999999,1,0,0,0,0,0,14.220976332738882,1.0
2011,Male,25.0,Maharashtra,OBC,No,0.0,Chemical,3,10.0,90.73,400000.0,Yes,No,0,0,0,0,1,0,0,0,1,0,0,0,1,0,0,0,1,0,0,0,0,1,0,0,0,0,0,0,0,0,0,0,95.36500000000001,1,1,0,0,0,1,12.899222326086994,0.75
2012,Female,25.0,Uttar Pradesh,EWS,No,0.0,CSE,3,5.28,52.51,400000.0,Yes,Yes,0,0,0,0,0,0,0,0,0,0,0,0,0,0,0,0,0,0,0,0,0,0,0,0,0,0,0,0,0,0,0,0,52.655,1,0,0,0,0,0,12.899222326086994,0.75
2013,Male,22.0,Uttar Pradesh,ST,No,0.0,CSE,1,6.69,62.6,600000.0,No,Yes,0,0,0,0,0,0,0,0,0,0,0,0,0,0,0,0,0,0,0,0,0,0,0,0,0,0,0,0,0,0,0,0,64.75,0,0,1,0,0,0,13.304686600863562,0.25
2014,Female,24.0,Telangana,EWS,No,0.0,Mechanical,4,6.56,61.54,350000.0,Yes,Yes,0,0,0,0,1,0,0,0,0,0,0,0,0,0,0,0,0,0,0,0,0,0,0,0,0,0,0,0,0,0,0,0,63.56999999999999,1,0,0,0,0,0,12.765691290604371,1.0
2015,Female,23.0,Karnataka,SC,No,0.0,Management,4,9.42,91.9,300000.0,Yes,Yes,0,0,0,0,1,0,0,0,0,0,0,0,1,0,0,0,0,0,0,0,0,0,0,1,0,0,0,0,0,0,1,0,93.05000000000001,1,1,0,0,0,1,12.611541086966115,1.0
2016,Female,19.0,Maharashtra,ST,No,0.0,Medical,3,8.53,76.79,500000.0,Yes,Yes,0,0,0,0,1,0,0,0,0,0,0,0,0,0,0,0,1,0,0,0,0,0,0,1,0,0,0,0,0,0,0,0,81.045,1,1,0,0,0,1,13.122365377402328,0.75
2017,Male,17.0,Other,SC,No,0.0,Mechanical,2,6.12,49.62,600000.0,No,Yes,0,0,0,0,0,0,0,0,0,0,0,0,0,0,0,0,0,0,0,0,0,0,0,0,0,0,0,0,0,0,0,0,55.41,0,0,0,0,0,0,13.304686600863562,0.5
2018,Male,22.0,Andhra Pradesh,OBC,Yes,70.0,Biotechnology,3,6.53,64.91,1200000.0,No,Yes,0,0,0,0,0,0,0,0,0,0,0,0,0,0,0,0,0,0,0,0,0,0,0,0,0,0,0,0,0,0,0,0,65.10499999999999,0,0,0,1,1,0,13.997832948091215,0.75
2019,Female,20.0,Tamil Nadu,OBC,No,0.0,Mechanical,3,8.12,76.48,800000.0,Yes,Yes,0,0,0,0,0,0,1,0,0,0,0,0,0,0,0,0,0,1,0,0,0,0,0,0,0,0,1,0,0,0,0,0,78.84,1,1,0,0,0,1,13.592368256649284,0.75
2020,Female,23.0,Rajasthan,SC,No,0.0,CSE,3,7.49,68.9,120000.0,Yes,Yes,0,0,0,0,0,0,0,0,1,0,0,0,0,1,0,0,0,0,0,1,0,0,1,1,0,0,0,0,0,1,1,0,71.9,1,0,0,0,0,0,11.695255355062795,0.75
2021,Male,20.0,Other,EWS,No,0.0,IT,1,7.75,75.92,250000.0,Yes,Yes,0,1,0,0,0,0,0,1,1,1,0,1,1,1,0,1,0,0,0,1,0,0,0,0,0,0,0,0,0,1,0,1,76.71000000000001,1,0,1,0,0,0,12.429220196836383,0.25
2022,Male,18.0,Gujarat,OBC,No,0.0,Mechanical,1,5.56,53.72,300000.0,No,Yes,0,0,0,0,0,0,0,0,0,0,0,0,0,0,0,0,0,0,0,0,0,0,0,0,0,0,0,0,0,0,0,0,54.66,1,0,1,0,0,0,12.611541086966115,0.25
2023,Female,25.0,Gujarat,ST,No,0.0,Management,4,8.62,80.64,250000.0,Yes,Yes,1,0,0,0,0,0,0,0,0,0,0,0,1,1,0,0,1,0,0,1,1,0,0,1,0,0,0,0,0,0,1,0,83.41999999999999,1,1,0,0,0,1,12.429220196836383,1.0
2024,Male,25.0,Madhya Pradesh,SC,No,0.0,IT,4,8.34,87.67,350000.0,No,Yes,0,0,0,0,0,0,0,0,1,0,0,0,1,0,0,0,1,0,0,0,0,0,0,0,0,0,0,0,0,0,0,0,85.535,0,1,0,0,0,0,12.765691290604371,1.0
2025,Male,17.0,Andhra Pradesh,OBC,No,0.0,Management,4,7.37,71.19,350000.0,No,Yes,0,0,0,0,1,0,0,0,0,0,0,0,1,0,0,0,0,0,0,0,0,0,0,0,0,0,0,0,0,0,0,0,72.445,0,0,0,0,0,0,12.765691290604371,1.0
2026,Female,25.0,Madhya Pradesh,ST,No,0.0,Chemical,4,6.61,63.34,1000000.0,No,Yes,0,0,0,0,0,0,0,0,0,0,0,0,0,0,0,0,0,0,0,0,0,0,0,0,0,0,0,0,0,0,0,0,64.72,0,0,0,0,0,0,13.815511557963774,1.0
2027,Female,19.0,Karnataka,SC,No,0.0,ECE,2,8.05,77.06,1000000.0,No,Yes,0,0,0,0,0,0,0,0,0,0,0,0,0,0,0,0,1,0,0,0,0,0,0,0,0,0,0,0,0,0,0,0,78.78,0,1,0,0,0,0,13.815511557963774,0.5
2028,Male,18.0,Karnataka,OBC,Yes,80.0,AI_DS,1,6.28,60.28,250000.0,Yes,No,0,0,0,0,0,0,0,1,0,0,0,1,1,1,0,0,0,0,0,0,0,0,0,0,0,0,0,0,1,0,0,0,61.540000000000006,1,0,1,1,1,0,12.429220196836383,0.25
2029,Male,18.0,Telangana,ST,No,0.0,ECE,1,9.25,89.22,400000.0,No,Yes,0,0,0,0,1,0,0,0,1,0,0,0,1,0,1,0,1,0,0,0,0,0,0,0,0,0,0,0,0,1,0,1,90.86,0,1,1,0,0,0,12.899222326086994,0.25
2030,Female,21.0,Uttar Pradesh,EWS,No,0.0,Mechanical,2,8.65,81.46,120000.0,Yes,Yes,0,0,0,1,0,0,1,0,1,0,0,0,1,1,0,1,1,1,0,0,1,0,0,1,0,1,0,0,0,1,0,0,83.97999999999999,1,1,0,0,0,1,11.695255355062795,0.5
2031,Male,23.0,Andhra Pradesh,ST,Yes,80.0,Mechanical,1,8.4,80.64,80000.0,Yes,No,0,1,0,0,0,0,0,0,1,1,0,0,1,1,1,1,1,0,1,0,0,0,0,0,0,0,0,0,1,1,0,1,82.32,1,1,1,1,1,1,11.289794413577894,0.25
2032,Male,19.0,Delhi,SC,No,0.0,Medical,2,6.36,61.38,1500000.0,Yes,Yes,0,0,0,0,0,0,0,0,0,0,0,0,0,0,0,0,0,0,0,0,0,0,0,0,0,0,0,0,0,0,0,0,62.49,1,0,0,0,0,0,14.220976332738882,0.5
2033,Female,17.0,Madhya Pradesh,OBC,No,0.0,CSE,1,6.31,58.05,300000.0,Yes,No,0,0,0,0,0,0,0,0,0,0,0,0,0,0,0,0,0,0,0,0,0,0,0,0,0,0,0,0,0,0,0,0,60.574999999999996,1,0,1,0,0,0,12.611541086966115,0.25
2034,Male,21.0,Maharashtra,ST,No,0.0,Commerce,2,7.73,74.33,1500000.0,No,No,0,0,0,0,0,0,0,0,0,0,0,0,0,0,0,0,0,0,0,0,0,0,0,0,0,0,0,0,0,0,0,0,75.815,0,0,0,0,0,0,14.220976332738882,0.5
2035,Male,20.0,Gujarat,EWS,No,0.0,Civil,4,6.07,60.83,800000.0,Yes,Yes,0,0,0,0,0,0,0,0,0,0,0,0,0,0,0,0,0,0,0,0,0,0,0,0,0,0,0,0,0,0,0,0,60.765,1,0,0,0,0,0,13.592368256649284,1.0
2036,Female,23.0,Rajasthan,EWS,No,0.0,ECE,4,8.19,75.69,150000.0,No,No,0,1,0,0,1,0,1,0,1,0,0,0,1,1,0,1,0,0,0,1,1,0,0,1,0,0,0,0,0,1,1,0,78.79499999999999,1,1,0,0,0,1,11.918397239722838,1.0
2037,Male,20.0,Andhra Pradesh,EWS,No,0.0,ECE,1,5.65,53.24,120000.0,Yes,Yes,0,0,0,0,0,0,0,0,0,0,0,0,0,0,0,0,0,0,0,0,0,0,0,0,0,0,0,0,0,0,0,0,54.870000000000005,1,0,1,0,0,0,11.695255355062795,0.25
2038,Male,20.0,Karnataka,EWS,No,0.0,Production,3,6.96,66.46,150000.0,No,Yes,0,0,0,0,0,0,0,0,1,0,0,0,1,0,0,0,0,0,0,1,0,0,0,0,0,0,0,0,0,0,0,0,68.03,1,0,0,0,0,0,11.918397239722838,0.75
2039,Female,22.0,Maharashtra,ST,No,0.0,Management,4,7.06,61.05,350000.0,Yes,Yes,0,0,0,0,1,0,0,0,0,0,0,0,1,0,0,0,0,0,0,0,0,0,0,0,0,0,0,0,0,1,0,0,65.82499999999999,1,0,0,0,0,0,12.765691290604371,1.0
2040,Female,22.0,Uttar Pradesh,OBC,Yes,70.0,ECE,3,7.03,65.87,200000.0,Yes,Yes,0,0,0,0,1,0,0,0,1,0,0,0,1,1,0,0,0,0,0,0,1,0,0,1,0,0,0,0,1,1,0,0,68.08500000000001,1,0,0,1,1,0,12.206077645517674,0.75
2041,Female,24.0,Andhra Pradesh,General,No,0.0,ECE,3,8.26,76.38,350000.0,No,Yes,0,1,0,0,0,0,0,0,0,0,0,0,1,0,0,0,1,0,0,0,0,0,0,0,0,0,1,0,0,0,1,0,79.49,0,1,0,0,0,0,12.765691290604371,0.75
2042,Female,22.0,Other,ST,No,0.0,CSE,2,9.51,84.61,1000000.0,No,No,0,0,0,0,0,0,1,0,0,0,1,0,0,0,0,0,1,0,0,0,0,0,0,0,0,0,0,0,0,0,0,0,89.85499999999999,0,1,0,0,0,0,13.815511557963774,0.5
2043,Female,23.0,Delhi,ST,No,0.0,Pharmacy,1,9.07,85.49,150000.0,No,No,0,0,0,0,1,0,0,1,0,0,0,0,1,1,0,0,1,0,1,0,1,0,0,1,0,0,0,0,0,0,1,1,88.095,1,1,1,0,0,1,11.918397239722838,0.25
2044,Male,21.0,Uttar Pradesh,EWS,No,0.0,Mechanical,3,8.53,81.27,300000.0,Yes,No,0,0,0,0,1,0,1,0,1,0,0,0,0,0,0,1,1,1,0,0,0,0,0,0,0,0,0,0,0,0,0,0,83.285,1,1,0,0,0,1,12.611541086966115,0.75
2045,Female,17.0,Tamil Nadu,SC,No,0.0,CSE,4,8.87,83.1,250000.0,No,Yes,0,1,0,0,1,0,1,0,1,0,0,0,1,0,0,0,1,0,0,0,1,0,1,1,0,0,0,0,0,0,1,0,85.89999999999999,1,1,0,0,0,1,12.429220196836383,1.0
2046,Female,23.0,Maharashtra,SC,No,0.0,Science,4,6.18,62.97,400000.0,Yes,Yes,0,0,0,0,0,0,0,0,0,0,0,0,1,0,0,0,0,0,0,0,0,0,0,0,0,0,0,0,0,0,0,0,62.385,1,0,0,0,0,0,12.899222326086994,1.0
2047,Female,21.0,Other,ST,No,0.0,CSE,3,7.36,70.58,350000.0,No,Yes,0,0,0,0,1,0,0,0,0,0,0,0,1,0,0,0,0,0,0,0,0,0,1,1,0,0,0,0,0,0,0,0,72.09,0,0,0,0,0,0,12.765691290604371,0.75
2048,Male,25.0,Telangana,General,No,0.0,Production,3,8.98,82.21,1500000.0,No,No,0,0,0,0,0,0,0,0,0,0,0,0,0,0,0,0,1,1,0,0,0,0,0,0,0,0,0,0,0,0,0,0,86.005,0,1,0,0,0,0,14.220976332738882,0.75
2049,Male,23.0,Uttar Pradesh,EWS,No,0.0,ECE,4,8.21,76.23,250000.0,Yes,No,0,1,0,0,0,0,0,0,1,0,0,0,0,1,0,1,1,0,0,0,1,0,0,0,0,0,0,0,0,0,0,0,79.165,1,1,0,0,0,1,12.429220196836383,1.0
2050,Female,22.0,Maharashtra,EWS,No,0.0,Medical,1,7.34,69.95,300000.0,Yes,Yes,1,0,0,0,0,0,0,0,0,0,0,0,1,0,0,0,0,0,0,0,0,1,0,0,0,0,0,0,0,0,1,0,71.67500000000001,1,0,1,0,0,0,12.611541086966115,0.25
2051,Male,19.0,Andhra Pradesh,OBC,No,0.0,IT,4,5.7,51.81,350000.0,No,Yes,0,0,0,0,0,0,0,0,0,0,0,0,0,0,0,0,0,0,0,0,0,0,0,0,0,0,0,0,0,0,0,0,54.405,0,0,0,0,0,0,12.765691290604371,1.0
2052,Male,25.0,Gujarat,General,No,0.0,Instrumentation,3,9.12,89.3,500000.0,Yes,Yes,0,0,0,0,0,0,1,0,1,0,0,0,0,0,0,0,1,0,0,0,0,0,0,0,0,0,0,0,0,0,0,0,90.25,1,1,0,0,0,1,13.122365377402328,0.75
2053,Male,25.0,Delhi,EWS,No,0.0,IT,3,7.49,71.22,400000.0,No,Yes,0,0,0,0,0,0,0,0,0,0,0,0,1,0,0,0,0,0,0,0,0,0,0,0,0,0,0,0,0,0,0,0,73.06,0,0,0,0,0,0,12.899222326086994,0.75
2054,Female,21.0,Rajasthan,EWS,No,0.0,Production,1,7.15,71.99,150000.0,No,No,0,0,0,1,1,0,0,1,1,1,0,0,1,0,0,0,0,0,0,1,1,0,0,0,0,1,0,0,0,0,0,1,71.745,1,0,1,0,0,0,11.918397239722838,0.25
2055,Male,17.0,Maharashtra,OBC,Yes,50.0,Medical,4,7.26,69.67,120000.0,No,Yes,0,0,0,0,0,0,0,0,0,0,0,0,1,0,0,0,1,0,0,0,0,0,0,0,0,0,0,0,0,1,0,0,71.13499999999999,1,0,0,1,1,0,11.695255355062795,1.0
2056,Male,22.0,Andhra Pradesh,SC,No,0.0,Instrumentation,2,8.88,82.03,1500000.0,No,No,0,0,0,0,0,0,1,0,0,0,0,0,0,0,0,0,1,0,0,0,0,0,0,0,0,0,0,0,0,0,0,0,85.415,0,1,0,0,0,0,14.220976332738882,0.5
2057,Female,24.0,Uttar Pradesh,General,No,0.0,Management,1,9.37,84.42,800000.0,Yes,No,0,0,0,0,0,0,0,1,0,0,0,0,0,0,0,0,1,0,0,0,0,0,0,0,0,0,0,0,0,0,0,1,89.06,1,1,1,0,0,1,13.592368256649284,0.25
2058,Male,23.0,Other,General,Yes,80.0,Civil,4,9.46,88.75,300000.0,Yes,Yes,0,1,0,0,0,0,1,0,1,0,0,0,1,0,0,0,1,1,0,1,0,0,0,0,0,0,0,0,1,1,0,0,91.67500000000001,1,1,0,1,1,1,12.611541086966115,1.0
2059,Male,21.0,Telangana,SC,No,0.0,Instrumentation,2,7.21,62.82,600000.0,Yes,No,0,0,0,0,0,0,0,0,1,0,0,0,0,0,0,0,1,0,0,0,0,0,0,0,0,0,0,0,0,0,0,0,67.46,1,0,0,0,0,0,13.304686600863562,0.5
2060,Female,21.0,Other,SC,No,0.0,Medical,3,6.95,62.91,150000.0,No,Yes,0,0,0,0,1,0,0,0,0,0,0,0,1,1,0,0,0,0,0,0,0,0,0,1,0,0,0,0,0,0,0,0,66.205,1,0,0,0,0,0,11.918397239722838,0.75
2061,Female,19.0,Gujarat,General,No,0.0,Pharmacy,4,6.77,63.9,1500000.0,No,Yes,0,0,0,0,0,0,0,0,0,0,0,0,0,0,0,0,0,0,0,0,0,0,0,0,0,0,0,0,0,0,0,0,65.8,0,0,0,0,0,0,14.220976332738882,1.0
2062,Female,23.0,Gujarat,OBC,No,0.0,Mechanical,1,8.65,82.8,600000.0,Yes,No,0,0,0,0,0,0,0,0,1,0,0,0,0,0,1,0,1,0,0,0,0,0,0,0,0,0,0,1,0,0,0,1,84.65,1,1,1,0,0,1,13.304686600863562,0.25
2063,Male,20.0,Other,SC,No,0.0,CSE,3,7.87,71.48,400000.0,No,No,0,0,0,0,0,0,0,0,0,0,0,0,0,0,0,0,0,0,0,0,0,0,0,0,0,0,0,0,0,1,0,0,75.09,0,0,0,0,0,0,12.899222326086994,0.75
2064,Female,21.0,Delhi,SC,No,0.0,Biotechnology,3,6.44,66.58,600000.0,Yes,No,0,0,0,0,0,0,0,0,0,0,0,0,0,0,0,0,0,0,0,0,0,0,0,0,0,0,0,0,0,0,0,0,65.49000000000001,1,0,0,0,0,0,13.304686600863562,0.75
2065,Female,19.0,Rajasthan,OBC,No,0.0,Biotechnology,1,6.62,67.86,400000.0,Yes,Yes,0,0,0,0,1,0,0,0,0,0,0,0,0,0,0,0,0,0,0,0,0,0,0,1,0,0,0,0,0,0,1,0,67.03,1,0,1,0,0,0,12.899222326086994,0.25
2066,Female,22.0,Madhya Pradesh,OBC,No,0.0,IT,1,7.21,68.5,1000000.0,Yes,No,0,0,0,0,0,0,0,0,0,0,0,0,0,0,0,0,0,0,0,0,0,0,0,0,0,0,0,0,0,0,0,0,70.3,1,0,1,0,0,0,13.815511557963774,0.25
2067,Male,19.0,Rajasthan,General,No,0.0,Management,2,8.78,87.23,1200000.0,Yes,No,0,0,0,0,0,0,0,0,0,0,0,0,0,0,0,0,1,0,0,0,0,0,0,0,0,0,0,0,0,0,0,0,87.515,1,1,0,0,0,1,13.997832948091215,0.5
2068,Female,21.0,Andhra Pradesh,SC,No,0.0,Production,3,7.37,68.85,350000.0,No,No,0,0,0,0,1,0,0,0,0,0,0,0,1,0,0,0,0,0,0,0,0,0,0,0,0,0,0,0,0,0,1,0,71.275,0,0,0,0,0,0,12.765691290604371,0.75
2069,Female,19.0,Gujarat,EWS,No,0.0,CSE,3,7.43,71.6,350000.0,No,Yes,0,0,0,0,0,0,0,0,1,0,0,0,1,0,0,0,0,0,0,0,0,0,0,0,0,0,0,0,0,0,0,0,72.94999999999999,0,0,0,0,0,0,12.765691290604371,0.75
2070,Female,18.0,Delhi,SC,No,0.0,AI_DS,4,8.57,81.43,120000.0,Yes,No,0,1,0,0,1,0,1,0,1,0,0,0,1,1,0,1,1,0,0,1,1,0,1,1,0,0,0,0,0,1,1,0,83.565,1,1,0,0,0,1,11.695255355062795,1.0
2071,Male,25.0,Other,General,No,0.0,AI_DS,3,8.24,83.2,400000.0,No,No,0,0,0,0,1,0,1,0,0,0,0,0,0,0,0,0,1,0,0,0,0,0,0,0,0,0,0,0,0,1,0,0,82.80000000000001,0,1,0,0,0,0,12.899222326086994,0.75
2072,Female,24.0,Karnataka,SC,No,0.0,Pharmacy,2,7.96,76.55,250000.0,No,No,0,0,0,0,1,0,0,0,0,0,0,0,0,1,0,0,0,0,0,1,1,0,0,1,0,0,0,0,0,1,1,0,78.07499999999999,1,0,0,0,0,0,12.429220196836383,0.5
2073,Male,24.0,Rajasthan,SC,No,0.0,Science,2,5.68,46.07,250000.0,No,Yes,0,0,0,0,0,0,0,0,0,0,0,0,0,0,0,0,0,0,0,0,0,0,0,0,0,0,0,0,0,0,0,0,51.435,1,0,0,0,0,0,12.429220196836383,0.5
2074,Male,22.0,Karnataka,ST,No,0.0,CSE,2,7.49,75.43,200000.0,Yes,Yes,0,1,0,0,0,0,0,0,1,0,0,0,1,1,0,1,0,0,0,0,1,0,0,0,0,0,0,0,0,1,0,0,75.165,1,0,0,0,0,0,12.206077645517674,0.5
2075,Female,18.0,Rajasthan,OBC,No,0.0,Mechanical,4,6.88,66.09,80000.0,No,Yes,0,0,0,0,1,0,0,0,0,0,0,0,1,1,0,0,0,0,0,1,0,0,0,1,0,0,0,0,0,0,0,0,67.445,1,0,0,0,0,0,11.289794413577894,1.0
2076,Male,22.0,Gujarat,ST,No,0.0,Civil,1,7.43,73.97,250000.0,No,Yes,1,1,0,0,1,0,0,1,1,0,0,0,1,0,0,0,1,0,0,1,1,0,0,0,0,0,0,0,0,0,0,1,74.13499999999999,1,0,1,0,0,0,12.429220196836383,0.25
2077,Female,18.0,Madhya Pradesh,OBC,No,0.0,Chemical,4,7.6,69.96,300000.0,Yes,No,0,0,0,0,1,0,0,0,1,0,0,0,1,0,0,0,1,0,0,0,0,0,0,1,0,0,0,0,0,1,1,0,72.97999999999999,1,0,0,0,0,0,12.611541086966115,1.0
2078,Male,24.0,Delhi,General,No,0.0,ECE,3,7.49,81.9,350000.0,No,Yes,0,1,0,0,0,0,0,0,0,0,0,0,0,0,0,0,1,0,0,0,0,0,0,0,0,0,0,0,0,0,0,0,78.4,0,0,0,0,0,0,12.765691290604371,0.75
2079,Female,21.0,Andhra Pradesh,ST,No,0.0,Management,4,8.13,75.8,1000000.0,No,Yes,0,0,0,0,0,0,0,0,0,0,0,0,0,0,0,0,1,0,0,0,0,0,0,0,0,0,0,0,0,0,0,0,78.55000000000001,0,1,0,0,0,0,13.815511557963774,1.0
2080,Female,18.0,Telangana,OBC,No,0.0,Medical,2,6.72,64.09,600000.0,No,No,0,0,0,0,0,0,0,0,0,0,0,0,0,0,0,0,0,0,0,0,0,0,0,1,0,0,0,0,0,0,0,0,65.64500000000001,0,0,0,0,0,0,13.304686600863562,0.5
2081,Female,21.0,Madhya Pradesh,General,No,0.0,CSE,1,7.52,72.88,120000.0,Yes,No,0,1,0,1,0,1,0,0,1,1,0,0,1,1,0,0,0,0,0,1,1,0,0,0,0,1,0,0,0,1,1,0,74.03999999999999,1,0,1,0,0,0,11.695255355062795,0.25
2082,Female,20.0,Uttar Pradesh,General,No,0.0,Production,3,7.18,62.7,150000.0,Yes,Yes,0,0,0,0,1,0,0,0,1,0,0,0,1,1,0,0,0,0,0,1,0,0,0,1,0,0,0,0,0,0,1,0,67.25,1,0,0,0,0,0,11.918397239722838,0.75
2083,Female,25.0,Telangana,SC,No,0.0,Chemical,4,6.98,68.69,250000.0,No,No,0,0,0,0,1,0,0,0,1,0,0,0,0,1,0,0,0,0,0,0,0,0,0,1,0,0,0,0,0,1,0,0,69.245,1,0,0,0,0,0,12.429220196836383,1.0
2084,Female,24.0,Gujarat,EWS,No,0.0,Pharmacy,4,7.14,67.09,300000.0,No,Yes,1,0,0,0,1,0,0,0,0,0,0,0,1,0,0,0,0,0,0,1,0,0,0,1,0,0,0,0,0,0,1,0,69.245,1,0,0,0,0,0,12.611541086966115,1.0
2085,Male,17.0,Gujarat,OBC,No,0.0,Science,1,8.68,80.32,1500000.0,Yes,No,0,0,0,0,0,0,0,0,0,0,0,0,0,0,0,0,1,0,0,0,0,0,0,0,0,0,0,0,0,0,0,0,83.56,1,1,1,0,0,1,14.220976332738882,0.25
2086,Male,24.0,Rajasthan,ST,Yes,50.0,Chemical,3,5.65,53.19,300000.0,Yes,No,0,0,0,0,0,0,0,0,0,0,0,0,0,0,0,0,0,0,0,0,0,0,0,0,0,0,0,0,1,0,0,0,54.845,1,0,0,1,1,0,12.611541086966115,0.75
2087,Male,23.0,Tamil Nadu,OBC,No,0.0,Medical,1,6.92,62.84,120000.0,Yes,Yes,0,0,0,0,1,0,0,1,0,0,0,0,1,0,0,0,0,0,0,0,0,0,0,0,0,0,0,0,0,0,0,0,66.02000000000001,1,0,1,0,0,0,11.695255355062795,0.25
2088,Male,20.0,Delhi,EWS,No,0.0,Commerce,1,7.29,70.73,1200000.0,Yes,Yes,0,0,0,0,0,0,0,1,0,0,0,0,0,0,0,0,0,0,0,0,0,0,0,0,0,0,0,0,0,0,0,0,71.815,1,0,1,0,0,0,13.997832948091215,0.25
2089,Female,25.0,Rajasthan,SC,No,0.0,Biotechnology,1,7.49,72.08,1500000.0,Yes,Yes,0,0,0,0,0,0,0,0,0,0,0,0,0,0,0,0,0,0,0,0,0,0,0,0,0,0,0,0,0,0,0,0,73.49000000000001,1,0,1,0,0,0,14.220976332738882,0.25
2090,Male,24.0,Tamil Nadu,EWS,Yes,50.0,Electrical,4,9.68,90.93,350000.0,Yes,Yes,0,1,0,0,0,0,0,0,1,0,0,0,0,0,0,0,1,1,0,0,0,0,0,0,0,0,0,0,1,1,0,0,93.86500000000001,1,1,0,1,1,1,12.765691290604371,1.0
2091,Female,18.0,Other,SC,No,0.0,CSE,4,7.83,72.86,1000000.0,Yes,No,0,0,0,0,0,0,0,0,0,0,0,0,0,0,0,0,0,0,0,0,0,0,0,0,0,0,0,0,0,0,0,0,75.58,1,0,0,0,0,0,13.815511557963774,1.0
2092,Male,19.0,Other,ST,Yes,80.0,ECE,1,6.48,59.81,600000.0,Yes,Yes,0,0,0,0,0,0,0,0,0,0,0,0,0,0,0,0,0,0,0,0,0,0,0,0,0,0,0,0,1,0,0,0,62.30500000000001,1,0,1,1,1,0,13.304686600863562,0.25
2093,Male,40.0,Delhi,OBC,No,0.0,Management,3,7.49,66.91,150000.0,No,No,0,0,0,0,1,0,0,0,0,0,0,0,1,1,0,0,1,0,0,1,1,0,0,0,0,0,0,0,0,0,0,0,70.905,1,0,0,0,0,0,11.918397239722838,0.75
2094,Male,20.0,Andhra Pradesh,General,No,0.0,Biotechnology,1,10.0,92.85,1500000.0,Yes,Yes,0,0,0,0,0,0,0,1,0,0,0,0,0,0,0,0,1,0,0,0,0,0,0,0,0,0,0,0,0,0,0,0,96.425,1,1,1,0,0,1,14.220976332738882,0.25
2095,Female,21.0,Maharashtra,OBC,No,0.0,Science,2,7.0,66.31,350000.0,Yes,No,0,0,0,0,1,0,0,0,0,0,0,0,1,0,0,0,0,0,0,0,0,1,0,1,0,0,0,0,0,1,1,0,68.155,1,0,0,0,0,0,12.765691290604371,0.5
2096,Female,20.0,Andhra Pradesh,ST,No,0.0,Science,1,7.97,76.51,200000.0,No,No,0,0,0,0,1,0,0,1,0,0,0,0,1,1,0,0,0,0,0,1,0,0,0,1,0,0,0,0,0,0,0,1,78.105,1,0,1,0,0,0,12.206077645517674,0.25
2097,Male,20.0,Madhya Pradesh,OBC,No,0.0,IT,1,9.04,78.6,800000.0,No,No,0,0,0,0,0,0,0,0,0,0,0,0,0,0,0,0,1,0,0,0,0,0,0,0,0,0,0,0,0,0,0,0,84.5,0,1,1,0,0,0,13.592368256649284,0.25
2098,Female,18.0,Madhya Pradesh,SC,No,0.0,Production,1,5.0,46.01,800000.0,No,No,0,0,0,0,0,0,0,0,0,0,0,0,0,0,0,0,0,0,0,0,0,0,0,0,0,0,0,0,0,0,0,0,48.004999999999995,0,0,1,0,0,0,13.592368256649284,0.25
2099,Female,20.0,Uttar Pradesh,ST,No,0.0,Pharmacy,3,8.82,79.09,1200000.0,Yes,Yes,0,0,0,0,0,0,0,0,0,0,0,0,0,0,0,0,1,0,0,0,0,0,0,0,0,0,0,0,0,0,0,0,83.64500000000001,1,1,0,0,0,1,13.997832948091215,0.75
2100,Female,21.0,Karnataka,ST,No,0.0,IT,2,5.0,49.21,1500000.0,Yes,No,0,0,0,0,0,0,0,0,0,0,0,0,0,0,0,0,0,0,0,0,0,0,0,0,0,0,0,0,0,0,0,0,49.605000000000004,1,0,0,0,0,0,14.220976332738882,0.5
2101,Female,19.0,Tamil Nadu,General,No,0.0,Commerce,4,7.79,70.73,350000.0,Yes,No,0,0,0,0,1,0,0,0,0,0,0,0,1,0,0,0,1,0,0,0,0,0,0,1,0,0,0,0,0,0,0,0,74.315,1,0,0,0,0,0,12.765691290604371,1.0
2102,Male,21.0,Gujarat,EWS,No,0.0,Instrumentation,3,6.32,57.13,120000.0,No,Yes,0,0,0,0,0,0,0,0,0,0,0,0,0,1,0,0,0,0,0,0,0,0,0,0,0,0,0,0,0,0,0,0,60.165000000000006,1,0,0,0,0,0,11.695255355062795,0.75
2103,Male,18.0,Uttar Pradesh,ST,No,0.0,Biotechnology,2,7.63,70.61,300000.0,No,No,0,0,0,0,0,0,0,0,0,0,0,0,1,0,0,0,0,0,0,0,0,0,0,0,0,0,0,0,0,1,0,0,73.455,1,0,0,0,0,0,12.611541086966115,0.5
2104,Female,17.0,Madhya Pradesh,General,Yes,80.0,CSE,2,8.09,68.29,350000.0,Yes,Yes,0,0,0,0,1,0,0,0,1,0,0,0,1,0,0,0,0,0,0,0,0,0,0,0,0,0,0,0,1,1,0,0,74.595,1,0,0,1,1,0,12.765691290604371,0.5
2105,Female,19.0,Tamil Nadu,ST,No,0.0,Electrical,1,6.47,58.09,250000.0,No,No,0,0,0,0,0,0,0,0,0,0,0,0,0,0,0,0,0,0,0,0,0,0,0,0,0,0,0,0,0,0,0,0,61.395,1,0,1,0,0,0,12.429220196836383,0.25
2106,Female,18.0,Delhi,EWS,No,0.0,Biotechnology,2,7.19,66.69,80000.0,No,Yes,0,0,0,0,1,0,0,0,0,0,0,0,0,0,0,0,0,0,0,1,0,0,0,0,0,0,0,0,0,0,1,0,69.295,1,0,0,0,0,0,11.289794413577894,0.5
2107,Female,24.0,Andhra Pradesh,SC,No,0.0,CSE,2,8.46,74.79,150000.0,No,No,0,1,0,1,1,0,0,0,1,0,0,0,1,1,0,0,1,0,0,1,1,0,1,1,0,0,0,1,0,1,1,0,79.69500000000001,1,0,0,0,0,0,11.918397239722838,0.5
2108,Female,22.0,Madhya Pradesh,General,No,0.0,Production,3,7.55,73.4,500000.0,No,Yes,0,0,0,0,0,0,0,0,1,0,0,0,0,0,0,0,0,0,0,0,0,0,0,1,0,0,0,0,0,0,0,0,74.45,0,0,0,0,0,0,13.122365377402328,0.75
2109,Female,18.0,Tamil Nadu,SC,No,0.0,CSE,4,9.73,90.99,1200000.0,Yes,Yes,0,0,0,0,0,0,0,0,0,0,1,0,0,0,0,0,1,0,0,0,0,0,0,0,0,0,0,0,0,0,0,0,94.14500000000001,1,1,0,0,0,1,13.997832948091215,1.0
2110,Female,21.0,Maharashtra,OBC,No,0.0,Civil,1,7.89,69.54,500000.0,No,Yes,0,0,0,0,0,0,0,0,1,0,0,0,0,0,0,0,0,0,0,0,0,1,0,0,0,0,0,1,0,0,0,0,74.22,0,0,1,0,0,0,13.122365377402328,0.25
2111,Female,24.0,Other,SC,No,0.0,Production,2,5.0,50.03,200000.0,No,No,0,0,0,0,0,0,0,0,0,0,0,0,0,0,0,0,0,0,0,0,0,0,0,0,0,0,0,0,0,0,0,0,50.015,1,0,0,0,0,0,12.206077645517674,0.5
2112,Female,24.0,Maharashtra,SC,No,0.0,CSE,1,7.49,74.69,600000.0,Yes,No,0,0,0,0,0,1,0,1,0,0,0,0,0,0,0,0,1,0,0,0,0,0,0,0,0,0,0,1,0,0,0,0,74.795,1,0,1,0,0,0,13.304686600863562,0.25
2113,Male,25.0,Other,ST,No,0.0,Mechanical,2,5.85,57.13,350000.0,Yes,No,0,0,0,0,0,0,0,0,0,0,0,0,0,0,0,0,0,0,0,0,0,0,0,0,0,0,0,0,0,0,0,0,57.815,1,0,0,0,0,0,12.765691290604371,0.5
2114,Female,19.0,Maharashtra,SC,No,0.0,Mechanical,2,9.74,93.79,120000.0,Yes,No,1,1,0,1,0,0,1,0,1,0,1,0,1,0,0,1,1,0,0,1,1,0,0,1,0,1,0,1,0,1,0,0,95.595,1,1,0,0,0,1,11.695255355062795,0.5
2115,Female,24.0,Gujarat,General,No,0.0,Instrumentation,1,7.83,74.41,80000.0,Yes,No,1,1,0,1,1,0,0,1,1,0,0,0,0,1,0,0,0,0,0,1,0,0,0,1,0,1,0,0,0,1,1,1,76.35499999999999,1,0,1,0,0,0,11.289794413577894,0.25
2116,Female,18.0,Maharashtra,OBC,No,0.0,CSE,2,5.61,57.36,1500000.0,Yes,Yes,0,0,0,0,0,0,0,0,0,0,0,0,0,0,0,0,0,0,0,0,0,0,0,0,0,0,0,0,0,0,0,0,56.730000000000004,1,0,0,0,0,0,14.220976332738882,0.5
2117,Female,21.0,Rajasthan,OBC,No,0.0,Instrumentation,4,6.77,65.83,80000.0,No,Yes,0,0,0,0,0,0,0,0,1,0,0,0,1,0,0,0,0,0,0,1,0,0,0,1,0,0,0,0,0,1,0,0,66.76499999999999,1,0,0,0,0,0,11.289794413577894,1.0
2118,Female,21.0,Uttar Pradesh,ST,No,0.0,Mechanical,3,5.62,49.85,120000.0,No,No,0,0,0,0,0,0,0,0,0,0,0,0,0,0,0,0,0,0,0,0,0,0,0,0,0,0,0,0,0,0,0,0,53.025000000000006,1,0,0,0,0,0,11.695255355062795,0.75
2119,Male,19.0,Telangana,General,No,0.0,Civil,2,9.22,86.55,350000.0,Yes,Yes,0,1,0,0,1,0,0,0,1,0,0,0,1,0,0,0,0,1,0,0,0,0,0,0,0,0,0,0,0,1,0,0,89.375,1,1,0,0,0,1,12.765691290604371,0.5
2120,Male,17.0,Karnataka,SC,No,0.0,Commerce,1,9.24,87.55,1000000.0,No,Yes,0,0,0,0,0,0,0,1,0,0,0,0,0,0,0,0,0,0,0,0,0,0,0,0,0,0,0,0,0,0,0,1,89.975,0,1,1,0,0,0,13.815511557963774,0.25
2121,Male,24.0,Maharashtra,OBC,No,0.0,Science,2,5.29,52.93,350000.0,Yes,Yes,0,0,0,0,0,0,0,0,0,0,0,0,0,0,0,0,0,0,0,0,0,1,0,0,0,0,0,0,0,0,0,0,52.915,1,0,0,0,0,0,12.765691290604371,0.5
2122,Male,22.0,Karnataka,ST,No,0.0,Commerce,2,6.79,66.6,120000.0,No,Yes,0,0,0,0,1,0,0,0,0,0,0,0,1,1,0,0,0,0,0,1,0,0,0,0,0,0,0,0,0,0,0,0,67.25,1,0,0,0,0,0,11.695255355062795,0.5
2123,Female,25.0,Uttar Pradesh,General,Yes,60.0,Management,3,7.53,66.91,80000.0,Yes,Yes,0,0,0,0,0,0,0,0,0,0,0,0,1,1,0,0,0,0,0,1,1,0,0,1,0,0,0,0,0,0,0,0,71.10499999999999,1,0,0,1,1,0,11.289794413577894,0.75
2124,Female,20.0,Gujarat,SC,No,0.0,CSE,1,7.7,79.74,1200000.0,No,Yes,0,0,0,0,0,0,0,0,0,0,0,0,0,0,0,0,0,0,0,0,0,0,0,0,0,0,0,0,0,0,0,0,78.37,0,0,1,0,0,0,13.997832948091215,0.25
2125,Female,18.0,Karnataka,General,No,0.0,Mechanical,2,7.49,76.68,120000.0,Yes,Yes,0,0,0,1,0,0,0,0,1,0,0,0,1,1,0,1,1,0,0,1,0,0,0,0,0,0,0,1,0,1,1,0,75.79,1,0,0,0,0,0,11.695255355062795,0.5
2126,Female,17.0,Delhi,ST,No,0.0,Medical,4,8.79,84.14,150000.0,Yes,Yes,0,0,0,0,0,0,0,0,0,0,0,0,0,1,0,0,1,0,0,0,1,0,0,1,0,0,0,0,0,1,1,0,86.02,1,1,0,0,0,1,11.918397239722838,1.0
2127,Male,21.0,Madhya Pradesh,SC,No,0.0,ECE,4,7.75,70.35,120000.0,Yes,Yes,0,1,0,0,1,0,1,0,1,0,0,0,1,1,0,0,1,0,0,1,1,0,0,0,0,0,0,0,0,0,0,0,73.925,1,0,0,0,0,0,11.695255355062795,1.0
2128,Female,17.0,Tamil Nadu,SC,No,0.0,CSE,1,7.78,77.02,150000.0,Yes,No,0,1,0,0,1,1,0,1,1,1,0,1,1,1,0,1,1,0,0,1,1,0,0,1,0,0,0,1,0,1,1,0,77.41,1,0,1,0,0,0,11.918397239722838,0.25
2129,Female,19.0,Gujarat,SC,No,0.0,Medical,1,6.5,66.02,150000.0,No,Yes,1,0,0,0,0,0,0,1,0,0,0,0,1,0,0,0,0,0,0,1,0,0,0,1,0,0,0,0,0,0,1,1,65.50999999999999,1,0,1,0,0,0,11.918397239722838,0.25
2130,Male,21.0,Rajasthan,OBC,No,0.0,CSE,3,7.39,67.54,250000.0,No,No,0,0,0,0,1,0,0,0,1,0,0,0,0,0,0,0,0,0,0,1,0,0,0,0,0,0,0,0,0,0,0,0,70.72,1,0,0,0,0,0,12.429220196836383,0.75
2131,Male,23.0,Uttar Pradesh,General,No,0.0,Mechanical,4,8.7,81.79,800000.0,No,No,0,0,0,0,0,0,1,0,0,0,0,0,0,0,0,0,0,1,0,0,0,0,0,0,0,0,0,0,0,0,0,0,84.39500000000001,0,1,0,0,0,0,13.592368256649284,1.0
2132,Male,20.0,Gujarat,ST,No,0.0,Science,3,8.41,79.02,1000000.0,Yes,Yes,0,0,0,0,0,0,0,0,0,0,0,0,0,0,0,0,1,0,0,0,0,0,0,0,0,0,0,0,0,0,0,0,81.56,1,1,0,0,0,1,13.815511557963774,0.75
2133,Female,22.0,Madhya Pradesh,EWS,No,0.0,ECE,4,7.43,72.07,80000.0,Yes,No,0,1,0,0,1,0,0,0,1,0,0,0,1,1,0,0,0,0,0,1,1,0,0,1,0,0,0,0,0,1,0,0,73.185,1,0,0,0,0,0,11.289794413577894,1.0
2134,Male,18.0,Madhya Pradesh,EWS,No,0.0,AI_DS,2,7.85,68.59,1200000.0,No,No,0,0,0,0,0,0,0,0,0,0,0,0,0,0,0,0,0,0,0,0,0,0,0,0,0,0,0,0,0,0,0,0,73.545,0,0,0,0,0,0,13.997832948091215,0.5
2135,Female,25.0,Andhra Pradesh,SC,No,0.0,Commerce,4,6.15,61.21,350000.0,Yes,No,0,0,0,0,1,0,0,0,0,0,0,0,1,0,0,0,0,0,0,0,0,0,0,0,0,0,0,0,0,0,0,0,61.355000000000004,1,0,0,0,0,0,12.765691290604371,1.0
2136,Female,17.0,Maharashtra,EWS,No,0.0,Chemical,4,7.34,68.16,50000000.0,Yes,Yes,0,0,0,0,0,0,0,0,0,0,0,0,0,0,0,0,0,0,0,0,0,0,0,0,0,0,0,0,0,0,0,0,70.78,1,0,0,0,0,0,17.72753358339242,1.0
2137,Female,25.0,Rajasthan,EWS,No,0.0,IT,4,5.87,52.53,250000.0,Yes,Yes,0,0,0,0,0,0,0,0,0,0,0,0,0,0,0,0,0,0,0,0,0,0,0,0,0,0,0,0,0,0,0,0,55.615,1,0,0,0,0,0,12.429220196836383,1.0
2138,Female,21.0,Maharashtra,General,No,0.0,Civil,4,5.07,47.86,600000.0,Yes,Yes,0,0,0,0,0,0,0,0,0,0,0,0,0,0,0,0,0,0,0,0,0,1,0,0,0,0,0,0,0,0,0,0,49.28,1,0,0,0,0,0,13.304686600863562,1.0
2139,Female,20.0,Telangana,EWS,No,0.0,Commerce,3,6.78,61.51,400000.0,Yes,Yes,0,0,0,0,1,0,0,0,0,0,0,0,1,0,0,0,0,0,0,0,0,0,0,0,0,0,0,0,0,0,0,0,64.655,1,0,0,0,0,0,12.899222326086994,0.75
2140,Male,20.0,Maharashtra,EWS,No,0.0,Instrumentation,4,7.42,71.58,150000.0,Yes,Yes,1,0,0,0,1,0,0,0,1,0,0,0,1,1,0,0,1,0,0,1,1,0,0,0,0,0,0,0,0,1,0,0,72.89,1,0,0,0,0,0,11.918397239722838,1.0
2141,Male,18.0,Gujarat,OBC,No,0.0,Management,2,10.0,90.46,1500000.0,Yes,No,0,0,0,0,0,0,0,0,0,0,0,0,0,0,0,0,1,0,0,0,0,0,0,0,0,0,0,0,0,0,0,0,95.22999999999999,1,1,0,0,0,1,14.220976332738882,0.5
2142,Female,17.0,Karnataka,OBC,Yes,40.0,CSE,4,8.89,87.37,200000.0,No,No,0,0,0,0,1,0,0,0,1,0,0,0,0,1,0,0,1,0,0,1,1,0,1,1,0,0,0,0,1,0,0,0,88.135,1,1,0,1,1,1,12.206077645517674,1.0
2143,Female,20.0,Uttar Pradesh,General,No,0.0,CSE,1,6.57,63.02,120000.0,No,Yes,0,0,0,0,0,0,0,1,1,0,0,0,0,0,0,0,0,0,0,1,0,0,0,1,0,0,0,1,0,0,0,0,64.36,1,0,1,0,0,0,11.695255355062795,0.25
2144,Female,17.0,Maharashtra,EWS,No,0.0,AI_DS,4,6.95,66.58,600000.0,Yes,Yes,0,0,0,0,0,0,0,0,0,0,0,0,0,0,0,0,0,0,0,0,0,0,0,1,0,0,0,0,0,0,0,0,68.03999999999999,1,0,0,0,0,0,13.304686600863562,1.0
2145,Male,24.0,Karnataka,ST,No,0.0,Science,1,9.31,90.26,350000.0,Yes,No,0,0,0,0,1,0,0,1,0,0,0,0,1,0,0,0,1,0,0,0,0,0,0,0,0,0,0,0,0,0,0,1,91.68,1,1,1,0,0,1,12.765691290604371,0.25
2146,Female,25.0,Rajasthan,EWS,No,0.0,Instrumentation,4,8.11,75.75,200000.0,Yes,Yes,0,0,0,0,1,0,1,0,1,0,0,0,1,1,0,0,0,0,0,1,1,0,0,1,0,0,1,0,0,1,1,0,78.425,1,1,0,0,0,1,12.206077645517674,1.0
2147,Male,25.0,Telangana,OBC,No,0.0,ECE,1,5.72,53.71,1000000.0,Yes,No,0,0,0,0,0,0,0,0,0,0,0,0,0,0,0,0,0,0,0,0,0,0,0,0,0,0,0,0,0,0,0,0,55.455,1,0,1,0,0,0,13.815511557963774,0.25
2148,Male,18.0,Delhi,General,No,0.0,Pharmacy,3,8.95,80.44,300000.0,Yes,No,0,0,0,0,1,0,0,0,0,0,0,0,1,0,0,0,1,0,0,1,0,0,0,0,0,0,0,0,0,1,0,0,84.97,1,1,0,0,0,1,12.611541086966115,0.75
2149,Male,17.0,Karnataka,SC,No,0.0,CSE,1,6.23,59.56,300000.0,Yes,No,0,0,0,0,0,0,0,0,0,0,0,0,0,0,0,0,0,0,0,0,0,0,0,0,0,0,0,0,0,0,0,0,60.93000000000001,1,0,1,0,0,0,12.611541086966115,0.25
2150,Male,21.0,Andhra Pradesh,ST,Yes,50.0,Medical,3,6.32,57.66,250000.0,No,No,0,0,0,0,0,0,0,0,0,0,0,0,0,0,0,0,0,0,0,0,0,0,0,0,0,0,0,0,0,0,0,0,60.43,1,0,0,1,1,0,12.429220196836383,0.75
2151,Female,21.0,Gujarat,General,No,0.0,Electrical,3,6.99,62.31,800000.0,Yes,Yes,0,0,0,0,0,0,0,0,0,0,0,0,0,0,0,0,0,0,0,0,0,0,0,0,0,0,0,0,0,0,0,0,66.105,1,0,0,0,0,0,13.592368256649284,0.75
2152,Male,25.0,Gujarat,OBC,No,0.0,Science,3,6.33,62.25,80000.0,Yes,No,0,0,0,0,1,0,0,0,0,0,0,0,1,1,0,0,0,0,0,0,0,0,0,0,0,0,0,0,0,0,0,0,62.775,1,0,0,0,0,0,11.289794413577894,0.75
2153,Male,17.0,Delhi,SC,No,0.0,AI_DS,4,5.93,51.54,250000.0,No,Yes,0,0,0,0,0,0,0,0,0,0,0,0,0,0,0,0,0,0,0,0,0,0,0,0,0,0,0,0,0,0,0,0,55.42,1,0,0,0,0,0,12.429220196836383,1.0
2154,Female,21.0,Madhya Pradesh,OBC,No,0.0,Mechanical,2,6.74,66.23,350000.0,No,Yes,0,0,0,0,1,0,0,0,0,0,0,0,1,0,0,0,0,0,0,0,0,0,0,1,0,0,0,0,0,1,0,0,66.815,0,0,0,0,0,0,12.765691290604371,0.5
2155,Male,21.0,Rajasthan,OBC,No,0.0,Electrical,3,7.26,67.58,120000.0,Yes,No,0,0,0,0,1,0,0,0,1,0,0,0,1,1,0,0,0,0,0,1,1,0,0,0,0,0,0,0,0,1,0,0,70.09,1,0,0,0,0,0,11.695255355062795,0.75
2156,Male,19.0,Other,SC,No,0.0,CSE,3,7.55,66.49,800000.0,No,Yes,0,0,0,0,0,0,0,0,0,0,0,0,0,0,0,0,0,0,0,0,0,0,0,0,0,0,0,0,0,0,0,0,70.995,0,0,0,0,0,0,13.592368256649284,0.75
2157,Male,17.0,Tamil Nadu,EWS,No,0.0,IT,3,7.49,78.01,350000.0,No,Yes,0,1,0,0,0,0,0,0,1,0,0,0,1,0,0,0,0,0,0,0,0,0,0,0,0,0,0,0,0,0,0,0,76.45500000000001,0,0,0,0,0,0,12.765691290604371,0.75
2158,Male,18.0,Gujarat,EWS,No,0.0,Electrical,4,7.01,69.61,120000.0,Yes,No,0,0,0,0,1,0,0,0,1,0,0,0,0,0,0,0,0,0,0,0,1,0,0,0,0,0,0,0,0,1,0,0,69.85499999999999,1,0,0,0,0,0,11.695255355062795,1.0
2159,Male,20.0,Gujarat,EWS,No,0.0,Commerce,1,6.15,61.81,300000.0,Yes,Yes,0,0,0,0,0,0,0,1,0,0,0,0,1,0,0,0,0,0,0,0,0,0,0,0,0,0,0,0,0,0,0,0,61.655,1,0,1,0,0,0,12.611541086966115,0.25
2160,Male,21.0,Delhi,SC,Yes,80.0,Commerce,4,7.49,72.05,1200000.0,No,Yes,0,0,0,0,0,0,0,0,0,0,0,0,0,0,0,0,1,0,0,0,0,0,0,0,0,0,0,0,0,0,0,0,73.475,0,0,0,1,1,0,13.997832948091215,1.0
2161,Female,21.0,Andhra Pradesh,General,No,0.0,Chemical,2,7.48,70.74,150000.0,No,No,0,1,0,0,1,0,0,0,1,0,0,0,0,1,0,0,1,0,0,1,1,0,0,0,0,0,0,1,0,0,0,0,72.77000000000001,1,0,0,0,0,0,11.918397239722838,0.5
2162,Male,21.0,Andhra Pradesh,General,No,0.0,AI_DS,3,8.96,81.89,200000.0,Yes,No,0,1,0,0,1,0,1,0,0,0,0,0,1,0,0,0,0,0,0,1,1,0,0,0,0,0,0,0,0,1,0,0,85.745,1,1,0,0,0,1,12.206077645517674,0.75
2163,Female,20.0,Telangana,ST,No,0.0,Instrumentation,2,6.58,65.62,300000.0,No,Yes,0,0,0,0,0,0,0,0,1,0,0,0,1,0,0,0,0,0,0,0,0,0,0,1,0,0,0,0,0,0,0,0,65.71000000000001,1,0,0,0,0,0,12.611541086966115,0.5
2164,Female,23.0,Delhi,OBC,No,0.0,Biotechnology,1,6.79,67.21,1000000.0,Yes,No,0,0,0,0,0,0,0,1,0,0,0,0,0,0,0,0,0,0,0,0,0,0,0,0,0,0,0,0,0,0,0,0,67.555,1,0,1,0,0,0,13.815511557963774,0.25
2165,Male,23.0,Tamil Nadu,General,No,0.0,Commerce,4,9.54,89.42,300000.0,No,Yes,0,0,0,0,0,0,0,0,0,0,0,0,0,0,0,0,1,0,0,1,0,0,0,0,0,0,0,0,0,1,0,0,92.41,1,1,0,0,0,1,12.611541086966115,1.0
2166,Male,21.0,Rajasthan,EWS,No,0.0,Commerce,4,8.32,75.58,500000.0,No,No,0,0,0,0,0,0,0,0,0,0,0,0,0,0,0,0,0,0,0,0,0,0,0,0,0,0,0,0,0,0,0,0,79.39,0,1,0,0,0,0,13.122365377402328,1.0
2167,Female,24.0,Rajasthan,OBC,No,0.0,Civil,3,8.41,80.49,80000.0,Yes,No,0,1,0,0,1,0,1,0,1,0,0,0,1,1,0,1,1,0,0,1,1,0,0,1,0,0,1,0,0,1,1,0,82.29499999999999,1,1,0,0,0,1,11.289794413577894,0.75
2168,Male,25.0,Telangana,EWS,No,0.0,Chemical,2,8.07,74.73,150000.0,Yes,No,1,0,0,0,1,0,0,0,1,0,0,0,1,1,0,0,1,0,0,1,1,0,0,0,0,0,0,0,0,1,0,0,77.715,1,0,0,0,0,0,11.918397239722838,0.5
2169,Female,20.0,Telangana,General,No,0.0,Commerce,4,5.51,53.85,500000.0,Yes,Yes,0,0,0,0,0,0,0,0,0,0,0,0,0,0,0,0,0,0,0,0,0,0,0,0,0,0,0,0,0,0,0,0,54.474999999999994,1,0,0,0,0,0,13.122365377402328,1.0
2170,Male,18.0,Madhya Pradesh,ST,No,0.0,Pharmacy,2,5.02,46.74,300000.0,No,Yes,0,0,0,0,0,0,0,0,0,0,0,0,0,0,0,0,0,0,0,0,0,0,0,0,0,0,0,0,0,0,0,0,48.47,1,0,0,0,0,0,12.611541086966115,0.5
2171,Male,23.0,Other,SC,No,0.0,AI_DS,1,8.63,82.56,120000.0,No,Yes,0,1,0,0,0,0,0,1,1,1,0,0,1,0,1,0,1,0,1,0,1,0,0,0,0,0,0,0,0,1,0,1,84.43,1,1,1,0,0,1,11.695255355062795,0.25
2172,Male,25.0,Gujarat,ST,No,0.0,Commerce,2,9.84,96.56,250000.0,Yes,No,1,0,0,0,0,0,0,0,0,0,0,0,1,1,0,0,1,0,0,1,1,0,0,0,0,0,0,0,0,1,0,0,97.48,1,1,0,0,0,1,12.429220196836383,0.5
2173,Female,25.0,Delhi,OBC,No,0.0,Instrumentation,4,6.72,63.92,500000.0,Yes,No,0,0,0,0,0,0,0,0,0,0,0,0,0,0,0,0,0,0,0,0,0,0,0,0,0,0,0,0,0,0,0,0,65.56,1,0,0,0,0,0,13.122365377402328,1.0
2174,Female,21.0,Maharashtra,SC,No,0.0,ECE,1,7.44,65.93,150000.0,Yes,Yes,1,0,1,0,1,0,0,1,1,0,0,0,0,1,0,0,0,0,0,1,0,0,0,1,0,0,0,0,0,0,0,1,70.165,1,0,1,0,0,0,11.918397239722838,0.25
2175,Female,21.0,Karnataka,SC,No,0.0,Mechanical,2,6.37,58.83,1500000.0,Yes,Yes,0,0,0,0,0,0,0,0,0,0,0,0,0,0,0,0,0,0,0,0,0,0,0,0,0,0,0,0,0,0,0,0,61.265,1,0,0,0,0,0,14.220976332738882,0.5
2176,Female,17.0,Telangana,EWS,No,0.0,Commerce,1,5.06,48.21,1500000.0,Yes,No,0,0,0,0,0,0,0,0,0,0,0,0,0,0,0,0,0,0,0,0,0,0,0,0,0,0,0,0,0,0,0,0,49.405,1,0,1,0,0,0,14.220976332738882,0.25
2177,Male,18.0,Other,General,No,0.0,IT,2,7.49,63.38,150000.0,Yes,Yes,0,0,0,0,0,0,0,0,0,0,0,0,0,1,0,0,0,0,0,1,0,0,0,0,0,0,0,0,0,1,0,0,69.14,1,0,0,0,0,0,11.918397239722838,0.5
2178,Male,24.0,Delhi,EWS,No,0.0,IT,1,7.99,78.05,120000.0,No,Yes,0,1,0,0,1,0,0,1,1,1,0,0,1,1,0,0,0,0,0,0,0,0,0,0,0,0,0,0,0,0,0,0,78.975,1,0,1,0,0,0,11.695255355062795,0.25
2179,Male,20.0,Telangana,ST,No,0.0,Production,1,7.77,72.84,1200000.0,No,Yes,0,0,0,0,0,0,0,0,0,0,0,0,0,0,0,0,0,0,0,0,0,0,0,0,0,0,0,0,0,0,0,0,75.27,0,0,1,0,0,0,13.997832948091215,0.25
2180,Female,25.0,Andhra Pradesh,General,No,0.0,ECE,4,8.21,80.04,150000.0,No,Yes,0,0,0,0,1,0,0,0,1,0,0,0,1,0,0,0,1,0,0,1,1,0,0,1,0,0,1,0,0,1,1,0,81.07000000000001,1,1,0,0,0,1,11.918397239722838,1.0
2181,Female,18.0,Maharashtra,General,No,0.0,Science,3,7.87,72.29,1500000.0,No,Yes,0,0,0,0,0,0,0,0,0,0,0,0,0,0,0,0,0,0,0,0,0,0,0,0,0,0,0,0,0,0,0,0,75.495,0,0,0,0,0,0,14.220976332738882,0.75
2182,Male,18.0,Karnataka,ST,No,0.0,Biotechnology,2,7.83,77.97,1000000.0,Yes,Yes,0,0,0,0,0,0,0,0,0,0,0,0,0,0,0,0,0,0,0,0,0,0,0,0,0,0,0,0,0,0,0,0,78.13499999999999,1,0,0,0,0,0,13.815511557963774,0.5
2183,Female,19.0,Delhi,EWS,No,0.0,Science,1,6.78,70.7,400000.0,Yes,No,0,0,0,0,1,0,0,0,0,0,0,0,1,0,0,0,0,0,0,0,0,0,0,0,0,0,0,0,0,1,1,0,69.25,1,0,1,0,0,0,12.899222326086994,0.25
2184,Male,20.0,Tamil Nadu,General,No,0.0,ECE,4,6.87,65.36,80000.0,Yes,No,0,0,0,0,1,0,0,0,1,0,0,0,1,1,0,0,0,0,0,1,0,0,0,0,0,0,0,0,0,1,0,0,67.03,1,0,0,0,0,0,11.289794413577894,1.0
2185,Male,19.0,Karnataka,EWS,No,0.0,Medical,3,6.69,64.22,350000.0,No,Yes,0,0,0,0,1,0,0,0,0,0,0,0,1,0,0,0,0,0,0,0,0,0,0,0,0,0,0,0,0,0,0,0,65.56,0,0,0,0,0,0,12.765691290604371,0.75
2186,Male,24.0,Madhya Pradesh,OBC,Yes,60.0,ECE,1,5.41,49.76,150000.0,No,Yes,0,0,0,0,0,0,0,0,0,0,0,0,0,0,0,0,0,0,0,0,0,0,0,0,0,0,0,0,1,0,0,0,51.93,1,0,1,1,1,0,11.918397239722838,0.25
2187,Female,22.0,Tamil Nadu,EWS,Yes,45.0,Instrumentation,3,6.19,59.21,200000.0,Yes,Yes,0,0,0,0,0,0,0,0,0,0,0,0,0,0,0,0,0,0,0,0,0,0,0,0,0,0,0,0,1,0,0,0,60.55500000000001,1,0,0,1,1,0,12.206077645517674,0.75
2188,Female,19.0,Gujarat,General,No,0.0,IT,4,8.69,84.49,600000.0,No,No,0,0,0,0,0,0,1,0,1,0,1,0,0,0,0,0,0,0,0,0,0,0,0,1,0,0,0,0,0,0,0,0,85.695,0,1,0,0,0,0,13.304686600863562,1.0
2189,Female,21.0,Maharashtra,ST,Yes,90.0,Science,3,5.0,53.63,120000.0,No,Yes,0,0,0,0,0,0,0,0,0,0,0,0,0,0,0,0,0,0,0,0,0,0,0,0,0,0,0,0,0,0,0,0,51.815,1,0,0,1,1,0,11.695255355062795,0.75
2190,Male,22.0,Gujarat,General,No,0.0,ECE,4,7.85,72.25,250000.0,Yes,No,1,1,0,0,1,0,1,0,1,0,0,0,1,1,0,0,0,0,0,0,1,0,0,0,0,0,0,0,0,0,0,0,75.375,1,0,0,0,0,0,12.429220196836383,1.0
2191,Male,17.0,Tamil Nadu,General,No,0.0,Pharmacy,1,7.69,73.58,1500000.0,No,Yes,0,0,0,0,0,0,0,0,0,0,0,0,0,0,0,0,0,0,0,0,0,0,0,0,0,0,0,0,0,0,0,0,75.24000000000001,0,0,1,0,0,0,14.220976332738882,0.25
2192,Female,20.0,Rajasthan,EWS,No,0.0,Production,2,6.7,64.24,250000.0,No,Yes,0,0,0,0,0,0,0,0,1,0,0,0,1,1,0,0,0,0,0,1,0,0,0,0,0,0,0,1,0,0,0,0,65.62,1,0,0,0,0,0,12.429220196836383,0.5
2193,Male,17.0,Maharashtra,SC,No,0.0,Commerce,1,6.77,63.1,1500000.0,Yes,No,0,0,0,0,0,0,0,1,0,0,0,0,0,0,0,0,0,0,0,0,0,0,0,0,0,0,0,0,0,0,0,0,65.39999999999999,1,0,1,0,0,0,14.220976332738882,0.25
2194,Male,17.0,Gujarat,General,No,0.0,AI_DS,4,6.68,59.16,400000.0,No,No,0,0,0,0,0,0,0,0,0,0,0,0,1,0,0,0,0,0,0,0,0,0,0,0,0,0,0,0,0,0,0,0,62.98,0,0,0,0,0,0,12.899222326086994,1.0
2195,Female,23.0,Karnataka,OBC,No,0.0,Biotechnology,2,7.68,74.72,250000.0,Yes,Yes,0,0,0,0,1,0,0,0,0,0,0,0,1,1,0,0,0,0,0,0,1,0,0,1,0,0,0,0,0,1,1,0,75.75999999999999,1,0,0,0,0,0,12.429220196836383,0.5
2196,Male,22.0,Maharashtra,General,No,0.0,Instrumentation,4,8.12,79.6,350000.0,No,Yes,0,1,0,0,1,0,1,0,1,0,0,0,1,0,0,0,1,0,0,0,0,1,0,0,0,0,0,0,0,1,0,0,80.39999999999999,0,1,0,0,0,0,12.765691290604371,1.0
2197,Female,25.0,Uttar Pradesh,ST,No,0.0,ECE,3,7.89,73.36,400000.0,Yes,No,0,0,0,0,1,0,1,0,1,0,0,0,1,0,0,0,1,0,0,0,0,0,0,0,0,0,0,0,0,0,1,0,76.13,1,0,0,0,0,0,12.899222326086994,0.75
2198,Female,18.0,Gujarat,EWS,No,0.0,Science,4,8.51,76.77,300000.0,Yes,Yes,0,0,0,0,0,0,0,0,0,0,0,0,0,0,0,0,1,0,0,0,0,0,0,1,0,0,0,0,0,1,1,0,80.935,1,1,0,0,0,1,12.611541086966115,1.0
2199,Male,22.0,Uttar Pradesh,ST,No,0.0,Biotechnology,3,6.42,58.1,250000.0,Yes,No,0,0,0,0,0,0,0,0,0,0,0,0,0,1,0,0,0,0,0,0,0,0,0,0,0,0,0,0,0,0,0,0,61.150000000000006,1,0,0,0,0,0,12.429220196836383,0.75
2200,Male,24.0,Gujarat,OBC,No,0.0,CSE,2,8.8,86.43,250000.0,No,No,1,1,0,0,1,0,1,0,1,0,0,0,0,0,0,0,1,0,0,1,1,0,0,0,0,0,0,0,0,1,0,0,87.215,1,1,0,0,0,1,12.429220196836383,0.5
2201,Female,21.0,Andhra Pradesh,ST,No,0.0,IT,3,8.08,79.98,120000.0,No,Yes,0,1,0,0,1,0,0,0,1,0,0,0,1,1,0,0,1,0,0,1,0,0,1,0,0,0,1,0,0,1,1,0,80.39,1,1,0,0,0,1,11.695255355062795,0.75
2202,Male,24.0,Karnataka,General,No,0.0,Science,1,6.44,62.23,300000.0,No,No,0,0,0,0,0,0,0,1,0,0,0,0,1,0,0,0,0,0,0,0,0,0,0,0,0,0,0,0,0,0,0,0,63.315,1,0,1,0,0,0,12.611541086966115,0.25
2203,Female,25.0,Other,OBC,No,0.0,IT,2,7.35,72.37,120000.0,No,No,0,0,0,0,0,0,0,0,1,0,0,0,0,1,0,0,1,0,0,0,0,0,0,1,0,0,0,0,0,0,0,0,72.935,1,0,0,0,0,0,11.695255355062795,0.5
2204,Female,20.0,Delhi,General,No,0.0,Science,3,7.36,68.77,1500000.0,Yes,No,0,0,0,0,0,0,0,0,0,0,0,0,0,0,0,0,0,0,0,0,0,0,0,0,0,0,0,0,0,0,0,0,71.185,1,0,0,0,0,0,14.220976332738882,0.75
2205,Female,24.0,Other,OBC,No,0.0,Mechanical,2,8.15,80.05,300000.0,No,No,0,1,0,1,0,0,0,0,1,0,0,0,0,0,0,0,0,1,0,1,0,0,0,0,0,0,0,0,0,1,1,0,80.775,1,1,0,0,0,1,12.611541086966115,0.5
2206,Female,19.0,Tamil Nadu,OBC,No,0.0,Chemical,1,6.7,63.47,400000.0,No,No,0,0,0,0,0,0,0,0,0,0,0,0,0,0,0,0,0,0,0,0,0,0,0,0,0,0,0,0,0,0,0,0,65.235,0,0,1,0,0,0,12.899222326086994,0.25
2207,Female,19.0,Maharashtra,ST,No,0.0,Medical,2,6.23,51.69,150000.0,No,No,0,0,0,0,0,0,0,0,0,0,0,0,0,0,0,0,0,0,0,0,0,0,0,0,0,0,0,0,0,0,0,0,56.995000000000005,1,0,0,0,0,0,11.918397239722838,0.5
2208,Male,22.0,Karnataka,EWS,No,0.0,Medical,4,7.74,75.36,350000.0,Yes,No,0,0,0,0,0,0,0,0,0,0,0,0,1,0,0,0,0,0,0,0,0,0,0,0,0,0,0,0,0,1,0,0,76.38,1,0,0,0,0,0,12.765691290604371,1.0
2209,Male,20.0,Delhi,ST,No,0.0,Management,1,7.49,68.35,350000.0,Yes,No,0,0,0,0,1,0,0,0,0,0,0,0,0,0,0,0,0,0,0,0,0,0,0,0,0,0,0,0,0,1,0,0,71.625,1,0,1,0,0,0,12.765691290604371,0.25
2210,Female,20.0,Gujarat,General,No,0.0,Pharmacy,2,7.08,60.6,250000.0,Yes,No,0,0,0,0,1,0,0,0,0,0,0,0,1,0,0,0,0,0,0,0,0,0,0,1,0,0,0,0,0,1,1,0,65.7,1,0,0,0,0,0,12.429220196836383,0.5
2211,Male,25.0,Uttar Pradesh,OBC,No,0.0,Commerce,1,9.14,83.57,300000.0,No,No,0,0,0,0,0,0,0,1,0,0,0,0,0,0,0,0,1,0,1,1,0,0,0,0,0,0,0,0,0,1,0,1,87.485,1,1,1,0,0,1,12.611541086966115,0.25
2212,Female,17.0,Madhya Pradesh,General,No,0.0,Biotechnology,4,9.01,88.43,400000.0,Yes,No,0,0,0,0,1,0,0,0,0,0,0,0,0,0,0,0,1,0,0,0,0,0,0,1,0,0,0,0,0,1,1,0,89.265,1,1,0,0,0,1,12.899222326086994,1.0
2213,Female,24.0,Madhya Pradesh,SC,No,0.0,Commerce,1,6.42,57.59,600000.0,Yes,Yes,0,0,0,0,0,0,0,0,0,0,0,0,0,0,0,0,0,0,0,0,0,0,0,0,0,0,0,0,0,0,0,0,60.895,1,0,1,0,0,0,13.304686600863562,0.25
2214,Female,19.0,Gujarat,ST,No,0.0,Medical,2,7.92,72.71,400000.0,Yes,Yes,0,0,0,0,1,0,0,0,0,0,0,0,1,0,0,0,0,0,0,0,0,0,0,0,0,0,0,0,0,0,0,0,75.955,1,0,0,0,0,0,12.899222326086994,0.5
2215,Male,19.0,Gujarat,OBC,No,0.0,ECE,1,7.62,70.94,350000.0,No,No,0,1,0,0,0,0,0,0,0,0,0,0,0,0,0,0,0,0,0,0,0,0,0,0,0,0,0,0,0,0,0,1,73.57,0,0,1,0,0,0,12.765691290604371,0.25
2216,Female,23.0,Uttar Pradesh,General,No,0.0,ECE,4,5.36,45.0,150000.0,Yes,No,0,0,0,0,0,0,0,0,0,0,0,0,0,0,0,0,0,0,0,0,0,0,0,0,0,0,0,0,0,0,0,0,49.3,1,0,0,0,0,0,11.918397239722838,1.0
2217,Male,25.0,Madhya Pradesh,General,No,0.0,Medical,2,7.77,72.13,80000.0,No,Yes,0,0,0,0,1,0,0,0,0,0,0,0,1,1,0,0,0,0,0,1,0,0,0,0,0,0,0,0,0,0,0,0,74.91499999999999,1,0,0,0,0,0,11.289794413577894,0.5
2218,Male,23.0,Uttar Pradesh,General,No,0.0,Mechanical,2,6.84,67.07,80000.0,Yes,No,0,0,0,0,1,0,0,0,0,0,0,0,0,1,0,0,0,0,0,1,0,0,0,0,0,0,0,0,0,1,0,0,67.735,1,0,0,0,0,0,11.289794413577894,0.5
2219,Male,18.0,Telangana,OBC,No,0.0,Instrumentation,4,8.91,83.83,1500000.0,Yes,Yes,0,0,0,0,0,0,1,0,0,0,0,0,0,0,0,0,0,0,0,0,0,0,0,0,0,0,0,0,0,0,0,0,86.465,1,1,0,0,0,1,14.220976332738882,1.0
2220,Female,25.0,Maharashtra,General,No,0.0,CSE,2,7.09,68.86,1200000.0,Yes,No,0,0,0,0,0,0,0,0,0,0,0,0,0,0,0,0,0,0,0,0,0,0,0,0,0,0,0,0,0,0,0,0,69.88,1,0,0,0,0,0,13.997832948091215,0.5
2221,Male,24.0,Maharashtra,SC,No,0.0,IT,3,5.87,56.43,600000.0,Yes,Yes,0,0,0,0,0,0,0,0,0,0,0,0,0,0,0,0,0,0,0,0,0,0,0,0,0,0,0,0,0,0,0,0,57.565,1,0,0,0,0,0,13.304686600863562,0.75
2222,Male,23.0,Tamil Nadu,OBC,No,0.0,Instrumentation,4,8.16,79.56,600000.0,Yes,Yes,0,0,0,0,0,0,0,0,1,0,0,0,0,0,0,0,0,0,0,0,0,0,0,0,0,0,0,0,0,0,0,0,80.58,1,1,0,0,0,1,13.304686600863562,1.0
2223,Female,19.0,Uttar Pradesh,SC,No,0.0,Commerce,2,5.18,46.93,500000.0,Yes,Yes,0,0,0,0,0,0,0,0,0,0,0,0,0,0,0,0,0,0,0,0,0,0,0,0,0,0,0,0,0,0,0,0,49.364999999999995,1,0,0,0,0,0,13.122365377402328,0.5
2224,Male,23.0,Maharashtra,SC,No,0.0,Pharmacy,3,7.49,61.57,120000.0,Yes,Yes,0,0,0,0,0,0,0,0,0,0,0,0,1,0,0,0,0,0,0,1,0,0,0,0,0,0,0,0,0,1,0,0,68.235,1,0,0,0,0,0,11.695255355062795,0.75
2225,Male,24.0,Gujarat,ST,No,0.0,AI_DS,2,8.08,81.25,600000.0,Yes,No,0,0,0,0,0,0,0,0,1,0,0,0,0,0,0,0,0,0,0,0,0,0,0,0,0,0,0,0,0,0,0,0,81.025,1,1,0,0,0,1,13.304686600863562,0.5
2226,Male,22.0,Other,General,No,0.0,Commerce,1,6.91,64.15,150000.0,No,No,0,0,0,0,1,0,0,1,0,0,0,0,0,1,0,0,0,0,0,0,0,0,0,0,0,0,0,0,0,0,0,0,66.625,1,0,1,0,0,0,11.918397239722838,0.25
2227,Female,23.0,Other,SC,No,0.0,Science,2,8.88,85.25,500000.0,No,No,0,0,0,0,0,0,0,0,0,0,0,0,0,0,0,0,1,0,0,0,0,0,0,0,0,0,0,0,0,0,0,0,87.025,0,1,0,0,0,0,13.122365377402328,0.5
2228,Male,24.0,Telangana,EWS,No,0.0,CSE,1,9.02,86.56,400000.0,Yes,No,0,0,0,0,1,0,0,1,1,0,0,0,1,0,1,0,0,0,0,0,0,0,0,0,0,0,0,0,0,1,0,1,88.38,1,1,1,0,0,1,12.899222326086994,0.25
2229,Female,17.0,Andhra Pradesh,ST,No,0.0,Commerce,1,6.11,54.05,350000.0,Yes,Yes,0,0,0,0,0,0,0,0,0,0,0,0,0,0,0,0,0,0,0,0,0,0,0,0,0,0,0,0,0,0,0,0,57.575,1,0,1,0,0,0,12.765691290604371,0.25
2230,Male,19.0,Uttar Pradesh,General,No,0.0,AI_DS,3,5.64,55.57,1200000.0,No,Yes,0,0,0,0,0,0,0,0,0,0,0,0,0,0,0,0,0,0,0,0,0,0,0,0,0,0,0,0,0,0,0,0,55.985,0,0,0,0,0,0,13.997832948091215,0.75
2231,Male,21.0,Telangana,EWS,No,0.0,IT,2,8.93,90.38,150000.0,Yes,No,1,1,0,0,1,0,1,0,1,0,0,0,1,1,0,1,1,0,0,0,0,0,0,0,0,0,0,0,0,0,0,0,89.84,1,1,0,0,0,1,11.918397239722838,0.5
2232,Male,20.0,Karnataka,OBC,Yes,45.0,Production,3,8.51,84.33,120000.0,Yes,Yes,0,1,0,0,0,0,0,0,1,0,0,0,1,1,0,1,0,1,0,1,1,0,0,0,0,0,0,0,1,1,0,0,84.715,1,1,0,1,1,1,11.695255355062795,0.75
2233,Female,22.0,Madhya Pradesh,General,No,0.0,Production,3,6.8,61.13,250000.0,No,Yes,0,0,0,0,1,0,0,0,1,0,0,0,1,0,0,0,0,0,0,0,0,0,0,1,0,0,0,0,0,0,0,0,64.565,1,0,0,0,0,0,12.429220196836383,0.75
2234,Male,23.0,Uttar Pradesh,EWS,No,0.0,Chemical,2,8.52,82.19,600000.0,Yes,Yes,0,0,0,0,0,0,1,0,1,0,0,0,0,0,0,0,1,0,0,0,0,0,0,0,0,0,0,0,0,0,0,0,83.695,1,1,0,0,0,1,13.304686600863562,0.5
2235,Male,19.0,Telangana,OBC,No,0.0,Mechanical,4,7.63,73.65,150000.0,Yes,Yes,1,1,0,0,1,0,1,0,1,0,0,0,1,1,0,0,0,0,0,1,1,0,0,0,0,0,0,0,0,1,0,0,74.975,1,0,0,0,0,0,11.918397239722838,1.0
2236,Female,25.0,Other,OBC,No,0.0,Instrumentation,3,7.89,78.81,120000.0,Yes,Yes,0,0,0,0,1,0,1,0,1,0,0,0,1,1,0,1,0,0,0,1,1,0,0,1,0,0,0,0,0,1,0,0,78.85499999999999,1,0,0,0,0,0,11.695255355062795,0.75
2237,Female,22.0,Uttar Pradesh,ST,No,0.0,Electrical,1,9.05,87.61,350000.0,Yes,Yes,0,1,0,1,1,0,0,1,1,0,0,0,1,0,0,0,1,0,0,0,0,0,0,0,1,1,0,0,0,1,1,1,89.055,1,1,1,0,0,1,12.765691290604371,0.25
2238,Female,23.0,Karnataka,General,No,0.0,Chemical,3,8.51,82.39,250000.0,Yes,Yes,0,1,0,0,1,0,1,0,1,0,0,0,1,1,0,1,1,0,0,1,1,0,0,1,0,0,0,0,0,1,1,0,83.745,1,1,0,0,0,1,12.429220196836383,0.75
2239,Male,23.0,Gujarat,EWS,No,0.0,Instrumentation,1,6.95,68.29,600000.0,Yes,No,0,0,0,0,0,0,0,1,0,0,0,0,0,0,0,0,0,0,0,0,0,0,0,0,0,0,0,0,0,0,0,0,68.89500000000001,1,0,1,0,0,0,13.304686600863562,0.25
2240,Female,18.0,Uttar Pradesh,OBC,No,0.0,Science,1,5.83,58.55,1000000.0,Yes,No,0,0,0,0,0,0,0,0,0,0,0,0,0,0,0,0,0,0,0,0,0,0,0,0,0,0,0,0,0,0,0,0,58.425,1,0,1,0,0,0,13.815511557963774,0.25
2241,Female,22.0,Karnataka,ST,No,0.0,Commerce,3,6.07,58.52,350000.0,No,Yes,0,0,0,0,0,0,0,0,0,0,0,0,0,0,0,0,0,0,0,0,0,0,0,0,0,0,0,0,0,0,0,0,59.61,0,0,0,0,0,0,12.765691290604371,0.75
2242,Female,21.0,Andhra Pradesh,General,No,0.0,Electrical,1,7.49,63.32,600000.0,No,Yes,0,0,0,0,0,0,0,0,0,0,0,0,0,0,0,0,0,0,0,0,0,0,0,0,0,0,0,1,0,0,0,0,69.11,0,0,1,0,0,0,13.304686600863562,0.25
2243,Female,20.0,Maharashtra,General,No,0.0,Mechanical,3,7.46,66.09,300000.0,Yes,No,0,0,0,0,1,0,0,0,1,0,0,0,1,0,0,0,0,0,0,0,0,1,0,0,0,0,0,0,0,1,0,0,70.345,1,0,0,0,0,0,12.611541086966115,0.75
2244,Male,20.0,Gujarat,General,No,0.0,Production,3,8.0,74.27,300000.0,Yes,No,1,1,0,0,0,0,1,0,1,0,0,0,0,0,0,0,1,0,0,1,0,0,0,0,0,0,0,0,0,1,0,0,77.13499999999999,1,0,0,0,0,0,12.611541086966115,0.75
2245,Male,21.0,Karnataka,OBC,No,0.0,ECE,3,8.56,81.32,200000.0,Yes,No,0,1,0,0,1,0,1,0,1,0,0,0,1,1,0,0,1,0,0,0,1,0,0,0,0,0,0,0,0,1,0,0,83.46000000000001,1,1,0,0,0,1,12.206077645517674,0.75
2246,Female,24.0,Other,OBC,No,0.0,Electrical,3,7.97,72.84,1000000.0,No,Yes,0,0,0,0,0,0,0,0,0,0,0,0,0,0,0,0,0,0,0,0,0,0,0,0,0,0,0,0,0,0,0,0,76.27000000000001,0,0,0,0,0,0,13.815511557963774,0.75
2247,Male,18.0,Delhi,EWS,No,0.0,Instrumentation,3,6.79,63.13,1000000.0,Yes,Yes,0,0,0,0,0,0,0,0,0,0,0,0,0,0,0,0,0,0,0,0,0,0,0,0,0,0,0,0,0,0,0,0,65.515,1,0,0,0,0,0,13.815511557963774,0.75
2248,Male,21.0,Delhi,ST,No,0.0,Commerce,4,7.49,86.07,800000.0,No,Yes,0,0,0,0,0,0,0,0,0,0,0,0,0,0,0,0,0,0,0,0,0,0,0,0,0,0,0,0,0,0,0,0,80.485,0,0,0,0,0,0,13.592368256649284,1.0
2249,Male,20.0,Gujarat,EWS,No,0.0,Commerce,3,6.53,65.27,120000.0,No,Yes,1,0,0,0,1,0,0,0,0,0,0,0,1,0,0,0,0,0,0,1,0,0,0,0,0,0,0,0,0,1,0,0,65.285,1,0,0,0,0,0,11.695255355062795,0.75
2250,Male,22.0,Tamil Nadu,EWS,No,0.0,Commerce,3,5.0,45.0,80000.0,No,No,0,0,0,0,0,0,0,0,0,0,0,0,0,0,0,0,0,0,0,0,0,0,0,0,0,0,0,0,0,0,0,0,47.5,1,0,0,0,0,0,11.289794413577894,0.75
2251,Male,25.0,Gujarat,SC,No,0.0,Management,2,6.35,56.27,350000.0,Yes,Yes,0,0,0,0,0,0,0,0,0,0,0,0,0,0,0,0,0,0,0,0,0,0,0,0,0,0,0,0,0,0,0,0,59.885000000000005,1,0,0,0,0,0,12.765691290604371,0.5
2252,Female,23.0,Tamil Nadu,OBC,No,0.0,Mechanical,3,5.6,54.44,250000.0,Yes,No,0,0,0,0,0,0,0,0,0,0,0,0,0,0,0,0,0,0,0,0,0,0,0,0,0,0,0,0,0,0,0,0,55.22,1,0,0,0,0,0,12.429220196836383,0.75
2253,Female,18.0,Uttar Pradesh,ST,No,0.0,Mechanical,2,7.24,69.92,150000.0,No,Yes,0,0,0,0,1,0,0,0,1,0,0,0,1,1,0,0,0,0,0,1,0,0,0,1,0,0,0,0,0,0,1,0,71.16,1,0,0,0,0,0,11.918397239722838,0.5
2254,Male,25.0,Gujarat,SC,No,0.0,Medical,2,8.33,79.93,1200000.0,No,No,0,0,0,0,0,0,0,0,0,0,0,0,0,0,0,0,1,0,0,0,0,0,0,0,0,0,0,0,0,0,0,0,81.61500000000001,0,1,0,0,0,0,13.997832948091215,0.5
2255,Male,25.0,Andhra Pradesh,OBC,No,0.0,Instrumentation,2,8.29,78.55,350000.0,Yes,Yes,0,0,0,0,0,0,0,0,1,0,0,0,1,0,0,0,0,0,0,0,0,0,0,0,0,0,0,0,0,1,0,0,80.725,1,1,0,0,0,1,12.765691290604371,0.5
2256,Male,19.0,Karnataka,SC,No,0.0,Mechanical,1,7.49,60.93,1200000.0,Yes,No,0,0,0,0,0,0,0,1,0,0,0,0,0,0,0,0,0,0,0,0,0,0,0,0,0,0,0,0,0,0,0,0,67.915,1,0,1,0,0,0,13.997832948091215,0.25
2257,Female,19.0,Tamil Nadu,General,No,0.0,Medical,1,6.79,61.7,250000.0,No,Yes,0,0,0,0,1,0,0,1,0,0,0,0,1,1,0,0,0,0,0,0,0,0,0,1,0,0,0,0,0,0,0,0,64.80000000000001,1,0,1,0,0,0,12.429220196836383,0.25
2258,Female,23.0,Karnataka,OBC,No,0.0,Chemical,1,7.29,66.52,80000.0,Yes,Yes,0,0,0,0,1,0,0,1,1,0,0,0,1,1,0,0,1,0,0,1,1,0,0,1,0,0,0,0,0,0,1,1,69.71000000000001,1,0,1,0,0,0,11.289794413577894,0.25
2259,Male,18.0,Uttar Pradesh,OBC,No,0.0,Civil,2,7.0,67.53,150000.0,Yes,No,0,0,0,0,1,0,0,0,1,0,0,0,0,1,0,0,0,0,0,0,1,0,0,0,0,0,0,0,0,1,0,0,68.765,1,0,0,0,0,0,11.918397239722838,0.5
2260,Female,18.0,Rajasthan,EWS,No,0.0,CSE,1,7.92,72.55,350000.0,Yes,Yes,0,1,0,1,1,0,0,0,1,0,0,0,1,0,0,0,0,0,0,0,0,0,0,1,0,1,0,0,0,0,1,0,75.875,1,0,1,0,0,0,12.765691290604371,0.25
2261,Female,24.0,Other,General,No,0.0,Instrumentation,4,6.91,68.87,120000.0,No,Yes,0,0,0,0,0,0,0,0,1,0,0,0,1,1,0,0,0,0,0,0,0,0,0,1,0,0,0,0,0,1,1,0,68.985,1,0,0,0,0,0,11.695255355062795,1.0
2262,Female,23.0,Gujarat,ST,No,0.0,Pharmacy,1,8.1,83.18,80000.0,No,Yes,1,0,0,0,1,0,0,1,0,0,0,0,1,1,0,0,0,0,1,1,0,0,0,1,0,0,0,0,0,1,1,1,82.09,1,1,1,0,0,1,11.289794413577894,0.25
2263,Female,19.0,Karnataka,SC,No,0.0,Science,4,8.92,88.17,800000.0,Yes,Yes,0,0,0,0,0,0,0,0,0,0,0,0,0,0,0,0,1,0,0,0,0,0,0,0,0,0,0,0,0,0,0,0,88.685,1,1,0,0,0,1,13.592368256649284,1.0
2264,Male,20.0,Karnataka,ST,No,0.0,Instrumentation,3,5.83,57.68,1000000.0,Yes,No,0,0,0,0,0,0,0,0,0,0,0,0,0,0,0,0,0,0,0,0,0,0,0,0,0,0,0,0,0,0,0,0,57.989999999999995,1,0,0,0,0,0,13.815511557963774,0.75
2265,Female,19.0,Karnataka,General,No,0.0,Instrumentation,3,7.44,69.03,120000.0,Yes,No,0,0,0,0,1,0,0,0,1,0,0,0,1,1,0,0,0,0,0,1,1,0,0,1,0,0,0,0,0,1,1,0,71.715,1,0,0,0,0,0,11.695255355062795,0.75
2266,Male,24.0,Tamil Nadu,ST,No,0.0,Management,4,7.7,75.99,1200000.0,Yes,No,0,0,0,0,0,0,0,0,0,0,0,0,0,0,0,0,0,0,0,0,0,0,0,0,0,0,0,0,0,0,0,0,76.495,1,0,0,0,0,0,13.997832948091215,1.0
2267,Male,21.0,Uttar Pradesh,SC,No,0.0,IT,3,8.1,74.31,350000.0,Yes,No,0,1,0,0,0,0,0,0,1,0,0,0,1,0,0,0,1,0,0,0,0,0,0,0,0,0,0,0,0,1,0,0,77.655,1,0,0,0,0,0,12.765691290604371,0.75
2268,Female,22.0,Rajasthan,EWS,No,0.0,CSE,1,8.39,77.79,1500000.0,No,Yes,0,0,0,0,0,0,0,0,0,0,0,0,0,0,0,0,1,0,0,0,0,0,0,0,0,0,0,0,0,0,0,0,80.845,0,1,1,0,0,0,14.220976332738882,0.25
2269,Male,21.0,Gujarat,General,No,0.0,Chemical,2,7.76,72.81,400000.0,No,No,0,0,0,0,0,0,1,0,1,0,0,0,0,0,0,0,1,0,0,0,0,0,0,0,0,0,0,0,0,0,0,0,75.205,0,0,0,0,0,0,12.899222326086994,0.5
2270,Female,18.0,Tamil Nadu,OBC,No,0.0,Pharmacy,4,7.24,71.08,1200000.0,No,Yes,0,0,0,0,0,0,0,0,0,0,0,0,0,0,0,0,0,0,0,0,0,0,0,0,0,0,0,0,0,0,0,0,71.74000000000001,0,0,0,0,0,0,13.997832948091215,1.0
2271,Female,21.0,Tamil Nadu,EWS,No,0.0,CSE,2,6.25,65.21,300000.0,No,No,0,0,0,0,0,0,0,0,1,0,0,0,1,0,0,0,0,0,0,0,0,0,0,1,0,0,0,0,0,1,0,0,63.855,1,0,0,0,0,0,12.611541086966115,0.5
2272,Male,23.0,Gujarat,ST,No,0.0,IT,3,5.31,48.65,1000000.0,No,Yes,0,0,0,0,0,0,0,0,0,0,0,0,0,0,0,0,0,0,0,0,0,0,0,0,0,0,0,0,0,0,0,0,50.875,0,0,0,0,0,0,13.815511557963774,0.75
2273,Male,25.0,Andhra Pradesh,SC,No,0.0,CSE,1,7.94,77.18,600000.0,No,Yes,0,0,0,0,0,0,0,0,0,0,0,0,0,0,0,0,1,0,0,0,0,0,0,0,0,0,0,0,0,0,0,0,78.29,0,0,1,0,0,0,13.304686600863562,0.25
2274,Female,22.0,Tamil Nadu,SC,No,0.0,Medical,3,7.38,69.94,200000.0,No,Yes,0,0,0,0,0,0,0,0,0,0,0,0,1,0,0,0,1,0,0,1,1,0,0,1,0,0,0,0,0,0,0,0,71.87,1,0,0,0,0,0,12.206077645517674,0.75
2275,Male,20.0,Tamil Nadu,EWS,No,0.0,Commerce,1,7.99,75.21,250000.0,No,No,0,0,0,0,1,0,0,1,0,0,0,0,0,1,0,0,0,0,0,0,1,0,0,0,0,0,0,0,0,0,0,1,77.555,1,0,1,0,0,0,12.429220196836383,0.25
2276,Male,21.0,Karnataka,ST,No,0.0,Instrumentation,3,9.17,89.63,200000.0,No,Yes,0,0,0,0,1,0,1,0,1,0,0,0,0,1,0,0,1,0,0,1,1,0,0,0,0,0,0,0,0,1,0,0,90.66499999999999,1,1,0,0,0,1,12.206077645517674,0.75
2277,Female,23.0,Rajasthan,EWS,No,0.0,Pharmacy,4,8.55,78.33,250000.0,No,No,0,0,0,0,1,0,0,0,0,0,0,0,1,1,0,0,1,0,0,1,1,0,0,1,0,0,0,0,0,1,0,0,81.91499999999999,1,1,0,0,0,1,12.429220196836383,1.0
2278,Male,23.0,Karnataka,ST,No,0.0,AI_DS,3,7.4,69.4,350000.0,No,Yes,0,0,0,0,1,0,0,0,0,0,0,0,1,0,0,0,0,0,0,0,0,0,0,0,0,0,0,0,0,1,0,0,71.7,0,0,0,0,0,0,12.765691290604371,0.75
2279,Female,25.0,Uttar Pradesh,EWS,Yes,40.0,Electrical,4,6.29,60.84,400000.0,Yes,Yes,0,0,0,0,1,0,0,0,1,0,0,0,1,0,0,0,0,0,0,0,0,0,0,0,0,0,0,0,1,0,0,0,61.870000000000005,1,0,0,1,1,0,12.899222326086994,1.0
2280,Male,25.0,Telangana,SC,Yes,60.0,Medical,1,6.85,67.04,250000.0,Yes,No,1,0,0,0,1,0,0,1,0,0,0,0,1,1,0,0,0,0,0,0,0,0,0,0,0,0,0,0,0,1,0,0,67.77000000000001,1,0,1,1,1,0,12.429220196836383,0.25
2281,Female,23.0,Maharashtra,SC,No,0.0,Production,2,6.22,64.25,400000.0,No,No,0,0,0,0,1,0,0,0,1,0,0,0,0,0,0,0,0,0,0,0,0,0,0,0,0,0,0,0,0,0,0,0,63.224999999999994,0,0,0,0,0,0,12.899222326086994,0.5
2282,Male,20.0,Maharashtra,ST,No,0.0,Science,2,6.42,61.65,80000.0,No,No,1,0,0,0,0,0,0,0,0,0,0,0,1,1,0,0,0,0,0,0,0,0,0,0,0,0,0,0,0,0,0,0,62.925,1,0,0,0,0,0,11.289794413577894,0.5
2283,Male,25.0,Gujarat,OBC,No,0.0,Commerce,4,8.45,78.56,1500000.0,No,No,0,0,0,0,0,0,0,0,0,0,0,0,0,0,0,0,1,0,0,0,0,0,0,0,0,0,0,0,0,0,0,0,81.53,0,1,0,0,0,0,14.220976332738882,1.0
2284,Male,17.0,Delhi,ST,No,0.0,Commerce,3,8.52,77.25,200000.0,No,Yes,0,0,0,0,1,0,0,0,0,0,0,0,1,1,0,0,0,0,0,1,1,0,0,0,0,0,0,0,0,1,0,0,81.225,1,1,0,0,0,1,12.206077645517674,0.75
2285,Female,24.0,Karnataka,EWS,No,0.0,Chemical,2,9.24,87.82,1000000.0,No,No,0,0,0,0,0,0,1,0,0,0,1,0,0,0,0,0,1,0,0,0,0,0,0,0,0,0,0,0,0,0,0,0,90.11,0,1,0,0,0,0,13.815511557963774,0.5
2286,Male,22.0,Other,SC,No,0.0,Chemical,2,6.78,63.51,150000.0,Yes,No,0,0,0,0,0,0,0,0,0,0,0,0,0,1,0,0,0,0,0,1,0,0,0,0,0,0,0,0,0,0,0,0,65.655,1,0,0,0,0,0,11.918397239722838,0.5
2287,Male,21.0,Other,EWS,No,0.0,AI_DS,4,8.47,78.71,800000.0,No,Yes,0,0,0,0,0,0,0,0,0,0,0,0,0,0,0,0,0,0,0,0,0,0,0,0,0,0,0,0,0,0,0,0,81.705,0,1,0,0,0,0,13.592368256649284,1.0
2288,Female,23.0,Karnataka,OBC,No,0.0,AI_DS,4,6.6,71.2,1200000.0,Yes,Yes,0,0,0,0,0,0,0,0,0,0,0,0,0,0,0,0,0,0,0,0,0,0,0,0,0,0,0,0,0,0,0,0,68.6,1,0,0,0,0,0,13.997832948091215,1.0
2289,Female,20.0,Uttar Pradesh,EWS,No,0.0,AI_DS,2,6.09,63.32,400000.0,Yes,Yes,0,0,0,0,1,0,0,0,1,0,0,0,1,0,0,0,0,0,0,0,0,0,0,0,0,0,0,1,0,0,0,0,62.11,1,0,0,0,0,0,12.899222326086994,0.5
2290,Female,22.0,Karnataka,OBC,No,0.0,Science,1,6.82,67.28,500000.0,No,No,0,0,0,0,1,0,0,0,0,0,0,0,0,0,0,0,0,0,0,0,0,0,0,0,0,0,0,0,0,0,0,0,67.74000000000001,0,0,1,0,0,0,13.122365377402328,0.25
2291,Female,19.0,Andhra Pradesh,EWS,No,0.0,CSE,2,7.75,70.67,1000000.0,Yes,Yes,0,0,0,0,0,0,0,0,0,0,0,0,0,0,0,0,1,0,0,0,0,0,1,0,0,0,0,0,0,0,0,0,74.08500000000001,1,0,0,0,0,0,13.815511557963774,0.5
2292,Male,22.0,Telangana,EWS,No,0.0,ECE,3,7.49,73.51,300000.0,No,No,1,0,0,0,0,0,0,0,1,0,0,0,0,0,0,0,0,0,0,0,0,0,0,0,0,0,0,0,0,0,0,0,74.20500000000001,1,0,0,0,0,0,12.611541086966115,0.75
2293,Male,23.0,Uttar Pradesh,OBC,No,0.0,Biotechnology,4,7.27,72.64,350000.0,Yes,No,0,0,0,0,1,0,0,0,0,0,0,0,1,0,0,0,0,0,0,0,0,0,0,0,0,0,0,0,0,0,0,0,72.66999999999999,1,0,0,0,0,0,12.765691290604371,1.0
2294,Female,25.0,Gujarat,SC,No,0.0,Instrumentation,2,8.73,85.69,350000.0,Yes,Yes,0,0,0,1,1,0,0,0,1,0,1,0,1,0,0,0,1,0,0,0,0,0,0,0,0,1,0,1,0,0,1,0,86.495,1,1,0,0,0,1,12.765691290604371,0.5
2295,Male,24.0,Delhi,General,No,0.0,CSE,4,6.95,62.79,800000.0,No,No,0,0,0,0,0,0,0,0,0,0,0,0,0,0,0,0,0,0,0,0,0,0,0,0,0,0,0,0,0,0,0,0,66.145,0,0,0,0,0,0,13.592368256649284,1.0
2296,Male,18.0,Madhya Pradesh,EWS,No,0.0,IT,1,6.76,64.81,350000.0,No,Yes,0,0,0,0,0,0,0,1,0,0,0,0,1,0,0,0,0,0,0,0,0,0,0,0,0,0,0,0,0,0,0,0,66.205,0,0,1,0,0,0,12.765691290604371,0.25
2297,Male,22.0,Maharashtra,OBC,No,0.0,IT,1,8.15,70.91,400000.0,Yes,Yes,0,0,0,0,1,0,0,1,0,0,0,0,0,0,0,0,0,0,0,0,0,0,0,0,0,0,0,0,0,1,0,1,76.205,1,0,1,0,0,0,12.899222326086994,0.25
2298,Female,21.0,Maharashtra,ST,No,0.0,Civil,1,7.49,71.63,500000.0,Yes,Yes,0,0,0,0,1,0,0,0,1,0,0,0,0,0,0,0,0,0,0,0,0,0,0,0,0,0,0,1,0,0,0,1,73.265,1,0,1,0,0,0,13.122365377402328,0.25
2299,Female,19.0,Andhra Pradesh,OBC,No,0.0,Commerce,2,7.17,71.99,800000.0,No,No,0,0,0,0,0,0,0,0,0,0,0,0,0,0,0,0,0,0,0,0,0,0,0,0,0,0,0,0,0,0,0,0,71.845,0,0,0,0,0,0,13.592368256649284,0.5
2300,Female,17.0,Other,General,No,0.0,Biotechnology,2,8.01,80.03,800000.0,No,No,0,0,0,0,0,0,0,0,0,0,0,0,0,0,0,0,0,0,0,0,0,0,0,0,0,0,0,0,0,0,0,0,80.065,0,1,0,0,0,0,13.592368256649284,0.5
2301,Male,18.0,Andhra Pradesh,EWS,Yes,70.0,ECE,4,7.24,71.59,1500000.0,Yes,Yes,0,0,0,0,0,0,0,0,0,0,0,0,0,0,0,0,0,0,0,0,0,0,0,0,0,0,0,0,0,0,0,0,71.995,1,0,0,1,1,0,14.220976332738882,1.0
2302,Female,23.0,Andhra Pradesh,OBC,Yes,40.0,Electrical,1,9.46,93.81,200000.0,Yes,No,0,1,0,1,1,0,0,1,1,1,0,0,1,1,1,1,1,0,1,1,1,0,0,1,0,0,0,1,1,1,1,1,94.20500000000001,1,1,1,1,1,1,12.206077645517674,0.25
2303,Male,19.0,Andhra Pradesh,OBC,No,0.0,Instrumentation,3,6.19,58.04,250000.0,Yes,No,0,0,0,0,0,0,0,0,0,0,0,0,0,1,0,0,0,0,0,0,0,0,0,0,0,0,0,0,0,0,0,0,59.97,1,0,0,0,0,0,12.429220196836383,0.75
2304,Female,19.0,Other,SC,No,0.0,Management,1,7.09,68.82,120000.0,Yes,Yes,0,0,0,0,1,0,0,1,0,0,0,0,1,0,0,0,1,0,0,1,1,0,0,0,0,0,0,0,0,1,1,0,69.86,1,0,1,0,0,0,11.695255355062795,0.25
2305,Female,19.0,Telangana,OBC,No,0.0,Pharmacy,2,8.32,76.52,350000.0,Yes,Yes,0,0,0,0,0,0,0,0,0,0,0,0,1,0,0,0,0,0,0,0,0,0,0,0,0,0,0,0,0,1,1,0,79.86,1,1,0,0,0,1,12.765691290604371,0.5
2306,Male,20.0,Tamil Nadu,SC,No,0.0,Mechanical,3,7.58,65.95,600000.0,No,No,0,0,0,0,0,0,0,0,1,0,0,0,0,0,0,0,1,0,0,0,0,0,0,0,0,0,0,0,0,0,0,0,70.875,0,0,0,0,0,0,13.304686600863562,0.75
2307,Male,20.0,Uttar Pradesh,ST,No,0.0,Science,1,9.23,86.15,150000.0,No,Yes,0,0,0,0,0,0,0,0,0,0,0,0,1,0,0,0,1,0,1,1,1,0,0,0,0,0,0,0,0,1,0,1,89.22500000000001,1,1,1,0,0,1,11.918397239722838,0.25
2308,Female,22.0,Gujarat,SC,Yes,50.0,Production,4,7.57,70.99,250000.0,Yes,No,1,1,0,0,1,0,0,0,1,0,0,0,1,1,0,0,0,0,0,0,0,0,0,1,0,0,0,0,1,0,1,0,73.345,1,0,0,1,1,0,12.429220196836383,1.0
2309,Female,21.0,Other,General,No,0.0,Medical,3,8.88,75.85,1500000.0,Yes,Yes,0,0,0,0,0,0,0,0,0,0,0,0,0,0,0,0,1,0,0,0,0,0,0,0,0,0,0,0,0,0,0,0,82.325,1,1,0,0,0,1,14.220976332738882,0.75
2310,Female,24.0,Tamil Nadu,OBC,No,0.0,Instrumentation,4,7.48,70.74,350000.0,Yes,Yes,0,1,0,0,1,0,0,0,1,0,0,0,1,0,0,0,1,0,0,0,0,0,0,0,0,0,0,0,0,1,1,0,72.77000000000001,1,0,0,0,0,0,12.765691290604371,1.0
2311,Male,20.0,Andhra Pradesh,General,No,0.0,Science,4,6.96,71.3,250000.0,Yes,Yes,0,0,0,0,1,0,0,0,0,0,0,0,0,1,0,0,0,0,0,0,0,0,0,0,0,0,0,0,0,1,0,0,70.44999999999999,1,0,0,0,0,0,12.429220196836383,1.0
2312,Female,21.0,Uttar Pradesh,ST,No,0.0,Mechanical,2,7.49,63.5,1000000.0,Yes,No,0,0,0,0,0,0,0,0,0,0,0,0,0,0,0,0,0,0,0,0,0,0,0,0,0,0,0,0,0,0,0,0,69.2,1,0,0,0,0,0,13.815511557963774,0.5
2313,Male,25.0,Andhra Pradesh,OBC,No,0.0,Commerce,2,7.93,79.12,80000.0,No,No,0,0,0,0,0,0,0,0,0,0,0,0,0,1,0,0,0,0,0,0,0,0,0,0,0,0,0,0,0,0,0,0,79.21000000000001,1,0,0,0,0,0,11.289794413577894,0.5
2314,Female,18.0,Tamil Nadu,EWS,No,0.0,Mechanical,2,6.7,61.45,300000.0,No,Yes,0,0,0,0,0,0,0,0,1,0,0,0,0,0,0,0,0,0,0,0,0,0,0,1,0,0,0,1,0,0,0,0,64.225,1,0,0,0,0,0,12.611541086966115,0.5
2315,Male,20.0,Madhya Pradesh,EWS,No,0.0,Medical,4,8.82,85.07,1000000.0,No,No,0,0,0,0,0,0,0,0,0,0,0,0,0,0,0,0,1,0,0,0,0,0,0,0,0,0,0,0,0,0,0,0,86.63499999999999,0,1,0,0,0,0,13.815511557963774,1.0
2316,Male,22.0,Andhra Pradesh,General,No,0.0,Production,3,7.49,52.06,500000.0,Yes,Yes,0,0,0,0,0,0,0,0,1,0,0,0,0,0,0,0,1,0,0,0,0,0,0,0,0,0,0,0,0,0,0,0,63.480000000000004,1,0,0,0,0,0,13.122365377402328,0.75
2317,Female,20.0,Rajasthan,SC,No,0.0,Civil,1,7.49,78.13,150000.0,Yes,No,0,1,0,1,1,0,0,0,1,0,0,1,0,1,0,1,0,0,0,0,1,0,0,1,0,0,0,1,0,1,1,1,76.515,1,0,1,0,0,0,11.918397239722838,0.25
2318,Male,17.0,Maharashtra,General,No,0.0,IT,4,6.68,54.72,350000.0,Yes,Yes,0,0,0,0,0,0,0,0,0,0,0,0,1,0,0,0,0,0,0,0,0,1,0,0,0,0,0,0,0,0,0,0,60.76,1,0,0,0,0,0,12.765691290604371,1.0
2319,Female,20.0,Maharashtra,SC,No,0.0,AI_DS,2,8.13,73.57,250000.0,Yes,Yes,0,0,0,1,0,1,0,0,1,0,0,0,1,1,0,0,1,0,0,1,1,0,0,1,0,0,0,0,0,1,1,0,77.435,1,0,0,0,0,0,12.429220196836383,0.5
2320,Male,25.0,Uttar Pradesh,ST,No,0.0,Management,2,5.08,45.0,80000.0,No,No,0,0,0,0,0,0,0,0,0,0,0,0,0,0,0,0,0,0,0,0,0,0,0,0,0,0,0,0,0,0,0,0,47.9,1,0,0,0,0,0,11.289794413577894,0.5
2321,Female,21.0,Gujarat,OBC,No,0.0,CSE,3,8.48,80.95,600000.0,Yes,Yes,0,0,0,0,0,0,1,0,1,0,0,0,0,0,0,0,0,0,0,0,0,0,1,1,0,0,0,0,0,0,0,0,82.875,1,1,0,0,0,1,13.304686600863562,0.75
2322,Male,20.0,Madhya Pradesh,OBC,Yes,60.0,Commerce,4,7.23,72.85,600000.0,Yes,No,0,0,0,0,0,0,0,0,0,0,0,0,0,0,0,0,0,0,0,0,0,0,0,0,0,0,0,0,0,0,0,0,72.575,1,0,0,1,1,0,13.304686600863562,1.0
2323,Female,19.0,Uttar Pradesh,EWS,No,0.0,IT,3,8.26,83.32,350000.0,Yes,Yes,0,1,0,0,1,0,0,0,1,0,0,0,0,0,0,0,0,0,0,0,0,0,1,1,0,0,0,0,0,1,1,0,82.96,1,1,0,0,0,1,12.765691290604371,0.75
2324,Male,24.0,Other,SC,No,0.0,CSE,4,5.83,55.28,600000.0,No,No,0,0,0,0,0,0,0,0,0,0,0,0,0,0,0,0,0,0,0,0,0,0,0,0,0,0,0,0,0,0,0,0,56.79,0,0,0,0,0,0,13.304686600863562,1.0
2325,Male,25.0,Andhra Pradesh,EWS,No,0.0,Management,2,5.56,52.13,1200000.0,No,Yes,0,0,0,0,0,0,0,0,0,0,0,0,0,0,0,0,0,0,0,0,0,0,0,0,0,0,0,0,0,0,0,0,53.864999999999995,0,0,0,0,0,0,13.997832948091215,0.5
2326,Female,20.0,Telangana,ST,No,0.0,Mechanical,3,7.2,70.28,200000.0,Yes,Yes,0,1,0,0,0,0,0,0,1,0,0,0,1,1,0,0,0,0,0,0,1,0,0,1,0,0,0,0,0,1,0,0,71.14,1,0,0,0,0,0,12.206077645517674,0.75
2327,Female,22.0,Andhra Pradesh,General,Yes,60.0,Management,4,7.55,73.6,200000.0,Yes,Yes,0,0,0,0,1,0,0,0,0,0,0,0,1,1,0,0,0,0,0,0,1,0,0,1,0,0,0,0,0,1,1,0,74.55,1,0,0,1,1,0,12.206077645517674,1.0
2328,Female,22.0,Maharashtra,OBC,No,0.0,Mechanical,1,8.34,85.69,150000.0,No,Yes,0,1,0,1,1,0,0,1,1,1,0,0,1,1,1,1,1,0,1,1,1,1,0,1,1,0,0,1,0,1,0,1,84.545,1,1,1,0,0,1,11.918397239722838,0.25
2329,Male,25.0,Tamil Nadu,OBC,No,0.0,IT,2,7.12,64.82,250000.0,Yes,No,0,0,0,0,1,0,0,0,0,0,0,0,1,0,0,0,0,0,0,1,0,0,0,0,0,0,0,0,0,1,0,0,68.00999999999999,1,0,0,0,0,0,12.429220196836383,0.5
2330,Female,21.0,Tamil Nadu,SC,No,0.0,CSE,3,7.8,71.69,400000.0,No,Yes,0,0,0,0,0,0,0,0,1,0,0,0,0,0,0,0,0,0,0,0,0,0,0,0,0,0,0,0,0,0,0,0,74.845,0,0,0,0,0,0,12.899222326086994,0.75
2331,Female,25.0,Andhra Pradesh,OBC,No,0.0,Biotechnology,1,9.28,87.31,80000.0,No,No,0,0,0,0,0,0,0,0,0,0,0,0,1,1,0,0,1,0,1,1,0,0,0,1,1,0,0,0,0,1,1,0,90.055,1,1,1,0,0,1,11.289794413577894,0.25
2332,Female,18.0,Uttar Pradesh,General,No,0.0,IT,3,6.82,63.38,120000.0,No,Yes,0,0,0,0,1,0,0,0,0,0,0,0,1,1,0,0,0,0,0,1,0,0,0,1,0,0,0,0,0,0,0,0,65.79,1,0,0,0,0,0,11.695255355062795,0.75
2333,Male,25.0,Uttar Pradesh,SC,No,0.0,Pharmacy,4,8.36,78.95,200000.0,No,Yes,0,0,0,0,1,0,0,0,0,0,0,0,0,1,0,0,0,0,0,1,1,0,0,0,0,0,0,0,0,1,0,0,81.275,1,1,0,0,0,1,12.206077645517674,1.0
2334,Male,25.0,Madhya Pradesh,EWS,Yes,50.0,AI_DS,1,6.73,68.93,300000.0,No,No,0,0,0,0,0,0,0,0,1,0,0,0,0,0,0,0,0,0,0,0,0,0,0,0,0,0,0,0,1,1,0,0,68.11500000000001,1,0,1,1,1,0,12.611541086966115,0.25
2335,Female,23.0,Other,SC,No,0.0,ECE,4,6.47,61.57,80000.0,No,No,0,0,0,0,0,0,0,0,1,0,0,0,1,1,0,0,0,0,0,0,0,0,0,0,0,0,0,0,0,0,0,0,63.135000000000005,1,0,0,0,0,0,11.289794413577894,1.0
2336,Male,17.0,Telangana,General,No,0.0,CSE,3,8.28,73.77,300000.0,No,Yes,1,1,0,0,0,0,0,0,1,0,0,0,1,0,0,0,1,0,0,1,0,0,0,0,0,0,0,0,0,1,0,0,78.285,1,0,0,0,0,0,12.611541086966115,0.75
2337,Female,17.0,Karnataka,EWS,No,0.0,Electrical,2,8.08,73.59,120000.0,Yes,Yes,0,1,0,1,1,0,0,0,1,0,0,0,0,0,0,0,1,1,0,0,1,0,0,1,0,0,0,0,0,0,1,0,77.195,1,0,0,0,0,0,11.695255355062795,0.5
2338,Female,23.0,Gujarat,General,No,0.0,Pharmacy,4,8.49,77.77,800000.0,No,Yes,0,0,0,0,0,0,0,0,0,0,0,0,0,0,0,0,1,0,0,0,0,0,0,0,0,0,0,0,0,0,0,0,81.33500000000001,0,1,0,0,0,0,13.592368256649284,1.0
2339,Female,25.0,Delhi,General,No,0.0,Biotechnology,2,8.33,82.45,600000.0,No,Yes,0,0,0,0,0,0,0,0,0,0,0,0,0,0,0,0,0,0,0,0,0,0,0,1,0,0,0,0,0,0,0,0,82.875,0,1,0,0,0,0,13.304686600863562,0.5
2340,Female,21.0,Andhra Pradesh,EWS,No,0.0,Civil,2,8.53,81.79,300000.0,No,Yes,0,1,0,1,1,0,1,0,1,0,1,0,1,0,0,0,1,1,0,1,0,0,0,1,0,1,0,0,0,1,1,0,83.545,1,1,0,0,0,1,12.611541086966115,0.5
2341,Male,17.0,Karnataka,EWS,No,0.0,Chemical,3,7.22,66.86,1500000.0,Yes,Yes,0,0,0,0,0,0,0,0,0,0,0,0,0,0,0,0,0,0,0,0,0,0,0,0,0,0,0,0,0,0,0,0,69.53,1,0,0,0,0,0,14.220976332738882,0.75
2342,Female,24.0,Maharashtra,EWS,No,0.0,Management,1,9.27,85.97,600000.0,Yes,Yes,0,0,0,0,0,0,0,1,0,0,0,0,0,0,0,0,1,0,0,0,0,1,0,1,1,0,0,0,0,0,0,1,89.335,1,1,1,0,0,1,13.304686600863562,0.25
2343,Male,18.0,Delhi,SC,No,0.0,AI_DS,1,6.26,61.47,200000.0,Yes,No,0,0,0,0,0,0,0,1,0,0,0,0,1,1,0,0,0,0,0,0,0,0,0,0,0,0,0,0,0,0,0,0,62.035,1,0,1,0,0,0,12.206077645517674,0.25
2344,Female,18.0,Rajasthan,SC,No,0.0,Biotechnology,1,6.54,59.28,300000.0,Yes,No,0,0,0,0,0,0,0,0,0,0,0,0,1,0,0,0,0,0,0,0,0,0,0,0,0,0,0,0,0,0,0,0,62.34,1,0,1,0,0,0,12.611541086966115,0.25
2345,Male,19.0,Other,General,No,0.0,Medical,1,5.77,53.37,250000.0,No,Yes,0,0,0,0,0,0,0,0,0,0,0,0,0,0,0,0,0,0,0,0,0,0,0,0,0,0,0,0,0,0,0,0,55.535,1,0,1,0,0,0,12.429220196836383,0.25
2346,Male,17.0,Madhya Pradesh,OBC,No,0.0,Management,1,7.4,71.03,400000.0,No,No,0,0,0,0,0,0,0,0,0,0,0,0,1,0,0,0,1,0,0,0,0,0,0,0,0,0,0,0,0,0,0,0,72.515,0,0,1,0,0,0,12.899222326086994,0.25
2347,Female,21.0,Telangana,ST,No,0.0,IT,2,8.64,83.66,800000.0,Yes,Yes,0,0,0,0,0,1,1,0,0,0,0,0,0,0,0,0,1,0,0,0,0,0,1,0,0,0,0,1,0,0,0,0,85.03,1,1,0,0,0,1,13.592368256649284,0.5
2348,Female,18.0,Telangana,ST,No,0.0,Biotechnology,2,7.27,68.47,600000.0,No,No,0,0,0,0,0,0,0,0,0,0,0,0,0,0,0,0,1,0,0,0,0,0,0,1,0,0,0,0,0,0,0,0,70.585,0,0,0,0,0,0,13.304686600863562,0.5
2349,Female,23.0,Andhra Pradesh,OBC,No,0.0,Mechanical,2,8.11,80.86,300000.0,No,Yes,0,1,0,0,0,0,0,0,1,0,0,0,0,0,0,0,0,0,0,1,0,0,0,1,0,0,0,1,0,1,1,0,80.97999999999999,1,1,0,0,0,1,12.611541086966115,0.5
2350,Female,20.0,Maharashtra,OBC,No,0.0,AI_DS,3,7.65,71.27,80000.0,Yes,No,1,0,0,0,1,0,1,0,0,0,0,0,0,1,0,0,0,0,0,1,0,1,1,1,0,0,0,0,0,1,1,0,73.88499999999999,1,0,0,0,0,0,11.289794413577894,0.75
2351,Female,25.0,Tamil Nadu,General,No,0.0,Medical,4,7.49,55.61,80000.0,No,Yes,0,0,0,0,0,0,0,0,0,0,0,0,1,1,0,0,0,0,0,0,0,0,0,0,0,0,0,0,0,0,0,0,65.255,1,0,0,0,0,0,11.289794413577894,1.0
2352,Female,20.0,Maharashtra,ST,No,0.0,Commerce,1,8.3,80.58,300000.0,Yes,Yes,0,0,0,0,0,0,0,0,0,0,0,0,1,0,0,0,1,0,1,1,0,0,0,1,0,0,0,0,0,1,1,1,81.78999999999999,1,1,1,0,0,1,12.611541086966115,0.25
2353,Male,23.0,Telangana,General,No,0.0,ECE,1,8.19,77.42,1500000.0,Yes,Yes,0,0,0,0,0,0,0,1,0,0,0,0,0,0,0,0,0,0,0,0,0,0,0,0,0,0,0,0,0,0,0,0,79.66,1,1,1,0,0,1,14.220976332738882,0.25
2354,Male,19.0,Maharashtra,OBC,No,0.0,Electrical,3,9.19,85.85,150000.0,Yes,No,1,1,0,0,1,0,0,0,1,0,0,0,0,0,0,1,0,0,0,1,0,0,0,0,0,0,0,0,0,1,0,0,88.875,1,1,0,0,0,1,11.918397239722838,0.75
2355,Female,19.0,Karnataka,ST,No,0.0,Science,3,8.65,82.06,200000.0,Yes,Yes,0,0,0,0,1,0,0,0,0,0,0,0,0,0,0,0,1,0,0,1,1,0,0,1,0,0,0,0,0,0,1,0,84.28,1,1,0,0,0,1,12.206077645517674,0.75
2356,Female,17.0,Maharashtra,EWS,No,0.0,Commerce,1,6.77,66.09,150000.0,No,No,0,0,0,0,0,0,0,1,0,0,0,0,0,1,0,0,0,0,0,1,0,0,0,1,0,0,0,0,0,1,0,0,66.895,1,0,1,0,0,0,11.918397239722838,0.25
2357,Female,21.0,Other,SC,No,0.0,Instrumentation,2,7.99,76.98,80000.0,No,No,0,1,0,1,1,0,1,0,1,0,0,0,0,1,0,0,0,0,0,1,0,0,0,0,0,1,0,1,0,0,0,0,78.44,1,0,0,0,0,0,11.289794413577894,0.5
2358,Female,21.0,Madhya Pradesh,OBC,No,0.0,ECE,1,7.6,72.09,800000.0,Yes,No,0,0,0,0,0,0,0,1,0,0,0,0,0,0,0,0,1,0,0,0,0,0,0,0,0,0,0,1,0,0,0,1,74.045,1,0,1,0,0,0,13.592368256649284,0.25
2359,Female,22.0,Delhi,OBC,No,0.0,Chemical,3,10.0,98.0,350000.0,No,Yes,0,1,0,0,1,0,1,0,1,0,1,0,1,0,0,0,0,0,0,0,0,0,0,1,0,0,1,0,0,1,1,0,99.0,0,1,0,0,0,0,12.765691290604371,0.75
2360,Male,22.0,Gujarat,General,No,0.0,Management,1,8.37,79.85,300000.0,No,No,0,0,0,0,0,0,0,1,0,0,0,0,0,0,0,0,1,0,0,1,0,0,0,0,0,0,0,0,0,1,0,0,81.77499999999999,1,1,1,0,0,1,12.611541086966115,0.25
2361,Male,20.0,Andhra Pradesh,General,No,0.0,Electrical,3,8.71,84.3,500000.0,No,Yes,0,0,0,0,0,0,1,0,1,0,0,0,0,0,0,0,1,1,0,0,0,0,0,0,0,0,0,0,0,0,0,0,85.7,0,1,0,0,0,0,13.122365377402328,0.75
2362,Female,17.0,Telangana,ST,No,0.0,Electrical,4,7.53,70.62,350000.0,Yes,Yes,0,1,0,0,1,0,0,0,0,0,0,0,1,0,0,0,0,0,0,0,0,0,0,1,0,0,0,0,0,1,1,0,72.96000000000001,1,0,0,0,0,0,12.765691290604371,1.0
2363,Male,22.0,Rajasthan,SC,No,0.0,CSE,1,7.4,60.79,300000.0,Yes,Yes,0,0,0,0,0,0,0,1,1,0,0,0,1,0,0,0,0,0,0,0,0,0,0,0,0,0,0,0,0,1,0,0,67.395,1,0,1,0,0,0,12.611541086966115,0.25
2364,Male,24.0,Karnataka,General,No,0.0,ECE,3,7.75,72.16,350000.0,Yes,No,0,1,0,0,1,0,0,0,1,0,0,0,1,0,0,0,0,0,0,0,0,0,0,0,0,0,0,0,0,1,0,0,74.83,1,0,0,0,0,0,12.765691290604371,0.75
2365,Female,17.0,Madhya Pradesh,OBC,No,0.0,Chemical,1,9.41,89.45,200000.0,Yes,No,0,1,0,1,1,0,0,0,1,1,0,1,1,1,1,1,1,0,1,1,1,0,0,1,1,1,0,1,0,1,1,1,91.775,1,1,1,0,0,1,12.206077645517674,0.25
2366,Female,24.0,Uttar Pradesh,SC,No,0.0,Medical,3,6.07,57.52,1000000.0,No,Yes,0,0,0,0,0,0,0,0,0,0,0,0,0,0,0,0,0,0,0,0,0,0,0,0,0,0,0,0,0,0,0,0,59.11,0,0,0,0,0,0,13.815511557963774,0.75
2367,Male,22.0,Tamil Nadu,EWS,No,0.0,Science,1,6.24,60.7,600000.0,Yes,No,0,0,0,0,0,0,0,0,0,0,0,0,0,0,0,0,0,0,0,0,0,0,0,0,0,0,0,0,0,0,0,0,61.550000000000004,1,0,1,0,0,0,13.304686600863562,0.25
2368,Female,21.0,Andhra Pradesh,EWS,No,0.0,Biotechnology,4,7.85,77.45,120000.0,Yes,Yes,0,0,0,0,1,0,0,0,0,0,0,0,1,1,0,0,1,0,0,0,1,0,0,0,0,0,0,0,0,1,0,0,77.975,1,0,0,0,0,0,11.695255355062795,1.0
2369,Female,24.0,Telangana,EWS,No,0.0,CSE,3,6.55,62.33,350000.0,No,Yes,0,0,0,0,0,0,0,0,0,0,0,0,1,0,0,0,0,0,0,0,0,0,0,0,0,0,0,0,0,0,0,0,63.915,0,0,0,0,0,0,12.765691290604371,0.75
2370,Male,20.0,Tamil Nadu,ST,No,0.0,AI_DS,3,5.86,57.77,200000.0,Yes,Yes,0,0,0,0,0,0,0,0,0,0,0,0,0,0,0,0,0,0,0,0,0,0,0,0,0,0,0,0,0,0,0,0,58.185,1,0,0,0,0,0,12.206077645517674,0.75
2371,Male,19.0,Maharashtra,EWS,No,0.0,Management,2,8.12,78.63,200000.0,Yes,Yes,0,0,0,0,1,0,0,0,0,0,0,0,1,1,0,0,0,0,0,1,1,0,0,0,0,0,0,0,0,1,0,0,79.91499999999999,1,1,0,0,0,1,12.206077645517674,0.5
2372,Female,20.0,Other,OBC,No,0.0,Medical,3,7.5,72.49,250000.0,Yes,Yes,0,0,0,0,0,0,0,0,0,0,0,0,1,0,0,0,0,0,0,0,1,0,0,1,0,0,0,0,0,1,1,0,73.745,1,0,0,0,0,0,12.429220196836383,0.75
2373,Male,22.0,Karnataka,OBC,No,0.0,Science,4,9.43,88.73,600000.0,Yes,No,0,0,0,0,0,0,0,0,0,0,0,0,0,0,0,0,1,0,0,0,0,0,0,0,0,0,0,0,0,0,0,0,91.515,1,1,0,0,0,1,13.304686600863562,1.0
2374,Male,24.0,Tamil Nadu,OBC,No,0.0,Mechanical,2,7.67,69.61,1000000.0,No,Yes,0,0,0,0,0,0,0,0,0,0,0,0,0,0,0,0,0,0,0,0,0,0,0,0,0,0,0,0,0,0,0,0,73.155,0,0,0,0,0,0,13.815511557963774,0.5
2375,Male,19.0,Karnataka,OBC,Yes,40.0,Instrumentation,1,6.46,61.66,350000.0,No,Yes,0,0,0,0,0,0,0,0,1,0,0,0,1,0,0,0,0,0,0,0,0,0,0,0,0,0,0,0,1,0,0,0,63.129999999999995,0,0,1,1,1,0,12.765691290604371,0.25
2376,Male,19.0,Delhi,General,No,0.0,Civil,3,8.82,83.02,400000.0,Yes,Yes,0,0,0,0,1,0,1,0,1,0,0,0,1,0,0,0,1,1,0,0,0,0,0,0,0,0,0,0,0,0,0,0,85.61,1,1,0,0,0,1,12.899222326086994,0.75
2377,Male,24.0,Madhya Pradesh,SC,No,0.0,Biotechnology,3,7.22,67.37,1000000.0,No,Yes,0,0,0,0,0,0,0,0,0,0,0,0,0,0,0,0,0,0,0,0,0,0,0,0,0,0,0,0,0,0,0,0,69.785,0,0,0,0,0,0,13.815511557963774,0.75
2378,Female,17.0,Tamil Nadu,SC,No,0.0,AI_DS,2,6.86,66.05,500000.0,Yes,Yes,0,0,0,0,1,0,0,0,0,0,0,0,0,0,0,0,0,0,0,0,0,0,0,0,0,0,0,1,0,0,0,0,67.325,1,0,0,0,0,0,13.122365377402328,0.5
2379,Male,17.0,Andhra Pradesh,SC,No,0.0,Civil,2,5.7,57.99,150000.0,No,Yes,0,0,0,0,0,0,0,0,0,0,0,0,0,1,0,0,0,0,0,0,0,0,0,0,0,0,0,0,0,0,0,0,57.495000000000005,1,0,0,0,0,0,11.918397239722838,0.5
2380,Male,24.0,Tamil Nadu,ST,No,0.0,Civil,1,6.7,65.82,350000.0,Yes,No,0,0,0,0,0,0,0,0,1,0,0,0,1,0,0,0,0,0,0,0,0,0,0,0,0,0,0,0,0,0,0,0,66.41,1,0,1,0,0,0,12.765691290604371,0.25
2381,Female,21.0,Tamil Nadu,General,No,0.0,Science,1,5.98,58.82,200000.0,No,Yes,0,0,0,0,0,0,0,0,0,0,0,0,0,0,0,0,0,0,0,0,0,0,0,0,0,0,0,0,0,0,0,0,59.31,1,0,1,0,0,0,12.206077645517674,0.25
2382,Male,23.0,Maharashtra,SC,No,0.0,Mechanical,3,8.31,80.1,150000.0,No,Yes,1,1,0,0,1,0,0,0,1,0,0,0,0,1,0,1,0,0,0,1,0,0,0,0,0,0,0,0,0,1,0,0,81.6,1,1,0,0,0,1,11.918397239722838,0.75
2383,Male,24.0,Telangana,General,No,0.0,Management,3,6.31,60.69,80000.0,No,No,0,0,0,0,1,0,0,0,0,0,0,0,1,0,0,0,0,0,0,0,0,0,0,0,0,0,0,0,0,0,0,0,61.894999999999996,1,0,0,0,0,0,11.289794413577894,0.75
2384,Female,25.0,Gujarat,ST,No,0.0,Electrical,3,6.08,57.0,600000.0,Yes,No,0,0,0,0,0,0,0,0,0,0,0,0,0,0,0,0,0,0,0,0,0,0,0,0,0,0,0,0,0,0,0,0,58.9,1,0,0,0,0,0,13.304686600863562,0.75
2385,Male,17.0,Maharashtra,OBC,No,0.0,Civil,3,8.74,85.42,800000.0,No,No,0,0,0,0,0,0,1,0,0,0,0,0,0,0,0,0,1,1,0,0,0,0,0,0,0,0,0,0,0,0,0,0,86.41,0,1,0,0,0,0,13.592368256649284,0.75
2386,Female,18.0,Telangana,EWS,No,0.0,Biotechnology,4,7.52,68.52,800000.0,Yes,Yes,0,0,0,0,0,0,0,0,0,0,0,0,0,0,0,0,0,0,0,0,0,0,0,0,0,0,0,0,0,0,0,0,71.85999999999999,1,0,0,0,0,0,13.592368256649284,1.0
2387,Male,24.0,Uttar Pradesh,EWS,No,0.0,AI_DS,3,8.27,78.62,600000.0,No,Yes,0,0,0,0,0,0,0,0,1,0,0,0,0,0,0,0,0,0,0,0,0,0,0,0,0,0,0,0,0,0,0,0,80.66,0,1,0,0,0,0,13.304686600863562,0.75
2388,Female,22.0,Maharashtra,SC,No,0.0,Civil,2,5.0,49.85,1500000.0,No,No,0,0,0,0,0,0,0,0,0,0,0,0,0,0,0,0,0,0,0,0,0,0,0,0,0,0,0,0,0,0,0,0,49.925,0,0,0,0,0,0,14.220976332738882,0.5
2389,Female,20.0,Gujarat,OBC,No,0.0,Instrumentation,4,7.47,74.57,120000.0,Yes,Yes,0,0,0,0,1,0,0,0,1,0,0,0,1,1,0,0,0,0,0,0,1,0,0,1,0,0,0,0,0,1,1,0,74.63499999999999,1,0,0,0,0,0,11.695255355062795,1.0
2390,Male,25.0,Uttar Pradesh,EWS,No,0.0,AI_DS,1,6.19,49.27,300000.0,No,No,0,0,0,0,0,0,0,0,0,0,0,0,0,0,0,0,0,0,0,0,0,0,0,0,0,0,0,0,0,0,0,0,55.58500000000001,1,0,1,0,0,0,12.611541086966115,0.25
2391,Male,21.0,Maharashtra,General,No,0.0,Mechanical,4,7.83,75.26,350000.0,Yes,Yes,0,1,0,0,0,0,0,0,1,0,0,0,1,0,0,0,0,0,0,0,0,1,0,0,0,0,0,0,0,1,0,0,76.78,1,0,0,0,0,0,12.765691290604371,1.0
2392,Male,25.0,Telangana,ST,No,0.0,Mechanical,3,5.47,49.03,350000.0,No,No,0,0,0,0,0,0,0,0,0,0,0,0,0,0,0,0,0,0,0,0,0,0,0,0,0,0,0,0,0,0,0,0,51.864999999999995,0,0,0,0,0,0,12.765691290604371,0.75
2393,Male,21.0,Delhi,EWS,No,0.0,Electrical,2,10.0,94.08,400000.0,No,Yes,0,0,0,0,0,0,1,0,1,0,0,0,1,0,0,0,1,1,0,0,0,0,0,0,0,0,0,0,0,1,0,0,97.03999999999999,0,1,0,0,0,0,12.899222326086994,0.5
2394,Female,25.0,Telangana,General,No,0.0,IT,4,8.38,77.66,1000000.0,Yes,Yes,0,0,0,0,0,0,1,0,0,0,0,0,0,0,0,0,1,0,0,0,0,0,0,0,0,0,1,0,0,0,0,0,80.73,1,1,0,0,0,1,13.815511557963774,1.0
2395,Female,22.0,Andhra Pradesh,SC,No,0.0,Instrumentation,4,7.49,71.2,80000.0,No,No,0,0,0,0,0,0,0,0,1,0,0,0,1,1,0,0,0,0,0,1,0,0,0,0,0,0,0,0,0,0,0,0,73.05000000000001,1,0,0,0,0,0,11.289794413577894,1.0
2396,Female,21.0,Uttar Pradesh,ST,No,0.0,Production,1,7.18,67.01,1500000.0,No,Yes,0,0,0,0,0,0,0,1,0,0,0,0,0,0,0,0,1,0,0,0,0,0,0,0,0,0,0,0,0,0,0,0,69.405,0,0,1,0,0,0,14.220976332738882,0.25
2397,Male,23.0,Rajasthan,General,No,0.0,IT,2,7.36,70.71,350000.0,Yes,No,0,1,0,0,1,0,0,0,1,0,0,0,1,0,0,0,0,0,0,0,0,0,0,0,0,0,0,0,0,1,0,0,72.155,1,0,0,0,0,0,12.765691290604371,0.5
2398,Female,19.0,Maharashtra,General,No,0.0,Pharmacy,3,7.32,65.75,1000000.0,No,No,0,0,0,0,0,0,0,0,0,0,0,0,0,0,0,0,1,0,0,0,0,0,0,0,0,0,0,0,0,0,0,0,69.475,0,0,0,0,0,0,13.815511557963774,0.75
2399,Female,22.0,Tamil Nadu,EWS,No,0.0,Biotechnology,3,8.08,70.91,1200000.0,No,No,0,0,0,0,0,0,0,0,0,0,0,0,0,0,0,0,0,0,0,0,0,0,0,0,0,0,0,0,0,0,0,0,75.85499999999999,0,0,0,0,0,0,13.997832948091215,0.75
2400,Female,18.0,Gujarat,SC,No,0.0,Instrumentation,1,5.04,50.1,80000.0,Yes,No,0,0,0,0,0,0,0,0,0,0,0,0,0,0,0,0,0,0,0,0,0,0,0,0,0,0,0,0,0,0,0,0,50.25,1,0,1,0,0,0,11.289794413577894,0.25
2401,Female,22.0,Delhi,ST,No,0.0,Electrical,3,8.11,76.87,800000.0,Yes,No,0,0,0,0,0,0,0,0,0,0,0,0,0,0,0,0,1,0,0,0,0,0,0,0,0,0,1,0,0,0,0,0,78.985,1,1,0,0,0,1,13.592368256649284,0.75
2402,Male,23.0,Andhra Pradesh,SC,No,0.0,ECE,2,5.83,53.26,150000.0,No,No,0,0,0,0,0,0,0,0,0,0,0,0,0,0,0,0,0,0,0,0,0,0,0,0,0,0,0,0,0,0,0,0,55.78,1,0,0,0,0,0,11.918397239722838,0.5
2403,Female,18.0,Delhi,EWS,No,0.0,Chemical,1,7.18,63.42,150000.0,Yes,Yes,0,0,0,0,1,0,0,1,1,0,0,1,1,1,0,0,1,0,0,1,0,0,0,0,0,0,0,1,0,0,1,0,67.61,1,0,1,0,0,0,11.918397239722838,0.25
2404,Female,25.0,Andhra Pradesh,General,No,0.0,Production,3,6.61,64.75,1500000.0,No,Yes,0,0,0,0,0,0,0,0,0,0,0,0,0,0,0,0,0,0,0,0,0,0,0,0,0,0,0,0,0,0,0,0,65.42500000000001,0,0,0,0,0,0,14.220976332738882,0.75
2405,Male,24.0,Maharashtra,OBC,No,0.0,IT,3,9.21,86.24,1200000.0,No,Yes,0,0,0,0,0,0,1,0,0,0,0,0,0,0,0,0,1,0,0,0,0,0,0,0,0,0,0,0,0,0,0,0,89.17,0,1,0,0,0,0,13.997832948091215,0.75
2406,Male,25.0,Other,ST,No,0.0,IT,3,8.41,74.15,350000.0,Yes,Yes,0,0,0,0,1,0,0,0,1,0,0,0,1,0,0,0,0,0,0,0,0,0,0,0,0,0,0,0,0,1,0,0,79.125,1,0,0,0,0,0,12.765691290604371,0.75
2407,Male,21.0,Rajasthan,OBC,No,0.0,CSE,4,8.29,76.34,800000.0,Yes,No,0,0,0,0,0,0,1,0,0,0,0,0,0,0,0,0,0,0,0,0,0,0,0,0,0,0,0,0,0,0,0,0,79.62,1,1,0,0,0,1,13.592368256649284,1.0
2408,Female,24.0,Gujarat,SC,No,0.0,Electrical,3,7.87,74.02,120000.0,Yes,No,1,0,0,0,0,0,0,0,1,0,0,0,1,1,0,0,0,1,0,1,0,0,0,1,0,0,0,0,0,1,1,0,76.36,1,0,0,0,0,0,11.695255355062795,0.75
2409,Female,21.0,Delhi,General,No,0.0,IT,4,9.08,83.64,200000.0,No,No,0,1,0,0,0,0,1,0,1,0,1,0,0,1,0,0,1,0,0,1,1,0,1,1,0,0,1,0,0,1,1,0,87.22,1,1,0,0,0,1,12.206077645517674,1.0
2410,Female,21.0,Delhi,General,No,0.0,Management,2,8.25,77.54,600000.0,No,Yes,0,0,0,0,0,0,0,0,0,0,0,0,0,0,0,0,0,0,0,0,0,0,0,1,0,0,0,0,0,0,0,0,80.02000000000001,0,1,0,0,0,0,13.304686600863562,0.5
2411,Female,25.0,Maharashtra,OBC,No,0.0,Commerce,1,7.31,68.89,150000.0,No,No,1,0,0,0,1,0,0,1,0,0,0,0,0,0,0,0,0,0,0,1,0,1,0,1,0,0,0,0,0,1,0,1,70.995,1,0,1,0,0,0,11.918397239722838,0.25
2412,Male,17.0,Karnataka,General,No,0.0,Electrical,3,6.49,61.61,500000.0,No,Yes,0,0,0,0,0,0,0,0,0,0,0,0,0,0,0,0,0,0,0,0,0,0,0,0,0,0,0,0,0,0,0,0,63.255,0,0,0,0,0,0,13.122365377402328,0.75
2413,Female,20.0,Telangana,OBC,Yes,40.0,Science,4,7.42,71.21,400000.0,No,No,0,0,0,0,1,0,0,0,0,0,0,0,0,0,0,0,1,0,0,0,0,0,0,0,0,0,0,0,0,0,1,0,72.705,0,0,0,1,1,0,12.899222326086994,1.0
2414,Female,22.0,Uttar Pradesh,SC,No,0.0,ECE,3,7.6,74.59,120000.0,No,No,0,1,0,0,1,0,0,0,1,0,0,0,1,1,0,0,0,0,0,1,1,0,0,1,0,0,0,0,0,1,0,0,75.295,1,0,0,0,0,0,11.695255355062795,0.75
2415,Male,20.0,Maharashtra,EWS,No,0.0,Electrical,3,8.61,71.2,1200000.0,No,No,0,0,0,0,0,0,1,0,0,0,0,0,0,0,0,0,1,1,0,0,0,0,0,0,0,0,0,0,0,0,0,0,78.65,0,0,0,0,0,0,13.997832948091215,0.75
2416,Male,23.0,Gujarat,OBC,No,0.0,Production,2,8.54,77.57,350000.0,Yes,No,0,0,0,0,1,0,1,0,1,0,0,0,1,0,0,0,1,1,0,0,0,0,0,0,0,0,0,0,0,1,0,0,81.48499999999999,1,1,0,0,0,1,12.765691290604371,0.5
2417,Female,21.0,Gujarat,ST,No,0.0,Management,3,8.21,79.85,500000.0,Yes,No,0,0,0,0,1,0,0,0,0,0,0,0,0,0,0,0,1,0,0,0,0,0,0,1,0,0,0,0,0,0,0,0,80.975,1,1,0,0,0,1,13.122365377402328,0.75
2418,Female,20.0,Maharashtra,ST,No,0.0,Civil,1,5.21,49.77,300000.0,Yes,Yes,0,0,0,0,0,0,0,0,0,0,0,0,0,0,0,0,0,0,0,0,0,0,0,0,0,0,0,0,0,0,0,0,50.935,1,0,1,0,0,0,12.611541086966115,0.25
2419,Female,25.0,Delhi,OBC,No,0.0,Electrical,4,6.94,63.65,1500000.0,No,No,0,0,0,0,0,0,0,0,0,0,0,0,0,0,0,0,0,0,0,0,0,0,0,0,0,0,0,0,0,0,0,0,66.525,0,0,0,0,0,0,14.220976332738882,1.0
2420,Female,23.0,Uttar Pradesh,EWS,No,0.0,CSE,4,7.49,84.68,150000.0,Yes,Yes,0,1,0,0,1,0,0,0,1,0,0,0,1,1,0,1,0,0,0,0,1,0,1,1,0,0,0,0,0,1,1,0,79.79,1,0,0,0,0,0,11.918397239722838,1.0
2421,Female,19.0,Karnataka,ST,No,0.0,CSE,2,6.53,62.26,150000.0,Yes,No,0,0,0,0,1,0,0,0,1,0,0,0,1,1,0,0,0,0,0,1,0,0,0,1,0,0,0,1,0,0,0,0,63.78,1,0,0,0,0,0,11.918397239722838,0.5
2422,Male,17.0,Andhra Pradesh,SC,No,0.0,Science,1,8.32,78.62,800000.0,No,No,0,0,0,0,0,0,0,0,0,0,0,0,0,0,0,0,1,0,0,0,0,0,0,0,0,0,0,0,0,0,0,1,80.91,0,1,1,0,0,0,13.592368256649284,0.25
2423,Female,22.0,Telangana,General,No,0.0,Science,4,8.9,86.14,400000.0,No,No,0,0,0,0,0,0,0,0,0,0,0,0,0,0,0,0,1,0,0,0,0,0,0,0,0,0,0,0,0,0,1,0,87.57,0,1,0,0,0,0,12.899222326086994,1.0
2424,Male,25.0,Rajasthan,EWS,No,0.0,IT,4,5.0,45.91,1000000.0,Yes,No,0,0,0,0,0,0,0,0,0,0,0,0,0,0,0,0,0,0,0,0,0,0,0,0,0,0,0,0,0,0,0,0,47.955,1,0,0,0,0,0,13.815511557963774,1.0
2425,Male,22.0,Uttar Pradesh,General,No,0.0,IT,3,6.83,66.32,300000.0,No,Yes,0,0,0,0,0,0,0,0,1,0,0,0,1,0,0,0,0,0,0,0,0,0,0,0,0,0,0,0,0,1,0,0,67.31,1,0,0,0,0,0,12.611541086966115,0.75
2426,Female,25.0,Karnataka,EWS,No,0.0,Science,4,5.0,55.15,200000.0,Yes,Yes,0,0,0,0,0,0,0,0,0,0,0,0,0,0,0,0,0,0,0,0,0,0,0,0,0,0,0,0,0,0,0,0,52.575,1,0,0,0,0,0,12.206077645517674,1.0
2427,Male,24.0,Andhra Pradesh,General,No,0.0,Medical,1,8.14,77.78,150000.0,Yes,Yes,0,0,0,0,1,0,0,1,0,0,0,0,1,1,0,0,0,0,0,0,1,0,0,0,0,0,0,0,0,1,0,1,79.59,1,1,1,0,0,1,11.918397239722838,0.25
2428,Female,18.0,Delhi,EWS,No,0.0,Medical,1,8.92,91.77,500000.0,Yes,Yes,0,0,0,0,1,0,0,1,0,0,0,0,0,0,0,0,1,0,0,0,0,0,0,1,0,0,0,0,0,0,0,1,90.485,1,1,1,0,0,1,13.122365377402328,0.25
2429,Female,17.0,Andhra Pradesh,ST,No,0.0,IT,1,8.54,83.98,80000.0,No,Yes,0,0,0,1,0,1,0,1,1,1,0,1,1,1,1,0,1,0,1,1,1,0,0,1,0,1,0,0,0,0,1,0,84.69,1,1,1,0,0,1,11.289794413577894,0.25
2430,Male,24.0,Gujarat,EWS,No,0.0,Medical,2,7.66,72.35,200000.0,No,No,1,0,0,0,1,0,0,0,0,0,0,0,0,1,0,0,1,0,0,0,0,0,0,0,0,0,0,0,0,0,0,0,74.475,1,0,0,0,0,0,12.206077645517674,0.5
2431,Female,24.0,Maharashtra,OBC,No,0.0,IT,4,6.93,63.36,400000.0,No,No,0,0,0,0,0,0,0,0,1,0,0,0,1,0,0,0,0,0,0,0,0,1,0,1,0,0,0,0,0,0,0,0,66.33,0,0,0,0,0,0,12.899222326086994,1.0
2432,Female,25.0,Karnataka,OBC,No,0.0,Science,1,6.68,59.41,1200000.0,No,No,0,0,0,0,0,0,0,0,0,0,0,0,0,0,0,0,0,0,0,0,0,0,0,0,0,0,0,0,0,0,0,0,63.105,0,0,1,0,0,0,13.997832948091215,0.25
2433,Male,18.0,Gujarat,OBC,No,0.0,Biotechnology,3,7.41,65.34,800000.0,Yes,No,0,0,0,0,0,0,0,0,0,0,0,0,0,0,0,0,0,0,0,0,0,0,0,0,0,0,0,0,0,0,0,0,69.72,1,0,0,0,0,0,13.592368256649284,0.75
2434,Female,17.0,Madhya Pradesh,OBC,No,0.0,Management,2,7.73,73.33,500000.0,No,No,0,0,0,0,0,0,0,0,0,0,0,0,0,0,0,0,1,0,0,0,0,0,0,0,0,0,0,0,0,0,0,0,75.315,0,0,0,0,0,0,13.122365377402328,0.5
2435,Female,17.0,Telangana,SC,No,0.0,Civil,1,7.68,71.39,120000.0,No,Yes,0,1,0,1,1,0,0,1,1,0,0,0,0,1,0,0,0,0,0,1,0,0,0,0,0,0,0,0,0,0,0,0,74.095,1,0,1,0,0,0,11.695255355062795,0.25
2436,Female,24.0,Maharashtra,General,No,0.0,Production,3,10.0,98.0,350000.0,Yes,Yes,0,1,0,0,1,0,1,0,1,0,1,0,1,0,0,0,0,1,0,0,0,1,0,0,0,0,1,0,0,1,0,0,99.0,1,1,0,0,0,1,12.765691290604371,0.75
2437,Female,25.0,Tamil Nadu,General,No,0.0,Medical,1,6.01,57.79,1000000.0,Yes,No,0,0,0,0,0,0,0,0,0,0,0,0,0,0,0,0,0,0,0,0,0,0,0,0,0,0,0,0,0,0,0,0,58.94499999999999,1,0,1,0,0,0,13.815511557963774,0.25
2438,Female,24.0,Delhi,General,No,0.0,Electrical,2,6.77,61.27,800000.0,No,No,0,0,0,0,0,0,0,0,0,0,0,0,0,0,0,0,0,0,0,0,0,0,0,0,0,0,0,0,0,0,0,0,64.485,0,0,0,0,0,0,13.592368256649284,0.5
2439,Female,23.0,Delhi,SC,No,0.0,Management,3,5.89,57.25,80000.0,Yes,No,0,0,0,0,0,0,0,0,0,0,0,0,0,1,0,0,0,0,0,0,0,0,0,0,0,0,0,0,0,0,0,0,58.075,1,0,0,0,0,0,11.289794413577894,0.75
2440,Female,21.0,Maharashtra,General,No,0.0,Electrical,3,6.68,66.36,400000.0,Yes,No,0,0,0,0,1,0,0,0,0,0,0,0,0,0,0,0,0,0,0,0,0,1,0,0,0,0,0,0,0,1,1,0,66.58,1,0,0,0,0,0,12.899222326086994,0.75
2441,Male,18.0,Madhya Pradesh,EWS,No,0.0,Pharmacy,4,8.69,86.68,1000000.0,Yes,Yes,0,0,0,0,0,0,0,0,0,0,0,0,0,0,0,0,1,0,0,0,0,0,0,0,0,0,0,0,0,0,0,0,86.78999999999999,1,1,0,0,0,1,13.815511557963774,1.0
2442,Female,20.0,Rajasthan,General,No,0.0,Civil,1,6.48,62.99,150000.0,Yes,No,0,0,0,0,0,0,0,1,1,0,0,1,1,1,0,0,0,0,0,0,0,0,0,1,0,0,0,0,0,0,0,0,63.89500000000001,1,0,1,0,0,0,11.918397239722838,0.25
2443,Female,21.0,Other,OBC,No,0.0,Production,2,8.26,77.05,150000.0,No,Yes,0,1,0,0,1,0,0,0,1,0,0,0,1,1,0,0,0,1,0,0,1,0,0,1,0,0,0,1,0,1,1,0,79.82499999999999,1,1,0,0,0,1,11.918397239722838,0.5
2444,Female,22.0,Rajasthan,EWS,No,0.0,Instrumentation,2,6.57,67.24,600000.0,No,No,0,0,0,0,0,0,0,0,0,0,0,0,0,0,0,0,0,0,0,0,0,0,0,0,0,0,0,0,0,0,0,0,66.47,0,0,0,0,0,0,13.304686600863562,0.5
2445,Male,24.0,Karnataka,SC,No,0.0,Medical,4,7.77,75.72,1000000.0,No,No,0,0,0,0,0,0,0,0,0,0,0,0,0,0,0,0,0,0,0,0,0,0,0,0,0,0,0,0,0,0,0,0,76.71,0,0,0,0,0,0,13.815511557963774,1.0
2446,Male,21.0,Madhya Pradesh,EWS,No,0.0,Chemical,1,6.51,58.19,800000.0,No,No,0,0,0,0,0,0,0,0,0,0,0,0,0,0,0,0,0,0,0,0,0,0,0,0,0,0,0,0,0,0,0,0,61.644999999999996,0,0,1,0,0,0,13.592368256649284,0.25
2447,Male,23.0,Rajasthan,ST,Yes,40.0,Mechanical,2,6.82,64.42,120000.0,Yes,No,0,0,0,0,1,0,0,0,1,0,0,0,1,1,0,0,0,0,0,1,0,0,0,0,0,0,0,0,1,0,0,0,66.31,1,0,0,1,1,0,11.695255355062795,0.5
2448,Male,21.0,Rajasthan,OBC,No,0.0,Chemical,3,6.22,59.06,800000.0,No,No,0,0,0,0,0,0,0,0,0,0,0,0,0,0,0,0,0,0,0,0,0,0,0,0,0,0,0,0,0,0,0,0,60.629999999999995,0,0,0,0,0,0,13.592368256649284,0.75
2449,Male,21.0,Delhi,General,No,0.0,Science,3,5.47,48.6,80000.0,Yes,Yes,0,0,0,0,0,0,0,0,0,0,0,0,0,0,0,0,0,0,0,0,0,0,0,0,0,0,0,0,0,0,0,0,51.65,1,0,0,0,0,0,11.289794413577894,0.75
2450,Female,21.0,Other,OBC,No,0.0,CSE,2,8.31,80.76,350000.0,No,Yes,0,1,0,1,0,1,0,0,0,0,0,0,1,0,0,0,1,0,0,0,0,0,0,1,0,1,0,1,0,1,1,0,81.93,0,1,0,0,0,0,12.765691290604371,0.5
2451,Female,19.0,Rajasthan,EWS,No,0.0,Commerce,4,7.49,63.73,400000.0,No,Yes,0,0,0,0,1,0,0,0,0,0,0,0,0,0,0,0,0,0,0,0,0,0,0,0,0,0,0,0,0,0,0,0,69.315,0,0,0,0,0,0,12.899222326086994,1.0
2452,Female,23.0,Andhra Pradesh,ST,No,0.0,CSE,2,6.27,58.45,300000.0,No,Yes,0,0,0,0,0,0,0,0,0,0,0,0,0,0,0,0,0,0,0,0,0,0,0,0,0,0,0,0,0,0,0,0,60.575,1,0,0,0,0,0,12.611541086966115,0.5
2453,Female,19.0,Maharashtra,OBC,No,0.0,Electrical,2,8.27,81.35,800000.0,Yes,No,0,0,0,0,0,0,0,0,0,0,0,0,0,0,0,0,1,0,0,0,0,1,0,0,0,0,0,1,0,0,0,0,82.02499999999999,1,1,0,0,0,1,13.592368256649284,0.5
2454,Male,18.0,Karnataka,ST,No,0.0,Production,4,6.9,62.09,400000.0,No,Yes,0,0,0,0,0,0,0,0,1,0,0,0,1,0,0,0,0,0,0,0,0,0,0,0,0,0,0,0,0,0,0,0,65.545,0,0,0,0,0,0,12.899222326086994,1.0
2455,Male,24.0,Tamil Nadu,EWS,No,0.0,Electrical,3,7.82,71.82,250000.0,No,Yes,0,1,0,0,0,0,1,0,1,0,0,0,1,1,0,0,0,1,0,0,1,0,0,0,0,0,0,0,0,0,0,0,75.00999999999999,1,0,0,0,0,0,12.429220196836383,0.75
2456,Female,21.0,Maharashtra,EWS,No,0.0,Production,3,6.88,69.34,120000.0,No,No,0,0,0,0,1,0,0,0,1,0,0,0,1,1,0,0,0,0,0,1,0,0,0,1,0,0,0,0,0,0,0,0,69.07,1,0,0,0,0,0,11.695255355062795,0.75
2457,Female,22.0,Andhra Pradesh,SC,No,0.0,Medical,1,8.49,81.13,120000.0,No,Yes,0,0,0,0,1,0,0,1,0,0,0,0,1,1,0,0,1,0,1,0,1,0,0,1,0,0,0,0,0,1,1,0,83.015,1,1,1,0,0,1,11.695255355062795,0.25
2458,Female,19.0,Andhra Pradesh,OBC,No,0.0,Pharmacy,4,5.97,57.35,600000.0,No,No,0,0,0,0,0,0,0,0,0,0,0,0,0,0,0,0,0,0,0,0,0,0,0,0,0,0,0,0,0,0,0,0,58.525,0,0,0,0,0,0,13.304686600863562,1.0
2459,Male,19.0,Tamil Nadu,ST,No,0.0,Instrumentation,1,8.78,71.2,250000.0,Yes,Yes,0,1,0,0,1,0,0,0,0,0,0,0,1,1,0,0,0,0,0,1,1,0,0,0,0,0,0,0,0,1,0,0,79.5,1,0,1,0,0,0,12.429220196836383,0.25
2460,Male,25.0,Madhya Pradesh,General,No,0.0,Biotechnology,3,9.12,90.52,120000.0,Yes,No,0,0,0,0,1,0,0,0,0,0,0,0,1,1,0,0,1,0,0,1,0,0,0,0,0,0,0,0,0,1,0,0,90.85999999999999,1,1,0,0,0,1,11.695255355062795,0.75
2461,Female,21.0,Delhi,ST,No,0.0,Mechanical,2,9.5,91.17,600000.0,Yes,No,0,0,0,0,0,0,1,0,1,0,1,0,0,0,0,0,1,1,0,0,0,0,0,1,0,0,0,1,0,0,0,0,93.08500000000001,1,1,0,0,0,1,13.304686600863562,0.5
2462,Female,20.0,Karnataka,General,No,0.0,Pharmacy,3,8.2,82.14,350000.0,Yes,No,0,0,0,0,0,0,0,0,0,0,0,0,1,0,0,0,0,0,0,0,0,0,0,1,0,0,0,0,0,1,1,0,82.07,1,1,0,0,0,1,12.765691290604371,0.75
2463,Female,21.0,Uttar Pradesh,OBC,No,0.0,AI_DS,1,8.04,74.88,250000.0,No,No,0,1,0,0,1,0,0,1,1,1,0,0,0,0,0,0,0,0,0,1,0,0,0,0,0,0,0,1,0,1,0,0,77.63999999999999,1,0,1,0,0,0,12.429220196836383,0.25
2464,Female,20.0,Rajasthan,OBC,No,0.0,CSE,3,6.96,66.84,80000.0,No,No,0,0,0,0,1,0,0,0,1,0,0,0,0,1,0,0,0,0,0,1,0,0,0,0,0,0,0,0,0,0,1,0,68.22,1,0,0,0,0,0,11.289794413577894,0.75
2465,Male,24.0,Tamil Nadu,ST,No,0.0,Civil,1,5.95,56.1,1000000.0,No,Yes,0,0,0,0,0,0,0,0,0,0,0,0,0,0,0,0,0,0,0,0,0,0,0,0,0,0,0,0,0,0,0,0,57.8,0,0,1,0,0,0,13.815511557963774,0.25
2466,Male,18.0,Delhi,ST,No,0.0,AI_DS,3,8.82,77.22,200000.0,Yes,No,0,1,0,0,1,0,1,0,1,0,0,0,1,1,0,1,1,0,0,1,1,0,0,0,0,0,0,0,0,0,0,0,82.71000000000001,1,1,0,0,0,1,12.206077645517674,0.75
2467,Male,18.0,Telangana,OBC,No,0.0,Commerce,2,9.34,92.1,800000.0,Yes,Yes,0,0,0,0,0,0,0,0,0,0,0,0,0,0,0,0,1,0,0,0,0,0,0,0,0,0,0,0,0,0,0,0,92.75,1,1,0,0,0,1,13.592368256649284,0.5
2468,Female,25.0,Rajasthan,EWS,No,0.0,IT,4,6.95,67.66,800000.0,No,No,0,0,0,0,0,0,0,0,0,0,0,0,0,0,0,0,0,0,0,0,0,0,0,0,0,0,0,0,0,0,0,0,68.58,0,0,0,0,0,0,13.592368256649284,1.0
2469,Female,19.0,Madhya Pradesh,ST,No,0.0,Commerce,1,7.5,74.94,150000.0,No,Yes,0,0,0,0,0,0,0,0,0,0,0,0,1,1,0,0,1,0,0,0,0,0,0,1,0,0,0,0,0,0,0,1,74.97,1,0,1,0,0,0,11.918397239722838,0.25
2470,Male,18.0,Madhya Pradesh,SC,No,0.0,Civil,1,8.68,78.26,350000.0,Yes,Yes,0,1,0,0,1,0,0,0,0,0,0,0,1,0,0,0,1,0,0,0,0,0,0,0,0,0,0,0,0,1,0,0,82.53,1,1,1,0,0,1,12.765691290604371,0.25
2471,Male,20.0,Maharashtra,OBC,No,0.0,CSE,3,8.2,77.28,800000.0,No,Yes,0,0,0,0,0,0,1,0,0,0,0,0,0,0,0,0,0,0,0,0,0,1,0,0,0,0,0,0,0,0,0,0,79.64,0,1,0,0,0,0,13.592368256649284,0.75
2472,Female,19.0,Gujarat,SC,No,0.0,ECE,3,7.6,70.02,1200000.0,Yes,Yes,0,0,0,0,0,0,1,0,0,0,0,0,0,0,0,0,0,0,0,0,0,0,0,0,0,0,0,0,0,0,0,0,73.00999999999999,1,0,0,0,0,0,13.997832948091215,0.75
2473,Female,23.0,Tamil Nadu,General,No,0.0,CSE,3,9.6,94.32,300000.0,Yes,Yes,0,0,0,0,1,0,0,0,1,0,1,0,1,0,0,1,1,0,0,1,0,0,1,1,0,0,1,0,0,1,1,0,95.16,1,1,0,0,0,1,12.611541086966115,0.75
2474,Male,23.0,Andhra Pradesh,OBC,No,0.0,Electrical,2,6.61,58.79,150000.0,Yes,No,0,0,0,0,0,0,0,0,1,0,0,0,1,1,0,0,0,0,0,0,0,0,0,0,0,0,0,0,0,0,0,0,62.44500000000001,1,0,0,0,0,0,11.918397239722838,0.5
2475,Male,17.0,Madhya Pradesh,OBC,No,0.0,Electrical,2,7.04,68.18,800000.0,Yes,Yes,0,0,0,0,0,0,0,0,0,0,0,0,0,0,0,0,0,0,0,0,0,0,0,0,0,0,0,0,0,0,0,0,69.29,1,0,0,0,0,0,13.592368256649284,0.5
2476,Female,23.0,Gujarat,General,No,0.0,IT,1,7.79,77.76,120000.0,Yes,No,1,1,0,1,1,0,0,1,0,1,0,0,0,1,0,1,0,0,0,1,1,0,0,0,0,0,0,1,0,1,1,1,77.83000000000001,1,0,1,0,0,0,11.695255355062795,0.25
2477,Female,20.0,Karnataka,General,No,0.0,Production,2,8.45,71.2,300000.0,Yes,No,0,1,0,0,1,0,1,0,1,0,0,0,1,0,0,0,1,1,0,1,0,0,0,1,0,1,0,0,0,1,1,0,77.85,1,0,0,0,0,0,12.611541086966115,0.5
2478,Male,20.0,Gujarat,OBC,No,0.0,Instrumentation,3,7.89,70.79,1500000.0,No,No,0,0,0,0,0,0,1,0,0,0,0,0,0,0,0,0,0,0,0,0,0,0,0,0,0,0,0,0,0,0,0,0,74.845,0,0,0,0,0,0,14.220976332738882,0.75
2479,Female,19.0,Karnataka,SC,No,0.0,Medical,3,7.27,72.25,1200000.0,No,No,0,0,0,0,0,0,0,0,0,0,0,0,0,0,0,0,0,0,0,0,0,0,0,0,0,0,0,0,0,0,0,0,72.475,0,0,0,0,0,0,13.997832948091215,0.75
2480,Female,17.0,Gujarat,SC,No,0.0,Commerce,4,7.44,72.19,200000.0,No,Yes,1,0,0,0,1,0,0,0,0,0,0,0,0,0,0,0,1,0,0,0,1,0,0,1,0,0,0,0,0,0,1,0,73.295,1,0,0,0,0,0,12.206077645517674,1.0
2481,Male,22.0,Karnataka,ST,No,0.0,Management,2,7.12,64.55,250000.0,No,Yes,0,0,0,0,1,0,0,0,0,0,0,0,0,0,0,0,0,0,0,1,0,0,0,0,0,0,0,0,0,0,0,0,67.875,1,0,0,0,0,0,12.429220196836383,0.5
2482,Female,20.0,Madhya Pradesh,ST,No,0.0,AI_DS,3,7.35,70.75,350000.0,Yes,No,0,1,0,0,1,0,0,0,0,0,0,0,0,0,0,0,0,0,0,0,0,0,0,0,0,0,0,0,0,1,0,0,72.125,1,0,0,0,0,0,12.765691290604371,0.75
2483,Female,22.0,Madhya Pradesh,EWS,No,0.0,Instrumentation,4,6.71,63.04,350000.0,No,Yes,0,0,0,0,1,0,0,0,0,0,0,0,0,0,0,0,0,0,0,0,0,0,0,0,0,0,0,0,0,0,0,0,65.07,0,0,0,0,0,0,12.765691290604371,1.0
2484,Female,20.0,Other,EWS,No,0.0,Commerce,4,7.49,63.87,250000.0,Yes,No,0,0,0,0,1,0,0,0,0,0,0,0,1,1,0,0,1,0,0,1,0,0,0,1,0,0,0,0,0,1,1,0,69.385,1,0,0,0,0,0,12.429220196836383,1.0
2485,Female,22.0,Karnataka,OBC,No,0.0,Pharmacy,2,7.15,72.28,250000.0,No,No,0,0,0,0,1,0,0,0,0,0,0,0,1,1,0,0,0,0,0,1,0,0,0,0,0,0,0,0,0,0,0,0,71.89,1,0,0,0,0,0,12.429220196836383,0.5
2486,Female,23.0,Madhya Pradesh,OBC,No,0.0,Commerce,2,9.33,88.39,1200000.0,No,Yes,0,0,0,0,0,0,0,0,0,0,0,0,0,0,0,0,1,0,0,0,0,0,0,0,0,0,0,0,0,0,0,0,90.845,0,1,0,0,0,0,13.997832948091215,0.5
2487,Male,21.0,Karnataka,ST,No,0.0,Electrical,3,6.29,53.5,350000.0,No,No,0,0,0,0,0,0,0,0,0,0,0,0,0,0,0,0,0,0,0,0,0,0,0,0,0,0,0,0,0,0,0,0,58.2,0,0,0,0,0,0,12.765691290604371,0.75
2488,Male,19.0,Other,ST,No,0.0,Commerce,2,5.73,50.31,1000000.0,Yes,No,0,0,0,0,0,0,0,0,0,0,0,0,0,0,0,0,0,0,0,0,0,0,0,0,0,0,0,0,0,0,0,0,53.80500000000001,1,0,0,0,0,0,13.815511557963774,0.5
2489,Female,20.0,Other,SC,No,0.0,Biotechnology,4,9.15,87.27,200000.0,Yes,No,0,0,0,0,1,0,0,0,0,0,0,0,1,1,0,0,1,0,0,1,1,0,0,1,0,0,0,0,0,0,1,0,89.38499999999999,1,1,0,0,0,1,12.206077645517674,1.0
2490,Male,23.0,Delhi,OBC,No,0.0,Management,2,7.97,69.05,600000.0,Yes,No,0,0,0,0,0,0,0,0,0,0,0,0,0,0,0,0,0,0,0,0,0,0,0,0,0,0,0,0,0,0,0,0,74.375,1,0,0,0,0,0,13.304686600863562,0.5
2491,Male,22.0,Karnataka,EWS,No,0.0,Medical,2,6.06,60.23,1000000.0,No,Yes,0,0,0,0,0,0,0,0,0,0,0,0,0,0,0,0,0,0,0,0,0,0,0,0,0,0,0,0,0,0,0,0,60.41499999999999,0,0,0,0,0,0,13.815511557963774,0.5
2492,Male,20.0,Maharashtra,ST,No,0.0,Management,2,7.84,74.04,350000.0,Yes,No,0,0,0,0,1,0,0,0,0,0,0,0,1,0,0,0,0,0,0,0,0,0,0,0,0,0,0,0,0,1,0,0,76.22,1,0,0,0,0,0,12.765691290604371,0.5
2493,Male,17.0,Rajasthan,SC,No,0.0,Commerce,4,8.18,82.62,500000.0,Yes,Yes,0,0,0,0,1,0,0,0,0,0,0,0,0,0,0,0,0,0,0,0,0,0,0,0,0,0,0,0,0,0,0,0,82.21000000000001,1,1,0,0,0,1,13.122365377402328,1.0
2494,Female,21.0,Uttar Pradesh,OBC,No,0.0,ECE,3,7.23,68.89,350000.0,Yes,No,0,0,0,0,0,0,0,0,1,0,0,0,1,0,0,0,0,0,0,0,0,0,0,1,0,0,0,0,0,1,1,0,70.595,1,0,0,0,0,0,12.765691290604371,0.75
2495,Female,23.0,Gujarat,SC,No,0.0,Electrical,2,7.73,80.61,350000.0,No,No,0,1,0,1,0,0,0,0,1,0,0,0,0,0,0,0,0,1,0,0,0,0,0,1,0,1,0,1,0,1,0,0,78.95500000000001,0,0,0,0,0,0,12.765691290604371,0.5
2496,Female,20.0,Karnataka,EWS,No,0.0,Electrical,3,5.0,49.55,80000.0,Yes,No,0,0,0,0,0,0,0,0,0,0,0,0,0,0,0,0,0,0,0,0,0,0,0,0,0,0,0,0,0,0,0,0,49.775,1,0,0,0,0,0,11.289794413577894,0.75
2497,Female,25.0,Other,General,No,0.0,ECE,2,7.36,71.62,800000.0,No,No,0,0,0,0,0,0,0,0,0,0,0,0,0,0,0,0,0,0,0,0,0,0,0,0,0,0,0,0,0,0,0,0,72.61000000000001,0,0,0,0,0,0,13.592368256649284,0.5
2498,Female,24.0,Rajasthan,EWS,No,0.0,CSE,4,6.71,63.6,800000.0,Yes,Yes,0,0,0,0,0,0,0,0,0,0,0,0,0,0,0,0,0,0,0,0,0,0,0,0,0,0,0,0,0,0,0,0,65.35,1,0,0,0,0,0,13.592368256649284,1.0
2499,Female,20.0,Uttar Pradesh,General,Yes,60.0,ECE,2,8.35,88.66,300000.0,Yes,Yes,0,0,0,1,1,0,0,0,1,0,0,0,1,0,0,1,1,0,0,1,0,0,0,1,0,1,0,1,1,1,0,0,86.08,1,1,0,1,1,1,12.611541086966115,0.5
2500,Female,20.0,Uttar Pradesh,EWS,No,0.0,IT,1,8.47,77.92,200000.0,Yes,Yes,0,1,0,1,1,0,0,1,1,1,0,1,0,1,0,0,0,0,0,1,1,0,0,1,0,0,0,1,0,1,1,0,81.31,1,1,1,0,0,1,12.206077645517674,0.25
2501,Female,21.0,Karnataka,ST,No,0.0,Commerce,4,6.99,65.04,800000.0,Yes,No,0,0,0,0,0,0,0,0,0,0,0,0,0,0,0,0,0,0,0,0,0,0,0,0,0,0,0,0,0,0,0,0,67.47,1,0,0,0,0,0,13.592368256649284,1.0
2502,Male,21.0,Maharashtra,EWS,No,0.0,Instrumentation,1,5.35,49.83,1000000.0,Yes,Yes,0,0,0,0,0,0,0,0,0,0,0,0,0,0,0,0,0,0,0,0,0,0,0,0,0,0,0,0,0,0,0,0,51.665,1,0,1,0,0,0,13.815511557963774,0.25
2503,Female,24.0,Uttar Pradesh,OBC,Yes,50.0,CSE,1,8.38,75.79,350000.0,Yes,No,0,1,0,1,0,1,0,0,1,0,0,0,0,0,0,0,0,0,0,0,0,0,0,1,0,0,0,1,1,0,1,0,79.79500000000002,1,1,1,1,1,1,12.765691290604371,0.25
2504,Male,17.0,Maharashtra,SC,No,0.0,Mechanical,1,8.76,84.68,150000.0,No,No,1,1,0,0,1,0,0,1,1,1,0,1,1,1,1,1,1,0,1,1,0,0,0,0,0,0,0,0,0,1,0,1,86.14,1,1,1,0,0,1,11.918397239722838,0.25
2505,Male,23.0,Delhi,General,No,0.0,AI_DS,1,6.62,62.47,200000.0,No,Yes,0,0,0,0,1,0,0,1,1,0,0,0,1,0,0,0,0,0,0,0,0,0,0,0,0,0,0,0,0,0,0,0,64.33500000000001,1,0,1,0,0,0,12.206077645517674,0.25
2506,Male,20.0,Telangana,EWS,No,0.0,Biotechnology,3,9.42,91.69,500000.0,No,Yes,0,0,0,0,0,0,0,0,0,0,0,0,0,0,0,0,1,0,0,0,0,0,0,0,0,0,0,0,0,0,0,0,92.945,0,1,0,0,0,0,13.122365377402328,0.75
2507,Male,20.0,Madhya Pradesh,OBC,No,0.0,IT,4,7.51,70.63,600000.0,Yes,No,0,0,0,0,0,0,1,0,0,0,0,0,0,0,0,0,1,0,0,0,0,0,0,0,0,0,0,0,0,0,0,0,72.865,1,0,0,0,0,0,13.304686600863562,1.0
2508,Male,20.0,Delhi,ST,No,0.0,Biotechnology,4,7.59,70.57,500.0,Yes,No,0,0,0,0,1,0,0,0,0,0,0,0,1,0,0,0,0,0,0,1,1,0,0,0,0,0,0,0,0,1,0,0,73.235,1,0,0,0,0,0,6.2166061010848646,1.0
2509,Male,20.0,Gujarat,General,No,0.0,Chemical,1,5.0,53.63,150000.0,No,No,0,0,0,0,0,0,0,0,0,0,0,0,0,0,0,0,0,0,0,0,0,0,0,0,0,0,0,0,0,0,0,0,51.815,1,0,1,0,0,0,11.918397239722838,0.25
2510,Male,19.0,Delhi,EWS,No,0.0,AI_DS,3,7.69,74.25,120000.0,Yes,Yes,0,1,0,0,1,0,0,0,1,0,0,0,1,1,0,0,0,0,0,1,1,0,0,0,0,0,0,0,0,1,0,0,75.575,1,0,0,0,0,0,11.695255355062795,0.75
2511,Female,21.0,Madhya Pradesh,OBC,No,0.0,AI_DS,2,7.43,68.38,350000.0,No,No,0,0,0,0,1,0,0,0,0,0,0,0,0,0,0,0,0,0,0,0,0,0,0,1,0,0,0,0,0,0,0,0,71.34,0,0,0,0,0,0,12.765691290604371,0.5
2512,Female,23.0,Telangana,ST,No,0.0,AI_DS,2,7.28,64.36,500000.0,Yes,Yes,0,0,0,0,1,0,0,0,0,0,0,0,0,0,0,0,1,0,0,0,0,0,0,1,0,0,0,0,0,0,0,0,68.58,1,0,0,0,0,0,13.122365377402328,0.5
2513,Female,21.0,Uttar Pradesh,General,No,0.0,Medical,1,10.0,91.3,1200000.0,No,Yes,0,0,0,0,0,0,0,1,0,0,0,0,0,0,0,0,1,0,0,0,0,0,0,0,0,0,0,0,0,0,0,0,95.65,0,1,1,0,0,0,13.997832948091215,0.25
2514,Male,19.0,Rajasthan,SC,No,0.0,IT,1,6.26,58.15,1000000.0,Yes,Yes,0,0,0,0,0,0,0,0,0,0,0,0,0,0,0,0,0,0,0,0,0,0,0,0,0,0,0,0,0,0,0,0,60.375,1,0,1,0,0,0,13.815511557963774,0.25
2515,Female,20.0,Madhya Pradesh,General,No,0.0,Commerce,2,7.49,86.02,350000.0,Yes,No,0,0,0,0,0,0,0,0,0,0,0,0,1,0,0,0,1,0,0,0,0,0,0,1,0,0,0,0,0,1,0,0,80.46000000000001,1,0,0,0,0,0,12.765691290604371,0.5
2516,Female,22.0,Madhya Pradesh,OBC,No,0.0,Mechanical,4,6.02,60.95,1000000.0,No,Yes,0,0,0,0,0,0,0,0,0,0,0,0,0,0,0,0,0,0,0,0,0,0,0,0,0,0,0,0,0,0,0,0,60.575,0,0,0,0,0,0,13.815511557963774,1.0
2517,Male,21.0,Other,SC,No,0.0,AI_DS,4,8.38,81.23,600000.0,No,No,0,0,0,0,0,0,1,0,1,0,0,0,0,0,0,0,0,0,0,0,0,0,0,0,0,0,0,0,0,0,0,0,82.51500000000001,0,1,0,0,0,0,13.304686600863562,1.0
2518,Female,23.0,Uttar Pradesh,SC,No,0.0,Production,1,8.36,86.6,80000.0,No,Yes,0,1,0,1,1,0,0,1,1,1,0,0,1,1,1,0,1,0,1,1,1,0,0,1,1,1,0,0,0,1,0,1,85.1,1,1,1,0,0,1,11.289794413577894,0.25
2519,Female,23.0,Tamil Nadu,SC,No,0.0,Medical,2,10.0,92.94,300000.0,No,No,0,0,0,0,0,0,0,0,0,0,0,0,0,0,0,0,1,0,0,1,0,0,0,1,0,0,0,0,0,1,1,0,96.47,1,1,0,0,0,1,12.611541086966115,0.5
2520,Male,19.0,Tamil Nadu,General,No,0.0,Medical,4,9.45,90.92,150000.0,No,No,0,0,0,0,1,0,0,0,0,0,0,0,0,1,0,0,0,0,0,1,0,0,0,0,0,0,0,0,0,1,0,0,92.71000000000001,1,1,0,0,0,1,11.918397239722838,1.0
2521,Female,17.0,Telangana,ST,No,0.0,Management,1,8.1,71.87,800000.0,Yes,Yes,0,0,0,0,0,0,0,0,0,0,0,0,0,0,0,0,0,0,0,0,0,0,0,0,0,0,0,0,0,0,0,0,76.435,1,0,1,0,0,0,13.592368256649284,0.25
2522,Female,21.0,Rajasthan,OBC,Yes,90.0,Medical,4,7.3,66.91,1500000.0,Yes,No,0,0,0,0,0,0,0,0,0,0,0,0,0,0,0,0,1,0,0,0,0,0,0,0,0,0,0,0,0,0,0,0,69.955,1,0,0,1,1,0,14.220976332738882,1.0
2523,Male,25.0,Tamil Nadu,General,No,0.0,CSE,4,8.49,83.87,350000.0,Yes,No,0,0,0,0,1,0,1,0,1,0,0,0,1,0,0,0,1,0,0,0,0,0,0,0,0,0,0,0,0,1,0,0,84.385,1,1,0,0,0,1,12.765691290604371,1.0
2524,Male,24.0,Gujarat,EWS,No,0.0,Management,4,5.01,47.53,150000.0,Yes,Yes,0,0,0,0,0,0,0,0,0,0,0,0,0,0,0,0,0,0,0,0,0,0,0,0,0,0,0,0,0,0,0,0,48.815,1,0,0,0,0,0,11.918397239722838,1.0
2525,Male,22.0,Other,OBC,No,0.0,Electrical,2,8.85,83.51,150000.0,Yes,Yes,0,1,0,0,1,0,1,0,1,0,0,0,1,1,0,1,1,1,0,0,1,0,0,0,0,0,0,0,0,1,0,0,86.005,1,1,0,0,0,1,11.918397239722838,0.5
2526,Female,17.0,Delhi,SC,No,0.0,Electrical,2,8.37,80.57,300000.0,No,No,0,1,0,1,1,0,0,0,1,0,0,0,0,0,0,0,0,1,0,1,0,0,0,1,0,0,0,0,0,1,1,0,82.13499999999999,1,1,0,0,0,1,12.611541086966115,0.5
2527,Male,21.0,Rajasthan,General,No,0.0,Instrumentation,4,7.91,74.33,600000.0,Yes,Yes,0,0,0,0,0,0,1,0,0,0,0,0,0,0,0,0,1,0,0,0,0,0,0,0,0,0,0,0,0,0,0,0,76.715,1,0,0,0,0,0,13.304686600863562,1.0
2528,Female,18.0,Rajasthan,OBC,No,0.0,CSE,3,6.04,54.02,350000.0,No,No,0,0,0,0,0,0,0,0,0,0,0,0,0,0,0,0,0,0,0,0,0,0,0,0,0,0,0,0,0,0,0,0,57.21,0,0,0,0,0,0,12.765691290604371,0.75
2529,Male,19.0,Other,EWS,No,0.0,CSE,4,8.35,79.38,350000.0,Yes,No,0,1,0,0,1,0,1,0,1,0,0,0,1,0,0,0,0,0,0,0,0,0,0,0,0,0,0,0,0,1,0,0,81.44,1,1,0,0,0,1,12.765691290604371,1.0
2530,Female,25.0,Maharashtra,EWS,No,0.0,Production,1,7.33,68.36,150000.0,Yes,Yes,0,0,1,0,0,0,0,0,1,0,0,0,1,1,0,0,0,0,0,1,0,0,0,1,0,0,0,0,0,1,1,0,70.83,1,0,1,0,0,0,11.918397239722838,0.25
2531,Male,21.0,Rajasthan,EWS,No,0.0,Biotechnology,2,7.13,70.88,250000.0,Yes,No,0,0,0,0,0,0,0,0,0,0,0,0,1,1,0,0,0,0,0,0,1,0,0,0,0,0,0,0,0,1,0,0,71.09,1,0,0,0,0,0,12.429220196836383,0.5
2532,Male,25.0,Rajasthan,SC,No,0.0,Commerce,4,7.1,63.43,250000.0,Yes,Yes,0,0,0,0,1,0,0,0,0,0,0,0,1,1,0,0,0,0,0,0,0,0,0,0,0,0,0,0,0,0,0,0,67.215,1,0,0,0,0,0,12.429220196836383,1.0
2533,Male,18.0,Other,EWS,No,0.0,Production,1,8.39,79.09,350000.0,Yes,No,0,1,0,0,1,0,0,0,1,0,0,0,1,0,0,0,0,0,0,0,0,0,0,0,0,0,0,0,0,1,0,0,81.495,1,1,1,0,0,1,12.765691290604371,0.25
2534,Female,25.0,Other,General,No,0.0,Production,4,7.54,76.45,500000.0,Yes,Yes,0,0,0,0,0,0,0,0,1,0,0,0,0,0,0,0,1,1,0,0,0,0,0,1,0,0,0,0,0,0,0,0,75.92500000000001,1,0,0,0,0,0,13.122365377402328,1.0
2535,Male,20.0,Other,EWS,No,0.0,Science,3,7.48,71.93,200000.0,No,Yes,0,0,0,0,1,0,0,0,0,0,0,0,1,0,0,0,1,0,0,0,0,0,0,0,0,0,0,0,0,1,0,0,73.36500000000001,1,0,0,0,0,0,12.206077645517674,0.75
2536,Female,22.0,Delhi,SC,No,0.0,Management,3,6.09,57.2,600000.0,No,Yes,0,0,0,0,0,0,0,0,0,0,0,0,0,0,0,0,0,0,0,0,0,0,0,0,0,0,0,0,0,0,0,0,59.05,0,0,0,0,0,0,13.304686600863562,0.75
2537,Female,19.0,Uttar Pradesh,General,No,0.0,Commerce,1,8.23,73.52,1000000.0,No,No,0,0,0,0,0,0,0,0,0,0,0,0,0,0,0,0,0,0,0,0,0,0,0,0,0,0,0,0,0,0,0,0,77.91,0,0,1,0,0,0,13.815511557963774,0.25
2538,Male,25.0,Uttar Pradesh,General,No,0.0,Medical,1,7.74,73.83,1000000.0,Yes,No,0,0,0,0,0,0,0,1,0,0,0,0,0,0,0,0,0,0,0,0,0,0,0,0,0,0,0,0,0,0,0,1,75.61500000000001,1,0,1,0,0,0,13.815511557963774,0.25
2539,Female,23.0,Tamil Nadu,OBC,No,0.0,Instrumentation,3,7.55,74.84,400000.0,Yes,Yes,0,0,0,0,0,0,0,0,1,0,0,0,1,0,0,0,0,0,0,0,0,0,0,0,0,0,0,0,0,1,0,0,75.17,1,0,0,0,0,0,12.899222326086994,0.75
2540,Female,22.0,Gujarat,ST,No,0.0,Production,4,7.9,79.48,800000.0,Yes,No,0,0,0,0,0,0,1,0,0,0,0,0,0,0,0,0,0,0,0,0,0,0,0,0,0,0,0,0,0,0,0,0,79.24000000000001,1,0,0,0,0,0,13.592368256649284,1.0
2541,Male,19.0,Madhya Pradesh,OBC,No,0.0,Instrumentation,2,6.31,60.35,400000.0,No,Yes,0,0,0,0,1,0,0,0,0,0,0,0,1,0,0,0,0,0,0,0,0,0,0,0,0,0,0,0,0,0,0,0,61.724999999999994,0,0,0,0,0,0,12.899222326086994,0.5
2542,Female,21.0,Telangana,SC,No,0.0,Management,2,7.6,68.99,300000.0,Yes,No,1,0,0,0,1,0,0,0,0,0,0,0,1,0,0,0,0,0,0,1,0,0,0,0,0,0,0,0,0,1,1,0,72.495,1,0,0,0,0,0,12.611541086966115,0.5
2543,Male,20.0,Gujarat,SC,No,0.0,Chemical,1,8.65,89.15,1200000.0,Yes,No,0,0,0,0,0,0,0,1,0,0,0,0,0,0,0,0,1,0,0,0,0,0,0,0,0,0,0,0,0,0,0,0,87.825,1,1,1,0,0,1,13.997832948091215,0.25
2544,Male,24.0,Gujarat,General,No,0.0,Biotechnology,3,7.48,72.58,200000.0,No,Yes,1,0,0,0,1,0,0,0,0,0,0,0,0,0,0,0,0,0,0,1,0,0,0,0,0,0,0,0,0,0,0,0,73.69,1,0,0,0,0,0,12.206077645517674,0.75
2545,Female,25.0,Madhya Pradesh,SC,No,0.0,CSE,4,7.6,70.06,150000.0,No,No,0,0,0,0,1,0,0,0,1,0,0,0,1,1,0,0,0,0,0,1,1,0,0,1,0,0,0,0,0,0,1,0,73.03,1,0,0,0,0,0,11.918397239722838,1.0
2546,Male,19.0,Telangana,OBC,No,0.0,IT,2,5.32,48.42,1200000.0,Yes,Yes,0,0,0,0,0,0,0,0,0,0,0,0,0,0,0,0,0,0,0,0,0,0,0,0,0,0,0,0,0,0,0,0,50.81,1,0,0,0,0,0,13.997832948091215,0.5
2547,Male,22.0,Other,EWS,No,0.0,Mechanical,2,5.83,60.5,1500000.0,Yes,No,0,0,0,0,0,0,0,0,0,0,0,0,0,0,0,0,0,0,0,0,0,0,0,0,0,0,0,0,0,0,0,0,59.4,1,0,0,0,0,0,14.220976332738882,0.5
2548,Male,25.0,Andhra Pradesh,OBC,Yes,0.0,Electrical,4,7.36,68.88,350000.0,Yes,Yes,0,0,0,0,1,0,0,0,0,0,0,0,0,0,0,0,0,0,0,0,0,0,0,0,0,0,0,0,0,1,0,0,71.24000000000001,1,0,0,1,0,0,12.765691290604371,1.0
2549,Female,19.0,Rajasthan,ST,No,0.0,Mechanical,2,8.57,78.05,1500000.0,Yes,Yes,0,0,0,0,0,0,1,0,0,0,0,0,0,0,0,0,1,1,0,0,0,0,0,0,0,0,0,0,0,0,0,0,81.875,1,1,0,0,0,1,14.220976332738882,0.5
2550,Female,18.0,Andhra Pradesh,ST,No,0.0,Mechanical,1,6.58,62.71,300000.0,Yes,Yes,0,0,0,0,1,0,0,1,1,0,0,0,1,0,0,0,0,0,0,0,0,0,0,1,0,0,0,0,0,0,0,0,64.255,1,0,1,0,0,0,12.611541086966115,0.25
2551,Female,23.0,Uttar Pradesh,OBC,No,0.0,CSE,4,8.73,84.44,200000.0,Yes,No,0,0,0,0,1,0,1,0,1,0,1,0,1,1,0,1,1,0,0,1,1,0,1,1,0,0,0,0,0,1,0,0,85.87,1,1,0,0,0,1,12.206077645517674,1.0
2552,Male,20.0,Rajasthan,OBC,No,0.0,IT,3,7.8,74.33,500000.0,No,Yes,0,0,0,0,1,0,0,0,1,0,0,0,0,0,0,0,1,0,0,0,0,0,0,0,0,0,0,0,0,0,0,0,76.16499999999999,0,0,0,0,0,0,13.122365377402328,0.75
2553,Male,19.0,Maharashtra,ST,No,0.0,IT,1,7.98,76.41,600000.0,Yes,Yes,0,0,0,0,0,0,0,1,1,0,0,0,0,0,0,0,0,0,0,0,0,0,0,0,0,0,0,0,0,0,0,0,78.105,1,0,1,0,0,0,13.304686600863562,0.25
2554,Male,22.0,Uttar Pradesh,OBC,No,0.0,Management,1,6.26,59.61,600000.0,Yes,Yes,0,0,0,0,0,0,0,0,0,0,0,0,0,0,0,0,0,0,0,0,0,0,0,0,0,0,0,0,0,0,0,0,61.105,1,0,1,0,0,0,13.304686600863562,0.25
2555,Male,17.0,Gujarat,EWS,No,0.0,Commerce,1,6.21,59.24,350000.0,Yes,Yes,0,0,0,0,0,0,0,0,0,0,0,0,0,0,0,0,0,0,0,0,0,0,0,0,0,0,0,0,0,0,0,0,60.67,1,0,1,0,0,0,12.765691290604371,0.25
2556,Female,23.0,Other,SC,No,0.0,AI_DS,3,6.92,73.36,300000.0,No,Yes,0,0,0,0,0,0,0,0,1,0,0,0,1,0,0,0,0,0,0,0,0,0,0,1,0,0,0,0,0,1,1,0,71.28,1,0,0,0,0,0,12.611541086966115,0.75
2557,Female,21.0,Karnataka,General,No,0.0,Pharmacy,2,7.45,66.56,150000.0,Yes,Yes,0,0,0,0,0,0,0,0,0,0,0,0,1,1,0,0,0,0,0,0,0,0,0,1,0,0,0,0,0,0,1,0,70.53,1,0,0,0,0,0,11.918397239722838,0.5
2558,Female,24.0,Tamil Nadu,EWS,No,0.0,Chemical,3,7.34,71.29,350000.0,No,No,0,0,0,0,0,0,0,0,1,0,0,0,1,0,0,0,0,0,0,0,0,0,0,1,0,0,0,0,0,1,0,0,72.345,0,0,0,0,0,0,12.765691290604371,0.75
2559,Female,20.0,Tamil Nadu,General,No,0.0,ECE,3,9.51,88.58,1200000.0,No,Yes,0,0,0,0,0,0,1,0,0,0,0,0,0,0,0,0,1,0,0,0,0,0,0,0,0,0,1,0,0,0,0,0,91.84,0,1,0,0,0,0,13.997832948091215,0.75
2560,Male,18.0,Other,ST,No,0.0,Commerce,4,5.6,55.65,1000000.0,No,No,0,0,0,0,0,0,0,0,0,0,0,0,0,0,0,0,0,0,0,0,0,0,0,0,0,0,0,0,0,0,0,0,55.825,0,0,0,0,0,0,13.815511557963774,1.0
2561,Male,22.0,Gujarat,ST,No,0.0,Commerce,1,5.84,54.17,150000.0,Yes,Yes,0,0,0,0,0,0,0,0,0,0,0,0,0,0,0,0,0,0,0,0,0,0,0,0,0,0,0,0,0,0,0,0,56.285,1,0,1,0,0,0,11.918397239722838,0.25
2562,Male,22.0,Tamil Nadu,EWS,No,0.0,AI_DS,1,7.19,68.1,150000.0,Yes,Yes,0,0,0,0,0,0,0,1,0,0,0,0,1,1,0,0,1,0,0,1,1,0,0,0,0,0,0,0,0,1,0,1,70.0,1,0,1,0,0,0,11.918397239722838,0.25
2563,Male,18.0,Andhra Pradesh,ST,No,0.0,Science,1,8.33,77.08,350000.0,No,No,0,0,0,0,1,0,0,0,0,0,0,0,0,0,0,0,0,0,0,0,0,0,0,0,0,0,0,0,0,1,0,0,80.19,0,1,1,0,0,0,12.765691290604371,0.25
2564,Male,22.0,Karnataka,OBC,No,0.0,Management,1,7.17,68.07,500000.0,No,Yes,0,0,0,0,0,0,0,1,0,0,0,0,0,0,0,0,0,0,0,0,0,0,0,0,0,0,0,0,0,0,0,1,69.88499999999999,0,0,1,0,0,0,13.122365377402328,0.25
2565,Male,19.0,Andhra Pradesh,EWS,No,0.0,Pharmacy,4,7.49,73.25,200000.0,No,Yes,0,0,0,0,0,0,0,0,0,0,0,0,1,0,0,0,0,0,0,1,1,0,0,0,0,0,0,0,0,0,0,0,74.075,1,0,0,0,0,0,12.206077645517674,1.0
2566,Male,21.0,Gujarat,EWS,No,0.0,CSE,1,8.02,78.72,80000.0,Yes,No,0,1,0,0,1,0,0,0,1,1,0,0,1,1,0,1,1,0,0,1,1,0,0,0,0,0,0,0,0,1,0,0,79.46,1,1,1,0,0,1,11.289794413577894,0.25
2567,Female,20.0,Uttar Pradesh,EWS,No,0.0,CSE,2,7.97,77.08,1000000.0,Yes,Yes,0,0,0,0,0,0,1,0,0,0,0,0,0,0,0,0,0,0,0,0,0,0,1,0,0,0,0,0,0,0,0,0,78.39,1,0,0,0,0,0,13.815511557963774,0.5
2568,Male,21.0,Maharashtra,SC,No,0.0,Medical,4,5.6,53.35,600000.0,Yes,Yes,0,0,0,0,0,0,0,0,0,0,0,0,0,0,0,0,0,0,0,0,0,0,0,0,0,0,0,0,0,0,0,0,54.675,1,0,0,0,0,0,13.304686600863562,1.0
2569,Female,25.0,Telangana,General,No,0.0,Civil,4,8.08,78.95,350000.0,No,Yes,0,0,0,0,1,0,1,0,0,0,0,0,1,0,0,0,0,0,0,0,0,0,0,1,0,0,0,0,0,0,1,0,79.875,0,1,0,0,0,0,12.765691290604371,1.0
2570,Female,20.0,Delhi,OBC,Yes,40.0,Instrumentation,1,6.67,61.39,1500000.0,No,No,0,0,0,0,0,0,0,1,0,0,0,0,0,0,0,0,0,0,0,0,0,0,0,0,0,0,0,0,0,0,0,0,64.045,0,0,1,1,1,0,14.220976332738882,0.25
2571,Male,23.0,Andhra Pradesh,SC,No,0.0,Science,2,6.81,66.3,1500000.0,No,Yes,0,0,0,0,0,0,0,0,0,0,0,0,0,0,0,0,0,0,0,0,0,0,0,0,0,0,0,0,0,0,0,0,67.19999999999999,0,0,0,0,0,0,14.220976332738882,0.5
2572,Male,21.0,Gujarat,SC,No,0.0,Pharmacy,2,8.74,81.81,350000.0,Yes,No,0,0,0,0,1,0,0,0,0,0,0,0,1,0,0,0,0,0,0,0,0,0,0,0,0,0,0,0,0,1,0,0,84.605,1,1,0,0,0,1,12.765691290604371,0.5
2573,Female,23.0,Madhya Pradesh,ST,No,0.0,Commerce,3,8.59,81.98,500000.0,No,No,0,0,0,0,1,0,0,0,0,0,0,0,0,0,0,0,1,0,0,0,0,0,0,1,0,0,0,0,0,0,0,0,83.94,0,1,0,0,0,0,13.122365377402328,0.75
2574,Female,19.0,Gujarat,SC,No,0.0,Chemical,3,7.35,69.19,1500000.0,Yes,Yes,0,0,0,0,0,0,0,0,0,0,0,0,0,0,0,0,1,0,0,0,0,0,0,0,0,0,0,0,0,0,0,0,71.345,1,0,0,0,0,0,14.220976332738882,0.75
2575,Female,23.0,Other,OBC,No,0.0,Commerce,2,8.4,80.78,600000.0,No,No,0,0,0,0,0,0,0,0,0,0,0,0,0,0,0,0,0,0,0,0,0,0,0,1,0,0,0,0,0,0,0,0,82.39,0,1,0,0,0,0,13.304686600863562,0.5
2576,Female,25.0,Madhya Pradesh,General,No,0.0,IT,4,10.0,92.44,1200000.0,Yes,No,0,0,0,0,0,0,1,0,0,0,1,0,0,0,0,0,1,0,0,0,0,0,1,0,0,0,1,0,0,0,0,0,96.22,1,1,0,0,0,1,13.997832948091215,1.0
2577,Female,24.0,Gujarat,EWS,No,0.0,Biotechnology,1,8.12,75.55,600000.0,No,Yes,0,0,0,0,0,0,0,1,0,0,0,0,0,0,0,0,0,0,0,0,0,0,0,1,0,0,0,0,0,0,0,0,78.375,0,1,1,0,0,0,13.304686600863562,0.25
2578,Female,21.0,Gujarat,General,No,0.0,ECE,3,6.46,61.34,350000.0,No,Yes,0,0,0,0,0,0,0,0,0,0,0,0,1,0,0,0,0,0,0,0,0,0,0,1,0,0,0,0,0,0,0,0,62.97,0,0,0,0,0,0,12.765691290604371,0.75
2579,Male,19.0,Karnataka,SC,No,0.0,Science,1,7.66,81.52,250000.0,No,No,0,0,0,0,0,0,0,1,0,0,0,0,1,1,0,0,0,0,0,1,1,0,0,0,0,0,0,0,0,0,0,1,79.06,1,0,1,0,0,0,12.429220196836383,0.25
2580,Female,19.0,Madhya Pradesh,General,No,0.0,Chemical,1,7.28,65.77,400000.0,Yes,Yes,0,0,0,0,1,0,0,0,0,0,0,0,1,0,0,0,1,0,0,0,0,0,0,1,0,0,0,0,0,1,1,0,69.285,1,0,1,0,0,0,12.899222326086994,0.25
2581,Male,25.0,Gujarat,General,No,0.0,Electrical,2,7.83,68.16,200000.0,No,No,0,0,0,0,1,0,0,0,1,0,0,0,1,0,0,0,0,0,0,1,0,0,0,0,0,0,0,0,0,0,0,0,73.22999999999999,1,0,0,0,0,0,12.206077645517674,0.5
2582,Male,21.0,Madhya Pradesh,General,No,0.0,Medical,4,7.39,70.25,350000.0,No,Yes,0,0,0,0,0,0,0,0,0,0,0,0,1,0,0,0,0,0,0,0,0,0,0,0,0,0,0,0,0,1,0,0,72.07499999999999,0,0,0,0,0,0,12.765691290604371,1.0
2583,Female,20.0,Andhra Pradesh,OBC,No,0.0,Commerce,2,8.45,83.2,80000.0,Yes,Yes,0,0,0,0,1,0,0,0,0,0,0,0,1,1,0,0,1,0,0,1,1,0,0,1,0,0,0,0,0,1,1,0,83.85,1,1,0,0,0,1,11.289794413577894,0.5
2584,Male,19.0,Maharashtra,General,No,0.0,CSE,3,6.9,65.1,150000.0,No,No,0,0,0,0,1,0,0,0,0,0,0,0,1,1,0,0,0,0,0,1,0,1,0,0,0,0,0,0,0,0,0,0,67.05,1,0,0,0,0,0,11.918397239722838,0.75
2585,Male,20.0,Karnataka,ST,No,0.0,Medical,1,6.58,59.13,1200000.0,Yes,No,0,0,0,0,0,0,0,0,0,0,0,0,0,0,0,0,0,0,0,0,0,0,0,0,0,0,0,0,0,0,0,0,62.465,1,0,1,0,0,0,13.997832948091215,0.25
2586,Female,18.0,Karnataka,ST,Yes,50.0,Instrumentation,3,7.87,70.94,350000.0,Yes,Yes,0,1,0,0,1,0,0,0,1,0,0,0,1,0,0,0,1,0,0,0,0,0,0,0,0,0,0,0,1,1,1,0,74.82,1,0,0,1,1,0,12.765691290604371,0.75
2587,Female,23.0,Telangana,EWS,No,0.0,IT,1,7.0,63.51,1500000.0,Yes,Yes,0,0,0,0,0,0,0,1,0,0,0,0,0,0,0,0,0,0,0,0,0,0,0,0,0,0,0,0,0,0,0,0,66.755,1,0,1,0,0,0,14.220976332738882,0.25
2588,Female,22.0,Rajasthan,EWS,No,0.0,Pharmacy,1,8.16,82.92,1500000.0,Yes,Yes,0,0,0,0,0,0,0,1,0,0,0,0,0,0,0,0,1,0,0,0,0,0,0,0,0,0,0,0,0,0,0,0,82.25999999999999,1,1,1,0,0,1,14.220976332738882,0.25
2589,Male,22.0,Telangana,ST,No,0.0,Pharmacy,1,5.94,50.87,500000.0,Yes,Yes,0,0,0,0,0,0,0,0,0,0,0,0,0,0,0,0,0,0,0,0,0,0,0,0,0,0,0,0,0,0,0,0,55.135000000000005,1,0,1,0,0,0,13.122365377402328,0.25
2590,Male,21.0,Telangana,General,No,0.0,IT,3,7.35,69.87,350000.0,Yes,No,0,0,0,0,1,0,0,0,0,0,0,0,1,0,0,0,0,0,0,0,0,0,0,0,0,0,0,0,0,1,0,0,71.685,1,0,0,0,0,0,12.765691290604371,0.75
2591,Female,23.0,Delhi,SC,No,0.0,Civil,3,7.76,71.2,200000.0,Yes,No,0,1,0,0,1,0,1,0,0,0,0,0,1,1,0,0,0,0,0,0,1,0,0,1,0,0,0,0,0,1,1,0,74.4,1,0,0,0,0,0,12.206077645517674,0.75
2592,Male,24.0,Telangana,ST,No,0.0,IT,2,7.26,70.07,80000.0,Yes,Yes,1,0,0,0,1,0,0,0,1,0,0,0,1,0,0,0,0,0,0,1,0,0,0,0,0,0,0,0,0,1,0,0,71.335,1,0,0,0,0,0,11.289794413577894,0.5
2593,Female,25.0,Madhya Pradesh,ST,No,0.0,ECE,4,8.75,77.26,1500000.0,No,No,0,0,0,0,0,0,1,0,0,0,1,0,0,0,0,0,1,0,0,0,0,0,0,0,0,0,0,0,0,0,0,0,82.38,0,1,0,0,0,0,14.220976332738882,1.0
2594,Male,18.0,Uttar Pradesh,General,No,0.0,Science,1,7.06,67.71,350000.0,Yes,No,0,0,0,0,1,0,0,0,0,0,0,0,1,0,0,0,1,0,0,0,0,0,0,0,0,0,0,0,0,1,0,1,69.155,1,0,1,0,0,0,12.765691290604371,0.25
2595,Male,23.0,Rajasthan,General,No,0.0,Medical,4,6.4,65.99,1200000.0,No,Yes,0,0,0,0,0,0,0,0,0,0,0,0,0,0,0,0,0,0,0,0,0,0,0,0,0,0,0,0,0,0,0,0,64.995,0,0,0,0,0,0,13.997832948091215,1.0
2596,Male,24.0,Andhra Pradesh,ST,No,0.0,Civil,2,6.74,63.91,150000.0,No,Yes,0,0,0,0,1,0,0,0,1,0,0,0,1,0,0,0,0,0,0,1,0,0,0,0,0,0,0,0,0,0,0,0,65.655,1,0,0,0,0,0,11.918397239722838,0.5
2597,Female,17.0,Madhya Pradesh,General,No,0.0,Civil,3,8.17,75.84,200000.0,No,No,0,1,0,0,1,0,0,0,1,0,0,0,1,1,0,0,1,0,0,0,1,0,0,0,0,0,0,0,0,1,1,0,78.77000000000001,1,1,0,0,0,1,12.206077645517674,0.75
2598,Male,22.0,Andhra Pradesh,SC,No,0.0,Electrical,3,5.28,48.87,200000.0,No,Yes,0,0,0,0,0,0,0,0,0,0,0,0,0,0,0,0,0,0,0,0,0,0,0,0,0,0,0,0,0,0,0,0,50.835,1,0,0,0,0,0,12.206077645517674,0.75
2599,Male,25.0,Gujarat,SC,No,0.0,Medical,2,8.74,82.02,120000.0,No,No,1,0,0,0,0,0,0,0,0,0,0,0,1,1,0,0,1,0,0,1,0,0,0,0,0,0,0,0,0,1,0,0,84.71000000000001,1,1,0,0,0,1,11.695255355062795,0.5
2600,Female,25.0,Maharashtra,General,No,0.0,Instrumentation,4,6.48,64.34,350000.0,No,Yes,0,0,0,0,0,0,0,0,0,0,0,0,1,0,0,0,0,0,0,0,0,1,0,0,0,0,0,0,0,0,0,0,64.57000000000001,0,0,0,0,0,0,12.765691290604371,1.0
2601,Male,20.0,Maharashtra,OBC,No,0.0,Biotechnology,2,7.1,65.92,150000.0,No,Yes,1,0,0,0,1,0,0,0,0,0,0,0,1,1,0,0,0,0,0,0,0,1,0,0,0,0,0,0,0,0,0,0,68.46000000000001,1,0,0,0,0,0,11.918397239722838,0.5
2602,Female,23.0,Andhra Pradesh,EWS,No,0.0,Production,3,7.68,75.27,300000.0,Yes,No,0,1,0,0,1,0,0,0,1,0,0,0,1,0,0,1,0,1,0,0,0,0,0,1,0,0,0,0,0,1,0,0,76.035,1,0,0,0,0,0,12.611541086966115,0.75
2603,Male,21.0,Madhya Pradesh,OBC,No,0.0,Pharmacy,3,10.0,97.48,350000.0,Yes,Yes,0,0,0,0,1,0,0,0,0,0,0,0,1,0,0,0,1,0,0,0,0,0,0,0,0,0,0,0,0,1,0,0,98.74000000000001,1,1,0,0,0,1,12.765691290604371,0.75
2604,Male,25.0,Tamil Nadu,OBC,No,0.0,CSE,4,8.89,82.94,150000.0,Yes,No,0,0,0,0,1,0,0,0,1,0,0,0,1,1,0,1,1,0,0,0,0,0,0,0,0,0,0,0,0,1,0,0,85.92,1,1,0,0,0,1,11.918397239722838,1.0
2605,Male,25.0,Gujarat,ST,No,0.0,Management,4,6.27,59.75,1000000.0,Yes,Yes,0,0,0,0,0,0,0,0,0,0,0,0,0,0,0,0,0,0,0,0,0,0,0,0,0,0,0,0,0,0,0,0,61.224999999999994,1,0,0,0,0,0,13.815511557963774,1.0
2606,Female,19.0,Madhya Pradesh,OBC,No,0.0,Management,4,7.63,69.25,200000.0,Yes,Yes,0,0,0,0,1,0,0,0,0,0,0,0,1,1,0,0,1,0,0,1,1,0,0,1,0,0,0,0,0,1,1,0,72.775,1,0,0,0,0,0,12.206077645517674,1.0
2607,Male,24.0,Rajasthan,OBC,No,0.0,Electrical,3,7.29,70.45,150000.0,Yes,No,0,0,0,0,1,0,0,0,1,0,0,0,1,1,0,0,0,0,0,1,1,0,0,0,0,0,0,0,0,1,0,0,71.67500000000001,1,0,0,0,0,0,11.918397239722838,0.75
2608,Female,24.0,Karnataka,General,No,0.0,Management,4,7.93,76.85,400000.0,Yes,No,0,0,0,0,1,0,0,0,0,0,0,0,1,0,0,0,0,0,0,0,0,0,0,1,0,0,0,0,0,1,1,0,78.07499999999999,1,0,0,0,0,0,12.899222326086994,1.0
2609,Male,24.0,Rajasthan,ST,No,0.0,Commerce,3,7.85,73.05,1200000.0,No,No,0,0,0,0,0,0,0,0,0,0,0,0,0,0,0,0,1,0,0,0,0,0,0,0,0,0,0,0,0,0,0,0,75.775,0,0,0,0,0,0,13.997832948091215,0.75
2610,Female,23.0,Telangana,General,No,0.0,Medical,2,6.88,61.76,200000.0,No,No,0,0,0,0,1,0,0,0,0,0,0,0,0,0,0,0,0,0,0,0,0,0,0,1,0,0,0,0,0,0,0,0,65.28,1,0,0,0,0,0,12.206077645517674,0.5
2611,Male,17.0,Uttar Pradesh,SC,No,0.0,Chemical,2,9.64,91.62,800000.0,No,No,0,0,0,0,0,0,1,0,0,0,0,0,0,0,0,0,1,0,0,0,0,0,0,0,0,0,0,0,0,0,0,0,94.01,0,1,0,0,0,0,13.592368256649284,0.5
2612,Male,24.0,Uttar Pradesh,OBC,No,0.0,CSE,2,7.49,65.9,1500000.0,Yes,Yes,0,0,0,0,0,0,0,0,0,0,0,0,0,0,0,0,1,0,0,0,0,0,0,0,0,0,0,0,0,0,0,0,70.4,1,0,0,0,0,0,14.220976332738882,0.5
2613,Female,20.0,Uttar Pradesh,General,No,0.0,Pharmacy,3,10.0,91.78,400000.0,Yes,No,0,0,0,0,1,0,0,0,0,0,0,0,1,0,0,0,1,0,0,0,0,0,0,0,0,0,0,0,0,1,1,0,95.89,1,1,0,0,0,1,12.899222326086994,0.75
2614,Male,18.0,Madhya Pradesh,ST,No,0.0,ECE,1,6.99,67.65,300000.0,Yes,Yes,0,0,0,0,1,0,0,0,1,0,0,0,1,0,0,0,0,0,0,0,0,0,0,0,0,0,0,0,0,1,0,0,68.775,1,0,1,0,0,0,12.611541086966115,0.25
2615,Male,18.0,Andhra Pradesh,OBC,No,0.0,CSE,1,8.22,80.96,150000.0,No,No,0,1,0,0,1,0,0,1,1,1,0,1,1,1,0,0,0,0,1,1,1,0,0,0,0,0,0,0,0,1,0,0,81.58,1,1,1,0,0,1,11.918397239722838,0.25
2616,Male,21.0,Tamil Nadu,SC,No,0.0,Civil,2,7.49,93.38,300000.0,No,Yes,0,1,0,0,0,0,0,0,1,0,0,0,1,0,0,0,0,0,0,0,0,0,0,0,0,0,0,0,0,1,0,0,84.14,1,0,0,0,0,0,12.611541086966115,0.5
2617,Female,24.0,Rajasthan,General,No,0.0,Chemical,4,6.23,58.41,400000.0,Yes,No,0,0,0,0,0,0,0,0,0,0,0,0,0,0,0,0,0,0,0,0,0,0,0,0,0,0,0,0,0,0,0,0,60.355000000000004,1,0,0,0,0,0,12.899222326086994,1.0
2618,Female,20.0,Delhi,ST,No,0.0,Medical,3,7.87,80.97,800000.0,Yes,Yes,0,0,0,0,0,0,0,0,0,0,0,0,0,0,0,0,0,0,0,0,0,0,0,0,0,0,0,0,0,0,0,0,79.83500000000001,1,0,0,0,0,0,13.592368256649284,0.75
2619,Male,20.0,Rajasthan,ST,No,0.0,Commerce,4,5.82,58.9,300000.0,Yes,Yes,0,0,0,0,0,0,0,0,0,0,0,0,0,0,0,0,0,0,0,0,0,0,0,0,0,0,0,0,0,0,0,0,58.55,1,0,0,0,0,0,12.611541086966115,1.0
2620,Female,23.0,Delhi,SC,No,0.0,Mechanical,4,7.72,75.85,800000.0,Yes,No,0,0,0,0,0,0,0,0,0,0,0,0,0,0,0,0,0,1,0,0,0,0,0,0,0,0,0,0,0,0,0,0,76.525,1,0,0,0,0,0,13.592368256649284,1.0
2621,Male,17.0,Maharashtra,OBC,Yes,60.0,IT,1,7.38,67.58,250000.0,No,Yes,0,0,0,0,0,0,0,1,1,0,0,0,1,0,0,0,0,0,0,0,0,1,0,0,0,0,0,0,1,1,0,0,70.69,1,0,1,1,1,0,12.429220196836383,0.25
2622,Female,18.0,Uttar Pradesh,General,No,0.0,Biotechnology,3,8.4,81.76,200000.0,Yes,No,0,0,0,0,0,0,0,0,0,0,0,0,0,0,0,0,0,0,0,1,0,0,0,1,0,0,0,0,0,1,1,0,82.88,1,1,0,0,0,1,12.206077645517674,0.75
2623,Male,23.0,Other,OBC,No,0.0,Civil,2,8.67,82.33,300000.0,No,Yes,0,1,0,0,0,0,1,0,0,0,0,0,1,0,0,0,1,0,0,1,0,0,0,0,0,0,0,0,0,1,0,0,84.515,1,1,0,0,0,1,12.611541086966115,0.5
2624,Female,20.0,Maharashtra,General,No,0.0,IT,1,6.78,59.73,600000.0,Yes,Yes,0,0,0,0,0,0,0,0,1,0,0,0,0,0,0,0,0,0,0,0,0,1,0,0,0,0,0,0,0,0,0,0,63.765,1,0,1,0,0,0,13.304686600863562,0.25
2625,Male,25.0,Tamil Nadu,EWS,No,0.0,CSE,3,8.48,71.2,1500000.0,Yes,Yes,0,0,0,0,0,0,0,0,0,0,0,0,0,0,0,0,0,0,0,0,0,0,0,0,0,0,0,0,0,0,0,0,78.0,1,0,0,0,0,0,14.220976332738882,0.75
2626,Male,22.0,Telangana,General,No,0.0,Mechanical,1,6.34,58.61,600000.0,Yes,Yes,0,0,0,0,0,0,0,0,0,0,0,0,0,0,0,0,0,0,0,0,0,0,0,0,0,0,0,0,0,0,0,0,61.004999999999995,1,0,1,0,0,0,13.304686600863562,0.25
2627,Female,20.0,Other,ST,No,0.0,AI_DS,2,6.94,61.48,1200000.0,No,No,0,0,0,0,0,0,0,0,0,0,0,0,0,0,0,0,0,0,0,0,0,0,0,0,0,0,0,0,0,0,0,0,65.44,0,0,0,0,0,0,13.997832948091215,0.5
2628,Male,25.0,Other,General,No,0.0,AI_DS,2,6.52,58.54,150000.0,No,Yes,0,0,0,0,0,0,0,0,1,0,0,0,1,1,0,0,0,0,0,0,0,0,0,0,0,0,0,0,0,0,0,0,61.86999999999999,1,0,0,0,0,0,11.918397239722838,0.5
2629,Female,21.0,Tamil Nadu,SC,No,0.0,CSE,3,7.01,64.38,1000000.0,Yes,Yes,0,0,0,0,0,0,0,0,0,0,0,0,0,0,0,0,1,0,0,0,0,0,0,0,0,0,0,0,0,0,0,0,67.24,1,0,0,0,0,0,13.815511557963774,0.75
2630,Male,17.0,Madhya Pradesh,EWS,No,0.0,Production,1,5.55,58.79,1500000.0,No,No,0,0,0,0,0,0,0,0,0,0,0,0,0,0,0,0,0,0,0,0,0,0,0,0,0,0,0,0,0,0,0,0,57.144999999999996,0,0,1,0,0,0,14.220976332738882,0.25
2631,Male,24.0,Uttar Pradesh,EWS,No,0.0,Electrical,1,9.0,83.16,500000.0,Yes,No,0,0,0,0,0,0,0,1,1,0,0,0,0,0,0,0,1,0,0,0,0,0,0,0,0,0,0,0,0,0,0,1,86.58,1,1,1,0,0,1,13.122365377402328,0.25
2632,Male,23.0,Uttar Pradesh,OBC,No,0.0,Commerce,3,7.83,75.64,800000.0,Yes,Yes,0,0,0,0,0,0,0,0,0,0,0,0,0,0,0,0,1,0,0,0,0,0,0,0,0,0,0,0,0,0,0,0,76.97,1,0,0,0,0,0,13.592368256649284,0.75
2633,Female,24.0,Andhra Pradesh,ST,No,0.0,ECE,4,8.93,82.38,400000.0,No,Yes,0,0,0,0,0,0,1,0,1,0,0,0,1,0,0,0,1,0,0,0,0,0,0,1,0,0,0,0,0,1,0,0,85.84,0,1,0,0,0,0,12.899222326086994,1.0
2634,Male,23.0,Karnataka,ST,No,0.0,Pharmacy,1,8.81,82.05,120000.0,No,Yes,0,0,0,0,1,0,0,1,0,0,0,0,0,0,0,0,1,0,0,1,1,0,0,0,0,0,0,0,0,1,0,1,85.075,1,1,1,0,0,1,11.695255355062795,0.25
2635,Female,23.0,Gujarat,EWS,No,0.0,Commerce,4,5.9,58.22,350000.0,No,Yes,0,0,0,0,0,0,0,0,0,0,0,0,0,0,0,0,0,0,0,0,0,0,0,0,0,0,0,0,0,0,0,0,58.61,0,0,0,0,0,0,12.765691290604371,1.0
2636,Male,24.0,Other,ST,No,0.0,Medical,3,9.05,93.74,150000.0,Yes,Yes,0,0,0,0,1,0,0,0,0,0,0,0,1,1,0,0,1,0,0,1,0,0,0,0,0,0,0,0,0,0,0,0,92.12,1,1,0,0,0,1,11.918397239722838,0.75
2637,Female,21.0,Uttar Pradesh,EWS,No,0.0,Biotechnology,1,6.06,59.67,150000.0,No,No,0,0,0,0,0,0,0,0,0,0,0,0,0,1,0,0,0,0,0,0,0,0,0,0,0,0,0,0,0,0,0,0,60.135,1,0,1,0,0,0,11.918397239722838,0.25
2638,Female,24.0,Tamil Nadu,OBC,No,0.0,Management,4,7.01,68.95,250000.0,Yes,Yes,0,0,0,0,1,0,0,0,0,0,0,0,1,1,0,0,0,0,0,0,1,0,0,1,0,0,0,0,0,0,1,0,69.525,1,0,0,0,0,0,12.429220196836383,1.0
2639,Female,25.0,Maharashtra,SC,Yes,40.0,Chemical,1,5.74,50.74,1200000.0,No,Yes,0,0,0,0,0,0,0,0,0,0,0,0,0,0,0,0,0,0,0,0,0,0,0,0,0,0,0,0,0,0,0,0,54.07000000000001,0,0,1,1,1,0,13.997832948091215,0.25
2640,Female,22.0,Tamil Nadu,EWS,No,0.0,AI_DS,2,6.57,62.65,600000.0,No,No,0,0,0,0,0,0,0,0,1,0,0,0,0,0,0,0,0,0,0,0,0,0,0,0,0,0,0,0,0,0,0,0,64.175,0,0,0,0,0,0,13.304686600863562,0.5
2641,Female,18.0,Delhi,EWS,No,0.0,ECE,3,6.73,65.91,500000.0,No,Yes,0,0,0,0,0,0,0,0,0,0,0,0,0,0,0,0,0,0,0,0,0,0,0,0,0,0,0,0,0,0,0,0,66.605,0,0,0,0,0,0,13.122365377402328,0.75
2642,Male,22.0,Maharashtra,General,No,0.0,Mechanical,3,8.73,84.73,250000.0,Yes,No,0,1,0,0,1,0,1,0,1,0,0,0,1,1,0,1,0,1,0,1,1,1,0,0,0,0,0,0,0,1,0,0,86.01500000000001,1,1,0,0,0,1,12.429220196836383,0.75
2643,Female,22.0,Other,ST,No,0.0,Production,1,9.44,90.93,500.0,Yes,Yes,0,1,0,1,1,0,0,1,1,1,0,0,1,0,1,1,1,0,1,0,0,0,0,1,1,1,0,1,0,0,1,1,92.66499999999999,1,1,1,0,0,1,6.2166061010848646,0.25
2644,Male,18.0,Rajasthan,OBC,No,0.0,CSE,1,6.04,61.47,800000.0,No,Yes,0,0,0,0,0,0,0,0,0,0,0,0,0,0,0,0,0,0,0,0,0,0,0,0,0,0,0,0,0,0,0,0,60.935,0,0,1,0,0,0,13.592368256649284,0.25
2645,Female,21.0,Gujarat,EWS,No,0.0,CSE,4,6.77,67.05,800000.0,No,Yes,0,0,0,0,0,0,0,0,0,0,0,0,0,0,0,0,0,0,0,0,0,0,0,0,0,0,0,0,0,0,0,0,67.375,0,0,0,0,0,0,13.592368256649284,1.0
2646,Male,21.0,Karnataka,OBC,No,0.0,Civil,1,9.39,90.58,800000.0,Yes,No,0,0,0,0,0,0,0,1,0,0,0,0,0,0,0,0,0,0,0,0,0,0,0,0,0,0,0,0,0,0,0,1,92.24000000000001,1,1,1,0,0,1,13.592368256649284,0.25
2647,Male,17.0,Maharashtra,ST,No,0.0,CSE,2,5.7,51.4,1200000.0,No,Yes,0,0,0,0,0,0,0,0,0,0,0,0,0,0,0,0,0,0,0,0,0,0,0,0,0,0,0,0,0,0,0,0,54.2,0,0,0,0,0,0,13.997832948091215,0.5
2648,Female,23.0,Maharashtra,SC,No,0.0,Science,3,9.09,85.85,200000.0,No,No,0,0,0,0,1,0,0,0,0,0,0,0,1,1,0,0,1,0,0,1,1,0,0,1,0,0,0,0,0,1,0,0,88.375,1,1,0,0,0,1,12.206077645517674,0.75
2649,Male,22.0,Tamil Nadu,General,No,0.0,Instrumentation,3,7.6,74.48,350000.0,No,No,0,1,0,0,0,0,0,0,1,0,0,0,0,0,0,0,1,0,0,0,0,0,0,0,0,0,0,0,0,0,0,0,75.24000000000001,0,0,0,0,0,0,12.765691290604371,0.75
2650,Female,21.0,Maharashtra,ST,No,0.0,CSE,2,8.34,80.07,300000.0,No,No,1,1,0,1,0,1,1,0,1,0,0,0,0,0,0,1,0,0,0,1,0,0,0,1,0,0,0,1,0,0,1,0,81.735,1,1,0,0,0,1,12.611541086966115,0.5
2651,Female,20.0,Telangana,SC,No,0.0,CSE,4,7.25,67.94,800000.0,No,No,0,0,0,0,0,0,0,0,0,0,0,0,0,0,0,0,0,0,0,0,0,0,1,0,0,0,0,0,0,0,0,0,70.22,0,0,0,0,0,0,13.592368256649284,1.0
2652,Female,25.0,Karnataka,SC,No,0.0,Chemical,2,8.53,82.7,800000.0,No,No,0,0,0,0,0,0,1,0,0,0,1,0,0,0,0,0,1,0,0,0,0,0,0,0,0,0,0,0,0,0,0,0,84.0,0,1,0,0,0,0,13.592368256649284,0.5
2653,Male,23.0,Tamil Nadu,OBC,No,0.0,Medical,3,7.19,71.55,500000.0,No,Yes,0,0,0,0,0,0,0,0,0,0,0,0,0,0,0,0,0,0,0,0,0,0,0,0,0,0,0,0,0,0,0,0,71.725,0,0,0,0,0,0,13.122365377402328,0.75
2654,Male,17.0,Other,ST,No,0.0,Management,1,7.49,67.27,500000.0,No,Yes,0,0,0,0,1,0,0,0,0,0,0,0,0,0,0,0,0,0,0,0,0,0,0,0,0,0,0,0,0,0,0,1,71.08500000000001,0,0,1,0,0,0,13.122365377402328,0.25
2655,Male,23.0,Uttar Pradesh,EWS,No,0.0,Instrumentation,3,6.59,59.67,200000.0,No,No,0,0,0,0,0,0,0,0,1,0,0,0,1,0,0,0,0,0,0,0,0,0,0,0,0,0,0,0,0,0,0,0,62.785000000000004,1,0,0,0,0,0,12.206077645517674,0.75
2656,Male,22.0,Maharashtra,SC,No,0.0,IT,3,7.17,71.82,1000000.0,Yes,Yes,0,0,0,0,0,0,0,0,0,0,0,0,0,0,0,0,0,0,0,0,0,0,0,0,0,0,0,0,0,0,0,0,71.75999999999999,1,0,0,0,0,0,13.815511557963774,0.75
2657,Female,23.0,Tamil Nadu,OBC,No,0.0,CSE,1,6.53,62.6,400000.0,Yes,No,0,0,0,0,1,0,0,0,1,0,0,0,1,0,0,0,0,0,0,0,0,0,0,1,0,0,0,0,0,0,0,0,63.95,1,0,1,0,0,0,12.899222326086994,0.25
2658,Male,20.0,Uttar Pradesh,General,No,0.0,Science,2,6.71,62.96,1000000.0,No,Yes,0,0,0,0,0,0,0,0,0,0,0,0,0,0,0,0,0,0,0,0,0,0,0,0,0,0,0,0,0,0,0,0,65.03,0,0,0,0,0,0,13.815511557963774,0.5
2659,Female,21.0,Other,SC,No,0.0,CSE,2,5.69,53.39,500000.0,Yes,Yes,0,0,0,0,0,0,0,0,0,0,0,0,0,0,0,0,0,0,0,0,0,0,0,0,0,0,0,0,0,0,0,0,55.145,1,0,0,0,0,0,13.122365377402328,0.5
2660,Female,19.0,Madhya Pradesh,EWS,No,0.0,ECE,3,7.27,70.69,80000.0,Yes,Yes,0,1,0,0,0,0,0,0,1,0,0,0,1,1,0,0,0,0,0,1,1,0,0,1,0,0,0,0,0,0,1,0,71.695,1,0,0,0,0,0,11.289794413577894,0.75
2661,Female,22.0,Maharashtra,OBC,No,0.0,ECE,3,7.77,70.22,350000.0,No,Yes,0,1,0,0,0,0,0,0,1,0,0,0,1,0,0,0,1,0,0,0,0,1,0,0,0,0,0,0,0,0,0,0,73.96,0,0,0,0,0,0,12.765691290604371,0.75
2662,Male,19.0,Tamil Nadu,EWS,No,0.0,Production,2,8.8,84.23,1200000.0,No,No,0,0,0,0,0,0,1,0,0,0,0,0,0,0,0,0,1,1,0,0,0,0,0,0,0,0,0,0,0,0,0,0,86.11500000000001,0,1,0,0,0,0,13.997832948091215,0.5
2663,Male,18.0,Rajasthan,General,No,0.0,Pharmacy,1,7.74,73.5,250000.0,Yes,No,0,0,0,0,0,0,0,1,0,0,0,0,0,1,0,0,1,0,0,0,1,0,0,0,0,0,0,0,0,1,0,0,75.45,1,0,1,0,0,0,12.429220196836383,0.25
2664,Female,19.0,Tamil Nadu,SC,No,0.0,Commerce,4,6.88,66.01,150000.0,No,No,0,0,0,0,1,0,0,0,0,0,0,0,1,1,0,0,0,0,0,1,0,0,0,1,0,0,0,0,0,0,0,0,67.405,1,0,0,0,0,0,11.918397239722838,1.0
2665,Male,25.0,Madhya Pradesh,ST,No,0.0,Civil,3,8.07,71.42,300000.0,No,No,0,0,0,0,0,0,0,0,1,0,0,0,0,0,0,0,1,1,0,0,0,0,0,0,0,0,0,0,0,1,0,0,76.06,1,0,0,0,0,0,12.611541086966115,0.75
2666,Male,21.0,Other,ST,No,0.0,AI_DS,2,6.85,64.31,300000.0,Yes,Yes,0,0,0,0,1,0,0,0,1,0,0,0,0,0,0,0,0,0,0,1,0,0,0,0,0,0,0,0,0,0,0,0,66.405,1,0,0,0,0,0,12.611541086966115,0.5
2667,Female,21.0,Madhya Pradesh,SC,No,0.0,Production,4,7.81,77.77,1000000.0,Yes,No,0,0,0,0,0,0,0,0,0,0,0,0,0,0,0,0,1,1,0,0,0,0,0,0,0,0,0,0,0,0,0,0,77.935,1,0,0,0,0,0,13.815511557963774,1.0
2668,Male,24.0,Gujarat,EWS,No,0.0,Commerce,4,6.57,60.92,200000.0,Yes,No,0,0,0,0,1,0,0,0,0,0,0,0,1,1,0,0,0,0,0,0,0,0,0,0,0,0,0,0,0,0,0,0,63.31,1,0,0,0,0,0,12.206077645517674,1.0
2669,Female,23.0,Rajasthan,OBC,No,0.0,Biotechnology,4,6.88,71.2,300000.0,No,Yes,0,0,0,0,0,0,0,0,0,0,0,0,1,0,0,0,0,0,0,0,0,0,0,1,0,0,0,0,0,0,1,0,70.0,1,0,0,0,0,0,12.611541086966115,1.0
2670,Female,21.0,Rajasthan,OBC,No,0.0,CSE,3,7.08,69.57,500000.0,Yes,No,0,0,0,0,1,0,0,0,0,0,0,0,0,0,0,0,1,0,0,0,0,0,0,0,0,0,0,0,0,0,0,0,70.185,1,0,0,0,0,0,13.122365377402328,0.75
2671,Female,19.0,Maharashtra,EWS,No,0.0,IT,4,6.24,60.56,600000.0,Yes,Yes,0,0,0,0,0,0,0,0,1,0,0,0,0,0,0,0,0,0,0,0,0,1,0,1,0,0,0,0,0,0,0,0,61.480000000000004,1,0,0,0,0,0,13.304686600863562,1.0
2672,Female,20.0,Maharashtra,OBC,No,0.0,Biotechnology,1,5.46,50.19,350000.0,No,Yes,0,0,0,0,0,0,0,0,0,0,0,0,0,0,0,0,0,0,0,0,0,1,0,0,0,0,0,0,0,0,0,0,52.394999999999996,0,0,1,0,0,0,12.765691290604371,0.25
2673,Female,22.0,Maharashtra,SC,No,0.0,Electrical,2,7.1,72.47,800000.0,No,No,0,0,0,0,0,0,0,0,0,0,0,0,0,0,0,0,1,0,0,0,0,0,0,0,0,0,0,0,0,0,0,0,71.735,0,0,0,0,0,0,13.592368256649284,0.5
2674,Male,18.0,Gujarat,OBC,No,0.0,Production,1,7.17,61.51,250000.0,No,Yes,0,0,0,0,1,0,0,1,1,0,0,0,1,1,0,0,0,0,0,1,0,0,0,0,0,0,0,0,0,0,0,0,66.605,1,0,1,0,0,0,12.429220196836383,0.25
2675,Female,19.0,Maharashtra,OBC,No,0.0,Production,4,5.1,48.55,250000.0,No,Yes,0,0,0,0,0,0,0,0,0,0,0,0,0,0,0,0,0,0,0,0,0,1,0,0,0,0,0,0,0,0,0,0,49.775,1,0,0,0,0,0,12.429220196836383,1.0
2676,Male,21.0,Gujarat,OBC,No,0.0,Instrumentation,2,8.24,79.41,400000.0,No,No,0,0,0,0,0,0,0,0,1,0,0,0,0,0,0,0,0,0,0,0,0,0,0,0,0,0,0,0,0,1,0,0,80.905,0,1,0,0,0,0,12.899222326086994,0.5
2677,Female,23.0,Tamil Nadu,OBC,No,0.0,AI_DS,1,7.7,76.64,1000000.0,No,No,0,0,0,0,0,0,0,1,0,0,0,0,0,0,0,0,0,0,0,0,0,0,0,0,0,0,0,0,0,0,0,0,76.82,0,0,1,0,0,0,13.815511557963774,0.25
2678,Male,21.0,Other,SC,No,0.0,AI_DS,2,6.85,67.76,350000.0,No,Yes,0,0,0,0,1,0,0,0,0,0,0,0,1,0,0,0,0,0,0,0,0,0,0,0,0,0,0,0,0,0,0,0,68.13,0,0,0,0,0,0,12.765691290604371,0.5
2679,Female,22.0,Karnataka,General,No,0.0,Mechanical,4,5.54,49.92,400000.0,Yes,Yes,0,0,0,0,0,0,0,0,0,0,0,0,0,0,0,0,0,0,0,0,0,0,0,0,0,0,0,0,0,0,0,0,52.66,1,0,0,0,0,0,12.899222326086994,1.0
2680,Female,17.0,Andhra Pradesh,OBC,No,0.0,ECE,4,5.33,49.81,350000.0,Yes,No,0,0,0,0,0,0,0,0,0,0,0,0,0,0,0,0,0,0,0,0,0,0,0,0,0,0,0,0,0,0,0,0,51.555,1,0,0,0,0,0,12.765691290604371,1.0
2681,Female,18.0,Tamil Nadu,OBC,No,0.0,CSE,4,7.44,71.02,150000.0,Yes,Yes,0,0,0,0,0,0,0,0,0,0,0,0,1,1,0,0,0,0,0,1,0,0,0,1,0,0,0,0,0,1,1,0,72.71000000000001,1,0,0,0,0,0,11.918397239722838,1.0
2682,Female,20.0,Uttar Pradesh,OBC,No,0.0,Production,4,7.57,69.13,600000.0,Yes,No,0,0,0,0,0,0,0,0,1,0,0,0,0,0,0,0,1,0,0,0,0,0,0,0,0,0,0,0,0,0,0,0,72.41499999999999,1,0,0,0,0,0,13.304686600863562,1.0
2683,Female,21.0,Other,ST,No,0.0,Management,1,7.27,64.57,1200000.0,Yes,No,0,0,0,0,0,0,0,0,0,0,0,0,0,0,0,0,1,0,0,0,0,0,0,0,0,0,0,0,0,0,0,0,68.63499999999999,1,0,1,0,0,0,13.997832948091215,0.25
2684,Male,25.0,Other,ST,No,0.0,Science,3,9.14,85.92,300000.0,Yes,No,0,0,0,0,1,0,0,0,0,0,0,0,1,0,0,0,1,0,0,1,0,0,0,0,0,0,0,0,0,1,0,0,88.66,1,1,0,0,0,1,12.611541086966115,0.75
2685,Male,17.0,Telangana,SC,No,0.0,CSE,2,6.91,70.41,80000.0,Yes,No,1,1,0,0,1,0,0,0,1,0,0,0,1,1,0,0,0,0,0,1,0,0,0,0,0,0,0,0,0,0,0,0,69.755,1,0,0,0,0,0,11.289794413577894,0.5
2686,Male,25.0,Tamil Nadu,EWS,No,0.0,Civil,3,6.01,53.72,800000.0,No,Yes,0,0,0,0,0,0,0,0,0,0,0,0,0,0,0,0,0,0,0,0,0,0,0,0,0,0,0,0,0,0,0,0,56.91,0,0,0,0,0,0,13.592368256649284,0.75
2687,Male,22.0,Delhi,ST,No,0.0,Medical,1,6.18,58.51,200000.0,Yes,No,0,0,0,0,0,0,0,0,0,0,0,0,0,1,0,0,0,0,0,0,0,0,0,0,0,0,0,0,0,0,0,0,60.155,1,0,1,0,0,0,12.206077645517674,0.25
2688,Male,20.0,Telangana,ST,No,0.0,Science,3,8.02,78.41,250000.0,Yes,Yes,1,0,0,0,1,0,0,0,0,0,0,0,1,1,0,0,0,0,0,0,1,0,0,0,0,0,0,0,0,0,0,0,79.30499999999999,1,1,0,0,0,1,12.429220196836383,0.75
2689,Male,23.0,Delhi,EWS,No,0.0,AI_DS,2,10.0,71.2,1500000.0,Yes,No,0,0,0,0,0,0,1,0,0,0,0,0,0,0,0,0,1,0,0,0,0,0,0,0,0,0,0,0,0,0,0,0,85.6,1,0,0,0,0,0,14.220976332738882,0.5
2690,Male,18.0,Maharashtra,SC,No,0.0,Production,3,8.23,76.51,350000.0,Yes,Yes,0,1,0,0,1,0,1,0,1,0,0,0,0,0,0,0,1,1,0,0,0,0,0,0,0,0,0,0,0,1,0,0,79.405,1,1,0,0,0,1,12.765691290604371,0.75
2691,Female,19.0,Gujarat,General,No,0.0,Mechanical,3,6.8,62.74,350000.0,Yes,Yes,0,0,0,0,1,0,0,0,1,0,0,0,1,0,0,0,0,0,0,0,0,0,0,1,0,0,0,0,0,0,0,0,65.37,1,0,0,0,0,0,12.765691290604371,0.75
2692,Male,25.0,Karnataka,General,No,0.0,Medical,1,6.41,65.95,1000000.0,No,Yes,0,0,0,0,0,0,0,1,0,0,0,0,0,0,0,0,0,0,0,0,0,0,0,0,0,0,0,0,0,0,0,0,65.025,0,0,1,0,0,0,13.815511557963774,0.25
2693,Female,17.0,Karnataka,EWS,No,0.0,AI_DS,4,8.51,80.91,200000.0,No,Yes,0,1,0,0,1,0,1,0,1,0,0,0,0,1,0,0,0,0,0,0,1,0,1,1,0,0,0,0,0,1,0,0,83.005,1,1,0,0,0,1,12.206077645517674,1.0
2694,Female,25.0,Uttar Pradesh,SC,No,0.0,Commerce,4,9.12,82.1,150000.0,Yes,Yes,0,0,0,0,1,0,0,0,0,0,0,0,1,1,0,0,1,0,0,0,1,0,0,1,0,0,0,0,0,1,1,0,86.64999999999999,1,1,0,0,0,1,11.918397239722838,1.0
2695,Male,22.0,Gujarat,General,No,0.0,ECE,1,5.9,49.52,400000.0,Yes,No,0,0,0,0,0,0,0,0,0,0,0,0,0,0,0,0,0,0,0,0,0,0,0,0,0,0,0,0,0,0,0,0,54.260000000000005,1,0,1,0,0,0,12.899222326086994,0.25
2696,Male,23.0,Karnataka,SC,No,0.0,CSE,3,6.66,63.76,120000.0,Yes,Yes,0,0,0,0,0,0,0,0,1,0,0,0,0,1,0,0,0,0,0,0,0,0,0,0,0,0,0,0,0,0,0,0,65.17999999999999,1,0,0,0,0,0,11.695255355062795,0.75
2697,Female,17.0,Delhi,SC,No,0.0,ECE,1,7.62,72.84,600000.0,No,No,0,0,0,0,0,0,0,1,1,0,0,0,0,0,0,0,0,0,0,0,0,0,0,0,0,0,0,1,0,0,0,1,74.52000000000001,0,0,1,0,0,0,13.304686600863562,0.25
2698,Female,21.0,Madhya Pradesh,ST,No,0.0,Electrical,4,5.81,57.6,300000.0,No,No,0,0,0,0,0,0,0,0,0,0,0,0,0,0,0,0,0,0,0,0,0,0,0,0,0,0,0,0,0,0,0,0,57.849999999999994,1,0,0,0,0,0,12.611541086966115,1.0
2699,Male,19.0,Tamil Nadu,ST,No,0.0,Production,4,7.79,76.2,400000.0,Yes,No,0,0,0,0,1,0,0,0,1,0,0,0,1,0,0,0,1,0,0,0,0,0,0,0,0,0,0,0,0,1,0,0,77.05000000000001,1,0,0,0,0,0,12.899222326086994,1.0
2700,Male,23.0,Karnataka,EWS,No,0.0,ECE,2,5.23,50.62,1000000.0,No,No,0,0,0,0,0,0,0,0,0,0,0,0,0,0,0,0,0,0,0,0,0,0,0,0,0,0,0,0,0,0,0,0,51.46,0,0,0,0,0,0,13.815511557963774,0.5
2701,Female,21.0,Maharashtra,General,No,0.0,Management,2,6.07,56.47,400000.0,Yes,Yes,0,0,0,0,0,0,0,0,0,0,0,0,0,0,0,0,0,0,0,0,0,1,0,0,0,0,0,0,0,0,0,0,58.585,1,0,0,0,0,0,12.899222326086994,0.5
2702,Female,21.0,Maharashtra,OBC,No,0.0,Civil,3,7.49,77.6,800000.0,No,Yes,0,0,0,0,0,0,0,0,0,0,0,0,0,0,0,0,1,0,0,0,0,0,0,0,0,0,0,0,0,0,0,0,76.25,0,0,0,0,0,0,13.592368256649284,0.75
2703,Female,21.0,Andhra Pradesh,ST,No,0.0,Commerce,2,6.48,71.2,1000000.0,Yes,Yes,0,0,0,0,0,0,0,0,0,0,0,0,0,0,0,0,0,0,0,0,0,0,0,0,0,0,0,0,0,0,0,0,68.0,1,0,0,0,0,0,13.815511557963774,0.5
2704,Female,18.0,Rajasthan,ST,No,0.0,ECE,3,5.66,57.22,150000.0,Yes,No,0,0,0,0,0,0,0,0,0,0,0,0,0,1,0,0,0,0,0,0,0,0,0,0,0,0,0,0,0,0,0,0,56.91,1,0,0,0,0,0,11.918397239722838,0.75
2705,Male,21.0,Delhi,OBC,No,0.0,Medical,4,7.25,72.23,200000.0,No,No,0,0,0,0,0,0,0,0,0,0,0,0,1,0,0,0,0,0,0,0,0,0,0,0,0,0,0,0,0,0,0,0,72.36500000000001,1,0,0,0,0,0,12.206077645517674,1.0
2706,Female,17.0,Telangana,ST,No,0.0,Medical,4,6.87,63.69,80000.0,Yes,No,0,0,0,0,1,0,0,0,0,0,0,0,1,1,0,0,0,0,0,1,0,0,0,0,0,0,0,0,0,0,0,0,66.195,1,0,0,0,0,0,11.289794413577894,1.0
2707,Male,17.0,Maharashtra,SC,No,0.0,Management,2,6.58,65.14,350000.0,Yes,Yes,0,0,0,0,1,0,0,0,0,0,0,0,1,0,0,0,0,0,0,0,0,0,0,0,0,0,0,0,0,1,0,0,65.47,1,0,0,0,0,0,12.765691290604371,0.5
2708,Female,19.0,Gujarat,EWS,No,0.0,Mechanical,4,6.65,65.11,80000.0,No,No,0,0,0,0,1,0,0,0,1,0,0,0,0,1,0,0,0,0,0,0,0,0,0,1,0,0,0,0,0,0,0,0,65.805,1,0,0,0,0,0,11.289794413577894,1.0
2709,Male,21.0,Rajasthan,General,No,0.0,IT,4,7.04,60.95,350000.0,Yes,Yes,0,0,0,0,1,0,0,0,1,0,0,0,1,0,0,0,0,0,0,0,0,0,0,0,0,0,0,0,0,1,0,0,65.67500000000001,1,0,0,0,0,0,12.765691290604371,1.0
2710,Male,25.0,Tamil Nadu,OBC,No,0.0,Mechanical,3,6.82,61.25,400000.0,Yes,Yes,0,0,0,0,1,0,0,0,0,0,0,0,0,0,0,0,0,0,0,0,0,0,0,0,0,0,0,0,0,0,0,0,64.725,1,0,0,0,0,0,12.899222326086994,0.75
2711,Male,18.0,Delhi,General,No,0.0,Medical,1,7.54,68.06,1500000.0,No,No,0,0,0,0,0,0,0,0,0,0,0,0,0,0,0,0,0,0,0,0,0,0,0,0,0,0,0,0,0,0,0,0,71.73,0,0,1,0,0,0,14.220976332738882,0.25
2712,Female,25.0,Uttar Pradesh,EWS,No,0.0,Management,3,8.61,81.52,600000.0,No,Yes,0,0,0,0,0,0,0,0,0,0,0,0,0,0,0,0,1,0,0,0,0,0,0,0,0,0,0,0,0,0,0,0,83.81,0,1,0,0,0,0,13.304686600863562,0.75
2713,Female,19.0,Gujarat,General,No,0.0,ECE,3,7.29,71.22,500000.0,No,No,0,0,0,0,1,0,0,0,0,0,0,0,0,0,0,0,0,0,0,0,0,0,0,0,0,0,0,0,0,0,0,0,72.06,0,0,0,0,0,0,13.122365377402328,0.75
2714,Female,22.0,Delhi,General,No,0.0,ECE,1,8.66,82.21,350000.0,Yes,No,0,1,0,1,1,0,0,1,1,0,0,0,1,0,0,0,1,0,0,0,0,0,0,1,0,0,0,1,0,1,0,1,84.405,1,1,1,0,0,1,12.765691290604371,0.25
2715,Male,21.0,Andhra Pradesh,OBC,No,0.0,Commerce,2,6.57,57.09,1500000.0,Yes,Yes,0,0,0,0,0,0,0,0,0,0,0,0,0,0,0,0,0,0,0,0,0,0,0,0,0,0,0,0,0,0,0,0,61.395,1,0,0,0,0,0,14.220976332738882,0.5
2716,Female,22.0,Madhya Pradesh,ST,No,0.0,Commerce,1,6.68,71.2,350000.0,No,No,0,0,0,0,0,0,0,0,0,0,0,0,0,0,0,0,0,0,0,0,0,0,0,0,0,0,0,0,0,1,0,0,69.0,0,0,1,0,0,0,12.765691290604371,0.25
2717,Male,24.0,Delhi,EWS,No,0.0,Civil,1,7.63,71.45,350000.0,Yes,Yes,0,0,0,0,0,0,0,0,1,0,0,0,0,0,0,0,0,0,0,0,0,0,0,0,0,0,0,0,0,1,0,0,73.875,1,0,1,0,0,0,12.765691290604371,0.25
2718,Male,20.0,Other,General,No,0.0,Commerce,4,8.33,77.3,350000.0,Yes,Yes,0,0,0,0,0,0,0,0,0,0,0,0,1,0,0,0,1,0,0,0,0,0,0,0,0,0,0,0,0,1,0,0,80.3,1,1,0,0,0,1,12.765691290604371,1.0
2719,Male,23.0,Karnataka,OBC,No,0.0,CSE,2,7.43,74.14,120000.0,No,No,0,0,0,0,1,0,0,0,1,0,0,0,1,0,0,0,0,0,0,1,0,0,0,0,0,0,0,0,0,0,0,0,74.22,1,0,0,0,0,0,11.695255355062795,0.5
2720,Female,17.0,Maharashtra,SC,No,0.0,IT,2,7.91,74.96,400000.0,Yes,No,0,0,0,1,1,0,0,0,1,0,0,0,0,0,0,0,0,0,0,0,0,0,0,1,0,0,0,1,0,1,1,0,77.03,1,0,0,0,0,0,12.899222326086994,0.5
2721,Female,22.0,Delhi,SC,No,0.0,Biotechnology,4,6.78,62.51,1500000.0,Yes,Yes,0,0,0,0,0,0,0,0,0,0,0,0,0,0,0,0,0,0,0,0,0,0,0,0,0,0,0,0,0,0,0,0,65.155,1,0,0,0,0,0,14.220976332738882,1.0
2722,Male,24.0,Telangana,OBC,No,0.0,Electrical,2,6.48,59.94,300000.0,No,Yes,0,0,0,0,0,0,0,0,0,0,0,0,0,0,0,0,0,0,0,0,0,0,0,0,0,0,0,0,0,0,0,0,62.370000000000005,1,0,0,0,0,0,12.611541086966115,0.5
2723,Female,21.0,Rajasthan,EWS,No,0.0,Mechanical,3,8.41,79.23,500000.0,Yes,No,0,0,0,0,1,0,0,0,1,0,0,0,0,0,0,0,0,0,0,0,0,0,0,1,0,0,0,0,0,0,0,0,81.66499999999999,1,1,0,0,0,1,13.122365377402328,0.75
2724,Female,23.0,Gujarat,General,No,0.0,Mechanical,2,5.88,61.16,350000.0,Yes,Yes,0,0,0,0,1,0,0,0,1,0,0,0,0,0,0,0,0,0,0,0,0,0,0,0,0,0,0,1,0,0,0,0,59.98,1,0,0,0,0,0,12.765691290604371,0.5
2725,Female,20.0,Uttar Pradesh,EWS,No,0.0,Instrumentation,1,7.88,70.64,350000.0,Yes,No,0,1,0,1,1,0,0,1,1,0,0,0,0,0,0,0,0,0,0,0,0,0,0,0,0,0,0,0,0,1,1,0,74.72,1,0,1,0,0,0,12.765691290604371,0.25
2726,Female,20.0,Rajasthan,SC,No,0.0,IT,2,6.97,66.55,80000.0,No,No,0,0,0,0,1,0,0,0,0,0,0,0,0,0,0,0,0,0,0,1,0,0,0,1,0,0,0,1,0,0,0,0,68.125,1,0,0,0,0,0,11.289794413577894,0.5
2727,Female,17.0,Other,EWS,No,0.0,Chemical,3,9.55,71.2,1200000.0,No,Yes,0,0,0,0,0,0,1,0,0,0,0,0,0,0,0,0,1,0,0,0,0,0,0,0,0,0,0,0,0,0,0,0,83.35,0,0,0,0,0,0,13.997832948091215,0.75
2728,Female,17.0,Delhi,EWS,No,0.0,Mechanical,1,8.67,86.56,400000.0,No,Yes,0,0,0,1,0,0,0,1,1,0,0,0,1,0,1,0,0,0,0,0,0,0,0,1,1,1,0,1,0,0,1,1,86.63,0,1,1,0,0,0,12.899222326086994,0.25
2729,Female,18.0,Andhra Pradesh,ST,No,0.0,AI_DS,2,6.75,63.29,200000.0,No,Yes,0,0,0,0,1,0,0,0,1,0,0,0,0,0,0,0,0,0,0,0,0,0,0,1,0,0,0,0,0,0,0,0,65.395,1,0,0,0,0,0,12.206077645517674,0.5
2730,Female,24.0,Maharashtra,ST,No,0.0,ECE,4,6.26,58.86,800000.0,Yes,No,0,0,0,0,0,0,0,0,0,0,0,0,0,0,0,0,0,0,0,0,0,0,0,0,0,0,0,0,0,0,0,0,60.73,1,0,0,0,0,0,13.592368256649284,1.0
2731,Male,19.0,Telangana,OBC,No,0.0,Mechanical,3,7.46,72.85,120000.0,Yes,Yes,1,1,0,0,1,0,0,0,1,0,0,0,1,1,0,0,0,0,0,1,0,0,0,0,0,0,0,0,0,1,0,0,73.725,1,0,0,0,0,0,11.695255355062795,0.75
2732,Female,20.0,Gujarat,OBC,No,0.0,Chemical,1,8.81,81.45,120000.0,Yes,No,1,1,0,1,0,0,0,1,0,0,0,0,0,1,1,1,1,0,1,1,1,0,0,1,0,1,0,1,0,1,0,1,84.775,1,1,1,0,0,1,11.695255355062795,0.25
2733,Female,21.0,Gujarat,SC,No,0.0,Instrumentation,2,5.14,71.2,800000.0,Yes,Yes,0,0,0,0,0,0,0,0,0,0,0,0,0,0,0,0,0,0,0,0,0,0,0,0,0,0,0,1,0,0,0,0,61.3,1,0,0,0,0,0,13.592368256649284,0.5
2734,Female,20.0,Madhya Pradesh,General,No,0.0,Chemical,4,7.85,75.32,350000.0,No,Yes,0,1,0,0,0,0,1,0,1,0,0,0,1,0,0,0,1,0,0,0,0,0,0,1,0,0,0,0,0,1,0,0,76.91,0,0,0,0,0,0,12.765691290604371,1.0
2735,Male,25.0,Andhra Pradesh,General,No,0.0,Commerce,3,7.11,67.92,80000.0,No,Yes,0,0,0,0,1,0,0,0,0,0,0,0,1,1,0,0,0,0,0,1,1,0,0,0,0,0,0,0,0,0,0,0,69.51,1,0,0,0,0,0,11.289794413577894,0.75
2736,Female,24.0,Madhya Pradesh,OBC,No,0.0,AI_DS,2,9.32,89.69,400000.0,Yes,No,0,0,0,1,0,1,0,0,0,0,1,0,1,0,0,0,0,0,0,0,0,0,1,0,0,1,0,0,0,1,1,0,91.445,1,1,0,0,0,1,12.899222326086994,0.5
2737,Female,19.0,Telangana,SC,No,0.0,IT,2,7.05,65.47,350000.0,Yes,Yes,0,0,0,0,0,0,0,0,0,0,0,0,1,0,0,0,0,0,0,0,0,0,1,1,0,0,0,1,0,1,1,0,67.985,1,0,0,0,0,0,12.765691290604371,0.5
2738,Male,20.0,Madhya Pradesh,ST,No,0.0,Instrumentation,2,7.3,74.26,1000000.0,Yes,Yes,0,0,0,0,0,0,0,0,0,0,0,0,0,0,0,0,1,0,0,0,0,0,0,0,0,0,0,0,0,0,0,0,73.63,1,0,0,0,0,0,13.815511557963774,0.5
2739,Male,20.0,Tamil Nadu,ST,No,0.0,Commerce,4,7.28,69.1,600000.0,Yes,Yes,0,0,0,0,0,0,0,0,0,0,0,0,0,0,0,0,0,0,0,0,0,0,0,0,0,0,0,0,0,0,0,0,70.94999999999999,1,0,0,0,0,0,13.304686600863562,1.0
2740,Female,20.0,Karnataka,EWS,No,0.0,Instrumentation,1,6.92,69.04,1500000.0,Yes,Yes,0,0,0,0,0,0,0,0,0,0,0,0,0,0,0,0,0,0,0,0,0,0,0,0,0,0,0,0,0,0,0,0,69.12,1,0,1,0,0,0,14.220976332738882,0.25
2741,Male,20.0,Telangana,OBC,No,0.0,Electrical,3,9.85,94.93,80000.0,No,No,1,1,0,0,1,0,1,0,1,0,0,0,1,1,0,0,1,1,0,1,1,0,0,0,0,0,0,0,0,0,0,0,96.715,1,1,0,0,0,1,11.289794413577894,0.75
2742,Male,25.0,Karnataka,SC,No,0.0,Civil,3,7.6,72.31,800000.0,Yes,Yes,0,0,0,0,0,0,0,0,0,0,0,0,0,0,0,0,0,1,0,0,0,0,0,0,0,0,0,0,0,0,0,0,74.155,1,0,0,0,0,0,13.592368256649284,0.75
2743,Female,20.0,Tamil Nadu,SC,No,0.0,Medical,4,5.0,49.74,600000.0,No,Yes,0,0,0,0,0,0,0,0,0,0,0,0,0,0,0,0,0,0,0,0,0,0,0,0,0,0,0,0,0,0,0,0,49.870000000000005,0,0,0,0,0,0,13.304686600863562,1.0
2744,Female,22.0,Telangana,OBC,No,0.0,Mechanical,4,7.66,74.06,600000.0,Yes,No,0,0,0,0,0,0,1,0,0,0,0,0,0,0,0,0,0,1,0,0,0,0,0,0,0,0,0,0,0,0,0,0,75.33,1,0,0,0,0,0,13.304686600863562,1.0
2745,Female,17.0,Tamil Nadu,SC,No,0.0,CSE,3,6.65,62.02,150000.0,No,No,0,0,0,0,1,0,0,0,1,0,0,0,0,0,0,0,0,0,0,0,0,0,0,1,0,0,0,0,0,0,0,0,64.26,1,0,0,0,0,0,11.918397239722838,0.75
2746,Female,17.0,Karnataka,EWS,No,0.0,Commerce,3,7.01,69.66,350000.0,Yes,No,0,0,0,0,1,0,0,0,0,0,0,0,0,0,0,0,0,0,0,0,0,0,0,0,0,0,0,0,0,1,1,0,69.88,1,0,0,0,0,0,12.765691290604371,0.75
2747,Male,24.0,Andhra Pradesh,SC,Yes,60.0,ECE,2,7.05,73.22,80000.0,Yes,No,0,0,0,0,0,0,0,0,1,0,0,0,1,1,0,0,1,0,0,1,1,0,0,0,0,0,0,0,1,1,0,0,71.86,1,0,0,1,1,0,11.289794413577894,0.5
2748,Female,19.0,Delhi,EWS,No,0.0,Civil,3,8.02,72.36,250000.0,No,No,0,1,0,0,0,0,0,0,1,0,0,0,0,1,0,0,0,0,0,1,1,0,0,1,0,0,0,0,0,0,1,0,76.28,1,0,0,0,0,0,12.429220196836383,0.75
2749,Female,23.0,Tamil Nadu,EWS,No,0.0,Instrumentation,4,7.35,67.87,80000.0,No,Yes,0,0,0,0,1,0,0,0,1,0,0,0,1,1,0,0,1,0,0,1,1,0,0,1,0,0,0,0,0,0,1,0,70.685,1,0,0,0,0,0,11.289794413577894,1.0
2750,Female,17.0,Andhra Pradesh,EWS,No,0.0,Instrumentation,4,5.0,52.3,120000.0,Yes,Yes,0,0,0,0,0,0,0,0,0,0,0,0,0,0,0,0,0,0,0,0,0,0,0,0,0,0,0,0,0,0,0,0,51.15,1,0,0,0,0,0,11.695255355062795,1.0
2751,Male,25.0,Telangana,ST,No,0.0,Medical,4,8.34,80.83,1500000.0,No,No,0,0,0,0,0,0,0,0,0,0,0,0,0,0,0,0,0,0,0,0,0,0,0,0,0,0,0,0,0,0,0,0,82.11500000000001,0,1,0,0,0,0,14.220976332738882,1.0
2752,Female,22.0,Maharashtra,SC,No,0.0,Commerce,1,7.7,69.0,800000.0,Yes,No,0,0,0,0,0,0,0,0,0,0,0,0,0,0,0,0,0,0,0,0,0,0,0,0,0,0,0,0,0,0,0,1,73.0,1,0,1,0,0,0,13.592368256649284,0.25
2753,Female,21.0,Telangana,EWS,No,0.0,Mechanical,2,6.92,68.27,250000.0,Yes,No,0,0,0,0,1,0,0,0,1,0,0,0,1,1,0,0,0,0,0,0,0,0,0,1,0,0,0,1,0,1,1,0,68.735,1,0,0,0,0,0,12.429220196836383,0.5
2754,Female,25.0,Madhya Pradesh,General,No,0.0,Instrumentation,3,6.24,51.68,1200000.0,Yes,No,0,0,0,0,0,0,0,0,0,0,0,0,0,0,0,0,0,0,0,0,0,0,0,0,0,0,0,0,0,0,0,0,57.040000000000006,1,0,0,0,0,0,13.997832948091215,0.75
2755,Female,23.0,Uttar Pradesh,OBC,No,0.0,Chemical,1,7.23,68.26,150000.0,No,Yes,0,0,0,0,1,0,0,1,1,0,0,0,1,1,0,0,0,0,0,1,1,0,0,1,0,0,0,0,0,0,0,0,70.28,1,0,1,0,0,0,11.918397239722838,0.25
2756,Female,18.0,Tamil Nadu,General,No,0.0,Biotechnology,4,7.66,74.96,120000.0,No,Yes,0,0,0,0,1,0,0,0,0,0,0,0,0,1,0,0,0,0,0,1,0,0,0,1,0,0,0,0,0,0,0,0,75.78,1,0,0,0,0,0,11.695255355062795,1.0
2757,Male,22.0,Maharashtra,OBC,No,0.0,Management,4,8.27,79.34,1000000.0,Yes,No,0,0,0,0,0,0,0,0,0,0,0,0,0,0,0,0,0,0,0,0,0,0,0,0,0,0,0,0,0,0,0,0,81.02,1,1,0,0,0,1,13.815511557963774,1.0
2758,Female,25.0,Rajasthan,ST,No,0.0,Production,3,8.93,80.28,600000.0,Yes,No,0,0,0,0,0,0,0,0,1,0,0,0,0,0,0,0,1,1,0,0,0,0,0,0,0,0,0,0,0,0,0,0,84.78999999999999,1,1,0,0,0,1,13.304686600863562,0.75
2759,Male,23.0,Karnataka,SC,No,0.0,Production,1,8.11,78.92,1000000.0,Yes,Yes,0,0,0,0,0,0,0,0,0,0,0,0,0,0,0,0,1,0,0,0,0,0,0,0,0,0,0,0,0,0,0,0,80.00999999999999,1,1,1,0,0,1,13.815511557963774,0.25
2760,Male,19.0,Tamil Nadu,EWS,No,0.0,Biotechnology,1,7.49,52.59,1200000.0,Yes,Yes,0,0,0,0,0,0,0,0,0,0,0,0,0,0,0,0,0,0,0,0,0,0,0,0,0,0,0,0,0,0,0,0,63.745000000000005,1,0,1,0,0,0,13.997832948091215,0.25
2761,Female,25.0,Madhya Pradesh,OBC,No,0.0,Management,4,6.6,60.72,300000.0,No,No,0,0,0,0,1,0,0,0,0,0,0,0,0,0,0,0,0,0,0,0,0,0,0,1,0,0,0,0,0,0,0,0,63.36,1,0,0,0,0,0,12.611541086966115,1.0
2762,Male,20.0,Maharashtra,SC,No,0.0,IT,2,8.4,77.96,1000000.0,No,Yes,0,0,0,0,0,0,0,0,0,0,0,0,0,0,0,0,0,0,0,0,0,0,0,0,0,0,0,0,0,0,0,0,80.97999999999999,0,1,0,0,0,0,13.815511557963774,0.5
2763,Female,21.0,Other,SC,No,0.0,Instrumentation,4,6.47,59.63,500000.0,No,Yes,0,0,0,0,0,0,0,0,0,0,0,0,0,0,0,0,0,0,0,0,0,0,0,0,0,0,0,0,0,0,0,0,62.165000000000006,0,0,0,0,0,0,13.122365377402328,1.0
2764,Male,18.0,Delhi,General,No,0.0,Electrical,2,8.84,84.02,200000.0,No,No,0,1,0,0,0,0,1,0,1,0,0,0,1,0,0,0,0,1,0,1,1,0,0,0,0,0,0,0,0,1,0,0,86.21000000000001,1,1,0,0,0,1,12.206077645517674,0.5
2765,Female,18.0,Tamil Nadu,General,No,0.0,Production,1,7.28,68.83,400000.0,No,No,0,0,0,0,0,0,0,0,0,0,0,0,0,0,0,0,1,0,0,0,0,0,0,0,0,0,0,0,0,1,0,1,70.815,0,0,1,0,0,0,12.899222326086994,0.25
2766,Female,24.0,Tamil Nadu,ST,No,0.0,Commerce,2,9.05,83.73,350000.0,Yes,No,0,0,0,0,0,0,0,0,0,0,0,0,1,0,0,0,1,0,0,0,0,0,0,1,0,0,0,0,0,1,1,0,87.11500000000001,1,1,0,0,0,1,12.765691290604371,0.5
2767,Female,25.0,Madhya Pradesh,General,No,0.0,Management,4,9.08,86.89,250000.0,No,No,0,0,0,0,0,0,0,0,0,0,0,0,0,0,0,0,1,0,0,0,1,0,0,0,0,0,0,0,0,0,0,0,88.845,1,1,0,0,0,1,12.429220196836383,1.0
2768,Female,21.0,Other,OBC,No,0.0,Biotechnology,2,7.31,76.95,600000.0,No,Yes,0,0,0,0,0,0,0,0,0,0,0,0,0,0,0,0,1,0,0,0,0,0,0,0,0,0,0,0,0,0,0,0,75.025,0,0,0,0,0,0,13.304686600863562,0.5
2769,Female,24.0,Telangana,General,No,0.0,Production,4,7.49,58.12,350000.0,No,No,0,0,0,0,0,0,0,0,1,0,0,0,1,0,0,0,0,0,0,0,0,0,0,0,0,0,0,0,0,0,0,0,66.51,0,0,0,0,0,0,12.765691290604371,1.0
2770,Female,21.0,Maharashtra,SC,No,0.0,CSE,4,6.02,60.05,350000.0,No,No,0,0,0,0,0,0,0,0,1,0,0,0,1,0,0,0,0,0,0,0,0,0,0,0,0,0,0,0,0,0,0,0,60.125,0,0,0,0,0,0,12.765691290604371,1.0
2771,Male,21.0,Uttar Pradesh,ST,No,0.0,Chemical,1,9.53,95.54,120000.0,No,No,0,1,0,0,1,0,0,1,1,0,0,0,1,1,1,0,1,0,1,1,0,0,0,0,0,0,0,0,0,1,0,1,95.42,1,1,1,0,0,1,11.695255355062795,0.25
2772,Male,20.0,Maharashtra,EWS,No,0.0,IT,1,8.97,84.62,600000.0,No,Yes,0,0,0,0,0,0,0,1,1,0,0,0,0,0,0,0,1,0,0,0,0,0,0,0,0,0,0,0,0,0,0,1,87.16,0,1,1,0,0,0,13.304686600863562,0.25
2773,Female,22.0,Andhra Pradesh,SC,No,0.0,Electrical,2,7.06,62.06,1000000.0,No,No,0,0,0,0,0,0,0,0,0,0,0,0,0,0,0,0,1,0,0,0,0,0,0,0,0,0,0,0,0,0,0,0,66.33,0,0,0,0,0,0,13.815511557963774,0.5
2774,Female,20.0,Delhi,SC,No,0.0,Commerce,3,9.94,95.84,200000.0,No,Yes,0,0,0,0,1,0,0,0,0,0,0,0,0,1,0,0,1,0,0,1,1,0,0,1,0,0,0,0,0,1,1,0,97.62,1,1,0,0,0,1,12.206077645517674,0.75
2775,Male,19.0,Andhra Pradesh,ST,No,0.0,CSE,1,6.91,69.63,250000.0,No,Yes,0,0,0,0,1,0,0,0,1,0,0,1,1,1,0,0,0,0,0,1,0,0,0,0,0,0,0,0,0,1,0,0,69.365,1,0,1,0,0,0,12.429220196836383,0.25
2776,Male,18.0,Maharashtra,OBC,No,0.0,Pharmacy,4,6.33,61.35,120000.0,Yes,No,1,0,0,0,1,0,0,0,0,0,0,0,1,1,0,0,0,0,0,0,0,1,0,0,0,0,0,0,0,0,0,0,62.325,1,0,0,0,0,0,11.695255355062795,1.0
2777,Female,18.0,Rajasthan,EWS,No,0.0,Biotechnology,2,7.29,71.17,1000000.0,No,No,0,0,0,0,0,0,0,0,0,0,0,0,0,0,0,0,0,0,0,0,0,0,0,0,0,0,0,0,0,0,0,0,72.035,0,0,0,0,0,0,13.815511557963774,0.5
2778,Female,23.0,Rajasthan,SC,No,0.0,Management,4,7.42,66.14,350000.0,Yes,No,0,0,0,0,1,0,0,0,0,0,0,0,1,0,0,0,1,0,0,0,0,0,0,1,0,0,0,0,0,1,1,0,70.17,1,0,0,0,0,0,12.765691290604371,1.0
2779,Female,17.0,Telangana,ST,No,0.0,Commerce,4,7.59,75.25,800000.0,No,Yes,0,0,0,0,0,0,0,0,0,0,0,0,0,0,0,0,0,0,0,0,0,0,0,0,0,0,0,0,0,0,0,0,75.575,0,0,0,0,0,0,13.592368256649284,1.0
2780,Male,22.0,Gujarat,SC,No,0.0,Pharmacy,1,7.46,73.2,500000.0,Yes,No,0,0,0,0,1,0,0,1,0,0,0,0,0,0,0,0,1,0,0,0,0,0,0,0,0,0,0,0,0,0,0,1,73.9,1,0,1,0,0,0,13.122365377402328,0.25
2781,Male,20.0,Karnataka,General,No,0.0,Mechanical,4,6.25,59.3,350000.0,No,Yes,0,0,0,0,0,0,0,0,0,0,0,0,0,0,0,0,0,0,0,0,0,0,0,0,0,0,0,0,0,0,0,0,60.9,0,0,0,0,0,0,12.765691290604371,1.0
2782,Female,21.0,Tamil Nadu,OBC,No,0.0,Commerce,2,6.75,71.2,150000.0,Yes,No,0,0,0,0,1,0,0,0,0,0,0,0,0,0,0,0,1,0,0,1,0,0,0,1,0,0,0,0,0,0,1,0,69.35,1,0,0,0,0,0,11.918397239722838,0.5
2783,Male,22.0,Rajasthan,OBC,No,0.0,Medical,4,7.54,71.2,80000.0,No,No,0,0,0,0,1,0,0,0,0,0,0,0,1,1,0,0,0,0,0,1,0,0,0,0,0,0,0,0,0,1,0,0,73.30000000000001,1,0,0,0,0,0,11.289794413577894,1.0
2784,Female,24.0,Karnataka,OBC,No,0.0,AI_DS,3,8.81,85.77,400000.0,No,Yes,0,0,0,0,1,0,1,0,0,0,0,0,0,0,0,0,1,0,0,0,0,0,0,1,0,0,1,0,0,1,1,0,86.935,0,1,0,0,0,0,12.899222326086994,0.75
2785,Female,24.0,Telangana,SC,No,0.0,CSE,2,7.83,71.39,300000.0,No,No,1,1,0,1,1,0,0,0,1,0,0,0,0,0,0,0,0,0,0,0,0,0,0,1,0,1,0,0,0,0,0,0,74.845,1,0,0,0,0,0,12.611541086966115,0.5
2786,Male,17.0,Other,OBC,No,0.0,Production,4,7.49,69.65,800000.0,Yes,No,0,0,0,0,0,0,0,0,0,0,0,0,0,0,0,0,0,0,0,0,0,0,0,0,0,0,0,0,0,0,0,0,72.275,1,0,0,0,0,0,13.592368256649284,1.0
2787,Male,25.0,Other,ST,No,0.0,Management,4,7.09,66.23,250000.0,Yes,Yes,0,0,0,0,1,0,0,0,0,0,0,0,1,1,0,0,0,0,0,0,1,0,0,0,0,0,0,0,0,1,0,0,68.565,1,0,0,0,0,0,12.429220196836383,1.0
2788,Male,20.0,Madhya Pradesh,General,No,0.0,Civil,1,6.32,54.17,150000.0,No,No,0,0,0,0,0,0,0,0,0,0,0,0,0,0,0,0,0,0,0,0,0,0,0,0,0,0,0,0,0,0,0,0,58.685,1,0,1,0,0,0,11.918397239722838,0.25
2789,Male,21.0,Andhra Pradesh,SC,No,0.0,AI_DS,3,6.7,64.23,200000.0,No,Yes,0,0,0,0,1,0,0,0,1,0,0,0,1,0,0,0,0,0,0,0,0,0,0,0,0,0,0,0,0,0,0,0,65.61500000000001,1,0,0,0,0,0,12.206077645517674,0.75
2790,Male,24.0,Delhi,EWS,No,0.0,IT,3,5.88,55.91,1000000.0,Yes,Yes,0,0,0,0,0,0,0,0,0,0,0,0,0,0,0,0,0,0,0,0,0,0,0,0,0,0,0,0,0,0,0,0,57.355,1,0,0,0,0,0,13.815511557963774,0.75
2791,Female,22.0,Madhya Pradesh,EWS,No,0.0,ECE,4,9.78,95.98,400000.0,No,Yes,0,0,0,0,0,0,1,0,1,0,0,0,1,0,0,0,1,0,0,0,0,0,0,1,0,0,1,0,0,1,1,0,96.89,0,1,0,0,0,0,12.899222326086994,1.0
2792,Male,25.0,Karnataka,General,No,0.0,Chemical,1,9.47,91.14,500000.0,Yes,Yes,0,0,0,0,1,0,0,1,1,0,0,0,0,0,1,0,1,0,0,0,0,0,0,0,0,0,0,0,0,0,0,1,92.92,1,1,1,0,0,1,13.122365377402328,0.25
2793,Male,25.0,Rajasthan,SC,No,0.0,Civil,3,8.9,82.38,150000.0,Yes,No,0,0,0,0,1,0,0,0,0,0,0,0,1,1,0,0,1,1,0,1,1,0,0,0,0,0,0,0,0,1,0,0,85.69,1,1,0,0,0,1,11.918397239722838,0.75
2794,Male,18.0,Uttar Pradesh,SC,No,0.0,Production,1,6.73,55.72,1500000.0,Yes,Yes,0,0,0,0,0,0,0,0,0,0,0,0,0,0,0,0,0,0,0,0,0,0,0,0,0,0,0,0,0,0,0,0,61.510000000000005,1,0,1,0,0,0,14.220976332738882,0.25
2795,Male,25.0,Madhya Pradesh,OBC,No,0.0,Civil,3,8.92,89.36,350000.0,Yes,No,0,0,0,0,1,0,1,0,1,0,0,0,1,0,0,0,1,0,0,0,0,0,0,0,0,0,0,0,0,1,0,0,89.28,1,1,0,0,0,1,12.765691290604371,0.75
2796,Female,18.0,Karnataka,OBC,No,0.0,Pharmacy,3,6.84,64.22,200000.0,Yes,Yes,0,0,0,0,1,0,0,0,0,0,0,0,0,1,0,0,0,0,0,0,0,0,0,1,0,0,0,0,0,0,0,0,66.31,1,0,0,0,0,0,12.206077645517674,0.75
2797,Female,20.0,Maharashtra,OBC,No,0.0,Chemical,3,6.6,63.85,80000.0,No,No,0,0,0,0,0,0,0,0,1,0,0,0,0,1,0,0,0,0,0,1,0,1,0,0,0,0,0,0,0,0,0,0,64.925,1,0,0,0,0,0,11.289794413577894,0.75
2798,Male,18.0,Maharashtra,EWS,No,0.0,Commerce,3,8.85,78.85,600000.0,No,No,0,0,0,0,0,0,0,0,0,0,0,0,0,0,0,0,1,0,0,0,0,0,0,0,0,0,0,0,0,0,0,0,83.675,0,1,0,0,0,0,13.304686600863562,0.75
2799,Female,24.0,Andhra Pradesh,ST,No,0.0,Chemical,3,7.99,75.07,250000.0,Yes,Yes,0,1,0,0,1,0,0,0,1,0,0,0,1,1,0,1,1,0,0,0,1,0,0,1,0,0,0,0,0,1,1,0,77.485,1,0,0,0,0,0,12.429220196836383,0.75
2800,Male,19.0,Andhra Pradesh,EWS,No,0.0,Instrumentation,3,7.64,73.96,150000.0,Yes,No,0,1,0,0,1,0,0,0,1,0,0,0,1,1,0,0,0,0,0,1,1,0,0,0,0,0,0,0,0,1,0,0,75.17999999999999,1,0,0,0,0,0,11.918397239722838,0.75
2801,Female,18.0,Uttar Pradesh,General,Yes,40.0,Medical,4,7.27,68.75,1000000.0,Yes,Yes,0,0,0,0,0,0,0,0,0,0,0,0,0,0,0,0,0,0,0,0,0,0,0,0,0,0,0,0,0,0,0,0,70.725,1,0,0,1,1,0,13.815511557963774,1.0
2802,Male,25.0,Other,OBC,No,0.0,Instrumentation,2,7.24,71.69,1200000.0,Yes,No,0,0,0,0,0,0,0,0,0,0,0,0,0,0,0,0,0,0,0,0,0,0,0,0,0,0,0,0,0,0,0,0,72.045,1,0,0,0,0,0,13.997832948091215,0.5
2803,Male,23.0,Delhi,OBC,No,0.0,AI_DS,4,8.0,76.66,300000.0,No,Yes,0,1,0,0,1,0,1,0,1,0,0,0,1,0,0,0,1,0,0,1,0,0,0,0,0,0,0,0,0,1,0,0,78.33,1,1,0,0,0,1,12.611541086966115,1.0
2804,Female,23.0,Gujarat,General,No,0.0,Instrumentation,4,5.97,55.58,600000.0,Yes,Yes,0,0,0,0,0,0,0,0,0,0,0,0,0,0,0,0,0,0,0,0,0,0,0,0,0,0,0,0,0,0,0,0,57.64,1,0,0,0,0,0,13.304686600863562,1.0
2805,Male,22.0,Uttar Pradesh,OBC,No,0.0,Pharmacy,4,8.58,81.62,150000.0,Yes,No,0,0,0,0,1,0,0,0,0,0,0,0,1,1,0,0,1,0,0,0,1,0,0,0,0,0,0,0,0,0,0,0,83.71000000000001,1,1,0,0,0,1,11.918397239722838,1.0
2806,Male,20.0,Gujarat,OBC,Yes,80.0,Science,3,8.29,84.05,500000.0,No,No,0,0,0,0,0,0,0,0,0,0,0,0,0,0,0,0,0,0,0,0,0,0,0,0,0,0,0,0,0,0,0,0,83.475,0,1,0,1,1,0,13.122365377402328,0.75
2807,Male,21.0,Karnataka,EWS,No,0.0,ECE,2,8.75,83.4,600000.0,No,Yes,0,0,0,0,0,0,1,0,1,0,0,0,0,0,0,0,1,0,0,0,0,0,0,0,0,0,0,0,0,0,0,0,85.45,0,1,0,0,0,0,13.304686600863562,0.5
2808,Female,22.0,Gujarat,General,No,0.0,CSE,2,6.89,57.79,800000.0,No,Yes,0,0,0,0,0,0,0,0,0,0,0,0,0,0,0,0,0,0,0,0,0,0,0,0,0,0,0,0,0,0,0,0,63.345,0,0,0,0,0,0,13.592368256649284,0.5
2809,Female,17.0,Telangana,EWS,Yes,90.0,Mechanical,3,7.3,68.37,80000.0,No,No,1,0,0,0,1,0,0,0,1,0,0,0,1,0,0,0,0,0,0,0,1,0,0,1,0,0,0,0,1,1,1,0,70.685,1,0,0,1,1,0,11.289794413577894,0.75
2810,Female,24.0,Telangana,ST,No,0.0,Medical,3,7.97,75.25,80000.0,Yes,No,1,0,0,0,1,0,0,0,0,0,0,0,0,1,0,0,1,0,0,1,0,0,0,1,0,0,0,0,0,0,1,0,77.475,1,0,0,0,0,0,11.289794413577894,0.75
2811,Male,25.0,Uttar Pradesh,EWS,No,0.0,Medical,3,7.12,62.3,350000.0,Yes,Yes,0,0,0,0,1,0,0,0,0,0,0,0,0,0,0,0,1,0,0,0,0,0,0,0,0,0,0,0,0,1,0,0,66.75,1,0,0,0,0,0,12.765691290604371,0.75
2812,Female,22.0,Other,General,No,0.0,Electrical,2,6.37,61.94,500000.0,No,No,0,0,0,0,0,0,0,0,0,0,0,0,0,0,0,0,0,0,0,0,0,0,0,1,0,0,0,1,0,0,0,0,62.82,0,0,0,0,0,0,13.122365377402328,0.5
2813,Female,22.0,Andhra Pradesh,EWS,No,0.0,Production,1,7.49,90.53,200000.0,No,Yes,0,1,0,1,1,0,0,1,1,1,0,0,1,1,1,0,1,0,1,0,0,0,0,1,1,1,0,1,0,0,0,1,82.715,1,0,1,0,0,0,12.206077645517674,0.25
2814,Female,19.0,Gujarat,EWS,Yes,40.0,ECE,2,7.89,77.81,500000.0,No,Yes,0,0,0,0,1,0,1,0,0,0,0,0,0,0,0,0,0,0,0,0,0,0,0,1,0,1,0,0,1,0,0,0,78.35499999999999,0,0,0,1,1,0,13.122365377402328,0.5
2815,Female,24.0,Uttar Pradesh,SC,No,0.0,Science,1,6.53,63.14,1200000.0,Yes,Yes,0,0,0,0,0,0,0,0,0,0,0,0,0,0,0,0,0,0,0,0,0,0,0,0,0,0,0,0,0,0,0,0,64.22,1,0,1,0,0,0,13.997832948091215,0.25
2816,Male,20.0,Madhya Pradesh,General,No,0.0,Instrumentation,3,6.61,65.39,1000000.0,Yes,Yes,0,0,0,0,0,0,0,0,0,0,0,0,0,0,0,0,0,0,0,0,0,0,0,0,0,0,0,0,0,0,0,0,65.745,1,0,0,0,0,0,13.815511557963774,0.75
2817,Female,21.0,Rajasthan,EWS,No,0.0,ECE,3,7.68,73.86,400000.0,Yes,No,0,0,0,0,0,0,0,0,0,0,0,0,0,0,0,0,0,0,0,0,0,0,0,0,0,0,0,0,0,1,1,0,75.33,1,0,0,0,0,0,12.899222326086994,0.75
2818,Male,21.0,Tamil Nadu,OBC,No,0.0,Pharmacy,1,6.56,64.44,350000.0,No,No,0,0,0,0,0,0,0,0,0,0,0,0,0,0,0,0,0,0,0,0,0,0,0,0,0,0,0,0,0,0,0,0,65.02,0,0,1,0,0,0,12.765691290604371,0.25
2819,Male,17.0,Uttar Pradesh,SC,No,0.0,Electrical,4,10.0,91.98,400000.0,Yes,No,0,0,0,0,1,0,1,0,1,0,0,0,1,0,0,0,0,1,0,0,0,0,0,0,0,0,0,0,0,1,0,0,95.99000000000001,1,1,0,0,0,1,12.899222326086994,1.0
2820,Female,25.0,Andhra Pradesh,SC,No,0.0,Electrical,2,7.09,68.05,300000.0,Yes,Yes,0,0,0,0,1,0,0,0,1,0,0,0,1,0,0,0,1,0,0,1,0,0,0,1,0,0,0,0,0,1,1,0,69.475,1,0,0,0,0,0,12.611541086966115,0.5
2821,Male,25.0,Maharashtra,General,No,0.0,Electrical,2,8.44,78.5,350000.0,Yes,Yes,0,0,0,0,1,0,0,0,1,0,0,0,1,0,0,0,1,0,0,0,0,1,0,0,0,0,0,0,0,1,0,0,81.44999999999999,1,1,0,0,0,1,12.765691290604371,0.5
2822,Female,25.0,Delhi,SC,No,0.0,Chemical,4,7.49,51.58,400000.0,No,No,0,0,0,0,0,0,0,0,0,0,0,0,0,0,0,0,0,0,0,0,0,0,0,0,0,0,0,0,0,0,1,0,63.24,0,0,0,0,0,0,12.899222326086994,1.0
2823,Male,23.0,Telangana,SC,No,0.0,Production,4,8.41,74.67,250000.0,No,No,1,1,0,0,1,0,1,0,1,0,0,0,1,0,0,0,1,0,0,1,0,0,0,0,0,0,0,0,0,1,0,0,79.38499999999999,1,0,0,0,0,0,12.429220196836383,1.0
2824,Female,22.0,Gujarat,General,No,0.0,Civil,1,6.77,69.02,400000.0,No,No,0,0,0,0,0,0,0,0,0,0,0,0,0,0,0,0,0,0,0,0,0,0,0,1,0,0,0,0,0,0,0,1,68.35999999999999,0,0,1,0,0,0,12.899222326086994,0.25
2825,Female,19.0,Delhi,EWS,No,0.0,Science,3,9.24,90.6,120000.0,Yes,No,0,0,0,0,1,0,0,0,0,0,0,0,1,1,0,0,1,0,0,1,1,0,0,0,0,0,0,0,0,1,1,0,91.5,1,1,0,0,0,1,11.695255355062795,0.75
2826,Female,19.0,Andhra Pradesh,ST,No,0.0,ECE,1,7.29,69.5,1200000.0,No,No,0,0,0,0,0,0,0,1,0,0,0,0,0,0,0,0,0,0,0,0,0,0,0,0,0,0,0,0,0,0,0,0,71.2,0,0,1,0,0,0,13.997832948091215,0.25
2827,Female,22.0,Karnataka,SC,No,0.0,Pharmacy,3,7.34,73.11,120000.0,No,No,0,0,0,0,1,0,0,0,0,0,0,0,0,1,0,0,1,0,0,1,1,0,0,1,0,0,0,0,0,0,0,0,73.255,1,0,0,0,0,0,11.695255355062795,0.75
2828,Female,18.0,Uttar Pradesh,ST,No,0.0,Commerce,2,6.45,58.86,1000000.0,Yes,No,0,0,0,0,0,0,0,0,0,0,0,0,0,0,0,0,0,0,0,0,0,0,0,0,0,0,0,0,0,0,0,0,61.68,1,0,0,0,0,0,13.815511557963774,0.5
2829,Male,22.0,Delhi,OBC,No,0.0,ECE,4,8.71,82.61,1200000.0,Yes,Yes,0,0,0,0,0,0,1,0,0,0,0,0,0,0,0,0,1,0,0,0,0,0,0,0,0,0,0,0,0,0,0,0,84.855,1,1,0,0,0,1,13.997832948091215,1.0
2830,Male,22.0,Uttar Pradesh,ST,No,0.0,Electrical,2,9.15,84.91,250000.0,Yes,Yes,0,1,0,0,1,0,1,0,0,0,0,0,1,0,0,1,1,1,0,1,1,0,0,0,0,0,0,0,0,1,0,0,88.205,1,1,0,0,0,1,12.429220196836383,0.5
2831,Female,25.0,Karnataka,SC,No,0.0,Mechanical,4,7.43,67.82,350000.0,No,Yes,0,0,0,0,0,0,0,0,0,0,0,0,1,0,0,0,0,0,0,0,0,0,0,0,0,0,0,0,0,1,0,0,71.06,0,0,0,0,0,0,12.765691290604371,1.0
2832,Female,23.0,Other,General,No,0.0,IT,3,7.51,66.91,80000.0,Yes,Yes,0,0,0,0,0,0,0,0,1,0,0,0,1,1,0,0,0,0,0,1,1,0,1,1,0,0,0,0,0,1,0,0,71.005,1,0,0,0,0,0,11.289794413577894,0.75
2833,Female,25.0,Maharashtra,General,No,0.0,Biotechnology,2,6.91,61.34,400000.0,Yes,No,0,0,0,0,1,0,0,0,0,0,0,0,1,0,0,0,0,0,0,0,0,1,0,0,0,0,0,0,0,0,0,0,65.22,1,0,0,0,0,0,12.899222326086994,0.5
2834,Female,23.0,Tamil Nadu,General,No,0.0,Biotechnology,3,8.33,81.28,250000.0,No,Yes,0,0,0,0,1,0,0,0,0,0,0,0,1,1,0,0,0,0,0,1,1,0,0,0,0,0,0,0,0,1,0,0,82.28999999999999,1,1,0,0,0,1,12.429220196836383,0.75
2835,Female,20.0,Uttar Pradesh,OBC,No,0.0,IT,4,5.42,55.49,400000.0,No,No,0,0,0,0,0,0,0,0,0,0,0,0,0,0,0,0,0,0,0,0,0,0,0,0,0,0,0,0,0,0,0,0,54.845,0,0,0,0,0,0,12.899222326086994,1.0
2836,Male,24.0,Gujarat,General,No,0.0,Civil,4,10.0,95.14,1000000.0,No,Yes,0,0,0,0,0,0,1,0,0,0,0,0,0,0,0,0,1,1,0,0,0,0,0,0,0,0,0,0,0,0,0,0,97.57,0,1,0,0,0,0,13.815511557963774,1.0
2837,Male,19.0,Delhi,SC,No,0.0,Electrical,3,6.73,72.41,1000000.0,Yes,Yes,0,0,0,0,0,0,0,0,0,0,0,0,0,0,0,0,1,0,0,0,0,0,0,0,0,0,0,0,0,0,0,0,69.855,1,0,0,0,0,0,13.815511557963774,0.75
2838,Male,22.0,Madhya Pradesh,OBC,No,0.0,CSE,4,5.92,56.3,400000.0,No,No,0,0,0,0,0,0,0,0,0,0,0,0,0,0,0,0,0,0,0,0,0,0,0,0,0,0,0,0,0,0,0,0,57.75,0,0,0,0,0,0,12.899222326086994,1.0
2839,Male,18.0,Gujarat,ST,No,0.0,Instrumentation,2,7.72,77.38,600000.0,No,No,0,0,0,0,0,0,1,0,1,0,0,0,0,0,0,0,1,0,0,0,0,0,0,0,0,0,0,0,0,0,0,0,77.28999999999999,0,0,0,0,0,0,13.304686600863562,0.5
2840,Female,25.0,Telangana,SC,No,0.0,CSE,4,7.93,73.84,500000.0,Yes,No,0,0,0,0,1,0,0,0,1,0,0,0,0,0,0,0,0,0,0,0,0,0,1,0,0,0,0,0,0,0,0,0,76.57,1,0,0,0,0,0,13.122365377402328,1.0
2841,Female,18.0,Other,EWS,No,0.0,ECE,1,6.36,59.39,400000.0,No,No,0,0,0,0,0,0,0,0,0,0,0,0,0,0,0,0,0,0,0,0,0,0,0,0,0,0,0,0,0,0,0,0,61.495000000000005,0,0,1,0,0,0,12.899222326086994,0.25
2842,Female,18.0,Gujarat,EWS,No,0.0,Instrumentation,3,6.29,59.9,120000.0,No,Yes,0,0,0,0,0,0,0,0,0,0,0,0,0,1,0,0,0,0,0,0,0,0,0,0,0,0,0,0,0,0,0,0,61.4,1,0,0,0,0,0,11.695255355062795,0.75
2843,Female,20.0,Other,General,No,0.0,Instrumentation,2,6.82,60.31,500000.0,Yes,No,0,0,0,0,1,0,0,0,1,0,0,0,0,0,0,0,0,0,0,0,0,0,0,0,0,0,0,1,0,0,0,0,64.255,1,0,0,0,0,0,13.122365377402328,0.5
2844,Female,21.0,Tamil Nadu,ST,No,0.0,Medical,3,9.01,84.1,600000.0,Yes,No,0,0,0,0,0,0,0,0,0,0,0,0,0,0,0,0,1,0,0,0,0,0,0,1,0,0,0,0,0,0,0,0,87.1,1,1,0,0,0,1,13.304686600863562,0.75
2845,Male,12.0,Madhya Pradesh,SC,No,0.0,Instrumentation,2,5.98,56.31,800000.0,No,Yes,0,0,0,0,0,0,0,0,0,0,0,0,0,0,0,0,0,0,0,0,0,0,0,0,0,0,0,0,0,0,0,0,58.05500000000001,0,0,0,0,0,0,13.592368256649284,0.5
2846,Female,25.0,Tamil Nadu,ST,No,0.0,Commerce,2,7.58,66.77,150000.0,Yes,No,0,0,0,0,1,0,0,0,0,0,0,0,0,1,0,0,1,0,0,1,1,0,0,0,0,0,0,0,0,1,1,0,71.285,1,0,0,0,0,0,11.918397239722838,0.5
2847,Male,24.0,Andhra Pradesh,OBC,No,0.0,ECE,3,7.9,71.91,200000.0,No,No,0,1,0,0,1,0,1,0,1,0,0,0,1,0,0,0,0,0,0,0,0,0,0,0,0,0,0,0,0,1,0,0,75.455,1,0,0,0,0,0,12.206077645517674,0.75
2848,Female,18.0,Maharashtra,General,No,0.0,Biotechnology,3,9.55,92.3,400000.0,No,No,0,0,0,0,1,0,0,0,0,0,0,0,0,0,0,0,1,0,0,0,0,1,0,1,0,0,0,0,0,1,1,0,93.9,0,1,0,0,0,0,12.899222326086994,0.75
2849,Female,21.0,Karnataka,General,No,0.0,Instrumentation,4,7.02,64.45,150000.0,Yes,No,0,0,0,0,1,0,0,0,1,0,0,0,1,0,0,0,1,0,0,1,0,0,0,1,0,0,0,0,0,0,1,0,67.32499999999999,1,0,0,0,0,0,11.918397239722838,1.0
2850,Female,24.0,Delhi,SC,No,0.0,ECE,2,7.37,71.85,300000.0,No,No,0,0,0,1,1,0,0,0,0,0,0,0,1,0,0,0,0,0,0,0,0,0,0,1,0,1,0,1,0,0,0,0,72.775,1,0,0,0,0,0,12.611541086966115,0.5
2851,Female,18.0,Andhra Pradesh,EWS,No,0.0,Pharmacy,4,7.47,71.2,200000.0,No,Yes,0,0,0,0,1,0,0,0,0,0,0,0,0,0,0,0,0,0,0,0,0,0,0,1,0,0,0,0,0,0,1,0,72.95,1,0,0,0,0,0,12.206077645517674,1.0
2852,Male,19.0,Delhi,SC,No,0.0,Pharmacy,1,7.57,70.1,1500000.0,No,No,0,0,0,0,0,0,0,0,0,0,0,0,0,0,0,0,1,0,0,0,0,0,0,0,0,0,0,0,0,0,0,0,72.9,0,0,1,0,0,0,14.220976332738882,0.25
2853,Female,21.0,Madhya Pradesh,EWS,No,0.0,Commerce,4,7.09,61.1,80000.0,Yes,No,0,0,0,0,0,0,0,0,0,0,0,0,0,1,0,0,0,0,0,1,0,0,0,1,0,0,0,0,0,1,1,0,66.0,1,0,0,0,0,0,11.289794413577894,1.0
2854,Male,20.0,Andhra Pradesh,OBC,No,0.0,Chemical,4,8.67,83.26,80000.0,No,Yes,0,1,0,0,1,0,1,0,1,0,0,0,0,1,0,0,1,0,0,1,1,0,0,0,0,0,0,0,0,1,0,0,84.98,1,1,0,0,0,1,11.289794413577894,1.0
2855,Female,18.0,Telangana,ST,No,0.0,Science,1,6.57,68.11,250000.0,No,No,1,0,0,0,1,0,0,1,0,0,0,0,0,0,0,0,0,0,0,0,0,0,0,0,0,0,0,0,0,0,0,0,66.905,1,0,1,0,0,0,12.429220196836383,0.25
2856,Male,21.0,Rajasthan,EWS,No,0.0,Biotechnology,3,7.49,69.09,80000.0,Yes,No,0,0,0,0,1,0,0,0,0,0,0,0,0,1,0,0,0,0,0,1,1,0,0,0,0,0,0,0,0,1,0,0,71.995,1,0,0,0,0,0,11.289794413577894,0.75
2857,Female,22.0,Andhra Pradesh,General,No,0.0,CSE,2,8.53,82.23,600000.0,No,Yes,0,0,0,0,0,1,1,0,1,0,1,0,0,0,0,0,1,0,0,0,0,0,0,1,0,0,0,1,0,0,0,0,83.765,0,1,0,0,0,0,13.304686600863562,0.5
2858,Male,18.0,Tamil Nadu,SC,No,0.0,CSE,1,7.97,74.44,1200000.0,Yes,No,0,0,0,0,0,0,0,1,0,0,0,0,0,0,0,0,0,0,0,0,0,0,0,0,0,0,0,0,0,0,0,0,77.07,1,0,1,0,0,0,13.997832948091215,0.25
2859,Male,23.0,Tamil Nadu,EWS,No,0.0,Instrumentation,1,8.04,71.2,400000.0,No,Yes,0,0,0,0,1,0,0,0,1,0,0,0,0,0,0,0,1,0,0,0,0,0,0,0,0,0,0,0,0,1,0,1,75.8,0,0,1,0,0,0,12.899222326086994,0.25
2860,Female,22.0,Other,General,No,0.0,Electrical,1,8.17,71.9,1000000.0,No,Yes,0,0,0,0,0,0,0,1,0,0,0,0,0,0,0,0,0,0,0,0,0,0,0,0,0,0,0,0,0,0,0,1,76.80000000000001,0,0,1,0,0,0,13.815511557963774,0.25
2861,Female,24.0,Andhra Pradesh,OBC,No,0.0,Civil,4,6.98,71.48,400000.0,Yes,No,0,0,0,0,0,0,0,0,0,0,0,0,0,0,0,0,0,0,0,0,0,0,0,1,0,0,0,0,0,1,0,0,70.64000000000001,1,0,0,0,0,0,12.899222326086994,1.0
2862,Female,25.0,Uttar Pradesh,ST,Yes,40.0,Science,2,6.58,60.7,150000.0,Yes,No,0,0,0,0,1,0,0,0,0,0,0,0,1,1,0,0,0,0,0,0,0,0,0,1,0,0,0,0,0,0,0,0,63.25,1,0,0,1,1,0,11.918397239722838,0.5
2863,Male,20.0,Karnataka,SC,No,0.0,Civil,1,6.96,62.48,120000.0,No,Yes,0,0,0,0,1,0,0,1,1,0,0,1,1,1,0,0,0,0,0,1,0,0,0,0,0,0,0,0,0,0,0,0,66.03999999999999,1,0,1,0,0,0,11.695255355062795,0.25
2864,Male,24.0,Telangana,OBC,No,0.0,Chemical,2,5.0,46.81,350000.0,No,Yes,0,0,0,0,0,0,0,0,0,0,0,0,0,0,0,0,0,0,0,0,0,0,0,0,0,0,0,0,0,0,0,0,48.405,0,0,0,0,0,0,12.765691290604371,0.5
2865,Female,24.0,Uttar Pradesh,ST,No,0.0,AI_DS,3,7.66,72.61,500000.0,Yes,Yes,0,0,0,0,1,0,1,0,0,0,0,0,0,0,0,0,0,0,0,0,0,0,0,0,0,0,0,0,0,0,0,0,74.60499999999999,1,0,0,0,0,0,13.122365377402328,0.75
2866,Male,17.0,Tamil Nadu,OBC,No,0.0,Commerce,3,7.33,69.76,500000.0,Yes,No,0,0,0,0,1,0,0,0,0,0,0,0,0,0,0,0,0,0,0,0,0,0,0,0,0,0,0,0,0,0,0,0,71.53,1,0,0,0,0,0,13.122365377402328,0.75
2867,Male,25.0,Gujarat,SC,No,0.0,Commerce,2,8.73,82.36,1000000.0,No,No,0,0,0,0,0,0,0,0,0,0,0,0,0,0,0,0,1,0,0,0,0,0,0,0,0,0,0,0,0,0,0,0,84.83000000000001,0,1,0,0,0,0,13.815511557963774,0.5
2868,Male,19.0,Delhi,EWS,No,0.0,ECE,1,6.81,63.85,1200000.0,Yes,Yes,0,0,0,0,0,0,0,1,0,0,0,0,0,0,0,0,0,0,0,0,0,0,0,0,0,0,0,0,0,0,0,0,65.975,1,0,1,0,0,0,13.997832948091215,0.25
2869,Male,19.0,Rajasthan,SC,No,0.0,Mechanical,3,8.2,82.14,1500000.0,Yes,No,0,0,0,0,0,0,0,0,0,0,0,0,0,0,0,0,0,1,0,0,0,0,0,0,0,0,0,0,0,0,0,0,82.07,1,1,0,0,0,1,14.220976332738882,0.75
2870,Male,18.0,Uttar Pradesh,ST,No,0.0,Electrical,3,7.49,64.42,1200000.0,No,No,0,0,0,0,0,0,0,0,0,0,0,0,0,0,0,0,1,0,0,0,0,0,0,0,0,0,0,0,0,0,0,0,69.66,0,0,0,0,0,0,13.997832948091215,0.75
2871,Female,24.0,Maharashtra,SC,No,0.0,Pharmacy,2,7.91,72.17,150000.0,No,No,0,0,0,0,1,0,0,0,0,0,0,0,0,1,0,0,0,0,0,1,1,0,0,1,0,0,0,0,0,0,0,0,75.63499999999999,1,0,0,0,0,0,11.918397239722838,0.5
2872,Female,21.0,Rajasthan,General,No,0.0,Biotechnology,1,7.52,67.04,200000.0,No,No,0,0,0,0,1,0,0,1,0,0,0,0,1,0,0,0,1,0,0,0,1,0,0,1,0,0,0,0,0,1,1,0,71.12,1,0,1,0,0,0,12.206077645517674,0.25
2873,Male,25.0,Maharashtra,SC,No,0.0,Civil,1,5.38,52.21,1000000.0,Yes,No,0,0,0,0,0,0,0,0,0,0,0,0,0,0,0,0,0,0,0,0,0,0,0,0,0,0,0,0,0,0,0,0,53.004999999999995,1,0,1,0,0,0,13.815511557963774,0.25
2874,Female,25.0,Telangana,General,No,0.0,Instrumentation,4,7.04,67.49,120000.0,No,No,0,0,0,0,1,0,0,0,1,0,0,0,1,1,0,0,0,0,0,1,0,0,0,1,0,0,0,0,0,1,0,0,68.945,1,0,0,0,0,0,11.695255355062795,1.0
2875,Male,19.0,Maharashtra,General,No,0.0,Production,2,7.48,68.13,200000.0,No,No,1,0,0,0,1,0,0,0,1,0,0,0,1,1,0,0,0,0,0,0,1,1,0,0,0,0,0,0,0,0,0,0,71.465,1,0,0,0,0,0,12.206077645517674,0.5
2876,Male,18.0,Rajasthan,OBC,No,0.0,Civil,4,7.45,67.08,80000.0,Yes,Yes,0,0,0,0,1,0,0,0,1,0,0,0,1,1,0,0,0,0,0,1,1,0,0,0,0,0,0,0,0,1,0,0,70.78999999999999,1,0,0,0,0,0,11.289794413577894,1.0
2877,Female,23.0,Telangana,ST,No,0.0,IT,1,9.17,83.05,350000.0,No,No,0,1,0,1,0,1,0,1,1,0,0,0,0,0,1,0,1,0,0,0,0,0,0,1,0,1,0,1,0,1,1,1,87.375,0,1,1,0,0,0,12.765691290604371,0.25
2878,Male,25.0,Karnataka,ST,No,0.0,Pharmacy,1,7.27,65.94,400000.0,No,No,0,0,0,0,0,0,0,0,0,0,0,0,1,0,0,0,0,0,0,0,0,0,0,0,0,0,0,0,0,1,0,0,69.32,0,0,1,0,0,0,12.899222326086994,0.25
2879,Male,23.0,Gujarat,General,No,0.0,IT,3,8.18,76.72,500000.0,No,Yes,0,0,0,0,0,0,1,0,1,0,0,0,0,0,0,0,0,0,0,0,0,0,0,0,0,0,0,0,0,0,0,0,79.25999999999999,0,1,0,0,0,0,13.122365377402328,0.75
2880,Female,18.0,Delhi,ST,No,0.0,Production,1,6.88,67.92,200000.0,Yes,No,0,0,0,0,1,0,0,0,1,0,0,0,0,1,0,0,0,0,0,0,0,0,0,1,0,0,0,1,0,0,1,0,68.36,1,0,1,0,0,0,12.206077645517674,0.25
2881,Female,22.0,Andhra Pradesh,SC,No,0.0,Science,3,7.54,73.18,120000.0,Yes,No,0,0,0,0,1,0,0,0,0,0,0,0,1,1,0,0,0,0,0,1,1,0,0,1,0,0,0,0,0,1,1,0,74.29,1,0,0,0,0,0,11.695255355062795,0.75
2882,Male,22.0,Other,OBC,No,0.0,CSE,4,6.32,55.83,1200000.0,No,Yes,0,0,0,0,0,0,0,0,0,0,0,0,0,0,0,0,0,0,0,0,0,0,0,0,0,0,0,0,0,0,0,0,59.515,0,0,0,0,0,0,13.997832948091215,1.0
2883,Female,17.0,Karnataka,SC,No,0.0,ECE,4,7.63,71.53,800000.0,Yes,Yes,0,0,0,0,0,0,1,0,0,0,0,0,0,0,0,0,0,0,0,0,0,0,0,0,0,0,0,0,0,0,0,0,73.91499999999999,1,0,0,0,0,0,13.592368256649284,1.0
2884,Male,22.0,Delhi,EWS,No,0.0,Medical,2,8.25,78.14,600000.0,No,No,0,0,0,0,0,0,0,0,0,0,0,0,0,0,0,0,0,0,0,0,0,0,0,0,0,0,0,0,0,0,0,0,80.32,0,1,0,0,0,0,13.304686600863562,0.5
2885,Male,24.0,Telangana,OBC,No,0.0,Biotechnology,2,7.75,68.75,120000.0,Yes,No,0,0,0,0,0,0,0,0,0,0,0,0,1,1,0,0,0,0,0,1,1,0,0,0,0,0,0,0,0,0,0,0,73.125,1,0,0,0,0,0,11.695255355062795,0.5
2886,Male,22.0,Gujarat,ST,No,0.0,Electrical,2,9.77,92.32,120000.0,No,Yes,1,1,0,0,1,0,1,0,1,0,0,0,1,1,0,0,1,1,0,1,0,0,0,0,0,0,0,0,0,1,0,0,95.00999999999999,1,1,0,0,0,1,11.695255355062795,0.5
2887,Female,22.0,Telangana,EWS,Yes,0.0,Production,2,8.34,76.72,1200000.0,No,Yes,0,0,0,0,0,0,0,0,0,0,0,0,0,0,0,0,0,0,0,0,0,0,0,0,0,0,0,0,0,0,0,0,80.06,0,1,0,1,0,0,13.997832948091215,0.5
2888,Female,20.0,Other,EWS,No,0.0,CSE,4,7.87,70.86,300000.0,No,Yes,0,1,0,0,1,0,0,0,1,0,0,0,1,0,0,0,1,0,0,0,0,0,1,1,0,0,0,0,0,0,0,0,74.78,1,0,0,0,0,0,12.611541086966115,1.0
2889,Female,18.0,Tamil Nadu,SC,No,0.0,Instrumentation,4,8.04,75.31,600000.0,Yes,No,0,0,0,0,0,0,0,0,1,0,0,0,0,0,0,0,0,0,0,0,0,0,0,0,0,0,0,0,0,0,0,0,77.85499999999999,1,1,0,0,0,1,13.304686600863562,1.0
2890,Male,17.0,Gujarat,General,No,0.0,CSE,2,7.54,73.72,500000.0,Yes,Yes,0,0,0,0,0,0,1,0,1,0,0,0,0,0,0,0,0,0,0,0,0,0,0,0,0,0,0,0,0,0,0,0,74.56,1,0,0,0,0,0,13.122365377402328,0.5
2891,Male,22.0,Madhya Pradesh,EWS,No,0.0,Management,1,6.02,55.14,200000.0,No,No,0,0,0,0,0,0,0,0,0,0,0,0,0,0,0,0,0,0,0,0,0,0,0,0,0,0,0,0,0,0,0,0,57.67,1,0,1,0,0,0,12.206077645517674,0.25
2892,Male,24.0,Tamil Nadu,General,No,0.0,CSE,2,8.05,82.77,80000.0,No,No,0,1,0,0,0,0,1,0,1,0,0,0,1,1,0,0,0,0,0,0,1,0,0,0,0,0,0,0,0,1,0,0,81.63499999999999,1,1,0,0,0,1,11.289794413577894,0.5
2893,Female,17.0,Uttar Pradesh,SC,No,0.0,Instrumentation,4,7.33,71.41,80000.0,No,Yes,0,0,0,0,1,0,0,0,1,0,0,0,1,1,0,0,0,0,0,1,1,0,0,1,0,0,0,0,0,0,0,0,72.35499999999999,1,0,0,0,0,0,11.289794413577894,1.0
2894,Female,21.0,Delhi,OBC,No,0.0,Biotechnology,2,7.37,75.84,200000.0,No,No,0,0,0,0,1,0,0,0,0,0,0,0,1,1,0,0,0,0,0,0,0,0,0,0,0,0,0,0,0,1,1,0,74.77000000000001,1,0,0,0,0,0,12.206077645517674,0.5
2895,Female,18.0,Delhi,ST,No,0.0,Medical,4,5.4,51.58,350000.0,No,Yes,0,0,0,0,0,0,0,0,0,0,0,0,0,0,0,0,0,0,0,0,0,0,0,0,0,0,0,0,0,0,0,0,52.79,0,0,0,0,0,0,12.765691290604371,1.0
2896,Male,23.0,Telangana,OBC,No,0.0,Science,2,5.55,45.21,1500000.0,Yes,No,0,0,0,0,0,0,0,0,0,0,0,0,0,0,0,0,0,0,0,0,0,0,0,0,0,0,0,0,0,0,0,0,50.355000000000004,1,0,0,0,0,0,14.220976332738882,0.5
2897,Male,17.0,Karnataka,OBC,No,0.0,Commerce,4,7.86,75.09,300000.0,No,No,0,0,0,0,0,0,0,0,0,0,0,0,0,0,0,0,0,0,0,0,0,0,0,0,0,0,0,0,0,1,0,0,76.845,1,0,0,0,0,0,12.611541086966115,1.0
2898,Female,18.0,Maharashtra,SC,No,0.0,IT,3,7.16,67.7,1000000.0,No,Yes,0,0,0,0,0,0,0,0,0,0,0,0,0,0,0,0,0,0,0,0,0,0,1,0,0,0,0,0,0,0,0,0,69.65,0,0,0,0,0,0,13.815511557963774,0.75
2899,Male,25.0,Rajasthan,SC,No,0.0,Biotechnology,3,10.0,94.23,150000.0,No,Yes,0,0,0,0,0,0,0,0,0,0,0,0,1,1,0,0,1,0,0,0,1,0,0,0,0,0,0,0,0,1,0,0,97.11500000000001,1,1,0,0,0,1,11.918397239722838,0.75
2900,Female,22.0,Uttar Pradesh,SC,No,0.0,Commerce,1,8.11,75.1,120000.0,Yes,Yes,0,0,0,0,0,0,0,1,0,0,0,0,1,1,0,0,1,0,0,0,1,0,0,1,0,0,0,0,0,1,1,0,78.1,1,1,1,0,0,1,11.695255355062795,0.25
2901,Female,24.0,Andhra Pradesh,SC,No,0.0,Pharmacy,3,7.85,73.86,800000.0,No,No,0,0,0,0,0,0,0,0,0,0,0,0,0,0,0,0,1,0,0,0,0,0,0,0,0,0,0,0,0,0,0,0,76.18,0,0,0,0,0,0,13.592368256649284,0.75
2902,Female,24.0,Gujarat,EWS,No,0.0,Science,2,7.01,71.2,150000.0,No,Yes,1,0,0,0,1,0,0,0,0,0,0,0,1,1,0,0,1,0,0,1,0,0,0,1,0,0,0,0,0,0,0,0,70.65,1,0,0,0,0,0,11.918397239722838,0.5
2903,Female,25.0,Madhya Pradesh,SC,No,0.0,CSE,2,8.91,85.06,350000.0,Yes,No,0,0,0,1,1,1,1,0,1,0,0,0,1,0,0,0,1,0,0,0,0,0,1,1,0,1,0,0,0,1,1,0,87.08,1,1,0,0,0,1,12.765691290604371,0.5
2904,Female,25.0,Madhya Pradesh,ST,Yes,60.0,Medical,2,5.0,46.42,1500000.0,No,Yes,0,0,0,0,0,0,0,0,0,0,0,0,0,0,0,0,0,0,0,0,0,0,0,0,0,0,0,0,0,0,0,0,48.21,0,0,0,1,1,0,14.220976332738882,0.5
2905,Male,25.0,Maharashtra,ST,No,0.0,Management,1,7.49,94.31,600000.0,No,No,0,0,0,0,0,0,0,1,0,0,0,0,0,0,0,0,0,0,0,0,0,0,0,0,0,0,0,0,0,0,0,1,84.605,0,0,1,0,0,0,13.304686600863562,0.25
2906,Female,24.0,Uttar Pradesh,SC,No,0.0,Civil,4,8.82,88.12,150000.0,No,Yes,0,1,0,0,0,0,0,0,1,0,1,0,1,1,0,0,1,1,0,1,1,0,0,1,0,0,0,0,0,0,1,0,88.16,1,1,0,0,0,1,11.918397239722838,1.0
2907,Female,24.0,Uttar Pradesh,OBC,No,0.0,Science,1,7.76,71.19,800000.0,Yes,Yes,0,0,0,0,0,0,0,0,0,0,0,0,0,0,0,0,0,0,0,0,0,0,0,0,0,0,0,0,0,0,0,0,74.395,1,0,1,0,0,0,13.592368256649284,0.25
2908,Female,20.0,Madhya Pradesh,General,No,0.0,Commerce,2,7.49,49.55,150000.0,Yes,No,0,0,0,0,0,0,0,0,0,0,0,0,0,0,0,0,0,0,0,0,0,0,0,0,0,0,0,0,0,1,1,0,62.225,1,0,0,0,0,0,11.918397239722838,0.5
2909,Male,21.0,Karnataka,OBC,No,0.0,Production,1,6.52,62.47,1200000.0,Yes,Yes,0,0,0,0,0,0,0,1,0,0,0,0,0,0,0,0,0,0,0,0,0,0,0,0,0,0,0,0,0,0,0,0,63.834999999999994,1,0,1,0,0,0,13.997832948091215,0.25
2910,Male,21.0,Telangana,ST,Yes,0.0,CSE,4,6.0,56.2,600000.0,No,Yes,0,0,0,0,0,0,0,0,0,0,0,0,0,0,0,0,0,0,0,0,0,0,0,0,0,0,0,0,0,0,0,0,58.1,0,0,0,1,0,0,13.304686600863562,1.0
2911,Male,23.0,Uttar Pradesh,SC,No,0.0,Civil,3,7.54,72.44,400000.0,No,No,0,0,0,0,0,0,0,0,1,0,0,0,0,0,0,0,0,0,0,0,0,0,0,0,0,0,0,0,0,0,0,0,73.92,0,0,0,0,0,0,12.899222326086994,0.75
2912,Male,21.0,Rajasthan,OBC,No,0.0,Production,4,6.16,62.11,1000000.0,Yes,Yes,0,0,0,0,0,0,0,0,0,0,0,0,0,0,0,0,0,0,0,0,0,0,0,0,0,0,0,0,0,0,0,0,61.855000000000004,1,0,0,0,0,0,13.815511557963774,1.0
2913,Female,21.0,Telangana,EWS,No,0.0,Biotechnology,3,6.78,59.39,500000.0,No,No,0,0,0,0,0,0,0,0,0,0,0,0,0,0,0,0,0,0,0,0,0,0,0,0,0,0,0,0,0,0,0,0,63.595,0,0,0,0,0,0,13.122365377402328,0.75
2914,Male,18.0,Rajasthan,EWS,No,0.0,CSE,3,7.37,70.12,150000.0,No,No,0,0,0,0,1,0,0,0,1,0,0,0,1,1,0,0,0,0,0,1,1,0,0,0,0,0,0,0,0,0,0,0,71.91,1,0,0,0,0,0,11.918397239722838,0.75
2915,Female,19.0,Delhi,General,No,0.0,Science,4,7.69,77.14,1200000.0,No,Yes,0,0,0,0,0,0,0,0,0,0,0,0,0,0,0,0,1,0,0,0,0,0,0,0,0,0,0,0,0,0,0,0,77.02000000000001,0,0,0,0,0,0,13.997832948091215,1.0
2916,Female,22.0,Maharashtra,ST,No,0.0,Commerce,4,7.22,68.23,500000.0,No,Yes,0,0,0,0,0,0,0,0,0,0,0,0,0,0,0,0,1,0,0,0,0,0,0,0,0,0,0,0,0,0,0,0,70.215,0,0,0,0,0,0,13.122365377402328,1.0
2917,Male,17.0,Karnataka,EWS,No,0.0,Mechanical,1,6.18,61.17,200000.0,Yes,No,0,0,0,0,1,0,0,1,1,0,0,1,1,1,0,0,0,0,0,0,0,0,0,0,0,0,0,0,0,0,0,0,61.485,1,0,1,0,0,0,12.206077645517674,0.25
2918,Male,18.0,Uttar Pradesh,SC,No,0.0,Commerce,2,7.72,72.08,600000.0,Yes,No,0,0,0,0,0,0,0,0,0,0,0,0,0,0,0,0,1,0,0,0,0,0,0,0,0,0,0,0,0,0,0,0,74.64,1,0,0,0,0,0,13.304686600863562,0.5
2919,Female,19.0,Delhi,ST,No,0.0,AI_DS,3,5.21,53.83,1200000.0,Yes,No,0,0,0,0,0,0,0,0,0,0,0,0,0,0,0,0,0,0,0,0,0,0,0,0,0,0,0,0,0,0,0,0,52.965,1,0,0,0,0,0,13.997832948091215,0.75
2920,Female,23.0,Gujarat,EWS,No,0.0,Management,4,6.03,55.51,250000.0,No,Yes,0,0,0,0,0,0,0,0,0,0,0,0,0,1,0,0,0,0,0,0,0,0,0,0,0,0,0,0,0,0,0,0,57.905,1,0,0,0,0,0,12.429220196836383,1.0
2921,Female,17.0,Karnataka,OBC,No,0.0,CSE,4,7.93,71.75,80000.0,Yes,No,0,1,0,0,1,0,1,0,1,0,0,0,1,1,0,0,1,0,0,1,1,0,1,1,0,0,0,0,0,1,1,0,75.525,1,0,0,0,0,0,11.289794413577894,1.0
2922,Male,17.0,Gujarat,EWS,No,0.0,Biotechnology,1,5.71,47.87,150000.0,Yes,Yes,0,0,0,0,0,0,0,0,0,0,0,0,0,0,0,0,0,0,0,0,0,0,0,0,0,0,0,0,0,0,0,0,52.485,1,0,1,0,0,0,11.918397239722838,0.25
2923,Male,17.0,Rajasthan,ST,No,0.0,Pharmacy,3,8.37,77.88,120000.0,No,No,0,0,0,0,1,0,0,0,0,0,0,0,0,1,0,0,1,0,0,1,0,0,0,0,0,0,0,0,0,1,0,0,80.78999999999999,1,1,0,0,0,1,11.695255355062795,0.75
2924,Female,19.0,Other,General,No,0.0,Instrumentation,4,10.0,92.02,350000.0,Yes,No,0,1,0,0,1,0,1,0,1,0,1,0,1,0,0,0,1,0,0,0,0,0,0,1,0,0,0,0,0,0,0,0,96.00999999999999,1,1,0,0,0,1,12.765691290604371,1.0
2925,Female,17.0,Rajasthan,SC,No,0.0,Science,3,6.39,59.01,250000.0,Yes,Yes,0,0,0,0,0,0,0,0,0,0,0,0,0,1,0,0,0,0,0,0,0,0,0,0,0,0,0,0,0,0,0,0,61.455,1,0,0,0,0,0,12.429220196836383,0.75
2926,Male,23.0,Maharashtra,ST,No,0.0,Biotechnology,3,7.79,72.59,1000000.0,Yes,Yes,0,0,0,0,0,0,0,0,0,0,0,0,0,0,0,0,1,0,0,0,0,0,0,0,0,0,0,0,0,0,0,0,75.245,1,0,0,0,0,0,13.815511557963774,0.75
2927,Male,22.0,Delhi,ST,No,0.0,Production,2,8.23,75.25,350000.0,Yes,No,0,1,0,0,0,0,0,0,1,0,0,0,1,0,0,0,1,0,0,0,0,0,0,0,0,0,0,0,0,1,0,0,78.775,1,1,0,0,0,1,12.765691290604371,0.5
2928,Male,18.0,Telangana,SC,No,0.0,Electrical,2,5.84,50.09,150000.0,No,No,0,0,0,0,0,0,0,0,0,0,0,0,0,0,0,0,0,0,0,0,0,0,0,0,0,0,0,0,0,0,0,0,54.245000000000005,1,0,0,0,0,0,11.918397239722838,0.5
2929,Male,21.0,Other,EWS,No,0.0,ECE,4,5.0,45.95,80000.0,Yes,No,0,0,0,0,0,0,0,0,0,0,0,0,0,0,0,0,0,0,0,0,0,0,0,0,0,0,0,0,0,0,0,0,47.975,1,0,0,0,0,0,11.289794413577894,1.0
2930,Male,18.0,Uttar Pradesh,ST,No,0.0,Management,2,7.14,65.94,80000.0,Yes,No,0,0,0,0,1,0,0,0,0,0,0,0,1,1,0,0,1,0,0,0,1,0,0,0,0,0,0,0,0,1,0,0,68.66999999999999,1,0,0,0,0,0,11.289794413577894,0.5
2931,Male,19.0,Maharashtra,General,No,0.0,Electrical,3,8.99,89.09,150000.0,Yes,Yes,1,0,0,0,0,0,1,0,1,0,0,0,1,1,0,1,1,1,0,0,1,1,0,0,0,0,0,0,0,1,0,0,89.495,1,1,0,0,0,1,11.918397239722838,0.75
2932,Male,24.0,Maharashtra,SC,No,0.0,Civil,4,7.1,62.07,600000.0,No,Yes,0,0,0,0,0,0,0,0,1,0,0,0,0,0,0,0,0,0,0,0,0,0,0,0,0,0,0,0,0,0,0,0,66.535,0,0,0,0,0,0,13.304686600863562,1.0
2933,Male,22.0,Delhi,SC,No,0.0,ECE,1,6.82,62.99,350000.0,Yes,No,0,0,0,0,1,0,0,0,1,0,0,0,1,0,0,0,0,0,0,0,0,0,0,0,0,0,0,0,0,0,0,0,65.595,1,0,1,0,0,0,12.765691290604371,0.25
2934,Male,21.0,Uttar Pradesh,OBC,No,0.0,Science,3,6.71,61.65,1500000.0,No,No,0,0,0,0,0,0,0,0,0,0,0,0,0,0,0,0,0,0,0,0,0,0,0,0,0,0,0,0,0,0,0,0,64.375,0,0,0,0,0,0,14.220976332738882,0.75
2935,Male,21.0,Gujarat,SC,No,0.0,Science,2,6.72,62.68,600000.0,No,Yes,0,0,0,0,0,0,0,0,0,0,0,0,0,0,0,0,0,0,0,0,0,0,0,0,0,0,0,0,0,0,0,0,64.94,0,0,0,0,0,0,13.304686600863562,0.5
2936,Female,19.0,Madhya Pradesh,EWS,No,0.0,Production,1,6.74,64.65,350000.0,No,No,0,0,0,0,0,0,0,1,0,0,0,0,1,0,0,0,0,0,0,0,0,0,0,0,0,0,0,1,0,0,0,0,66.025,0,0,1,0,0,0,12.765691290604371,0.25
2937,Female,20.0,Other,ST,No,0.0,Science,4,7.93,72.6,150000.0,No,No,0,0,0,0,1,0,0,0,0,0,0,0,1,1,0,0,0,0,0,1,0,0,0,1,0,0,0,0,0,0,0,0,75.94999999999999,1,0,0,0,0,0,11.918397239722838,1.0
2938,Male,21.0,Karnataka,SC,No,0.0,Science,4,9.03,82.84,350000.0,No,No,0,0,0,0,0,0,0,0,0,0,0,0,1,0,0,0,1,0,0,0,0,0,0,0,0,0,0,0,0,1,0,0,86.57,0,1,0,0,0,0,12.765691290604371,1.0
2939,Female,18.0,Maharashtra,ST,No,0.0,Chemical,2,5.56,53.96,500000.0,Yes,Yes,0,0,0,0,0,0,0,0,0,0,0,0,0,0,0,0,0,0,0,0,0,0,0,0,0,0,0,0,0,0,0,0,54.78,1,0,0,0,0,0,13.122365377402328,0.5
2940,Male,20.0,Telangana,EWS,No,0.0,Chemical,2,6.52,62.9,250000.0,No,No,1,0,0,0,1,0,0,0,1,0,0,0,0,1,0,0,0,0,0,0,0,0,0,0,0,0,0,0,0,0,0,0,64.05,1,0,0,0,0,0,12.429220196836383,0.5
2941,Male,17.0,Maharashtra,EWS,No,0.0,AI_DS,4,5.0,51.68,1000000.0,No,No,0,0,0,0,0,0,0,0,0,0,0,0,0,0,0,0,0,0,0,0,0,0,0,0,0,0,0,0,0,0,0,0,50.84,0,0,0,0,0,0,13.815511557963774,1.0
2942,Male,24.0,Andhra Pradesh,OBC,No,0.0,Mechanical,4,7.49,74.44,350000.0,Yes,Yes,0,0,0,0,1,0,0,0,0,0,0,0,1,0,0,0,0,0,0,0,0,0,0,0,0,0,0,0,0,1,0,0,74.67,1,0,0,0,0,0,12.765691290604371,1.0
2943,Female,21.0,Uttar Pradesh,OBC,No,0.0,Production,4,5.73,59.45,1200000.0,Yes,Yes,0,0,0,0,0,0,0,0,0,0,0,0,0,0,0,0,0,0,0,0,0,0,0,0,0,0,0,0,0,0,0,0,58.375,1,0,0,0,0,0,13.997832948091215,1.0
2944,Male,21.0,Other,General,No,0.0,Biotechnology,2,6.62,60.39,400000.0,Yes,Yes,0,0,0,0,1,0,0,0,0,0,0,0,0,0,0,0,0,0,0,0,0,0,0,0,0,0,0,0,0,0,0,0,63.295,1,0,0,0,0,0,12.899222326086994,0.5
2945,Male,24.0,Gujarat,OBC,No,0.0,AI_DS,3,5.0,46.45,400000.0,No,No,0,0,0,0,0,0,0,0,0,0,0,0,0,0,0,0,0,0,0,0,0,0,0,0,0,0,0,0,0,0,0,0,48.225,0,0,0,0,0,0,12.899222326086994,0.75
2946,Male,17.0,Other,General,No,0.0,Electrical,2,7.23,70.83,200000.0,No,No,0,0,0,0,1,0,0,0,1,0,0,0,1,0,0,0,1,0,0,0,0,0,0,0,0,0,0,0,0,0,0,0,71.565,1,0,0,0,0,0,12.206077645517674,0.5
2947,Female,21.0,Gujarat,OBC,No,0.0,Production,3,5.82,50.73,600000.0,No,No,0,0,0,0,0,0,0,0,0,0,0,0,0,0,0,0,0,0,0,0,0,0,0,0,0,0,0,0,0,0,0,0,54.465,0,0,0,0,0,0,13.304686600863562,0.75
2948,Female,24.0,Rajasthan,SC,No,0.0,CSE,2,8.04,79.4,150000.0,No,Yes,0,1,0,1,1,1,0,0,1,0,0,0,0,0,0,1,1,0,0,1,1,0,0,0,0,0,0,1,0,1,1,0,79.9,1,1,0,0,0,1,11.918397239722838,0.5
2949,Female,24.0,Karnataka,ST,No,0.0,IT,2,5.61,56.54,150000.0,Yes,Yes,0,0,0,0,0,0,0,0,0,0,0,0,0,1,0,0,0,0,0,0,0,0,0,0,0,0,0,0,0,0,0,0,56.32,1,0,0,0,0,0,11.918397239722838,0.5
2950,Male,23.0,Telangana,ST,No,0.0,Chemical,3,7.55,75.0,150000.0,No,No,1,1,0,0,1,0,1,0,1,0,0,0,0,1,0,0,0,0,0,1,0,0,0,0,0,0,0,0,0,1,0,0,75.25,1,0,0,0,0,0,11.918397239722838,0.75
2951,Male,22.0,Madhya Pradesh,SC,No,0.0,IT,3,7.42,62.92,350000.0,Yes,Yes,0,0,0,0,1,0,0,0,1,0,0,0,0,0,0,0,0,0,0,0,0,0,0,0,0,0,0,0,0,1,0,0,68.56,1,0,0,0,0,0,12.765691290604371,0.75
2952,Female,24.0,Uttar Pradesh,OBC,No,0.0,CSE,4,7.32,72.72,400000.0,No,No,0,0,0,0,1,0,0,0,0,0,0,0,0,0,0,0,0,0,0,0,0,0,0,0,0,0,0,0,0,1,0,0,72.96000000000001,0,0,0,0,0,0,12.899222326086994,1.0
2953,Male,20.0,Telangana,OBC,No,0.0,Medical,1,7.49,59.92,250000.0,No,Yes,0,0,0,0,0,0,0,0,0,0,0,0,1,0,0,0,0,0,0,0,0,0,0,0,0,0,0,0,0,0,0,0,67.41,1,0,1,0,0,0,12.429220196836383,0.25
2954,Male,22.0,Gujarat,EWS,No,0.0,Production,3,7.29,60.56,400000.0,Yes,Yes,0,0,0,0,1,0,0,0,1,0,0,0,1,0,0,0,0,0,0,0,0,0,0,0,0,0,0,0,0,1,0,0,66.73,1,0,0,0,0,0,12.899222326086994,0.75
2955,Male,20.0,Karnataka,General,No,0.0,Production,3,9.51,87.64,300000.0,Yes,No,0,1,0,0,1,0,0,0,0,0,0,0,1,0,0,1,1,1,0,1,0,0,0,0,0,0,0,0,0,0,0,0,91.37,1,1,0,0,0,1,12.611541086966115,0.75
2956,Male,19.0,Karnataka,ST,No,0.0,CSE,2,8.11,76.78,250000.0,No,No,0,1,0,0,1,0,0,0,0,0,0,0,0,1,0,0,0,0,0,1,1,0,0,0,0,0,0,0,0,1,0,0,78.94,1,1,0,0,0,1,12.429220196836383,0.5
2957,Male,25.0,Madhya Pradesh,OBC,No,0.0,Science,2,9.01,86.81,80000.0,Yes,Yes,0,0,0,0,1,0,0,0,0,0,0,0,1,1,0,0,1,0,0,1,1,0,0,0,0,0,0,0,0,1,0,0,88.455,1,1,0,0,0,1,11.289794413577894,0.5
2958,Female,17.0,Madhya Pradesh,General,No,0.0,Electrical,2,7.22,65.91,1500000.0,Yes,No,0,0,0,0,0,0,0,0,0,0,0,0,0,0,0,0,0,0,0,0,0,0,0,0,0,0,0,0,0,0,0,0,69.055,1,0,0,0,0,0,14.220976332738882,0.5
2959,Male,17.0,Tamil Nadu,General,No,0.0,CSE,3,8.46,74.75,500000.0,No,Yes,0,0,0,0,0,0,0,0,1,0,0,0,0,0,0,0,1,0,0,0,0,0,0,0,0,0,0,0,0,0,0,0,79.67500000000001,0,0,0,0,0,0,13.122365377402328,0.75
2960,Female,17.0,Telangana,OBC,No,0.0,Chemical,3,8.28,75.36,350000.0,No,Yes,0,1,0,0,0,0,0,0,1,0,0,0,0,0,0,0,0,0,0,0,0,0,0,0,0,0,0,0,0,1,0,0,79.08,0,1,0,0,0,0,12.765691290604371,0.75
2961,Male,19.0,Madhya Pradesh,SC,No,0.0,Electrical,3,9.0,85.98,200000.0,Yes,No,0,1,0,0,1,0,1,0,1,0,0,0,1,1,0,0,1,1,0,1,1,0,0,0,0,0,0,0,0,1,0,0,87.99000000000001,1,1,0,0,0,1,12.206077645517674,0.75
2962,Male,18.0,Karnataka,SC,No,0.0,Pharmacy,2,8.27,78.81,1000000.0,No,No,0,0,0,0,0,0,0,0,0,0,0,0,0,0,0,0,0,0,0,0,0,0,0,0,0,0,0,0,0,0,0,0,80.755,0,1,0,0,0,0,13.815511557963774,0.5
2963,Male,24.0,Rajasthan,SC,No,0.0,Biotechnology,3,5.4,48.72,400000.0,Yes,No,0,0,0,0,0,0,0,0,0,0,0,0,0,0,0,0,0,0,0,0,0,0,0,0,0,0,0,0,0,0,0,0,51.36,1,0,0,0,0,0,12.899222326086994,0.75
2964,Female,20.0,Gujarat,EWS,No,0.0,Electrical,3,8.31,79.44,350000.0,Yes,Yes,0,0,0,0,1,0,0,0,1,0,0,0,1,0,0,0,1,1,0,0,0,0,0,1,0,0,0,0,0,1,1,0,81.27000000000001,1,1,0,0,0,1,12.765691290604371,0.75
2965,Female,18.0,Andhra Pradesh,OBC,No,0.0,AI_DS,3,8.92,85.95,1000000.0,No,Yes,0,0,0,0,0,0,1,0,0,0,1,0,0,0,0,0,1,0,0,0,0,0,1,0,0,0,0,0,0,0,0,0,87.575,0,1,0,0,0,0,13.815511557963774,0.75
2966,Female,19.0,Maharashtra,General,No,0.0,AI_DS,3,6.34,57.84,80000.0,No,Yes,0,0,0,0,0,0,0,0,0,0,0,0,0,1,0,0,0,0,0,0,0,1,0,0,0,0,0,0,0,0,0,0,60.620000000000005,1,0,0,0,0,0,11.289794413577894,0.75
2967,Male,22.0,Uttar Pradesh,EWS,No,0.0,Pharmacy,4,7.62,65.45,600000.0,No,No,0,0,0,0,0,0,0,0,0,0,0,0,0,0,0,0,1,0,0,0,0,0,0,0,0,0,0,0,0,0,0,0,70.825,0,0,0,0,0,0,13.304686600863562,1.0
2968,Male,21.0,Karnataka,OBC,No,0.0,Commerce,1,11.0,91.67,500000.0,Yes,Yes,0,0,0,0,0,0,0,1,0,0,0,0,0,0,0,0,0,0,0,0,0,0,0,0,0,0,0,0,0,0,0,1,100.83500000000001,1,1,1,0,0,1,13.122365377402328,0.25
2969,Male,12.0,Rajasthan,SC,No,0.0,Commerce,1,8.97,80.47,1500000.0,Yes,Yes,0,0,0,0,0,0,0,1,0,0,0,0,0,0,0,0,1,0,0,0,0,0,0,0,0,0,0,0,0,0,0,0,85.08500000000001,1,1,1,0,0,1,14.220976332738882,0.25
2970,Male,24.0,Delhi,EWS,No,0.0,CSE,2,8.99,92.1,80000.0,No,No,0,0,0,0,1,0,1,0,1,0,0,0,1,0,0,0,1,0,0,0,0,0,0,0,0,0,0,0,0,0,0,0,91.0,1,1,0,0,0,1,11.289794413577894,0.5
2971,Male,23.0,Karnataka,EWS,No,0.0,Commerce,4,5.91,58.46,1000000.0,No,Yes,0,0,0,0,0,0,0,0,0,0,0,0,0,0,0,0,0,0,0,0,0,0,0,0,0,0,0,0,0,0,0,0,58.78,0,0,0,0,0,0,13.815511557963774,1.0
2972,Female,23.0,Uttar Pradesh,General,No,0.0,IT,4,7.5,66.62,300000.0,No,Yes,0,0,0,0,0,0,0,0,1,0,0,0,1,0,0,0,1,0,0,0,0,0,0,1,0,0,0,0,0,0,0,0,70.81,1,0,0,0,0,0,12.611541086966115,1.0
2973,Female,24.0,Gujarat,EWS,Yes,60.0,Electrical,4,8.09,79.36,150000.0,Yes,Yes,1,1,0,0,0,0,0,0,1,0,0,0,1,1,0,0,0,0,0,1,1,0,0,0,0,0,0,0,1,0,1,0,80.13,1,1,0,1,1,1,11.918397239722838,1.0
2974,Female,24.0,Gujarat,OBC,No,0.0,Pharmacy,4,6.78,67.91,250000.0,Yes,No,0,0,0,0,0,0,0,0,0,0,0,0,1,1,0,0,0,0,0,0,0,0,0,1,0,0,0,0,0,1,1,0,67.85499999999999,1,0,0,0,0,0,12.429220196836383,1.0
2975,Male,17.0,Delhi,OBC,Yes,60.0,Science,3,5.5,47.77,120000.0,No,No,0,0,0,0,0,0,0,0,0,0,0,0,0,0,0,0,0,0,0,0,0,0,0,0,0,0,0,0,0,0,0,0,51.385000000000005,1,0,0,1,1,0,11.695255355062795,0.75
2976,Female,25.0,Karnataka,ST,No,0.0,AI_DS,3,7.66,72.85,350000.0,No,No,0,0,0,0,0,0,0,0,1,0,0,0,0,0,0,0,1,0,0,0,0,0,1,0,0,0,0,0,0,0,0,0,74.725,0,0,0,0,0,0,12.765691290604371,0.75
2977,Male,23.0,Andhra Pradesh,EWS,No,0.0,Commerce,4,6.64,65.51,300000.0,Yes,No,0,0,0,0,1,0,0,0,0,0,0,0,1,0,0,0,0,0,0,0,0,0,0,0,0,0,0,0,0,1,0,0,65.955,1,0,0,0,0,0,12.611541086966115,1.0
2978,Female,18.0,Rajasthan,ST,No,0.0,Commerce,1,8.14,79.9,300000.0,No,No,0,0,0,0,0,0,0,0,0,0,0,0,0,0,0,0,1,0,0,0,0,0,0,0,0,0,0,0,0,0,1,0,80.65,1,1,1,0,0,1,12.611541086966115,0.25
2979,Male,21.0,Karnataka,General,No,0.0,Science,2,7.35,71.63,600000.0,Yes,Yes,0,0,0,0,0,0,0,0,0,0,0,0,0,0,0,0,0,0,0,0,0,0,0,0,0,0,0,0,0,0,0,0,72.565,1,0,0,0,0,0,13.304686600863562,0.5
2980,Male,19.0,Madhya Pradesh,EWS,No,0.0,Pharmacy,4,6.97,71.2,300000.0,Yes,Yes,0,0,0,0,1,0,0,0,0,0,0,0,1,0,0,0,0,0,0,0,0,0,0,0,0,0,0,0,0,1,0,0,70.45,1,0,0,0,0,0,12.611541086966115,1.0
2981,Female,24.0,Maharashtra,OBC,Yes,45.0,ECE,4,6.52,68.26,400000.0,No,Yes,0,0,0,0,0,0,0,0,0,0,0,0,0,0,0,0,0,0,0,0,0,1,0,1,0,0,0,0,1,0,1,0,66.72999999999999,0,0,0,1,1,0,12.899222326086994,1.0
2982,Male,23.0,Rajasthan,SC,No,0.0,Management,2,7.54,67.5,80000.0,Yes,Yes,0,0,0,0,1,0,0,0,0,0,0,0,1,1,0,0,1,0,0,1,1,0,0,0,0,0,0,0,0,1,0,0,71.45,1,0,0,0,0,0,11.289794413577894,0.5
2983,Female,17.0,Gujarat,SC,No,0.0,Chemical,3,9.14,87.21,300000.0,Yes,Yes,1,1,0,0,1,0,0,0,0,0,1,0,1,0,0,1,1,0,0,0,0,0,0,1,0,0,0,0,0,1,1,0,89.305,1,1,0,0,0,1,12.611541086966115,0.75
2984,Female,21.0,Uttar Pradesh,General,No,0.0,IT,2,8.52,84.61,600000.0,No,No,0,0,0,0,0,1,1,0,1,0,1,0,0,0,0,0,1,0,0,0,0,0,1,1,0,0,0,1,0,0,0,0,84.905,0,1,0,0,0,0,13.304686600863562,0.5
2985,Female,20.0,Delhi,EWS,No,0.0,Chemical,4,7.91,73.37,120000.0,No,Yes,0,0,0,0,0,0,0,0,1,0,0,0,1,0,0,0,1,0,0,1,0,0,0,1,0,0,0,0,0,0,0,0,76.235,1,0,0,0,0,0,11.695255355062795,1.0
2986,Male,20.0,Telangana,OBC,No,0.0,IT,1,8.67,82.37,80000.0,Yes,No,1,1,0,0,1,0,0,1,1,1,0,1,1,0,1,1,1,0,0,1,1,0,0,0,0,0,0,0,0,1,0,1,84.535,1,1,1,0,0,1,11.289794413577894,0.25
2987,Male,22.0,Gujarat,EWS,No,0.0,Production,1,8.32,72.58,400000.0,No,Yes,0,0,0,0,0,0,0,0,1,0,0,0,1,0,0,0,0,0,0,0,0,0,0,0,0,0,0,0,0,1,0,0,77.89,0,0,1,0,0,0,12.899222326086994,0.25
2988,Female,23.0,Madhya Pradesh,SC,No,0.0,Medical,2,8.04,74.46,500000.0,No,Yes,0,0,0,0,0,0,0,0,0,0,0,0,0,0,0,0,0,0,0,0,0,0,0,0,0,0,0,0,0,0,0,0,77.42999999999999,0,0,0,0,0,0,13.122365377402328,0.5
2989,Female,18.0,Delhi,EWS,No,0.0,Mechanical,2,9.48,91.93,300000.0,Yes,No,0,1,0,1,1,0,1,0,1,0,1,0,1,0,0,1,1,0,0,1,0,0,0,0,0,1,0,1,0,0,0,0,93.36500000000001,1,1,0,0,0,1,12.611541086966115,0.5
2990,Female,23.0,Maharashtra,General,No,0.0,Production,1,7.79,75.46,150000.0,Yes,No,0,0,1,1,1,0,0,1,1,1,0,0,1,1,0,1,1,0,0,1,1,1,0,1,0,0,0,1,0,1,1,1,76.68,1,0,1,0,0,0,11.918397239722838,0.25
2991,Male,22.0,Andhra Pradesh,ST,No,0.0,CSE,2,6.3,64.72,300000.0,Yes,No,0,0,0,0,0,0,0,0,1,0,0,0,1,0,0,0,0,0,0,0,0,0,0,0,0,0,0,0,0,0,0,0,63.86,1,0,0,0,0,0,12.611541086966115,0.5
2992,Male,21.0,Rajasthan,EWS,No,0.0,Mechanical,1,9.89,95.13,300000.0,Yes,No,0,1,0,0,1,0,0,1,1,1,0,0,0,0,1,1,0,0,1,0,0,0,0,0,0,0,0,0,0,1,0,1,97.015,1,1,1,0,0,1,12.611541086966115,0.25
2993,Female,23.0,Maharashtra,EWS,No,0.0,Mechanical,2,9.41,87.69,600000.0,Yes,No,0,0,0,0,0,0,1,0,1,0,1,0,0,0,0,0,0,1,0,0,0,1,0,1,0,0,0,1,0,0,0,0,90.895,1,1,0,0,0,1,13.304686600863562,0.5
2994,Female,21.0,Tamil Nadu,EWS,Yes,70.0,Medical,2,6.54,62.25,350000.0,Yes,No,0,0,0,0,1,0,0,0,0,0,0,0,1,0,0,0,0,0,0,0,0,0,0,0,0,0,0,0,0,0,0,0,63.825,1,0,0,1,1,0,12.765691290604371,0.5
2995,Male,24.0,Andhra Pradesh,EWS,No,0.0,Chemical,3,8.02,75.01,250000.0,Yes,Yes,0,1,0,0,1,0,0,0,1,0,0,0,1,1,0,0,1,0,0,1,1,0,0,0,0,0,0,0,0,1,0,0,77.60499999999999,1,1,0,0,0,1,12.429220196836383,0.75
2996,Male,19.0,Telangana,EWS,No,0.0,Medical,2,8.15,78.34,1000000.0,Yes,Yes,0,0,0,0,0,0,0,0,0,0,0,0,0,0,0,0,1,0,0,0,0,0,0,0,0,0,0,0,0,0,0,0,79.92,1,1,0,0,0,1,13.815511557963774,0.5
2997,Female,20.0,Tamil Nadu,General,No,0.0,IT,2,6.3,61.41,120000.0,Yes,Yes,0,0,0,0,1,0,0,0,1,0,0,0,1,1,0,0,0,0,0,0,0,0,0,1,0,0,0,0,0,0,0,0,62.205,1,0,0,0,0,0,11.695255355062795,0.5
2998,Male,23.0,Other,ST,No,0.0,ECE,3,8.54,81.64,1200000.0,Yes,Yes,0,0,0,0,0,0,1,0,0,0,0,0,0,0,0,0,1,0,0,0,0,0,0,0,0,0,0,0,0,0,0,0,83.52,1,1,0,0,0,1,13.997832948091215,0.75
2999,Female,17.0,Andhra Pradesh,General,Yes,60.0,AI_DS,1,8.88,80.71,1500000.0,Yes,Yes,0,0,0,0,0,0,0,1,0,0,0,0,0,0,0,0,1,0,0,0,0,0,0,0,0,0,0,0,0,0,0,0,84.755,1,1,1,1,1,1,14.220976332738882,0.25
3000,Female,23.0,Other,EWS,No,0.0,Chemical,4,8.06,73.06,350000.0,Yes,No,0,1,0,0,1,0,1,0,1,0,0,0,1,0,0,0,0,0,0,0,0,0,0,1,0,0,0,0,0,1,1,0,76.83000000000001,1,0,0,0,0,0,12.765691290604371,1.0
3001,Male,17.0,Karnataka,SC,No,0.0,AI_DS,2,6.16,56.63,1200000.0,Yes,No,0,0,0,0,0,0,0,0,0,0,0,0,0,0,0,0,0,0,0,0,0,0,0,0,0,0,0,0,0,0,0,0,59.115,1,0,0,0,0,0,13.997832948091215,0.5
3002,Male,25.0,Other,General,No,0.0,Biotechnology,1,6.37,58.87,1000000.0,Yes,Yes,0,0,0,0,0,0,0,0,0,0,0,0,0,0,0,0,0,0,0,0,0,0,0,0,0,0,0,0,0,0,0,0,61.285,1,0,1,0,0,0,13.815511557963774,0.25
3003,Female,18.0,Tamil Nadu,EWS,No,0.0,Chemical,3,7.24,71.29,400000.0,Yes,No,0,0,0,0,1,0,0,0,0,0,0,0,1,0,0,0,0,0,0,0,0,0,0,0,0,0,0,0,0,1,1,0,71.845,1,0,0,0,0,0,12.899222326086994,0.75
3004,Female,17.0,Uttar Pradesh,SC,No,0.0,Medical,4,7.11,62.79,120000.0,No,No,0,0,0,0,1,0,0,0,0,0,0,0,1,1,0,0,0,0,0,0,0,0,0,0,0,0,0,0,0,0,1,0,66.94500000000001,1,0,0,0,0,0,11.695255355062795,1.0
3005,Male,18.0,Maharashtra,OBC,No,0.0,Pharmacy,4,8.87,81.75,250000.0,No,No,1,0,0,0,1,0,0,0,0,0,0,0,0,1,0,0,1,0,0,1,1,0,0,0,0,0,0,0,0,1,0,0,85.225,1,1,0,0,0,1,12.429220196836383,1.0
3006,Male,19.0,Tamil Nadu,SC,No,0.0,Management,3,7.43,71.92,1200000.0,Yes,No,0,0,0,0,0,0,0,0,0,0,0,0,0,0,0,0,0,0,0,0,0,0,0,0,0,0,0,0,0,0,0,0,73.11,1,0,0,0,0,0,13.997832948091215,0.75
3007,Female,17.0,Karnataka,OBC,No,0.0,Science,3,7.74,76.81,250000.0,No,Yes,0,0,0,0,1,0,0,0,0,0,0,0,0,1,0,0,1,0,0,0,0,0,0,0,0,0,0,0,0,0,0,0,77.105,1,0,0,0,0,0,12.429220196836383,0.75
3008,Male,20.0,Uttar Pradesh,General,No,0.0,Medical,3,8.07,74.08,120000.0,Yes,No,0,0,0,0,1,0,0,0,0,0,0,0,1,0,0,0,1,0,0,1,0,0,0,0,0,0,0,0,0,1,0,0,77.39,1,0,0,0,0,0,11.695255355062795,0.75
3009,Female,18.0,Maharashtra,ST,Yes,45.0,Commerce,4,10.0,95.58,300000.0,Yes,Yes,1,0,0,0,1,0,0,0,0,0,0,0,1,0,0,0,1,0,0,1,0,0,0,1,0,0,0,0,0,1,1,0,97.78999999999999,1,1,0,1,1,1,12.611541086966115,1.0
3010,Male,22.0,Tamil Nadu,ST,No,0.0,IT,1,7.32,72.43,80000.0,No,No,0,0,0,0,0,0,0,0,1,1,0,0,1,1,0,0,0,0,0,1,0,0,0,0,0,0,0,0,0,0,0,1,72.815,1,0,1,0,0,0,11.289794413577894,0.25
3011,Female,23.0,Rajasthan,OBC,No,0.0,CSE,1,7.8,75.3,350000.0,No,No,0,0,0,0,0,1,0,0,1,0,0,0,1,0,0,0,0,0,0,0,0,0,0,0,0,0,0,1,0,1,0,1,76.65,0,0,1,0,0,0,12.765691290604371,0.25
3012,Male,21.0,Tamil Nadu,SC,No,0.0,Medical,4,10.0,94.17,600000.0,No,No,0,0,0,0,0,0,0,0,0,0,0,0,0,0,0,0,1,0,0,0,0,0,0,0,0,0,0,0,0,0,0,0,97.08500000000001,0,1,0,0,0,0,13.304686600863562,1.0
3013,Female,25.0,Telangana,EWS,No,0.0,CSE,2,7.12,67.99,350000.0,Yes,Yes,0,0,0,0,1,0,0,0,0,0,0,0,1,0,0,0,1,0,0,0,0,0,1,1,0,0,0,0,0,1,1,0,69.595,1,0,0,0,0,0,12.765691290604371,0.5
3014,Male,21.0,Tamil Nadu,General,No,0.0,Science,4,8.79,78.99,1200000.0,Yes,No,0,0,0,0,0,0,0,0,0,0,0,0,0,0,0,0,1,0,0,0,0,0,0,0,0,0,0,0,0,0,0,0,83.445,1,1,0,0,0,1,13.997832948091215,1.0
3015,Female,21.0,Uttar Pradesh,OBC,No,0.0,IT,4,5.14,47.07,500000.0,Yes,Yes,0,0,0,0,0,0,0,0,0,0,0,0,0,0,0,0,0,0,0,0,0,0,0,0,0,0,0,0,0,0,0,0,49.235,1,0,0,0,0,0,13.122365377402328,1.0
3016,Male,24.0,Rajasthan,EWS,No,0.0,Commerce,1,5.54,51.36,80000.0,No,Yes,0,0,0,0,0,0,0,0,0,0,0,0,0,0,0,0,0,0,0,0,0,0,0,0,0,0,0,0,0,0,0,0,53.379999999999995,1,0,1,0,0,0,11.289794413577894,0.25
3017,Male,18.0,Telangana,SC,No,0.0,Pharmacy,3,8.1,74.28,1500000.0,No,No,0,0,0,0,0,0,0,0,0,0,0,0,0,0,0,0,1,0,0,0,0,0,0,0,0,0,0,0,0,0,0,0,77.64,0,0,0,0,0,0,14.220976332738882,0.75
3018,Female,20.0,Karnataka,OBC,No,0.0,Chemical,4,5.79,55.21,1000000.0,No,No,0,0,0,0,0,0,0,0,0,0,0,0,0,0,0,0,0,0,0,0,0,0,0,0,0,0,0,0,0,0,0,0,56.555,0,0,0,0,0,0,13.815511557963774,1.0
3019,Male,20.0,Uttar Pradesh,General,No,0.0,CSE,2,8.54,76.05,1000000.0,Yes,No,0,0,0,0,0,0,0,0,0,0,0,0,0,0,0,0,1,0,0,0,0,0,0,0,0,0,0,0,0,0,0,0,80.725,1,1,0,0,0,1,13.815511557963774,0.5
3020,Male,17.0,Maharashtra,SC,No,0.0,Mechanical,4,8.48,83.01,800000.0,No,No,0,0,0,0,0,0,0,0,0,0,0,0,0,0,0,0,1,1,0,0,0,0,0,0,0,0,0,0,0,0,0,0,83.905,0,1,0,0,0,0,13.592368256649284,1.0
3021,Male,23.0,Rajasthan,EWS,No,0.0,Science,2,8.64,85.74,120000.0,No,Yes,0,0,0,0,1,0,0,0,0,0,0,0,1,1,0,0,1,0,0,1,1,0,0,0,0,0,0,0,0,1,0,0,86.07,1,1,0,0,0,1,11.695255355062795,0.5
3022,Female,23.0,Gujarat,SC,No,0.0,Electrical,2,10.0,93.93,1200000.0,No,No,0,0,0,0,0,0,1,0,0,0,0,0,0,0,0,0,1,1,0,0,0,0,0,0,0,0,0,0,0,0,0,0,96.965,0,1,0,0,0,0,13.997832948091215,0.5
3023,Female,20.0,Uttar Pradesh,OBC,No,0.0,Medical,4,7.63,71.24,800000.0,Yes,No,0,0,0,0,0,0,0,0,0,0,0,0,0,0,0,0,1,0,0,0,0,0,0,0,0,0,0,0,0,0,0,0,73.77,1,0,0,0,0,0,13.592368256649284,1.0
3024,Male,20.0,Telangana,EWS,No,0.0,ECE,4,7.49,75.85,350000.0,No,No,0,0,0,0,0,0,0,0,0,0,0,0,1,0,0,0,0,0,0,0,0,0,0,0,0,0,0,0,0,0,0,0,75.375,0,0,0,0,0,0,12.765691290604371,1.0
3025,Male,23.0,Maharashtra,SC,No,0.0,ECE,4,5.89,53.37,1500000.0,Yes,No,0,0,0,0,0,0,0,0,0,0,0,0,0,0,0,0,0,0,0,0,0,0,0,0,0,0,0,0,0,0,0,0,56.135,1,0,0,0,0,0,14.220976332738882,1.0
3026,Female,19.0,Rajasthan,General,No,0.0,Biotechnology,1,9.15,89.99,350000.0,Yes,No,0,0,0,0,1,0,0,1,0,0,0,0,1,0,0,0,1,0,0,0,0,0,0,1,0,0,0,0,0,1,0,1,90.745,1,1,1,0,0,1,12.765691290604371,0.25
3027,Female,23.0,Telangana,ST,No,0.0,Science,1,7.06,69.63,120000.0,No,No,0,0,0,0,0,0,0,1,0,0,0,0,1,1,0,0,0,0,0,1,0,0,0,0,0,0,0,0,0,0,0,0,70.115,1,0,1,0,0,0,11.695255355062795,0.25
3028,Female,24.0,Maharashtra,OBC,No,0.0,CSE,3,7.91,79.65,800000.0,Yes,No,0,0,0,0,0,0,0,0,0,0,0,0,0,0,0,0,0,0,0,0,0,0,1,0,0,0,0,0,0,0,0,0,79.375,1,0,0,0,0,0,13.592368256649284,0.75
3029,Male,25.0,Andhra Pradesh,ST,No,0.0,Electrical,3,7.59,75.18,300000.0,Yes,Yes,0,0,0,0,1,0,0,0,1,0,0,0,1,0,0,1,0,1,0,1,0,0,0,0,0,0,0,0,0,1,0,0,75.54,1,0,0,0,0,0,12.611541086966115,0.75
3030,Female,17.0,Uttar Pradesh,OBC,No,0.0,IT,1,10.0,96.79,80000.0,Yes,Yes,0,1,0,1,0,1,0,0,1,1,0,1,1,1,1,1,1,0,1,1,1,0,0,1,1,1,0,1,0,1,1,1,98.39500000000001,1,1,1,0,0,1,11.289794413577894,0.25
3031,Male,18.0,Madhya Pradesh,ST,No,0.0,AI_DS,4,7.56,73.99,200000.0,No,No,0,0,0,0,1,0,0,0,1,0,0,0,1,1,0,0,0,0,0,1,0,0,0,0,0,0,0,0,0,0,0,0,74.79499999999999,1,0,0,0,0,0,12.206077645517674,1.0
3032,Male,19.0,Rajasthan,OBC,Yes,80.0,Electrical,2,7.06,74.23,500000.0,No,No,0,0,0,0,0,0,0,0,1,0,0,0,0,0,0,0,0,0,0,0,0,0,0,0,0,0,0,0,1,0,0,0,72.41499999999999,0,0,0,1,1,0,13.122365377402328,0.5
3033,Male,25.0,Andhra Pradesh,ST,No,0.0,Civil,1,7.72,72.52,80000.0,No,No,0,0,0,0,1,0,0,1,0,0,0,0,1,1,0,0,0,0,0,1,0,0,0,0,0,0,0,0,0,0,0,1,74.86,1,0,1,0,0,0,11.289794413577894,0.25
3034,Male,24.0,Other,ST,No,0.0,Production,4,6.5,65.04,1500000.0,No,No,0,0,0,0,0,0,0,0,0,0,0,0,0,0,0,0,0,0,0,0,0,0,0,0,0,0,0,0,0,0,0,0,65.02000000000001,0,0,0,0,0,0,14.220976332738882,1.0
3035,Female,18.0,Uttar Pradesh,OBC,No,0.0,AI_DS,2,8.54,79.64,150000.0,Yes,No,0,1,0,1,0,0,1,0,1,0,0,0,1,1,0,1,0,0,0,1,1,0,1,1,0,0,0,0,0,1,1,0,82.52,1,1,0,0,0,1,11.918397239722838,0.5
3036,Male,18.0,Delhi,ST,No,0.0,ECE,4,8.19,73.28,350000.0,Yes,Yes,0,1,0,0,1,0,0,0,1,0,0,0,0,0,0,0,1,0,0,0,0,0,0,0,0,0,0,0,0,1,0,0,77.59,1,0,0,0,0,0,12.765691290604371,1.0
3037,Male,19.0,Karnataka,ST,No,0.0,ECE,4,7.72,74.7,600000.0,Yes,No,0,0,0,0,0,0,1,0,1,0,0,0,0,0,0,0,0,0,0,0,0,0,0,0,0,0,0,0,0,0,0,0,75.95,1,0,0,0,0,0,13.304686600863562,1.0
3038,Male,22.0,Other,EWS,No,0.0,Commerce,4,9.55,88.41,350000.0,No,Yes,0,0,0,0,0,0,0,0,0,0,0,0,0,0,0,0,1,0,0,0,0,0,0,0,0,0,0,0,0,1,0,0,91.955,0,1,0,0,0,0,12.765691290604371,1.0
3039,Male,19.0,Karnataka,EWS,No,0.0,Production,2,5.97,54.03,300000.0,Yes,Yes,0,0,0,0,0,0,0,0,0,0,0,0,0,0,0,0,0,0,0,0,0,0,0,0,0,0,0,0,0,0,0,0,56.864999999999995,1,0,0,0,0,0,12.611541086966115,0.5
3040,Female,24.0,Rajasthan,OBC,No,0.0,Production,4,5.9,60.06,600000.0,No,No,0,0,0,0,0,0,0,0,0,0,0,0,0,0,0,0,0,0,0,0,0,0,0,0,0,0,0,0,0,0,0,0,59.53,0,0,0,0,0,0,13.304686600863562,1.0
3041,Male,19.0,Madhya Pradesh,OBC,No,0.0,Commerce,3,9.36,89.88,250000.0,No,No,0,0,0,0,1,0,0,0,0,0,0,0,0,1,0,0,1,0,0,1,1,0,0,0,0,0,0,0,0,1,0,0,91.74,1,1,0,0,0,1,12.429220196836383,0.75
3042,Male,23.0,Delhi,ST,No,0.0,ECE,1,8.97,85.62,250000.0,Yes,Yes,0,1,0,0,1,0,0,1,0,0,0,0,1,1,0,1,1,0,1,1,1,0,0,0,0,0,0,0,0,1,0,1,87.66,1,1,1,0,0,1,12.429220196836383,0.25
3043,Male,23.0,Telangana,General,No,0.0,CSE,3,7.39,69.21,500000.0,No,No,0,0,0,0,0,0,0,0,0,0,0,0,0,0,0,0,0,0,0,0,0,0,0,0,0,0,0,0,0,0,0,0,71.55499999999999,0,0,0,0,0,0,13.122365377402328,0.75
3044,Male,22.0,Madhya Pradesh,SC,No,0.0,IT,4,7.13,63.09,1000000.0,Yes,No,0,0,0,0,0,0,0,0,0,0,0,0,0,0,0,0,1,0,0,0,0,0,0,0,0,0,0,0,0,0,0,0,67.195,1,0,0,0,0,0,13.815511557963774,1.0
3045,Female,17.0,Gujarat,SC,No,0.0,Electrical,1,7.82,74.17,350000.0,No,No,0,1,0,1,1,0,0,0,1,0,0,0,0,0,0,0,0,0,0,0,0,0,0,0,0,1,0,0,0,1,0,0,76.185,0,0,1,0,0,0,12.765691290604371,0.25
3046,Male,24.0,Gujarat,General,No,0.0,Medical,4,8.39,79.99,1000000.0,Yes,Yes,0,0,0,0,0,0,0,0,0,0,0,0,0,0,0,0,1,0,0,0,0,0,0,0,0,0,0,0,0,0,0,0,81.945,1,1,0,0,0,1,13.815511557963774,1.0
3047,Male,21.0,Madhya Pradesh,EWS,No,0.0,CSE,2,7.3,66.74,600000.0,No,No,0,0,0,0,0,0,0,0,1,0,0,0,0,0,0,0,0,0,0,0,0,0,0,0,0,0,0,0,0,0,0,0,69.87,0,0,0,0,0,0,13.304686600863562,0.5
3048,Female,24.0,Karnataka,ST,No,0.0,Civil,3,7.59,74.32,400000.0,No,No,0,0,0,0,0,0,0,0,1,0,0,0,0,0,0,0,1,1,0,0,0,0,0,0,0,0,0,0,0,0,1,0,75.11,0,0,0,0,0,0,12.899222326086994,0.75
3049,Male,21.0,Telangana,ST,No,0.0,AI_DS,1,6.13,58.5,120000.0,No,Yes,0,0,0,0,0,0,0,0,0,0,0,0,0,1,0,0,0,0,0,0,0,0,0,0,0,0,0,0,0,0,0,0,59.9,1,0,1,0,0,0,11.695255355062795,0.25
3050,Female,24.0,Maharashtra,OBC,No,0.0,Commerce,2,7.78,71.76,350000.0,No,No,0,0,0,0,1,0,0,0,0,0,0,0,0,0,0,0,0,0,0,0,0,0,0,1,0,0,0,0,0,0,0,0,74.78,0,0,0,0,0,0,12.765691290604371,0.5
3051,Female,18.0,Rajasthan,OBC,No,0.0,Chemical,2,6.79,65.2,200000.0,Yes,Yes,0,0,0,0,1,0,0,0,1,0,0,0,1,1,0,0,0,0,0,1,0,0,0,0,0,0,0,0,0,1,1,0,66.55000000000001,1,0,0,0,0,0,12.206077645517674,0.5
3052,Male,25.0,Maharashtra,SC,No,0.0,Production,1,6.14,59.38,1000000.0,Yes,Yes,0,0,0,0,0,0,0,0,0,0,0,0,0,0,0,0,0,0,0,0,0,0,0,0,0,0,0,0,0,0,0,0,60.39,1,0,1,0,0,0,13.815511557963774,0.25
3053,Female,25.0,Gujarat,EWS,No,0.0,Mechanical,1,6.43,64.27,80000.0,No,Yes,1,0,0,0,0,0,0,0,1,0,0,0,1,1,0,0,0,0,0,0,0,0,0,0,0,0,0,1,0,0,0,0,64.285,1,0,1,0,0,0,11.289794413577894,0.25
3054,Male,19.0,Other,ST,No,0.0,Commerce,3,10.0,92.42,1200000.0,No,No,0,0,0,0,0,0,0,0,0,0,0,0,0,0,0,0,1,0,0,0,0,0,0,0,0,0,0,0,0,0,0,0,96.21000000000001,0,1,0,0,0,0,13.997832948091215,0.75
3055,Male,19.0,Maharashtra,ST,No,0.0,AI_DS,4,8.14,75.15,1500000.0,Yes,No,0,0,0,0,0,0,1,0,0,0,0,0,0,0,0,0,1,0,0,0,0,0,0,0,0,0,0,0,0,0,0,0,78.275,1,1,0,0,0,1,14.220976332738882,1.0
3056,Male,25.0,Tamil Nadu,SC,No,0.0,AI_DS,4,8.75,79.33,800000.0,Yes,No,0,0,0,0,0,0,1,0,0,0,0,0,0,0,0,0,0,0,0,0,0,0,0,0,0,0,0,0,0,0,0,0,83.41499999999999,1,1,0,0,0,1,13.592368256649284,1.0
3057,Female,20.0,Other,ST,No,0.0,Mechanical,3,8.08,74.14,300000.0,No,Yes,0,1,0,0,0,0,0,0,1,0,0,0,1,0,0,0,0,0,0,1,0,0,0,1,0,0,1,0,0,0,1,0,77.47,1,0,0,0,0,0,12.611541086966115,0.75
3058,Male,17.0,Madhya Pradesh,General,Yes,40.0,Chemical,3,7.25,65.78,1000000.0,Yes,Yes,0,0,0,0,0,0,0,0,0,0,0,0,0,0,0,0,1,0,0,0,0,0,0,0,0,0,0,0,0,0,0,0,69.14,1,0,0,1,1,0,13.815511557963774,0.75
3059,Female,19.0,Karnataka,General,Yes,60.0,CSE,4,8.49,78.14,150000.0,Yes,Yes,0,1,0,0,0,0,0,0,1,0,0,0,1,1,0,1,0,0,0,1,1,0,0,1,0,0,0,0,1,0,0,0,81.52000000000001,1,1,0,1,1,1,11.918397239722838,1.0
3060,Female,17.0,Gujarat,EWS,No,0.0,Civil,3,8.16,76.49,800000.0,Yes,No,0,0,0,0,0,0,0,0,0,0,0,0,0,0,0,0,1,1,0,0,0,0,0,0,0,0,0,0,0,0,0,0,79.04499999999999,1,1,0,0,0,1,13.592368256649284,0.75
3061,Male,24.0,Madhya Pradesh,OBC,No,0.0,Commerce,2,7.36,70.36,1500000.0,Yes,Yes,0,0,0,0,0,0,0,0,0,0,0,0,0,0,0,0,0,0,0,0,0,0,0,0,0,0,0,0,0,0,0,0,71.98,1,0,0,0,0,0,14.220976332738882,0.5
3062,Female,23.0,Karnataka,General,No,0.0,Commerce,4,6.59,63.24,1500000.0,No,No,0,0,0,0,0,0,0,0,0,0,0,0,0,0,0,0,0,0,0,0,0,0,0,0,0,0,0,0,0,0,0,0,64.57000000000001,0,0,0,0,0,0,14.220976332738882,1.0
3063,Male,20.0,Karnataka,General,No,0.0,Instrumentation,3,9.34,86.4,350000.0,Yes,No,0,1,0,0,1,0,1,0,1,0,0,0,1,0,0,0,1,0,0,0,0,0,0,0,0,0,0,0,0,1,0,0,89.9,1,1,0,0,0,1,12.765691290604371,0.75
3064,Male,23.0,Andhra Pradesh,SC,No,0.0,CSE,1,8.91,89.14,800000.0,No,No,0,0,0,0,0,0,0,0,0,0,0,0,0,0,0,0,1,0,0,0,0,0,0,0,0,0,0,0,0,0,0,1,89.12,0,1,1,0,0,0,13.592368256649284,0.25
3065,Female,25.0,Maharashtra,General,No,0.0,ECE,4,6.52,57.57,350000.0,No,No,0,0,0,0,0,0,0,0,0,0,0,0,1,0,0,0,0,0,0,0,0,1,0,0,0,0,0,0,0,0,0,0,61.38499999999999,0,0,0,0,0,0,12.765691290604371,1.0
3066,Female,19.0,Delhi,General,No,0.0,Chemical,1,7.86,73.03,120000.0,No,Yes,0,1,0,1,1,0,0,1,1,1,0,1,1,1,0,0,0,0,0,1,0,0,0,1,0,0,0,1,0,1,1,0,75.815,1,0,1,0,0,0,11.695255355062795,0.25
3067,Female,17.0,Other,EWS,No,0.0,Commerce,4,9.74,92.63,120000.0,Yes,Yes,0,0,0,0,1,0,0,0,0,0,0,0,1,1,0,0,1,0,0,0,1,0,0,1,0,0,0,0,0,0,0,0,95.015,1,1,0,0,0,1,11.695255355062795,1.0
3068,Female,19.0,Madhya Pradesh,SC,No,0.0,Production,2,6.54,71.2,150000.0,Yes,No,0,0,0,0,1,0,0,0,1,0,0,0,1,1,0,0,0,0,0,1,0,0,0,1,0,0,0,0,0,1,1,0,68.30000000000001,1,0,0,0,0,0,11.918397239722838,0.5
3069,Male,24.0,Other,ST,No,0.0,Production,3,8.81,71.2,250000.0,Yes,No,0,1,0,0,1,0,1,0,1,0,0,0,1,0,0,0,0,1,0,1,1,0,0,0,0,0,0,0,0,1,0,0,79.65,1,0,0,0,0,0,12.429220196836383,0.75
3070,Female,23.0,Gujarat,SC,No,0.0,Civil,3,7.55,74.59,80000.0,Yes,Yes,1,1,0,0,1,0,1,0,0,0,0,0,1,0,0,0,0,0,0,1,1,0,0,1,0,0,0,0,0,1,1,0,75.045,1,0,0,0,0,0,11.289794413577894,0.75
3071,Male,22.0,Gujarat,SC,No,0.0,Commerce,2,6.92,65.6,400000.0,No,Yes,0,0,0,0,1,0,0,0,0,0,0,0,1,0,0,0,0,0,0,0,0,0,0,0,0,0,0,0,0,0,0,0,67.4,0,0,0,0,0,0,12.899222326086994,0.5
3072,Female,17.0,Karnataka,General,No,0.0,Instrumentation,1,7.48,73.11,200000.0,Yes,No,0,1,0,0,1,0,0,1,1,0,0,0,1,1,0,0,1,0,0,0,1,0,0,1,0,0,0,0,0,0,1,0,73.95500000000001,1,0,1,0,0,0,12.206077645517674,0.25
3073,Female,25.0,Delhi,General,No,0.0,Management,1,8.21,77.33,1500000.0,No,Yes,0,0,0,0,0,0,0,0,0,0,0,0,0,0,0,0,1,0,0,0,0,0,0,0,0,0,0,0,0,0,0,0,79.715,0,1,1,0,0,0,14.220976332738882,0.25
3074,Female,19.0,Gujarat,EWS,No,0.0,Production,3,7.58,70.89,1000000.0,No,No,0,0,0,0,0,0,1,0,0,0,0,0,0,0,0,0,1,0,0,0,0,0,0,0,0,0,0,0,0,0,0,0,73.345,0,0,0,0,0,0,13.815511557963774,0.75
3075,Female,19.0,Maharashtra,SC,No,0.0,Pharmacy,4,7.49,55.21,400000.0,No,No,0,0,0,0,0,0,0,0,0,0,0,0,0,0,0,0,0,0,0,0,0,0,0,0,0,0,0,0,0,0,0,0,65.055,0,0,0,0,0,0,12.899222326086994,1.0
3076,Female,18.0,Rajasthan,OBC,No,0.0,Production,1,9.77,90.16,1000000.0,No,No,0,0,0,0,0,0,0,1,0,0,0,0,0,0,0,0,1,0,0,0,0,0,0,0,0,0,0,0,0,0,0,1,93.92999999999999,0,1,1,0,0,0,13.815511557963774,0.25
3077,Female,23.0,Gujarat,ST,No,0.0,CSE,1,6.57,59.8,120000.0,No,Yes,0,0,0,0,0,0,0,0,0,0,0,0,1,0,0,0,0,0,0,0,0,0,0,0,0,0,0,0,0,0,0,0,62.75,1,0,1,0,0,0,11.695255355062795,0.25
3078,Female,25.0,Uttar Pradesh,ST,No,0.0,IT,1,8.37,80.86,300000.0,Yes,Yes,0,0,0,1,0,1,0,1,0,1,0,0,1,0,0,1,0,0,1,0,0,0,0,1,0,1,0,1,0,0,1,1,82.28,1,1,1,0,0,1,12.611541086966115,0.25
3079,Male,20.0,Karnataka,ST,No,0.0,Medical,1,7.31,66.69,80000.0,Yes,No,0,0,0,0,1,0,0,1,0,0,0,0,1,0,0,0,0,0,0,1,1,0,0,0,0,0,0,0,0,1,0,1,69.895,1,0,1,0,0,0,11.289794413577894,0.25
3080,Female,23.0,Other,General,No,0.0,Production,1,7.61,67.6,800000.0,No,No,0,0,0,0,0,0,0,0,0,0,0,0,0,0,0,0,1,0,0,0,0,0,0,0,0,0,0,0,0,0,0,0,71.85,0,0,1,0,0,0,13.592368256649284,0.25
3081,Female,18.0,Rajasthan,OBC,No,0.0,Management,2,7.67,75.48,400000.0,Yes,No,0,0,0,0,1,0,0,0,0,0,0,0,1,0,0,0,1,0,0,0,0,0,0,1,0,0,0,0,0,1,1,0,76.09,1,0,0,0,0,0,12.899222326086994,0.5
3082,Female,17.0,Karnataka,OBC,No,0.0,Management,3,6.0,52.4,1500000.0,Yes,No,0,0,0,0,0,0,0,0,0,0,0,0,0,0,0,0,0,0,0,0,0,0,0,0,0,0,0,0,0,0,0,0,56.2,1,0,0,0,0,0,14.220976332738882,0.75
3083,Female,25.0,Other,General,No,0.0,Instrumentation,2,9.4,87.46,600000.0,No,No,0,0,0,0,0,0,1,0,1,0,0,0,0,0,0,0,1,0,0,0,0,0,0,1,0,0,0,1,0,0,0,0,90.72999999999999,0,1,0,0,0,0,13.304686600863562,0.5
3084,Male,17.0,Uttar Pradesh,General,No,0.0,Management,2,8.86,83.71,400000.0,No,No,0,0,0,0,1,0,0,0,0,0,0,0,0,0,0,0,1,0,0,0,0,0,0,0,0,0,0,0,0,1,0,0,86.155,0,1,0,0,0,0,12.899222326086994,0.5
3085,Female,22.0,Tamil Nadu,SC,No,0.0,Chemical,3,7.31,71.2,120000.0,Yes,No,0,1,0,0,1,0,0,0,1,0,0,0,1,0,0,0,1,0,0,1,1,0,0,1,0,0,0,0,0,0,1,0,72.15,1,0,0,0,0,0,11.695255355062795,0.75
3086,Female,19.0,Andhra Pradesh,OBC,No,0.0,Biotechnology,3,6.44,61.58,800000.0,Yes,No,0,0,0,0,0,0,0,0,0,0,0,0,0,0,0,0,0,0,0,0,0,0,0,0,0,0,0,0,0,0,0,0,62.99,1,0,0,0,0,0,13.592368256649284,0.75
3087,Female,22.0,Uttar Pradesh,General,No,0.0,CSE,3,7.04,62.92,200000.0,No,Yes,0,0,0,0,1,0,0,0,1,0,0,0,1,0,0,0,0,0,0,0,0,0,0,1,0,0,0,0,0,0,0,0,66.66,1,0,0,0,0,0,12.206077645517674,0.75
3088,Female,17.0,Tamil Nadu,EWS,No,0.0,Commerce,3,7.9,74.26,500000.0,No,No,0,0,0,0,0,0,0,0,0,0,0,0,0,0,0,0,1,0,0,0,0,0,0,0,0,0,0,0,0,0,0,0,76.63,0,0,0,0,0,0,13.122365377402328,0.75
3089,Male,24.0,Madhya Pradesh,ST,No,0.0,AI_DS,4,7.31,65.81,400000.0,No,Yes,0,0,0,0,0,0,0,0,0,0,0,0,1,0,0,0,1,0,0,0,0,0,0,0,0,0,0,0,0,1,0,0,69.455,0,0,0,0,0,0,12.899222326086994,1.0
3090,Female,17.0,Tamil Nadu,OBC,No,0.0,Science,1,9.41,92.03,1200000.0,No,No,0,0,0,0,0,0,0,1,0,0,0,0,0,0,0,0,1,0,0,0,0,0,0,0,0,0,0,0,0,0,0,0,93.065,0,1,1,0,0,0,13.997832948091215,0.25
3091,Female,18.0,Other,OBC,No,0.0,CSE,1,8.66,81.35,400000.0,Yes,No,0,0,0,1,1,1,0,1,1,0,0,0,1,0,1,0,1,0,0,0,0,0,0,1,0,1,0,1,0,1,1,1,83.975,1,1,1,0,0,1,12.899222326086994,0.25
3092,Male,21.0,Karnataka,OBC,No,0.0,Biotechnology,3,5.42,57.35,80000.0,Yes,Yes,0,0,0,0,0,0,0,0,0,0,0,0,0,1,0,0,0,0,0,0,0,0,0,0,0,0,0,0,0,0,0,0,55.775000000000006,1,0,0,0,0,0,11.289794413577894,0.75
3093,Female,22.0,Gujarat,EWS,No,0.0,IT,2,7.43,68.34,200000.0,Yes,Yes,1,0,0,0,0,0,0,0,1,0,0,0,1,1,0,0,0,0,0,0,1,0,0,1,0,0,0,0,0,1,1,0,71.32,1,0,0,0,0,0,12.206077645517674,0.5
3094,Female,22.0,Karnataka,OBC,No,0.0,Biotechnology,3,8.0,79.5,1200000.0,Yes,No,0,0,0,0,0,0,0,0,0,0,0,0,0,0,0,0,1,0,0,0,0,0,0,0,0,0,0,0,0,0,0,0,79.75,1,1,0,0,0,1,13.997832948091215,0.75
3095,Female,19.0,Telangana,EWS,No,0.0,Civil,2,7.47,74.8,150000.0,Yes,No,1,0,0,0,0,0,0,0,1,0,0,0,1,1,0,0,0,0,0,1,1,0,0,1,0,1,0,0,0,1,0,0,74.75,1,0,0,0,0,0,11.918397239722838,0.5
3096,Female,24.0,Rajasthan,SC,No,0.0,Biotechnology,1,8.8,80.37,600000.0,Yes,No,0,0,0,0,0,0,0,1,0,0,0,0,0,0,0,0,0,0,0,0,0,0,0,1,0,0,0,0,0,0,0,1,84.185,1,1,1,0,0,1,13.304686600863562,0.25
3097,Female,22.0,Madhya Pradesh,ST,No,0.0,IT,2,6.69,66.43,80000.0,Yes,No,0,0,0,0,0,0,0,0,1,0,0,0,1,1,0,0,0,0,0,1,0,0,0,1,0,0,0,1,0,1,0,0,66.665,1,0,0,0,0,0,11.289794413577894,0.5
3098,Male,24.0,Telangana,General,No,0.0,Chemical,3,5.0,47.05,1200000.0,No,No,0,0,0,0,0,0,0,0,0,0,0,0,0,0,0,0,0,0,0,0,0,0,0,0,0,0,0,0,0,0,0,0,48.525,0,0,0,0,0,0,13.997832948091215,0.75
3099,Female,23.0,Rajasthan,OBC,No,0.0,Production,1,5.78,53.48,800000.0,Yes,No,0,0,0,0,0,0,0,0,0,0,0,0,0,0,0,0,0,0,0,0,0,0,0,0,0,0,0,0,0,0,0,0,55.64,1,0,1,0,0,0,13.592368256649284,0.25
3100,Male,23.0,Madhya Pradesh,General,No,0.0,Medical,1,7.14,66.76,150000.0,Yes,No,0,0,0,0,0,0,0,1,0,0,0,0,1,1,0,0,1,0,0,1,1,0,0,0,0,0,0,0,0,0,0,1,69.08,1,0,1,0,0,0,11.918397239722838,0.25
3101,Male,17.0,Madhya Pradesh,ST,No,0.0,Commerce,3,6.84,61.69,200000.0,Yes,No,0,0,0,0,1,0,0,0,0,0,0,0,0,1,0,0,0,0,0,0,0,0,0,0,0,0,0,0,0,0,0,0,65.045,1,0,0,0,0,0,12.206077645517674,0.75
3102,Female,22.0,Madhya Pradesh,SC,No,0.0,IT,2,10.0,98.0,350000.0,Yes,No,0,1,0,1,1,1,1,0,1,0,1,0,1,0,0,0,1,0,0,0,0,0,1,1,0,1,0,1,0,1,1,0,99.0,1,1,0,0,0,1,12.765691290604371,0.5
3103,Female,17.0,Tamil Nadu,ST,No,0.0,Chemical,2,6.11,62.79,200000.0,Yes,No,0,0,0,0,1,0,0,0,1,0,0,0,0,1,0,0,0,0,0,0,0,0,0,1,0,0,0,0,0,0,0,0,61.945,1,0,0,0,0,0,12.206077645517674,0.5
3104,Female,20.0,Uttar Pradesh,EWS,No,0.0,Commerce,1,7.02,67.08,80000.0,Yes,Yes,0,0,0,0,1,0,0,1,0,0,0,0,1,1,0,0,0,0,0,0,1,0,0,0,0,0,0,0,0,1,0,0,68.63999999999999,1,0,1,0,0,0,11.289794413577894,0.25
3105,Female,23.0,Other,OBC,No,0.0,Commerce,1,7.42,68.51,150000.0,Yes,Yes,0,0,0,0,0,0,0,1,0,0,0,0,1,1,0,0,0,0,0,0,1,0,0,1,0,0,0,0,0,1,1,0,71.355,1,0,1,0,0,0,11.918397239722838,0.25
3106,Male,24.0,Madhya Pradesh,SC,No,0.0,Medical,1,8.68,82.84,400000.0,Yes,No,0,0,0,0,1,0,0,1,0,0,0,0,1,0,0,0,1,0,0,0,0,0,0,0,0,0,0,0,0,1,0,1,84.82,1,1,1,0,0,1,12.899222326086994,0.25
3107,Female,17.0,Rajasthan,SC,No,0.0,Mechanical,1,6.93,61.92,80000.0,Yes,Yes,0,0,0,0,1,0,0,1,1,0,0,1,1,0,0,0,0,0,0,1,0,0,0,1,0,0,0,0,0,0,0,0,65.61,1,0,1,0,0,0,11.289794413577894,0.25
3108,Female,21.0,Uttar Pradesh,General,No,0.0,Management,2,6.43,56.16,120000.0,No,Yes,0,0,0,0,0,0,0,0,0,0,0,0,0,1,0,0,0,0,0,0,0,0,0,0,0,0,0,0,0,0,0,0,60.23,1,0,0,0,0,0,11.695255355062795,0.5
3109,Male,25.0,Other,OBC,No,0.0,Production,1,7.51,67.76,1000000.0,Yes,No,0,0,0,0,0,0,0,0,0,0,0,0,0,0,0,0,0,0,0,0,0,0,0,0,0,0,0,0,0,0,0,0,71.43,1,0,1,0,0,0,13.815511557963774,0.25
3110,Male,18.0,Maharashtra,SC,No,0.0,Management,1,7.18,72.32,150000.0,Yes,No,0,0,0,0,0,0,0,1,0,0,0,0,1,1,0,0,0,0,0,1,1,0,0,0,0,0,0,0,0,1,0,0,72.06,1,0,1,0,0,0,11.918397239722838,0.25
3111,Male,17.0,Delhi,OBC,No,0.0,Production,4,8.94,84.83,400000.0,No,Yes,0,0,0,0,0,0,1,0,1,0,0,0,1,0,0,0,0,1,0,0,0,0,0,0,0,0,0,0,0,0,0,0,87.115,0,1,0,0,0,0,12.899222326086994,1.0
3112,Female,17.0,Madhya Pradesh,SC,No,0.0,Biotechnology,4,7.4,75.94,1000000.0,No,Yes,0,0,0,0,0,0,0,0,0,0,0,0,0,0,0,0,1,0,0,0,0,0,0,0,0,0,0,0,0,0,0,0,74.97,0,0,0,0,0,0,13.815511557963774,1.0
3113,Male,17.0,Andhra Pradesh,OBC,No,0.0,CSE,1,8.12,76.16,150000.0,No,Yes,0,1,0,0,0,0,0,0,1,1,0,1,1,1,0,0,1,0,0,1,1,0,0,0,0,0,0,0,0,1,0,1,78.67999999999999,1,1,1,0,0,1,11.918397239722838,0.25
3114,Female,21.0,Andhra Pradesh,ST,No,0.0,Biotechnology,2,5.79,56.19,1000000.0,No,No,0,0,0,0,0,0,0,0,0,0,0,0,0,0,0,0,0,0,0,0,0,0,0,0,0,0,0,0,0,0,0,0,57.045,0,0,0,0,0,0,13.815511557963774,0.5
3115,Female,17.0,Uttar Pradesh,ST,No,0.0,CSE,4,8.5,78.86,1500000.0,No,No,0,0,0,0,0,0,1,0,0,0,0,0,0,0,0,0,1,0,0,0,0,0,1,0,0,0,0,0,0,0,0,0,81.93,0,1,0,0,0,0,14.220976332738882,1.0
3116,Male,21.0,Madhya Pradesh,OBC,No,0.0,Civil,4,7.85,73.48,500000.0,No,No,0,0,0,0,1,0,0,0,1,0,0,0,0,0,0,0,1,0,0,0,0,0,0,0,0,0,0,0,0,0,0,0,75.99000000000001,0,0,0,0,0,0,13.122365377402328,1.0
3117,Female,24.0,Delhi,General,No,0.0,Science,1,7.28,61.7,1200000.0,No,No,0,0,0,0,0,0,0,1,0,0,0,0,0,0,0,0,1,0,0,0,0,0,0,0,0,0,0,0,0,0,0,0,67.25,0,0,1,0,0,0,13.997832948091215,0.25
3118,Female,24.0,Tamil Nadu,ST,No,0.0,IT,4,7.23,71.59,120000.0,Yes,No,0,0,0,0,1,0,0,0,0,0,0,0,1,1,0,0,1,0,0,1,1,0,0,0,0,0,0,0,0,0,1,0,71.94500000000001,1,0,0,0,0,0,11.695255355062795,1.0
3119,Male,25.0,Telangana,OBC,No,0.0,IT,2,6.74,64.19,500000.0,Yes,No,0,0,0,0,1,0,0,0,1,0,0,0,0,0,0,0,0,0,0,0,0,0,0,0,0,0,0,0,0,0,0,0,65.795,1,0,0,0,0,0,13.122365377402328,0.5
3120,Male,23.0,Telangana,General,No,0.0,CSE,3,7.49,63.69,200000.0,No,Yes,0,0,0,0,1,0,0,0,1,0,0,0,1,1,0,0,1,0,0,0,0,0,0,0,0,0,0,0,0,0,0,0,69.295,1,0,0,0,0,0,12.206077645517674,0.75
3121,Female,17.0,Madhya Pradesh,ST,No,0.0,Medical,1,7.24,65.96,1200000.0,Yes,Yes,0,0,0,0,0,0,0,1,0,0,0,0,0,0,0,0,1,0,0,0,0,0,0,0,0,0,0,0,0,0,0,0,69.18,1,0,1,0,0,0,13.997832948091215,0.25
3122,Female,23.0,Telangana,ST,No,0.0,Pharmacy,1,9.1,89.24,150000.0,No,Yes,1,0,0,0,1,0,0,0,0,0,0,0,0,0,0,0,0,0,1,1,1,0,0,1,1,0,0,0,0,1,1,1,90.12,1,1,1,0,0,1,11.918397239722838,0.25
3123,Male,19.0,Telangana,OBC,No,0.0,Pharmacy,2,6.77,65.81,300000.0,No,Yes,0,0,0,0,0,0,0,0,0,0,0,0,1,0,0,0,0,0,0,1,0,0,0,0,0,0,0,0,0,1,0,0,66.755,1,0,0,0,0,0,12.611541086966115,0.5
3124,Female,17.0,Rajasthan,EWS,No,0.0,Instrumentation,1,8.14,79.26,500000.0,No,Yes,0,0,0,0,0,0,0,1,1,0,0,0,0,0,0,0,1,0,0,0,0,0,0,1,0,0,0,1,0,0,0,1,80.33000000000001,0,1,1,0,0,0,13.122365377402328,0.25
3125,Male,24.0,Maharashtra,EWS,No,0.0,Medical,4,5.47,54.98,1500000.0,Yes,No,0,0,0,0,0,0,0,0,0,0,0,0,0,0,0,0,0,0,0,0,0,0,0,0,0,0,0,0,0,0,0,0,54.839999999999996,1,0,0,0,0,0,14.220976332738882,1.0
3126,Male,17.0,Tamil Nadu,ST,No,0.0,IT,4,6.82,63.72,350000.0,No,Yes,0,0,0,0,0,0,0,0,0,0,0,0,1,0,0,0,0,0,0,0,0,0,0,0,0,0,0,0,0,0,0,0,65.96000000000001,0,0,0,0,0,0,12.765691290604371,1.0
3127,Female,20.0,Karnataka,ST,No,0.0,Pharmacy,4,10.0,95.91,600000.0,No,No,0,0,0,0,0,0,0,0,0,0,0,0,0,0,0,0,1,0,0,0,0,0,0,1,0,0,0,0,0,0,0,0,97.955,0,1,0,0,0,0,13.304686600863562,1.0
3128,Male,21.0,Andhra Pradesh,General,No,0.0,Biotechnology,1,7.04,60.26,120000.0,Yes,Yes,0,0,0,0,1,0,0,0,0,0,0,0,1,1,0,0,1,0,0,0,0,0,0,0,0,0,0,0,0,1,0,0,65.33,1,0,1,0,0,0,11.695255355062795,0.25
3129,Male,24.0,Maharashtra,General,No,0.0,Pharmacy,1,9.17,83.08,1000000.0,Yes,Yes,0,0,0,0,0,0,0,0,0,0,0,0,0,0,0,0,0,0,0,0,0,0,0,0,0,0,0,0,0,0,0,1,87.39,1,1,1,0,0,1,13.815511557963774,0.25
3130,Female,17.0,Gujarat,SC,No,0.0,Management,2,6.3,58.86,800000.0,Yes,Yes,0,0,0,0,0,0,0,0,0,0,0,0,0,0,0,0,0,0,0,0,0,0,0,0,0,0,0,0,0,0,0,0,60.93,1,0,0,0,0,0,13.592368256649284,0.5
3131,Male,18.0,Maharashtra,OBC,No,0.0,Management,3,9.2,89.72,600000.0,No,No,0,0,0,0,0,0,0,0,0,0,0,0,0,0,0,0,1,0,0,0,0,0,0,0,0,0,0,0,0,0,0,0,90.86,0,1,0,0,0,0,13.304686600863562,0.75
3132,Female,22.0,Other,OBC,No,0.0,Commerce,3,7.31,70.37,600000.0,No,No,0,0,0,0,0,0,0,0,0,0,0,0,0,0,0,0,0,0,0,0,0,0,0,0,0,0,0,0,0,0,0,0,71.735,0,0,0,0,0,0,13.304686600863562,0.75
3133,Female,19.0,Madhya Pradesh,OBC,No,0.0,Instrumentation,2,6.78,64.83,80000.0,No,Yes,0,0,0,0,1,0,0,0,1,0,0,0,1,1,0,0,0,0,0,0,0,0,0,1,0,0,0,0,0,0,0,0,66.315,1,0,0,0,0,0,11.289794413577894,0.5
3134,Female,21.0,Rajasthan,SC,No,0.0,Civil,4,7.59,75.01,250000.0,Yes,No,0,0,0,0,1,0,1,0,0,0,0,0,1,1,0,1,1,0,0,0,1,0,0,1,0,0,0,0,0,1,1,0,75.45500000000001,1,0,0,0,0,0,12.429220196836383,1.0
3135,Male,20.0,Maharashtra,ST,No,0.0,Production,4,8.66,83.75,1200000.0,No,No,0,0,0,0,0,0,1,0,0,0,0,0,0,0,0,0,0,1,0,0,0,0,0,0,0,0,0,0,0,0,0,0,85.175,0,1,0,0,0,0,13.997832948091215,1.0
3136,Female,23.0,Delhi,General,No,0.0,Medical,1,7.49,69.39,1500000.0,No,No,0,0,0,0,0,0,0,0,0,0,0,0,0,0,0,0,0,0,0,0,0,0,0,0,0,0,0,0,0,0,0,0,72.14500000000001,0,0,1,0,0,0,14.220976332738882,0.25
3137,Female,18.0,Tamil Nadu,SC,No,0.0,IT,3,7.39,66.96,500000.0,No,No,0,0,0,0,1,0,0,0,1,0,0,0,0,0,0,0,1,0,0,0,0,0,1,0,0,0,0,0,0,0,0,0,70.42999999999999,0,0,0,0,0,0,13.122365377402328,0.75
3138,Male,21.0,Telangana,EWS,No,0.0,IT,2,7.02,66.94,1500000.0,No,No,0,0,0,0,0,0,0,0,0,0,0,0,0,0,0,0,0,0,0,0,0,0,0,0,0,0,0,0,0,0,0,0,68.57,0,0,0,0,0,0,14.220976332738882,0.5
3139,Male,21.0,Maharashtra,SC,No,0.0,Instrumentation,3,8.59,81.05,80000.0,No,Yes,1,1,0,0,0,0,0,0,0,0,0,0,1,1,0,1,0,0,0,1,1,0,0,0,0,0,0,0,0,1,0,0,83.475,1,1,0,0,0,1,11.289794413577894,0.75
3140,Male,21.0,Madhya Pradesh,OBC,No,0.0,Science,1,7.49,57.65,120000.0,Yes,Yes,0,0,0,0,0,0,0,0,0,0,0,0,1,1,0,0,0,0,0,0,0,0,0,0,0,0,0,0,0,1,0,0,66.275,1,0,1,0,0,0,11.695255355062795,0.25
3141,Male,25.0,Madhya Pradesh,General,No,0.0,Instrumentation,4,7.64,73.14,800000.0,No,No,0,0,0,0,0,0,1,0,0,0,0,0,0,0,0,0,0,0,0,0,0,0,0,0,0,0,0,0,0,0,0,0,74.77,0,0,0,0,0,0,13.592368256649284,1.0
3142,Male,19.0,Rajasthan,OBC,No,0.0,Commerce,1,8.6,84.76,500000.0,Yes,Yes,0,0,0,0,1,0,0,0,0,0,0,0,0,0,0,0,0,0,0,0,0,0,0,0,0,0,0,0,0,0,0,1,85.38,1,1,1,0,0,1,13.122365377402328,0.25
3143,Female,20.0,Other,SC,No,0.0,CSE,1,6.79,62.66,150000.0,Yes,No,0,0,0,0,0,0,0,1,1,0,0,1,1,1,0,0,0,0,0,1,0,0,0,0,0,0,0,0,0,0,0,0,65.28,1,0,1,0,0,0,11.918397239722838,0.25
3144,Female,19.0,Madhya Pradesh,EWS,No,0.0,Management,2,6.25,61.47,80000.0,No,No,0,0,0,0,1,0,0,0,0,0,0,0,0,1,0,0,0,0,0,0,0,0,0,1,0,0,0,0,0,0,0,0,61.985,1,0,0,0,0,0,11.289794413577894,0.5
3145,Female,25.0,Maharashtra,EWS,No,0.0,Management,1,9.24,86.83,1000000.0,Yes,No,0,0,0,0,0,0,0,1,0,0,0,0,0,0,0,0,1,0,0,0,0,0,0,0,0,0,0,0,0,0,0,1,89.61500000000001,1,1,1,0,0,1,13.815511557963774,0.25
3146,Female,24.0,Other,SC,No,0.0,Instrumentation,4,7.21,72.9,250000.0,No,Yes,0,1,0,0,0,0,0,0,1,0,0,0,1,1,0,0,0,0,0,0,0,0,0,1,0,0,0,0,0,0,1,0,72.5,1,0,0,0,0,0,12.429220196836383,1.0
3147,Female,19.0,Uttar Pradesh,OBC,No,0.0,ECE,4,8.11,78.35,1000000.0,No,No,0,0,0,0,0,0,0,0,0,0,0,0,0,0,0,0,1,0,0,0,0,0,0,0,0,0,0,0,0,0,0,0,79.725,0,1,0,0,0,0,13.815511557963774,1.0
3148,Male,18.0,Telangana,ST,No,0.0,Mechanical,4,6.07,59.7,300000.0,Yes,No,0,0,0,0,0,0,0,0,0,0,0,0,0,0,0,0,0,0,0,0,0,0,0,0,0,0,0,0,0,0,0,0,60.2,1,0,0,0,0,0,12.611541086966115,1.0
3149,Female,19.0,Uttar Pradesh,OBC,No,0.0,Commerce,4,6.39,57.3,600000.0,No,No,0,0,0,0,0,0,0,0,0,0,0,0,0,0,0,0,0,0,0,0,0,0,0,0,0,0,0,0,0,0,0,0,60.599999999999994,0,0,0,0,0,0,13.304686600863562,1.0
3150,Female,21.0,Telangana,SC,No,0.0,Science,3,7.08,65.5,120000.0,Yes,No,1,0,0,0,1,0,0,0,0,0,0,0,0,1,0,0,0,0,0,0,1,0,0,1,0,0,0,0,0,0,1,0,68.15,1,0,0,0,0,0,11.695255355062795,0.75
3151,Male,18.0,Uttar Pradesh,OBC,No,0.0,Civil,4,7.23,64.36,80000.0,No,No,0,0,0,0,1,0,0,0,1,0,0,0,0,1,0,0,1,0,0,1,0,0,0,0,0,0,0,0,0,1,0,0,68.33000000000001,1,0,0,0,0,0,11.289794413577894,1.0
3152,Male,24.0,Madhya Pradesh,General,No,0.0,Civil,3,8.65,85.56,350000.0,Yes,Yes,0,1,0,0,1,0,1,0,0,0,0,0,1,0,0,0,0,1,0,0,0,0,0,0,0,0,0,0,0,1,0,0,86.03,1,1,0,0,0,1,12.765691290604371,0.75
3153,Male,19.0,Telangana,EWS,No,0.0,Chemical,4,7.49,51.96,600000.0,Yes,No,0,0,0,0,0,0,0,0,0,0,0,0,0,0,0,0,1,0,0,0,0,0,0,0,0,0,0,0,0,0,0,0,63.43000000000001,1,0,0,0,0,0,13.304686600863562,1.0
3154,Female,23.0,Rajasthan,General,No,0.0,Commerce,4,6.53,64.61,150000.0,Yes,Yes,0,0,0,0,0,0,0,0,0,0,0,0,1,0,0,0,0,0,0,1,0,0,0,1,0,0,0,0,0,0,0,0,64.955,1,0,0,0,0,0,11.918397239722838,1.0
3155,Male,24.0,Maharashtra,ST,No,0.0,Instrumentation,1,7.42,70.58,1500000.0,No,Yes,0,0,0,0,0,0,0,0,0,0,0,0,0,0,0,0,0,0,0,0,0,0,0,0,0,0,0,0,0,0,0,0,72.39,0,0,1,0,0,0,14.220976332738882,0.25
3156,Male,23.0,Maharashtra,General,No,0.0,Science,3,7.28,72.8,200000.0,Yes,Yes,1,0,0,0,1,0,0,0,0,0,0,0,1,1,0,0,1,0,0,0,1,1,0,0,0,0,0,0,0,1,0,0,72.8,1,0,0,0,0,0,12.206077645517674,0.75
3157,Male,24.0,Other,OBC,No,0.0,Management,1,6.01,58.92,500000.0,No,Yes,0,0,0,0,0,0,0,0,0,0,0,0,0,0,0,0,0,0,0,0,0,0,0,0,0,0,0,0,0,0,0,0,59.51,0,0,1,0,0,0,13.122365377402328,0.25
3158,Female,21.0,Tamil Nadu,SC,No,0.0,AI_DS,1,8.82,85.94,150000.0,Yes,Yes,0,0,0,1,1,1,0,1,1,1,0,0,1,0,0,1,1,0,1,0,1,0,0,0,1,1,0,1,0,1,1,1,87.07,1,1,1,0,0,1,11.918397239722838,0.25
3159,Male,24.0,Delhi,OBC,No,0.0,Management,1,10.0,93.41,350000.0,No,Yes,0,0,0,0,0,0,0,0,0,0,0,0,1,0,0,0,0,0,0,0,0,0,0,0,0,0,0,0,0,1,0,0,96.705,0,1,1,0,0,0,12.765691290604371,0.25
3160,Female,21.0,Madhya Pradesh,EWS,No,0.0,Biotechnology,4,8.65,81.86,350000.0,Yes,No,0,0,0,0,0,0,0,0,0,0,0,0,1,0,0,0,1,0,0,0,0,0,0,1,0,0,0,0,0,0,0,0,84.18,1,1,0,0,0,1,12.765691290604371,1.0
3161,Female,22.0,Telangana,General,No,0.0,CSE,2,8.98,85.29,800000.0,Yes,No,0,0,0,0,0,1,1,0,0,0,0,0,0,0,0,0,1,0,0,0,0,0,0,0,0,0,0,0,0,0,0,0,87.54500000000002,1,1,0,0,0,1,13.592368256649284,0.5
3162,Male,18.0,Gujarat,EWS,No,0.0,CSE,4,7.03,70.7,350000.0,Yes,No,0,1,0,0,1,0,0,0,0,0,0,0,1,0,0,0,1,0,0,0,0,0,0,0,0,0,0,0,0,1,0,0,70.5,1,0,0,0,0,0,12.765691290604371,1.0
3163,Female,23.0,Uttar Pradesh,EWS,No,0.0,Chemical,2,6.91,61.41,500000.0,Yes,No,0,0,0,0,1,0,0,0,1,0,0,0,0,0,0,0,0,0,0,0,0,0,0,1,0,0,0,0,0,0,0,0,65.255,1,0,0,0,0,0,13.122365377402328,0.5
3164,Female,17.0,Madhya Pradesh,OBC,Yes,40.0,Production,2,6.88,67.22,350000.0,No,Yes,0,0,0,0,0,0,0,0,1,0,0,0,1,0,0,0,0,0,0,0,0,0,0,0,0,0,0,1,1,0,0,0,68.00999999999999,0,0,0,1,1,0,12.765691290604371,0.5
3165,Male,20.0,Gujarat,General,No,0.0,Commerce,4,9.17,87.45,500000.0,No,No,0,0,0,0,1,0,0,0,0,0,0,0,0,0,0,0,1,0,0,0,0,0,0,0,0,0,0,0,0,0,0,0,89.575,0,1,0,0,0,0,13.122365377402328,1.0
3166,Male,24.0,Tamil Nadu,EWS,No,0.0,Commerce,3,9.08,82.19,150000.0,No,Yes,0,0,0,0,1,0,0,0,0,0,0,0,0,1,0,0,1,0,0,0,1,0,0,0,0,0,0,0,0,1,0,0,86.495,1,1,0,0,0,1,11.918397239722838,0.75
3167,Female,23.0,Maharashtra,OBC,No,0.0,Management,4,6.97,65.35,500000.0,Yes,No,0,0,0,0,0,0,0,0,0,0,0,0,0,0,0,0,0,0,0,0,0,1,0,0,0,0,0,0,0,0,0,0,67.525,1,0,0,0,0,0,13.122365377402328,1.0
3168,Female,18.0,Maharashtra,ST,No,0.0,Production,2,7.36,70.17,250000.0,No,No,1,0,0,0,0,0,0,0,0,0,0,0,0,1,0,0,1,0,0,0,0,0,0,1,0,0,0,0,0,0,0,0,71.885,1,0,0,0,0,0,12.429220196836383,0.5
3169,Female,20.0,Madhya Pradesh,ST,No,0.0,Electrical,4,8.33,71.2,400000.0,Yes,Yes,0,0,0,0,1,0,0,0,1,0,0,0,1,0,0,0,0,0,0,0,0,0,0,0,0,0,1,0,0,1,1,0,77.25,1,0,0,0,0,0,12.899222326086994,1.0
3170,Female,22.0,Karnataka,SC,No,0.0,Management,2,7.67,72.73,80000.0,Yes,No,0,0,0,0,1,0,0,0,0,0,0,0,0,1,0,0,0,0,0,1,1,0,0,1,0,0,0,0,0,0,0,0,74.715,1,0,0,0,0,0,11.289794413577894,0.5
3171,Male,19.0,Gujarat,EWS,No,0.0,Science,1,6.39,60.36,250000.0,Yes,No,0,0,0,0,1,0,0,1,0,0,0,0,1,1,0,0,0,0,0,0,0,0,0,0,0,0,0,0,0,0,0,0,62.129999999999995,1,0,1,0,0,0,12.429220196836383,0.25
3172,Male,19.0,Madhya Pradesh,SC,No,0.0,Commerce,2,7.33,69.14,350000.0,No,No,0,0,0,0,0,0,0,0,0,0,0,0,1,0,0,0,1,0,0,0,0,0,0,0,0,0,0,0,0,0,0,0,71.22,0,0,0,0,0,0,12.765691290604371,0.5
3173,Male,21.0,Rajasthan,General,No,0.0,AI_DS,3,7.54,71.86,1200000.0,No,No,0,0,0,0,0,0,0,0,0,0,0,0,0,0,0,0,0,0,0,0,0,0,0,0,0,0,0,0,0,0,0,0,73.63,0,0,0,0,0,0,13.997832948091215,0.75
3174,Female,24.0,Karnataka,EWS,No,0.0,Biotechnology,4,7.49,70.13,600000.0,Yes,No,0,0,0,0,0,0,0,0,0,0,0,0,0,0,0,0,1,0,0,0,0,0,0,0,0,0,0,0,0,0,0,0,72.515,1,0,0,0,0,0,13.304686600863562,1.0
3175,Female,25.0,Other,SC,No,0.0,Commerce,4,6.1,55.79,1000000.0,Yes,Yes,0,0,0,0,0,0,0,0,0,0,0,0,0,0,0,0,0,0,0,0,0,0,0,0,0,0,0,0,0,0,0,0,58.394999999999996,1,0,0,0,0,0,13.815511557963774,1.0
3176,Male,19.0,Uttar Pradesh,General,No,0.0,Mechanical,3,10.0,91.89,500000.0,No,No,0,0,0,0,0,0,1,0,1,0,0,0,0,0,0,0,1,1,0,0,0,0,0,0,0,0,0,0,0,0,0,0,95.945,0,1,0,0,0,0,13.122365377402328,0.75
3177,Female,24.0,Maharashtra,General,No,0.0,Commerce,2,5.88,58.06,200000.0,No,No,0,0,0,0,0,0,0,0,0,0,0,0,0,0,0,0,0,0,0,0,0,1,0,0,0,0,0,0,0,0,0,0,58.43,1,0,0,0,0,0,12.206077645517674,0.5
3178,Female,19.0,Andhra Pradesh,SC,Yes,60.0,CSE,3,5.01,46.89,200000.0,Yes,Yes,0,0,0,0,0,0,0,0,0,0,0,0,0,0,0,0,0,0,0,0,0,0,0,0,0,0,0,0,1,0,0,0,48.495,1,0,0,1,1,0,12.206077645517674,0.75
3179,Male,17.0,Karnataka,OBC,No,0.0,CSE,1,10.0,90.37,200000.0,No,Yes,0,1,0,0,1,0,0,1,1,1,0,1,1,1,0,0,1,0,0,0,0,0,0,0,0,0,0,0,0,1,0,1,95.185,1,1,1,0,0,1,12.206077645517674,0.25
3180,Female,19.0,Delhi,OBC,No,0.0,Commerce,1,5.12,45.0,300000.0,Yes,Yes,0,0,0,0,0,0,0,0,0,0,0,0,0,0,0,0,0,0,0,0,0,0,0,0,0,0,0,0,0,0,0,0,48.1,1,0,1,0,0,0,12.611541086966115,0.25
3181,Male,18.0,Madhya Pradesh,OBC,No,0.0,Instrumentation,2,8.58,84.88,300000.0,No,No,0,0,0,0,0,0,1,0,1,0,0,0,0,0,0,0,1,0,0,1,0,0,0,0,0,0,0,0,0,1,0,0,85.34,1,1,0,0,0,1,12.611541086966115,0.5
3182,Male,19.0,Other,ST,No,0.0,Science,1,6.88,67.41,300000.0,No,No,0,0,0,0,0,0,0,0,0,0,0,0,1,0,0,0,0,0,0,0,0,0,0,0,0,0,0,0,0,1,0,1,68.10499999999999,1,0,1,0,0,0,12.611541086966115,0.25
3183,Female,22.0,Tamil Nadu,EWS,No,0.0,Chemical,3,9.17,92.48,350000.0,No,No,0,1,0,0,0,0,1,0,1,0,1,0,0,0,0,0,1,0,0,0,0,0,0,1,0,0,1,0,0,1,1,0,92.09,0,1,0,0,0,0,12.765691290604371,0.75
3184,Female,22.0,Maharashtra,SC,No,0.0,Production,4,7.2,61.5,150000.0,Yes,No,0,0,0,0,1,0,0,0,1,0,0,0,1,1,0,0,0,0,0,1,0,0,0,0,0,0,0,0,0,1,0,0,66.75,1,0,0,0,0,0,11.918397239722838,1.0
3185,Male,21.0,Delhi,SC,No,0.0,Chemical,1,6.51,60.56,500000.0,Yes,No,0,0,0,0,1,0,0,0,1,0,0,0,0,0,0,0,0,0,0,0,0,0,0,0,0,0,0,0,0,0,0,0,62.83,1,0,1,0,0,0,13.122365377402328,0.25
3186,Male,22.0,Gujarat,SC,No,0.0,IT,4,7.19,67.74,800000.0,Yes,Yes,0,0,0,0,0,0,0,0,0,0,0,0,0,0,0,0,0,0,0,0,0,0,0,0,0,0,0,0,0,0,0,0,69.82,1,0,0,0,0,0,13.592368256649284,1.0
3187,Female,22.0,Rajasthan,General,No,0.0,Mechanical,1,8.84,87.8,250000.0,No,No,0,0,0,1,1,0,0,1,1,1,0,0,0,1,1,1,0,0,1,0,1,0,0,0,0,0,0,1,0,1,1,1,88.1,1,1,1,0,0,1,12.429220196836383,0.25
3188,Female,21.0,Madhya Pradesh,OBC,No,0.0,Civil,1,7.29,72.55,1200000.0,Yes,No,0,0,0,0,0,0,0,0,0,0,0,0,0,0,0,0,1,0,0,0,0,0,0,0,0,0,0,0,0,0,0,0,72.725,1,0,1,0,0,0,13.997832948091215,0.25
3189,Female,21.0,Tamil Nadu,OBC,Yes,80.0,Electrical,3,7.93,75.53,80000.0,Yes,No,0,1,0,0,1,0,0,0,0,0,0,0,1,1,0,1,1,1,0,0,1,0,0,1,0,0,0,0,1,1,1,0,77.41499999999999,1,0,0,1,1,0,11.289794413577894,0.75
3190,Male,19.0,Rajasthan,OBC,No,0.0,Chemical,3,8.59,81.82,80000.0,Yes,Yes,0,1,0,0,1,0,1,0,0,0,0,0,1,0,0,1,1,0,0,1,1,0,0,0,0,0,0,0,0,1,0,0,83.86,1,1,0,0,0,1,11.289794413577894,0.75
3191,Female,20.0,Telangana,General,No,0.0,AI_DS,2,9.97,90.4,1200000.0,Yes,Yes,0,0,0,0,0,0,1,0,0,0,1,0,0,0,0,0,1,0,0,0,0,0,1,0,0,0,0,0,0,0,0,0,95.05000000000001,1,1,0,0,0,1,13.997832948091215,0.5
3192,Female,19.0,Madhya Pradesh,ST,No,0.0,IT,1,6.88,64.98,250000.0,No,No,0,0,0,0,0,0,0,0,1,0,0,1,0,1,0,0,0,0,0,1,0,0,0,1,0,0,0,1,0,0,0,0,66.89,1,0,1,0,0,0,12.429220196836383,0.25
3193,Male,19.0,Other,OBC,No,0.0,Biotechnology,3,7.49,80.09,350000.0,Yes,Yes,0,0,0,0,1,0,0,0,0,0,0,0,0,0,0,0,0,0,0,0,0,0,0,0,0,0,0,0,0,1,0,0,77.495,1,0,0,0,0,0,12.765691290604371,0.75
3194,Male,18.0,Karnataka,General,No,0.0,Production,3,7.47,66.7,1200000.0,No,No,0,0,0,0,0,0,0,0,0,0,0,0,0,0,0,0,0,0,0,0,0,0,0,0,0,0,0,0,0,0,0,0,70.7,0,0,0,0,0,0,13.997832948091215,0.75
3195,Male,20.0,Karnataka,EWS,No,0.0,Commerce,2,8.51,83.11,400000.0,No,No,0,0,0,0,0,0,0,0,0,0,0,0,0,0,0,0,1,0,0,0,0,0,0,0,0,0,0,0,0,1,0,0,84.10499999999999,0,1,0,0,0,0,12.899222326086994,0.5
3196,Male,19.0,Tamil Nadu,OBC,No,0.0,Electrical,1,5.17,49.1,1200000.0,Yes,Yes,0,0,0,0,0,0,0,0,0,0,0,0,0,0,0,0,0,0,0,0,0,0,0,0,0,0,0,0,0,0,0,0,50.400000000000006,1,0,1,0,0,0,13.997832948091215,0.25
3197,Male,19.0,Uttar Pradesh,General,No,0.0,Civil,1,5.59,51.11,200000.0,Yes,Yes,0,0,0,0,0,0,0,0,0,0,0,0,0,0,0,0,0,0,0,0,0,0,0,0,0,0,0,0,0,0,0,0,53.504999999999995,1,0,1,0,0,0,12.206077645517674,0.25
3198,Female,21.0,Delhi,General,No,0.0,IT,1,6.42,63.42,600000.0,No,No,0,0,0,0,0,0,0,1,1,0,0,0,0,0,0,0,0,0,0,0,0,0,0,1,0,0,0,0,0,0,0,0,63.81,0,0,1,0,0,0,13.304686600863562,0.25
3199,Female,22.0,Gujarat,OBC,No,0.0,ECE,1,7.64,68.72,500000.0,Yes,Yes,0,0,0,0,1,0,0,0,0,0,0,0,0,0,0,0,0,0,0,0,0,0,0,0,0,0,0,1,0,0,0,0,72.56,1,0,1,0,0,0,13.122365377402328,0.25
3200,Male,20.0,Madhya Pradesh,ST,No,0.0,Civil,1,8.56,71.2,400000.0,Yes,Yes,0,0,0,0,1,0,0,0,1,0,0,0,1,0,0,0,1,0,0,0,0,0,0,0,0,0,0,0,0,1,0,0,78.4,1,0,1,0,0,0,12.899222326086994,0.25
3201,Female,23.0,Tamil Nadu,General,No,0.0,AI_DS,4,7.9,72.61,120000.0,Yes,Yes,0,1,0,0,1,0,0,0,1,0,0,0,1,1,0,0,0,0,0,0,1,0,1,1,0,0,0,0,0,1,1,0,75.805,1,0,0,0,0,0,11.695255355062795,1.0
3202,Male,18.0,Delhi,ST,No,0.0,Biotechnology,1,7.06,68.58,120000.0,Yes,Yes,0,0,0,0,1,0,0,1,0,0,0,0,1,1,0,0,0,0,0,1,1,0,0,0,0,0,0,0,0,1,0,0,69.59,1,0,1,0,0,0,11.695255355062795,0.25
3203,Male,17.0,Karnataka,SC,No,0.0,Instrumentation,3,8.13,81.25,350000.0,Yes,No,0,1,0,0,1,0,0,0,0,0,0,0,1,0,0,0,0,0,0,0,0,0,0,0,0,0,0,0,0,0,0,0,81.275,1,1,0,0,0,1,12.765691290604371,0.75
3204,Male,21.0,Delhi,ST,No,0.0,Pharmacy,1,7.4,71.22,1500000.0,No,No,0,0,0,0,0,0,0,0,0,0,0,0,0,0,0,0,1,0,0,0,0,0,0,0,0,0,0,0,0,0,0,0,72.61,0,0,1,0,0,0,14.220976332738882,0.25
3205,Female,19.0,Madhya Pradesh,ST,No,0.0,AI_DS,4,6.97,66.76,350000.0,Yes,Yes,0,0,0,0,1,0,0,0,0,0,0,0,1,0,0,0,0,0,0,0,0,0,0,0,0,0,0,0,0,1,1,0,68.23,1,0,0,0,0,0,12.765691290604371,1.0
3206,Female,17.0,Karnataka,ST,No,0.0,AI_DS,1,8.03,75.99,800000.0,Yes,No,0,0,0,0,0,0,0,1,0,0,0,0,0,0,0,0,0,0,0,0,0,0,0,0,0,0,0,1,0,0,0,0,78.145,1,1,1,0,0,1,13.592368256649284,0.25
3207,Female,17.0,Maharashtra,EWS,No,0.0,Civil,1,5.34,51.72,350000.0,No,No,0,0,0,0,0,0,0,0,0,0,0,0,0,0,0,0,0,0,0,0,0,1,0,0,0,0,0,0,0,0,0,0,52.56,0,0,1,0,0,0,12.765691290604371,0.25
3208,Male,17.0,Madhya Pradesh,EWS,No,0.0,Medical,4,7.94,73.39,350000.0,Yes,Yes,0,0,0,0,1,0,0,0,0,0,0,0,0,0,0,0,0,0,0,0,0,0,0,0,0,0,0,0,0,0,0,0,76.39500000000001,1,0,0,0,0,0,12.765691290604371,1.0
3209,Male,20.0,Tamil Nadu,General,Yes,40.0,Biotechnology,1,5.96,61.05,1200000.0,Yes,No,0,0,0,0,0,0,0,0,0,0,0,0,0,0,0,0,0,0,0,0,0,0,0,0,0,0,0,0,0,0,0,0,60.325,1,0,1,1,1,0,13.997832948091215,0.25
3210,Male,21.0,Other,General,No,0.0,Civil,2,8.09,76.17,350000.0,Yes,No,0,1,0,0,1,0,0,0,1,0,0,0,1,0,0,0,0,1,0,0,0,0,0,0,0,0,0,0,0,1,0,0,78.535,1,1,0,0,0,1,12.765691290604371,0.5
3211,Male,17.0,Andhra Pradesh,SC,No,0.0,Management,3,6.14,55.86,350000.0,Yes,Yes,0,0,0,0,0,0,0,0,0,0,0,0,0,0,0,0,0,0,0,0,0,0,0,0,0,0,0,0,0,0,0,0,58.629999999999995,1,0,0,0,0,0,12.765691290604371,0.75
3212,Male,24.0,Madhya Pradesh,EWS,No,0.0,Management,2,9.06,86.48,150000.0,No,Yes,0,0,0,0,1,0,0,0,0,0,0,0,0,1,0,0,1,0,0,0,0,0,0,0,0,0,0,0,0,1,0,0,88.54,1,1,0,0,0,1,11.918397239722838,0.5
3213,Female,25.0,Madhya Pradesh,SC,No,0.0,ECE,2,6.84,71.2,600000.0,Yes,No,0,0,0,0,0,0,0,0,0,0,0,0,0,0,0,0,0,0,0,0,0,0,0,0,0,0,0,0,0,0,0,0,69.80000000000001,1,0,0,0,0,0,13.304686600863562,0.5
3214,Male,20.0,Telangana,EWS,No,0.0,Production,4,6.52,66.44,400000.0,Yes,No,0,0,0,0,1,0,0,0,1,0,0,0,1,0,0,0,0,0,0,0,0,0,0,0,0,0,0,0,0,1,0,0,65.82,1,0,0,0,0,0,12.899222326086994,1.0
3215,Male,23.0,Uttar Pradesh,OBC,No,0.0,Production,1,9.12,85.24,80000.0,No,Yes,0,0,0,0,1,0,0,0,1,1,0,0,1,1,0,0,1,0,1,1,0,0,0,0,0,0,0,0,0,1,0,1,88.22,1,1,1,0,0,1,11.289794413577894,0.25
3216,Female,21.0,Tamil Nadu,SC,No,0.0,Commerce,4,6.75,56.27,1200000.0,No,No,0,0,0,0,0,0,0,0,0,0,0,0,0,0,0,0,0,0,0,0,0,0,0,0,0,0,0,0,0,0,0,0,61.885000000000005,0,0,0,0,0,0,13.997832948091215,1.0
3217,Female,21.0,Rajasthan,ST,No,0.0,AI_DS,2,5.72,71.2,80000.0,No,Yes,0,0,0,0,0,0,0,0,1,0,0,0,0,1,0,0,0,0,0,0,0,0,0,1,0,0,0,0,0,0,0,0,64.2,1,0,0,0,0,0,11.289794413577894,0.5
3218,Male,24.0,Madhya Pradesh,SC,No,0.0,Science,4,7.66,71.79,350000.0,Yes,Yes,0,0,0,0,1,0,0,0,0,0,0,0,1,0,0,0,1,0,0,0,0,0,0,0,0,0,0,0,0,1,0,0,74.195,1,0,0,0,0,0,12.765691290604371,1.0
3219,Female,22.0,Delhi,SC,Yes,40.0,ECE,3,5.89,55.11,250000.0,Yes,No,0,0,0,0,0,0,0,0,0,0,0,0,0,1,0,0,0,0,0,0,0,0,0,0,0,0,0,0,1,0,0,0,57.004999999999995,1,0,0,1,1,0,12.429220196836383,0.75
3220,Female,19.0,Delhi,General,No,0.0,Civil,4,8.11,78.63,120000.0,Yes,No,0,1,0,0,1,0,0,0,1,0,0,0,0,1,0,1,0,0,0,1,1,0,0,1,0,0,0,0,0,1,1,0,79.865,1,1,0,0,0,1,11.695255355062795,1.0
3221,Female,18.0,Rajasthan,SC,No,0.0,CSE,2,5.22,49.21,350000.0,Yes,Yes,0,0,0,0,0,0,0,0,0,0,0,0,0,0,0,0,0,0,0,0,0,0,0,0,0,0,0,0,0,0,0,0,50.705,1,0,0,0,0,0,12.765691290604371,0.5
3222,Male,23.0,Maharashtra,SC,No,0.0,CSE,4,5.84,58.19,300000.0,No,Yes,0,0,0,0,0,0,0,0,0,0,0,0,0,0,0,0,0,0,0,0,0,0,0,0,0,0,0,0,0,0,0,0,58.295,1,0,0,0,0,0,12.611541086966115,1.0
3223,Female,25.0,Karnataka,ST,No,0.0,Instrumentation,2,8.44,77.49,400000.0,No,Yes,0,0,0,0,0,0,0,0,1,0,0,0,1,0,0,0,0,0,0,0,0,0,0,1,0,0,0,1,0,1,1,0,80.945,0,1,0,0,0,0,12.899222326086994,0.5
3224,Female,17.0,Karnataka,SC,No,0.0,Instrumentation,3,6.58,61.13,250000.0,No,No,0,0,0,0,1,0,0,0,1,0,0,0,1,1,0,0,0,0,0,0,0,0,0,1,0,0,0,0,0,0,0,0,63.465,1,0,0,0,0,0,12.429220196836383,0.75
3225,Female,23.0,Maharashtra,General,No,0.0,CSE,1,5.0,48.51,120000.0,No,Yes,0,0,0,0,0,0,0,0,0,0,0,0,0,0,0,0,0,0,0,0,0,1,0,0,0,0,0,0,0,0,0,0,49.254999999999995,1,0,1,0,0,0,11.695255355062795,0.25
3226,Male,24.0,Gujarat,OBC,No,0.0,Medical,4,7.17,71.03,250000.0,Yes,Yes,1,0,0,0,1,0,0,0,0,0,0,0,0,0,0,0,0,0,0,1,1,0,0,0,0,0,0,0,0,1,0,0,71.36500000000001,1,0,0,0,0,0,12.429220196836383,1.0
3227,Female,20.0,Andhra Pradesh,General,No,0.0,Pharmacy,1,6.18,56.85,600000.0,No,No,0,0,0,0,0,0,0,0,0,0,0,0,0,0,0,0,0,0,0,0,0,0,0,0,0,0,0,0,0,0,0,0,59.325,0,0,1,0,0,0,13.304686600863562,0.25
3228,Male,20.0,Telangana,General,No,0.0,AI_DS,4,5.69,51.04,800000.0,No,Yes,0,0,0,0,0,0,0,0,0,0,0,0,0,0,0,0,0,0,0,0,0,0,0,0,0,0,0,0,0,0,0,0,53.97,0,0,0,0,0,0,13.592368256649284,1.0
3229,Male,18.0,Karnataka,ST,No,0.0,Instrumentation,1,6.08,60.75,200000.0,No,No,0,0,0,0,0,0,0,1,1,0,0,0,1,0,0,0,0,0,0,0,0,0,0,0,0,0,0,0,0,0,0,0,60.775,1,0,1,0,0,0,12.206077645517674,0.25
3230,Female,20.0,Tamil Nadu,ST,Yes,0.0,Commerce,2,6.66,63.64,1200000.0,No,No,0,0,0,0,0,0,0,0,0,0,0,0,0,0,0,0,0,0,0,0,0,0,0,0,0,0,0,0,0,0,0,0,65.12,0,0,0,1,0,0,13.997832948091215,0.5
3231,Female,18.0,Telangana,OBC,No,0.0,Pharmacy,3,7.04,63.07,250000.0,No,No,0,0,0,0,0,0,0,0,0,0,0,0,0,0,0,0,0,0,0,1,0,0,0,1,0,0,0,0,0,0,0,0,66.735,1,0,0,0,0,0,12.429220196836383,0.75
3232,Female,21.0,Gujarat,General,No,0.0,Management,3,7.3,71.15,1500000.0,No,Yes,0,0,0,0,0,0,0,0,0,0,0,0,0,0,0,0,0,0,0,0,0,0,0,0,0,0,0,0,0,0,0,0,72.075,0,0,0,0,0,0,14.220976332738882,0.75
3233,Female,22.0,Gujarat,EWS,Yes,40.0,ECE,4,6.05,59.9,1000000.0,Yes,No,0,0,0,0,0,0,0,0,0,0,0,0,0,0,0,0,0,0,0,0,0,0,0,0,0,0,0,0,0,0,0,0,60.2,1,0,0,1,1,0,13.815511557963774,1.0
3234,Male,21.0,Telangana,ST,No,0.0,Chemical,3,6.48,60.11,600000.0,Yes,Yes,0,0,0,0,0,0,0,0,0,0,0,0,0,0,0,0,0,0,0,0,0,0,0,0,0,0,0,0,0,0,0,0,62.455000000000005,1,0,0,0,0,0,13.304686600863562,0.75
3235,Female,18.0,Andhra Pradesh,OBC,No,0.0,Mechanical,4,7.49,75.34,250000.0,No,Yes,0,0,0,0,0,0,0,0,1,0,0,0,0,1,0,0,0,0,0,1,0,0,0,1,0,0,0,0,0,0,0,0,75.12,1,0,0,0,0,0,12.429220196836383,1.0
3236,Male,17.0,Rajasthan,General,Yes,70.0,CSE,2,7.55,70.78,800000.0,No,No,0,0,0,0,0,0,0,0,0,0,0,0,0,0,0,0,1,0,0,0,0,0,0,0,0,0,0,0,1,0,0,0,73.14,0,0,0,1,1,0,13.592368256649284,0.5
3237,Female,23.0,Rajasthan,OBC,Yes,50.0,Chemical,3,7.49,65.63,120000.0,No,Yes,0,0,0,0,1,0,0,0,1,0,0,0,1,0,0,0,1,0,0,1,0,0,0,0,0,0,0,0,1,0,1,0,70.265,1,0,0,1,1,0,11.695255355062795,0.75
3238,Male,22.0,Madhya Pradesh,OBC,No,0.0,CSE,2,5.3,52.2,400000.0,Yes,No,0,0,0,0,0,0,0,0,0,0,0,0,0,0,0,0,0,0,0,0,0,0,0,0,0,0,0,0,0,0,0,0,52.6,1,0,0,0,0,0,12.899222326086994,0.5
3239,Female,23.0,Other,ST,No,0.0,CSE,2,8.74,80.3,80000.0,Yes,No,0,1,0,1,1,0,1,0,1,0,0,0,1,1,0,1,1,0,0,1,1,0,1,1,0,1,0,1,0,1,1,0,83.85,1,1,0,0,0,1,11.289794413577894,0.5
3240,Female,23.0,Telangana,ST,No,0.0,Management,1,7.21,69.38,350000.0,Yes,No,0,0,0,0,1,0,0,0,0,0,0,0,1,0,0,0,0,0,0,0,0,0,0,0,0,0,0,0,0,1,1,0,70.74,1,0,1,0,0,0,12.765691290604371,0.25
3241,Male,18.0,Delhi,ST,No,0.0,Instrumentation,1,8.33,73.05,1000000.0,Yes,No,0,0,0,0,0,0,0,0,0,0,0,0,0,0,0,0,0,0,0,0,0,0,0,0,0,0,0,0,0,0,0,0,78.175,1,0,1,0,0,0,13.815511557963774,0.25
3242,Male,18.0,Andhra Pradesh,General,No,0.0,Medical,3,6.44,60.18,250000.0,No,Yes,0,0,0,0,1,0,0,0,0,0,0,0,1,1,0,0,0,0,0,0,0,0,0,0,0,0,0,0,0,0,0,0,62.290000000000006,1,0,0,0,0,0,12.429220196836383,0.75
3243,Male,25.0,Karnataka,General,No,0.0,Science,3,8.34,86.73,1200000.0,No,Yes,0,0,0,0,0,0,0,0,0,0,0,0,0,0,0,0,1,0,0,0,0,0,0,0,0,0,0,0,0,0,0,0,85.065,0,1,0,0,0,0,13.997832948091215,0.75
3244,Female,24.0,Karnataka,EWS,No,0.0,Biotechnology,2,7.23,71.2,200000.0,No,No,0,0,0,0,1,0,0,0,0,0,0,0,1,0,0,0,0,0,0,0,0,0,0,1,0,0,0,0,0,1,1,0,71.75,1,0,0,0,0,0,12.206077645517674,0.5
3245,Female,25.0,Other,ST,No,0.0,IT,4,7.98,79.77,500000.0,Yes,Yes,0,0,0,0,1,0,0,0,1,0,0,0,0,0,0,0,1,0,0,0,0,0,0,1,0,0,0,0,0,0,0,0,79.785,1,0,0,0,0,0,13.122365377402328,1.0
3246,Female,20.0,Maharashtra,SC,No,0.0,Mechanical,1,7.63,69.77,1200000.0,Yes,Yes,0,0,0,0,0,0,0,1,0,0,0,0,0,0,0,0,0,0,0,0,0,0,0,0,0,0,0,0,0,0,0,0,73.035,1,0,1,0,0,0,13.997832948091215,0.25
3247,Male,23.0,Tamil Nadu,EWS,No,0.0,IT,4,8.65,84.17,800000.0,No,No,0,0,0,0,0,0,1,0,0,0,0,0,0,0,0,0,1,0,0,0,0,0,0,0,0,0,0,0,0,0,0,0,85.33500000000001,0,1,0,0,0,0,13.592368256649284,1.0
3248,Male,19.0,Delhi,ST,No,0.0,Civil,2,6.27,60.71,1500000.0,No,No,0,0,0,0,0,0,0,0,0,0,0,0,0,0,0,0,0,0,0,0,0,0,0,0,0,0,0,0,0,0,0,0,61.705,0,0,0,0,0,0,14.220976332738882,0.5
3249,Male,23.0,Telangana,ST,No,0.0,Electrical,1,8.7,86.2,1200000.0,Yes,Yes,0,0,0,0,0,0,0,1,0,0,0,0,0,0,0,0,1,0,0,0,0,0,0,0,0,0,0,0,0,0,0,0,86.6,1,1,1,0,0,1,13.997832948091215,0.25
3250,Male,24.0,Maharashtra,EWS,No,0.0,CSE,4,7.42,69.42,80000.0,Yes,No,0,0,0,0,0,0,0,0,1,0,0,0,1,1,0,0,0,0,0,1,1,1,0,0,0,0,0,0,0,0,0,0,71.81,1,0,0,0,0,0,11.289794413577894,1.0
3251,Male,25.0,Other,EWS,No,0.0,Commerce,4,8.97,81.58,1200000.0,Yes,Yes,0,0,0,0,0,0,0,0,0,0,0,0,0,0,0,0,1,0,0,0,0,0,0,0,0,0,0,0,0,0,0,0,85.64,1,1,0,0,0,1,13.997832948091215,1.0
3252,Male,24.0,Maharashtra,EWS,No,0.0,Production,3,8.03,72.17,500000.0,No,Yes,0,0,0,0,0,0,0,0,1,0,0,0,0,0,0,0,0,0,0,0,0,1,0,0,0,0,0,0,0,0,0,0,76.235,0,0,0,0,0,0,13.122365377402328,0.75
3253,Female,24.0,Telangana,EWS,No,0.0,Commerce,2,8.78,82.64,600000.0,No,No,0,0,0,0,0,0,0,0,0,0,0,0,0,0,0,0,0,0,0,0,0,0,0,0,0,0,0,0,0,0,0,0,85.22,0,1,0,0,0,0,13.304686600863562,0.5
3254,Male,24.0,Telangana,SC,No,0.0,Medical,3,9.02,87.16,400000.0,Yes,No,0,0,0,0,1,0,0,0,0,0,0,0,1,0,0,0,1,0,0,0,0,0,0,0,0,0,0,0,0,1,0,0,88.67999999999999,1,1,0,0,0,1,12.899222326086994,0.75
3255,Female,23.0,Madhya Pradesh,SC,No,0.0,Mechanical,1,6.03,61.56,400000.0,No,No,0,0,0,0,0,0,0,0,1,0,0,0,0,0,0,0,0,0,0,0,0,0,0,0,0,0,0,0,0,0,0,0,60.93000000000001,0,0,1,0,0,0,12.899222326086994,0.25
3256,Female,22.0,Maharashtra,General,No,0.0,Biotechnology,2,7.49,91.57,1200000.0,Yes,Yes,0,0,0,0,0,0,0,0,0,0,0,0,0,0,0,0,0,0,0,0,0,0,0,0,0,0,0,0,0,0,0,0,83.235,1,0,0,0,0,0,13.997832948091215,0.5
3257,Male,21.0,Gujarat,ST,No,0.0,Production,1,6.59,61.69,200000.0,Yes,No,0,0,0,0,1,0,0,1,1,0,0,0,1,1,0,0,0,0,0,0,0,0,0,0,0,0,0,0,0,0,0,0,63.795,1,0,1,0,0,0,12.206077645517674,0.25
3258,Female,22.0,Gujarat,SC,No,0.0,Production,2,7.67,70.75,350000.0,Yes,No,0,1,0,1,1,0,0,0,1,0,0,0,0,0,0,0,1,0,0,0,0,0,0,1,0,1,0,0,0,0,1,0,73.725,1,0,0,0,0,0,12.765691290604371,0.5
3259,Female,17.0,Andhra Pradesh,OBC,No,0.0,Commerce,3,9.53,90.97,150000.0,Yes,No,0,0,0,0,1,0,0,0,0,0,0,0,1,0,0,0,1,0,0,0,1,0,0,1,0,0,0,0,0,1,1,0,93.13499999999999,1,1,0,0,0,1,11.918397239722838,0.75
3260,Female,23.0,Tamil Nadu,SC,No,0.0,Biotechnology,2,5.0,71.2,400000.0,Yes,Yes,0,0,0,0,1,0,0,0,0,0,0,0,0,0,0,0,0,0,0,0,0,0,0,0,0,0,0,0,0,0,0,0,60.6,1,0,0,0,0,0,12.899222326086994,0.5
3261,Female,20.0,Andhra Pradesh,ST,No,0.0,Civil,2,7.08,67.04,150000.0,No,No,0,0,0,0,1,0,0,0,1,0,0,0,1,1,0,0,0,0,0,1,1,0,0,1,0,0,0,0,0,0,1,0,68.92,1,0,0,0,0,0,11.918397239722838,0.5
3262,Male,20.0,Telangana,OBC,No,0.0,Pharmacy,4,7.06,69.49,150000.0,Yes,No,0,0,0,0,0,0,0,0,0,0,0,0,1,1,0,0,0,0,0,1,1,0,0,0,0,0,0,0,0,1,0,0,70.04499999999999,1,0,0,0,0,0,11.918397239722838,1.0
3263,Male,20.0,Tamil Nadu,OBC,No,0.0,Civil,1,8.84,84.83,80000.0,Yes,Yes,0,1,0,0,0,0,0,0,0,1,0,0,1,1,1,1,1,0,1,1,1,0,0,0,0,0,0,0,0,1,0,1,86.61500000000001,1,1,1,0,0,1,11.289794413577894,0.25
3264,Female,17.0,Maharashtra,EWS,No,0.0,Chemical,2,7.09,67.23,800000.0,Yes,No,0,0,0,0,0,0,0,0,0,0,0,0,0,0,0,0,1,0,0,0,0,1,0,0,0,0,0,0,0,0,0,0,69.065,1,0,0,0,0,0,13.592368256649284,0.5
3265,Male,20.0,Tamil Nadu,General,No,0.0,Civil,2,7.52,69.03,1200000.0,Yes,Yes,0,0,0,0,0,0,0,0,0,0,0,0,0,0,0,0,0,1,0,0,0,0,0,0,0,0,0,0,0,0,0,0,72.115,1,0,0,0,0,0,13.997832948091215,0.5
3266,Male,25.0,Telangana,SC,No,0.0,AI_DS,2,8.19,79.19,300000.0,No,Yes,1,0,0,0,0,0,0,0,1,0,0,0,1,0,0,0,1,0,0,0,0,0,0,0,0,0,0,0,0,0,0,0,80.54499999999999,1,1,0,0,0,1,12.611541086966115,0.5
3267,Female,24.0,Maharashtra,ST,No,0.0,Pharmacy,1,9.35,92.59,400000.0,No,No,0,0,0,0,1,0,0,0,0,0,0,0,0,0,0,0,0,0,0,0,0,0,0,1,1,0,0,0,0,0,0,0,93.045,0,1,1,0,0,0,12.899222326086994,0.25
3268,Male,23.0,Telangana,SC,No,0.0,Pharmacy,3,6.68,65.92,250000.0,Yes,No,1,0,0,0,0,0,0,0,0,0,0,0,1,1,0,0,0,0,0,0,0,0,0,0,0,0,0,0,0,1,0,0,66.36,1,0,0,0,0,0,12.429220196836383,0.75
3269,Female,24.0,Other,EWS,No,0.0,Science,2,6.36,62.51,350000.0,No,Yes,0,0,0,0,0,0,0,0,0,0,0,0,1,0,0,0,0,0,0,0,0,0,0,0,0,0,0,0,0,0,0,0,63.055,0,0,0,0,0,0,12.765691290604371,0.5
3270,Female,20.0,Gujarat,ST,No,0.0,Commerce,3,6.88,62.29,600000.0,Yes,No,0,0,0,0,0,0,0,0,0,0,0,0,0,0,0,0,0,0,0,0,0,0,0,0,0,0,0,0,0,0,0,0,65.545,1,0,0,0,0,0,13.304686600863562,0.75
3271,Male,25.0,Delhi,OBC,No,0.0,IT,2,7.84,66.46,600000.0,No,No,0,0,0,0,0,0,0,0,1,0,0,0,0,0,0,0,1,0,0,0,0,0,0,0,0,0,0,0,0,0,0,0,72.43,0,0,0,0,0,0,13.304686600863562,0.5
3272,Male,20.0,Rajasthan,SC,Yes,45.0,ECE,3,5.4,50.77,1200000.0,No,No,0,0,0,0,0,0,0,0,0,0,0,0,0,0,0,0,0,0,0,0,0,0,0,0,0,0,0,0,0,0,0,0,52.385000000000005,0,0,0,1,1,0,13.997832948091215,0.75
3273,Female,18.0,Other,General,No,0.0,CSE,4,7.6,71.09,350000.0,No,No,0,1,0,0,1,0,0,0,1,0,0,0,0,0,0,0,0,0,0,0,0,0,0,1,0,0,0,0,0,0,1,0,73.545,0,0,0,0,0,0,12.765691290604371,1.0
3274,Male,23.0,Other,ST,No,0.0,Chemical,4,5.6,50.75,350000.0,No,Yes,0,0,0,0,0,0,0,0,0,0,0,0,0,0,0,0,0,0,0,0,0,0,0,0,0,0,0,0,0,0,0,0,53.375,0,0,0,0,0,0,12.765691290604371,1.0
3275,Female,25.0,Andhra Pradesh,OBC,No,0.0,Pharmacy,1,7.97,77.46,1000000.0,Yes,Yes,0,0,0,0,0,0,0,0,0,0,0,0,0,0,0,0,1,0,0,0,0,0,0,0,0,0,0,0,0,0,0,1,78.58,1,0,1,0,0,0,13.815511557963774,0.25
3276,Female,19.0,Telangana,OBC,No,0.0,Medical,2,7.48,74.53,150000.0,Yes,No,1,0,0,0,1,0,0,0,0,0,0,0,1,1,0,0,0,0,0,1,1,0,0,1,0,0,0,0,0,1,1,0,74.665,1,0,0,0,0,0,11.918397239722838,0.5
3277,Female,23.0,Karnataka,ST,No,0.0,Commerce,2,7.98,73.57,600000.0,No,No,0,0,0,0,0,0,0,0,0,0,0,0,0,0,0,0,0,0,0,0,0,0,0,0,0,0,0,0,0,0,0,0,76.685,0,0,0,0,0,0,13.304686600863562,0.5
3278,Female,17.0,Karnataka,EWS,No,0.0,Biotechnology,3,7.16,63.81,350000.0,No,No,0,0,0,0,1,0,0,0,0,0,0,0,1,0,0,0,1,0,0,0,0,0,0,1,0,0,0,0,0,0,1,0,67.705,0,0,0,0,0,0,12.765691290604371,0.75
3279,Female,20.0,Rajasthan,ST,No,0.0,Management,2,7.37,73.35,80000.0,Yes,Yes,0,0,0,0,0,0,0,0,0,0,0,0,1,0,0,0,1,0,0,0,1,0,0,1,0,0,0,0,0,0,0,0,73.525,1,0,0,0,0,0,11.289794413577894,0.5
3280,Male,17.0,Other,OBC,No,0.0,Science,2,8.32,83.25,350000.0,No,Yes,0,0,0,0,0,0,0,0,0,0,0,0,1,0,0,0,0,0,0,0,0,0,0,0,0,0,0,0,0,1,0,0,83.225,0,1,0,0,0,0,12.765691290604371,0.5
3281,Male,22.0,Andhra Pradesh,ST,No,0.0,Mechanical,2,7.14,71.87,1000000.0,Yes,No,0,0,0,0,0,0,0,0,0,0,0,0,0,0,0,0,0,0,0,0,0,0,0,0,0,0,0,0,0,0,0,0,71.63499999999999,1,0,0,0,0,0,13.815511557963774,0.5
3282,Female,21.0,Uttar Pradesh,OBC,No,0.0,AI_DS,4,7.27,73.48,800000.0,No,Yes,0,0,0,0,0,0,0,0,0,0,0,0,0,0,0,0,1,0,0,0,0,0,0,0,0,0,0,0,0,0,0,0,73.09,0,0,0,0,0,0,13.592368256649284,1.0
3283,Male,18.0,Maharashtra,EWS,Yes,70.0,Commerce,4,7.47,73.09,1000000.0,Yes,No,0,0,0,0,0,0,0,0,0,0,0,0,0,0,0,0,0,0,0,0,0,0,0,0,0,0,0,0,0,0,0,0,73.89500000000001,1,0,0,1,1,0,13.815511557963774,1.0
3284,Male,19.0,Andhra Pradesh,SC,No,0.0,Science,2,9.27,87.48,800000.0,No,No,0,0,0,0,0,0,0,0,0,0,0,0,0,0,0,0,0,0,0,0,0,0,0,0,0,0,0,0,0,0,0,0,90.09,0,1,0,0,0,0,13.592368256649284,0.5
3285,Female,21.0,Rajasthan,ST,No,0.0,IT,1,7.76,77.59,600000.0,Yes,No,0,0,0,0,0,1,0,1,1,0,0,0,0,0,0,0,0,0,0,0,0,0,0,0,0,0,0,1,0,0,0,1,77.595,1,0,1,0,0,0,13.304686600863562,0.25
3286,Male,23.0,Telangana,SC,No,0.0,ECE,1,7.34,65.77,250000.0,No,No,0,0,0,0,1,0,0,1,0,0,0,0,1,0,0,0,0,0,0,0,0,0,0,0,0,0,0,0,0,0,0,1,69.58500000000001,1,0,1,0,0,0,12.429220196836383,0.25
3287,Male,21.0,Andhra Pradesh,ST,No,0.0,Chemical,3,10.0,93.59,400000.0,Yes,Yes,0,0,0,0,0,0,1,0,1,0,0,0,0,0,0,0,0,0,0,0,0,0,0,0,0,0,0,0,0,1,0,0,96.795,1,1,0,0,0,1,12.899222326086994,0.75
3288,Female,25.0,Maharashtra,SC,No,0.0,CSE,3,7.69,76.52,350000.0,No,No,0,0,0,0,0,0,0,0,1,0,0,0,1,0,0,0,0,0,0,0,0,0,0,0,0,0,0,0,0,0,0,0,76.71000000000001,0,0,0,0,0,0,12.765691290604371,0.75
3289,Male,25.0,Karnataka,ST,No,0.0,Chemical,4,6.77,61.29,400000.0,Yes,Yes,0,0,0,0,0,0,0,0,0,0,0,0,1,0,0,0,0,0,0,0,0,0,0,0,0,0,0,0,0,0,0,0,64.49499999999999,1,0,0,0,0,0,12.899222326086994,1.0
3290,Female,21.0,Karnataka,SC,No,0.0,Medical,3,7.8,68.72,600000.0,Yes,Yes,0,0,0,0,0,0,0,0,0,0,0,0,0,0,0,0,0,0,0,0,0,0,0,1,0,0,0,0,0,0,0,0,73.36,1,0,0,0,0,0,13.304686600863562,0.75
3291,Female,19.0,Madhya Pradesh,General,No,0.0,IT,4,7.15,68.66,250000.0,No,Yes,0,0,0,0,1,0,0,0,1,0,0,0,1,0,0,0,1,0,0,1,0,0,0,1,0,0,0,0,0,0,1,0,70.08,1,0,0,0,0,0,12.429220196836383,1.0
3292,Female,20.0,Telangana,OBC,No,0.0,Medical,3,7.18,63.58,150000.0,Yes,Yes,1,0,0,0,0,0,0,0,0,0,0,0,1,0,0,0,0,0,0,0,0,0,0,0,0,0,0,0,0,1,1,0,67.69,1,0,0,0,0,0,11.918397239722838,0.75
3293,Male,22.0,Andhra Pradesh,General,No,0.0,Science,1,9.41,89.71,80000.0,Yes,Yes,0,0,0,0,1,0,0,1,0,0,0,0,0,1,0,0,0,0,1,1,1,0,0,0,0,0,0,0,0,1,0,0,91.905,1,1,1,0,0,1,11.289794413577894,0.25
3294,Female,21.0,Andhra Pradesh,EWS,No,0.0,Commerce,1,9.22,86.81,250000.0,Yes,Yes,0,0,0,0,1,0,0,1,0,0,0,0,1,1,0,0,1,0,1,0,1,0,0,1,0,0,0,0,0,1,1,1,89.505,1,1,1,0,0,1,12.429220196836383,0.25
3295,Female,23.0,Telangana,ST,No,0.0,Commerce,1,6.44,61.99,800000.0,Yes,No,0,0,0,0,0,0,0,0,0,0,0,0,0,0,0,0,0,0,0,0,0,0,0,0,0,0,0,0,0,0,0,0,63.19500000000001,1,0,1,0,0,0,13.592368256649284,0.25
3296,Male,19.0,Gujarat,General,No,0.0,IT,2,7.24,65.25,350000.0,No,No,0,0,0,0,1,0,0,0,0,0,0,0,1,0,0,0,0,0,0,0,0,0,0,0,0,0,0,0,0,1,0,0,68.825,0,0,0,0,0,0,12.765691290604371,0.5
3297,Female,25.0,Andhra Pradesh,EWS,No,0.0,AI_DS,1,9.26,86.1,80000.0,No,No,0,0,0,1,0,1,0,1,1,1,0,0,1,1,1,0,1,0,0,1,1,0,0,1,1,1,0,1,0,1,1,1,89.35,1,1,1,0,0,1,11.289794413577894,0.25
3298,Female,25.0,Uttar Pradesh,OBC,No,0.0,Pharmacy,2,5.29,54.24,1500000.0,No,No,0,0,0,0,0,0,0,0,0,0,0,0,0,0,0,0,0,0,0,0,0,0,0,0,0,0,0,0,0,0,0,0,53.57,0,0,0,0,0,0,14.220976332738882,0.5
3299,Male,18.0,Karnataka,EWS,No,0.0,CSE,1,6.89,63.63,150000.0,No,No,0,0,0,0,0,0,0,1,1,0,0,0,1,1,0,0,0,0,0,1,0,0,0,0,0,0,0,0,0,0,0,0,66.265,1,0,1,0,0,0,11.918397239722838,0.25
3300,Male,25.0,Maharashtra,General,No,0.0,CSE,1,5.38,56.33,150000.0,No,No,0,0,0,0,0,0,0,0,0,0,0,0,0,1,0,0,0,0,0,0,0,1,0,0,0,0,0,0,0,0,0,0,55.065,1,0,1,0,0,0,11.918397239722838,0.25
3301,Female,18.0,Delhi,General,No,0.0,IT,4,5.95,56.7,1000000.0,Yes,No,0,0,0,0,0,0,0,0,0,0,0,0,0,0,0,0,0,0,0,0,0,0,0,0,0,0,0,0,0,0,0,0,58.1,1,0,0,0,0,0,13.815511557963774,1.0
3302,Male,20.0,Andhra Pradesh,SC,Yes,50.0,Biotechnology,1,7.49,82.97,600000.0,Yes,Yes,0,0,0,0,0,0,0,1,0,0,0,0,0,0,0,0,1,0,0,0,0,0,0,0,0,0,0,0,0,0,0,0,78.935,1,0,1,1,1,0,13.304686600863562,0.25
3303,Female,25.0,Tamil Nadu,General,No,0.0,CSE,1,7.43,65.48,350000.0,Yes,Yes,0,0,0,0,0,0,0,0,0,0,0,0,1,0,0,0,0,0,0,0,0,0,0,0,0,0,0,0,0,0,1,0,69.89,1,0,1,0,0,0,12.765691290604371,0.25
3304,Female,21.0,Uttar Pradesh,OBC,No,0.0,Pharmacy,1,6.53,62.6,400000.0,Yes,No,0,0,0,0,0,0,0,0,0,0,0,0,1,0,0,0,0,0,0,0,0,0,0,1,0,0,0,0,0,0,0,0,63.95,1,0,1,0,0,0,12.899222326086994,0.25
3305,Male,19.0,Uttar Pradesh,OBC,No,0.0,Electrical,1,6.56,62.93,1200000.0,Yes,No,0,0,0,0,0,0,0,0,0,0,0,0,0,0,0,0,0,0,0,0,0,0,0,0,0,0,0,0,0,0,0,0,64.265,1,0,1,0,0,0,13.997832948091215,0.25
3306,Female,19.0,Gujarat,General,No,0.0,Instrumentation,1,8.32,81.93,800000.0,Yes,Yes,0,0,0,0,0,0,0,1,0,0,0,0,0,0,0,0,0,0,0,0,0,0,0,0,0,0,0,1,0,0,0,0,82.565,1,1,1,0,0,1,13.592368256649284,0.25
3307,Female,18.0,Tamil Nadu,ST,No,0.0,Pharmacy,4,6.03,63.87,150000.0,No,No,0,0,0,0,1,0,0,0,0,0,0,0,1,1,0,0,0,0,0,0,0,0,0,1,0,0,0,0,0,0,0,0,62.085,1,0,0,0,0,0,11.918397239722838,1.0
3308,Male,23.0,Andhra Pradesh,General,No,0.0,Mechanical,4,8.42,79.98,1200000.0,Yes,Yes,0,0,0,0,0,0,0,0,0,0,0,0,0,0,0,0,1,0,0,0,0,0,0,0,0,0,0,0,0,0,0,0,82.09,1,1,0,0,0,1,13.997832948091215,1.0
3309,Male,17.0,Andhra Pradesh,EWS,No,0.0,Pharmacy,1,8.81,90.79,350000.0,No,No,0,0,0,0,0,0,0,0,0,0,0,0,1,0,0,0,0,0,0,0,0,0,0,0,0,0,0,0,0,1,0,1,89.44500000000001,0,1,1,0,0,0,12.765691290604371,0.25
3310,Male,19.0,Rajasthan,General,No,0.0,IT,1,5.77,54.14,500000.0,Yes,Yes,0,0,0,0,0,0,0,0,0,0,0,0,0,0,0,0,0,0,0,0,0,0,0,0,0,0,0,0,0,0,0,0,55.92,1,0,1,0,0,0,13.122365377402328,0.25
3311,Male,20.0,Other,EWS,No,0.0,Production,2,7.49,48.08,80000.0,Yes,No,0,0,0,0,0,0,0,0,1,0,0,0,0,0,0,0,0,0,0,0,0,0,0,0,0,0,0,0,0,0,0,0,61.49,1,0,0,0,0,0,11.289794413577894,0.5
3312,Female,25.0,Tamil Nadu,EWS,No,0.0,Electrical,1,7.94,75.31,350000.0,Yes,Yes,0,0,0,1,1,0,0,0,1,0,0,0,1,0,0,0,0,0,0,0,0,0,0,1,0,0,0,0,0,1,1,0,77.355,1,0,1,0,0,0,12.765691290604371,0.25
3313,Male,21.0,Other,SC,No,0.0,ECE,1,6.71,57.6,600000.0,No,Yes,0,0,0,0,0,0,0,0,0,0,0,0,0,0,0,0,0,0,0,0,0,0,0,0,0,0,0,0,0,0,0,0,62.349999999999994,0,0,1,0,0,0,13.304686600863562,0.25
3314,Female,12.0,Maharashtra,SC,No,0.0,Pharmacy,2,7.49,79.89,120000.0,Yes,Yes,1,0,0,0,1,0,0,0,0,0,0,0,0,1,0,0,0,0,0,0,1,0,0,0,0,0,0,0,0,0,0,0,77.39500000000001,1,0,0,0,0,0,11.695255355062795,0.5
3315,Male,20.0,Andhra Pradesh,General,No,0.0,Medical,3,6.79,65.83,1200000.0,Yes,Yes,0,0,0,0,0,0,0,0,0,0,0,0,0,0,0,0,0,0,0,0,0,0,0,0,0,0,0,0,0,0,0,0,66.86500000000001,1,0,0,0,0,0,13.997832948091215,0.75
3316,Female,21.0,Andhra Pradesh,General,No,0.0,AI_DS,4,5.62,54.76,120000.0,No,Yes,0,0,0,0,0,0,0,0,0,0,0,0,0,0,0,0,0,0,0,0,0,0,0,0,0,0,0,0,0,0,0,0,55.480000000000004,1,0,0,0,0,0,11.695255355062795,1.0
3317,Male,21.0,Andhra Pradesh,EWS,No,0.0,Instrumentation,3,7.03,64.5,80000.0,No,Yes,0,0,0,0,1,0,0,0,1,0,0,0,1,0,0,0,0,0,0,1,0,0,0,0,0,0,0,0,0,0,0,0,67.4,1,0,0,0,0,0,11.289794413577894,0.75
3318,Female,25.0,Maharashtra,ST,No,0.0,Science,3,6.59,61.42,300000.0,No,No,1,0,0,0,0,0,0,0,0,0,0,0,0,0,0,0,0,0,0,0,0,0,0,1,0,0,0,0,0,0,0,0,63.660000000000004,1,0,0,0,0,0,12.611541086966115,0.75
3319,Male,25.0,Madhya Pradesh,EWS,No,0.0,Management,3,7.96,71.68,150000.0,No,Yes,0,0,0,0,1,0,0,0,0,0,0,0,1,0,0,0,0,0,0,0,1,0,0,0,0,0,0,0,0,1,0,0,75.64,1,0,0,0,0,0,11.918397239722838,0.75
3320,Female,19.0,Other,EWS,No,0.0,Chemical,3,7.02,66.57,400000.0,No,No,0,0,0,0,1,0,0,0,0,0,0,0,0,0,0,0,0,0,0,0,0,0,0,0,0,0,0,0,0,0,0,0,68.38499999999999,0,0,0,0,0,0,12.899222326086994,0.75
3321,Male,22.0,Karnataka,EWS,No,0.0,Medical,4,6.18,64.1,600000.0,Yes,No,0,0,0,0,0,0,0,0,0,0,0,0,0,0,0,0,0,0,0,0,0,0,0,0,0,0,0,0,0,0,0,0,62.949999999999996,1,0,0,0,0,0,13.304686600863562,1.0
3322,Male,17.0,Rajasthan,ST,No,0.0,Chemical,4,6.48,59.55,350000.0,No,Yes,0,0,0,0,0,0,0,0,0,0,0,0,0,0,0,0,0,0,0,0,0,0,0,0,0,0,0,0,0,0,0,0,62.175000000000004,0,0,0,0,0,0,12.765691290604371,1.0
3323,Female,21.0,Other,ST,No,0.0,Biotechnology,1,6.33,65.53,150000.0,No,Yes,0,0,0,0,1,0,0,1,0,0,0,0,1,1,0,0,0,0,0,0,0,0,0,1,0,0,0,0,0,0,0,1,64.41499999999999,1,0,1,0,0,0,11.918397239722838,0.25
3324,Female,23.0,Rajasthan,General,No,0.0,Medical,2,8.16,74.71,1200000.0,No,No,0,0,0,0,0,0,0,0,0,0,0,0,0,0,0,0,0,0,0,0,0,0,0,0,0,0,0,0,0,0,0,0,78.155,0,0,0,0,0,0,13.997832948091215,0.5
3325,Male,20.0,Telangana,EWS,No,0.0,Instrumentation,4,8.83,84.49,500000.0,No,No,0,0,0,0,1,0,1,0,1,0,0,0,0,0,0,0,1,0,0,0,0,0,0,0,0,0,0,0,0,0,0,0,86.395,0,1,0,0,0,0,13.122365377402328,1.0
3326,Male,18.0,Andhra Pradesh,SC,No,0.0,Management,4,7.81,73.16,1500000.0,No,Yes,0,0,0,0,0,0,0,0,0,0,0,0,0,0,0,0,0,0,0,0,0,0,0,0,0,0,0,0,0,0,0,0,75.63,0,0,0,0,0,0,14.220976332738882,1.0
3327,Male,18.0,Madhya Pradesh,ST,No,0.0,Civil,1,6.6,63.71,1000000.0,Yes,No,0,0,0,0,0,0,0,0,0,0,0,0,0,0,0,0,0,0,0,0,0,0,0,0,0,0,0,0,0,0,0,0,64.855,1,0,1,0,0,0,13.815511557963774,0.25
3328,Male,21.0,Gujarat,OBC,No,0.0,Biotechnology,4,6.85,70.53,1500000.0,Yes,Yes,0,0,0,0,0,0,0,0,0,0,0,0,0,0,0,0,1,0,0,0,0,0,0,0,0,0,0,0,0,0,0,0,69.515,1,0,0,0,0,0,14.220976332738882,1.0
3329,Female,25.0,Uttar Pradesh,SC,No,0.0,AI_DS,4,7.49,61.42,150000.0,Yes,No,0,0,0,0,0,0,0,0,1,0,0,0,1,1,0,0,0,0,0,0,0,0,0,1,0,0,0,0,0,1,1,0,68.16,1,0,0,0,0,0,11.918397239722838,1.0
3330,Male,22.0,Gujarat,General,No,0.0,Production,3,7.37,70.91,200000.0,Yes,Yes,1,1,0,0,0,0,0,0,0,0,0,0,1,1,0,0,0,0,0,0,1,0,0,0,0,0,0,0,0,1,0,0,72.305,1,0,0,0,0,0,12.206077645517674,0.75
3331,Male,25.0,Telangana,SC,No,0.0,CSE,3,8.5,78.86,600000.0,Yes,No,0,0,0,0,0,0,1,0,1,0,0,0,0,0,0,0,1,0,0,0,0,0,0,0,0,0,0,0,0,0,0,0,81.93,1,1,0,0,0,1,13.304686600863562,0.75
3332,Male,20.0,Gujarat,OBC,No,0.0,ECE,1,8.54,73.01,600000.0,Yes,Yes,0,0,0,0,0,0,0,1,1,0,0,0,0,0,0,0,0,0,0,0,0,0,0,0,0,0,0,0,0,0,0,1,79.205,1,0,1,0,0,0,13.304686600863562,0.25
3333,Female,21.0,Karnataka,General,No,0.0,Instrumentation,1,6.64,60.31,350000.0,Yes,No,0,0,0,0,0,0,0,1,0,0,0,0,1,0,0,0,0,0,0,0,0,0,0,1,0,0,0,0,0,0,0,0,63.355,1,0,1,0,0,0,12.765691290604371,0.25
3334,Male,21.0,Karnataka,ST,No,0.0,Management,2,6.0,56.36,1000000.0,No,Yes,0,0,0,0,0,0,0,0,0,0,0,0,0,0,0,0,0,0,0,0,0,0,0,0,0,0,0,0,0,0,0,0,58.18,0,0,0,0,0,0,13.815511557963774,0.5
3335,Male,18.0,Rajasthan,ST,No,0.0,CSE,2,7.96,77.73,120000.0,Yes,No,0,1,0,0,1,0,0,0,1,0,0,0,1,1,0,1,1,0,0,1,1,0,0,0,0,0,0,0,0,0,0,0,78.66499999999999,1,0,0,0,0,0,11.695255355062795,0.5
3336,Male,25.0,Rajasthan,General,No,0.0,Medical,2,7.79,71.2,1500000.0,No,Yes,0,0,0,0,0,0,0,0,0,0,0,0,0,0,0,0,0,0,0,0,0,0,0,0,0,0,0,0,0,0,0,0,74.55000000000001,0,0,0,0,0,0,14.220976332738882,0.5
3337,Female,22.0,Tamil Nadu,EWS,No,0.0,Commerce,2,7.94,75.8,800000.0,No,No,0,0,0,0,0,0,0,0,0,0,0,0,0,0,0,0,0,0,0,0,0,0,0,0,0,0,0,0,0,0,0,0,77.6,0,0,0,0,0,0,13.592368256649284,0.5
3338,Female,24.0,Telangana,SC,No,0.0,Commerce,2,8.62,84.22,1200000.0,No,Yes,0,0,0,0,0,0,0,0,0,0,0,0,0,0,0,0,1,0,0,0,0,0,0,0,0,0,0,0,0,0,0,0,85.21,0,1,0,0,0,0,13.997832948091215,0.5
3339,Male,24.0,Other,General,No,0.0,Chemical,2,7.54,68.94,150000.0,No,Yes,0,0,0,0,1,0,0,0,1,0,0,0,1,1,0,0,0,0,0,0,1,0,0,0,0,0,0,0,0,1,0,0,72.17,1,0,0,0,0,0,11.918397239722838,0.5
3340,Female,18.0,Rajasthan,ST,No,0.0,Mechanical,1,6.72,62.19,300000.0,Yes,Yes,0,0,0,0,0,0,0,0,1,0,0,0,1,0,0,0,0,0,0,0,0,0,0,1,0,0,0,1,0,0,0,0,64.695,1,0,1,0,0,0,12.611541086966115,0.25
3341,Female,22.0,Madhya Pradesh,General,No,0.0,Mechanical,4,7.12,68.44,150000.0,Yes,No,0,0,0,0,1,0,0,0,1,0,0,0,1,1,0,0,0,0,0,1,1,0,0,1,0,0,0,0,0,1,1,0,69.82,1,0,0,0,0,0,11.918397239722838,1.0
3342,Female,23.0,Tamil Nadu,ST,No,0.0,Medical,1,8.36,79.27,500000.0,Yes,No,0,0,0,0,1,0,0,0,0,0,0,0,0,0,0,0,0,0,0,0,0,0,0,1,0,0,0,0,0,0,0,0,81.435,1,1,1,0,0,1,13.122365377402328,0.25
3343,Female,22.0,Delhi,ST,No,0.0,Electrical,1,7.52,71.87,800000.0,No,No,0,0,0,0,0,0,0,0,0,0,0,0,0,0,0,0,0,0,0,0,0,0,0,0,0,0,0,0,0,0,0,0,73.535,0,0,1,0,0,0,13.592368256649284,0.25
3344,Male,18.0,Other,OBC,No,0.0,Medical,3,6.88,62.58,600000.0,Yes,Yes,0,0,0,0,0,0,0,0,0,0,0,0,0,0,0,0,0,0,0,0,0,0,0,0,0,0,0,0,0,0,0,0,65.69,1,0,0,0,0,0,13.304686600863562,0.75
3345,Female,19.0,Andhra Pradesh,OBC,No,0.0,IT,4,5.39,49.12,1500000.0,No,Yes,0,0,0,0,0,0,0,0,0,0,0,0,0,0,0,0,0,0,0,0,0,0,0,0,0,0,0,0,0,0,0,0,51.51,0,0,0,0,0,0,14.220976332738882,1.0
3346,Female,21.0,Karnataka,General,No,0.0,ECE,1,8.07,74.56,1200000.0,No,Yes,0,0,0,0,0,0,0,0,0,0,0,0,0,0,0,0,0,0,0,0,0,0,0,0,0,0,0,0,0,0,0,0,77.63,0,0,1,0,0,0,13.997832948091215,0.25
3347,Female,21.0,Madhya Pradesh,OBC,No,0.0,Medical,3,7.21,69.89,300000.0,No,No,0,0,0,0,1,0,0,0,0,0,0,0,0,0,0,0,0,0,0,0,0,0,0,0,0,0,0,0,0,0,0,0,70.995,1,0,0,0,0,0,12.611541086966115,0.75
3348,Female,20.0,Karnataka,General,No,0.0,Management,1,8.12,73.9,1200000.0,Yes,No,0,0,0,0,0,0,0,1,0,0,0,0,0,0,0,0,0,0,0,0,0,0,0,0,0,0,0,0,0,0,0,0,77.55,1,0,1,0,0,0,13.997832948091215,0.25
3349,Male,20.0,Karnataka,SC,No,0.0,Science,2,8.7,86.03,600000.0,No,No,0,0,0,0,0,0,0,0,0,0,0,0,0,0,0,0,1,0,0,0,0,0,0,0,0,0,0,0,0,0,0,0,86.515,0,1,0,0,0,0,13.304686600863562,0.5
3350,Male,18.0,Maharashtra,General,No,0.0,Chemical,2,6.14,55.86,250000.0,No,No,0,0,0,0,0,0,0,0,0,0,0,0,0,1,0,0,0,0,0,0,0,1,0,0,0,0,0,0,0,0,0,0,58.629999999999995,1,0,0,0,0,0,12.429220196836383,0.5
3351,Female,25.0,Madhya Pradesh,EWS,No,0.0,AI_DS,1,8.93,84.39,1500000.0,No,No,0,0,0,0,0,0,0,1,0,0,0,0,0,0,0,0,1,0,0,0,0,0,0,0,0,0,0,0,0,0,0,0,86.845,0,1,1,0,0,0,14.220976332738882,0.25
3352,Male,19.0,Rajasthan,SC,No,0.0,Electrical,4,5.0,45.0,600000.0,No,Yes,0,0,0,0,0,0,0,0,0,0,0,0,0,0,0,0,0,0,0,0,0,0,0,0,0,0,0,0,0,0,0,0,47.5,0,0,0,0,0,0,13.304686600863562,1.0
3353,Female,23.0,Karnataka,EWS,No,0.0,Chemical,1,7.2,64.91,200000.0,Yes,Yes,0,0,0,0,1,0,0,1,1,0,0,0,1,1,0,0,0,0,0,0,0,0,0,1,0,0,0,1,0,1,1,0,68.455,1,0,1,0,0,0,12.206077645517674,0.25
3354,Male,19.0,Gujarat,OBC,No,0.0,Biotechnology,3,7.0,66.6,500000.0,Yes,No,0,0,0,0,1,0,0,0,0,0,0,0,0,0,0,0,1,0,0,0,0,0,0,0,0,0,0,0,0,0,0,0,68.3,1,0,0,0,0,0,13.122365377402328,0.75
3355,Male,21.0,Tamil Nadu,OBC,No,0.0,Chemical,2,9.25,87.0,1200000.0,No,No,0,0,0,0,0,0,0,0,0,0,0,0,0,0,0,0,1,0,0,0,0,0,0,0,0,0,0,0,0,0,0,0,89.75,0,1,0,0,0,0,13.997832948091215,0.5
3356,Female,24.0,Tamil Nadu,ST,No,0.0,Science,1,8.79,87.79,200000.0,No,No,0,0,0,0,1,0,0,1,0,0,0,0,1,1,0,0,1,0,1,0,0,0,0,1,1,0,0,0,0,1,1,1,87.845,1,1,1,0,0,1,12.206077645517674,0.25
3357,Female,22.0,Andhra Pradesh,General,Yes,60.0,Medical,2,9.22,71.2,150000.0,Yes,Yes,0,0,0,0,1,0,0,0,0,0,0,0,1,1,0,0,1,0,0,1,1,0,0,1,0,0,0,0,0,1,0,0,81.7,1,0,0,1,1,0,11.918397239722838,0.5
3358,Male,25.0,Gujarat,General,No,0.0,Civil,4,5.14,50.21,1500000.0,Yes,No,0,0,0,0,0,0,0,0,0,0,0,0,0,0,0,0,0,0,0,0,0,0,0,0,0,0,0,0,0,0,0,0,50.805,1,0,0,0,0,0,14.220976332738882,1.0
3359,Female,24.0,Gujarat,ST,No,0.0,Civil,2,8.76,82.98,200000.0,Yes,No,0,1,0,1,1,0,1,0,1,0,0,0,1,1,0,1,1,0,0,1,1,0,0,1,0,1,0,1,0,1,0,0,85.28999999999999,1,1,0,0,0,1,12.206077645517674,0.5
3360,Female,23.0,Uttar Pradesh,OBC,No,0.0,IT,4,9.59,93.68,350000.0,No,Yes,0,1,0,0,1,0,0,0,1,0,1,0,0,0,0,0,1,0,0,0,0,0,1,1,0,0,1,0,0,1,1,0,94.79,0,1,0,0,0,0,12.765691290604371,1.0
3361,Female,25.0,Madhya Pradesh,OBC,No,0.0,Civil,3,8.18,80.97,350000.0,No,Yes,0,0,0,0,0,0,0,0,1,0,0,0,1,0,0,0,1,0,0,0,0,0,0,1,0,0,1,0,0,1,1,0,81.38499999999999,0,1,0,0,0,0,12.765691290604371,0.75
3362,Female,25.0,Telangana,EWS,No,0.0,AI_DS,1,7.9,67.57,500000.0,No,No,0,0,0,0,1,0,0,0,1,0,0,0,0,0,0,0,1,0,0,0,0,0,0,0,0,0,0,0,0,0,0,0,73.285,0,0,1,0,0,0,13.122365377402328,0.25
3363,Female,18.0,Gujarat,SC,No,0.0,CSE,4,6.9,69.14,1000000.0,Yes,No,0,0,0,0,0,0,0,0,0,0,0,0,0,0,0,0,0,0,0,0,0,0,0,0,0,0,0,0,0,0,0,0,69.07,1,0,0,0,0,0,13.815511557963774,1.0
3364,Male,24.0,Maharashtra,SC,No,0.0,Production,4,6.53,61.36,250000.0,Yes,Yes,0,0,0,0,1,0,0,0,1,0,0,0,1,0,0,0,0,0,0,0,0,0,0,0,0,0,0,0,0,0,0,0,63.33,1,0,0,0,0,0,12.429220196836383,1.0
3365,Female,22.0,Uttar Pradesh,SC,No,0.0,CSE,3,6.25,64.73,150000.0,Yes,Yes,0,0,0,0,0,0,0,0,1,0,0,0,1,1,0,0,0,0,0,0,0,0,0,1,0,0,0,0,0,0,0,0,63.615,1,0,0,0,0,0,11.918397239722838,0.75
3366,Female,20.0,Maharashtra,OBC,No,0.0,Commerce,2,9.52,87.79,1000000.0,No,No,0,0,0,0,0,0,0,0,0,0,0,0,0,0,0,0,1,0,0,0,0,0,0,0,0,0,0,0,0,0,0,0,91.495,0,1,0,0,0,0,13.815511557963774,0.5
3367,Female,19.0,Tamil Nadu,ST,No,0.0,Management,4,7.68,70.92,400000.0,No,Yes,0,0,0,0,1,0,0,0,0,0,0,0,1,0,0,0,1,0,0,0,0,0,0,0,0,0,0,0,0,0,0,0,73.86,0,0,0,0,0,0,12.899222326086994,1.0
3368,Female,25.0,Andhra Pradesh,General,No,0.0,Chemical,1,8.24,79.81,400000.0,No,Yes,0,0,0,1,1,0,0,1,1,0,0,0,0,0,0,0,0,0,0,0,0,0,0,1,0,1,0,1,0,1,0,0,81.105,0,1,1,0,0,0,12.899222326086994,0.25
3369,Female,20.0,Delhi,General,No,0.0,Chemical,2,8.47,81.46,350000.0,No,Yes,0,1,0,1,0,0,1,0,1,0,0,0,0,0,0,0,0,0,0,0,0,0,0,1,0,1,0,1,0,1,1,0,83.08,0,1,0,0,0,0,12.765691290604371,0.5
3370,Male,20.0,Uttar Pradesh,EWS,Yes,90.0,Management,4,10.0,91.92,350000.0,No,Yes,0,0,0,0,0,0,0,0,0,0,0,0,1,0,0,0,0,0,0,0,0,0,0,0,0,0,0,0,0,0,0,0,95.96000000000001,0,1,0,1,1,0,12.765691290604371,1.0
3371,Male,18.0,Rajasthan,General,No,0.0,ECE,3,5.45,50.6,250000.0,Yes,No,0,0,0,0,0,0,0,0,0,0,0,0,0,0,0,0,0,0,0,0,0,0,0,0,0,0,0,0,0,0,0,0,52.55,1,0,0,0,0,0,12.429220196836383,0.75
3372,Female,19.0,Karnataka,ST,No,0.0,Management,2,5.62,48.91,350000.0,Yes,No,0,0,0,0,0,0,0,0,0,0,0,0,0,0,0,0,0,0,0,0,0,0,0,0,0,0,0,0,0,0,0,0,52.555,1,0,0,0,0,0,12.765691290604371,0.5
3373,Male,18.0,Maharashtra,EWS,No,0.0,ECE,4,6.3,57.08,1200000.0,No,No,0,0,0,0,0,0,0,0,0,0,0,0,0,0,0,0,0,0,0,0,0,0,0,0,0,0,0,0,0,0,0,0,60.04,0,0,0,0,0,0,13.997832948091215,1.0
3374,Male,21.0,Other,EWS,No,0.0,AI_DS,3,6.35,71.2,400000.0,Yes,Yes,0,0,0,0,1,0,0,0,1,0,0,0,1,0,0,0,0,0,0,0,0,0,0,0,0,0,0,0,0,0,0,0,67.35,1,0,0,0,0,0,12.899222326086994,0.75
3375,Female,24.0,Uttar Pradesh,EWS,No,0.0,Production,4,6.89,64.92,400000.0,Yes,Yes,0,0,0,0,0,0,0,0,0,0,0,0,1,0,0,0,0,0,0,0,0,0,0,1,0,0,0,0,0,0,0,0,66.91,1,0,0,0,0,0,12.899222326086994,1.0
3376,Female,18.0,Maharashtra,OBC,No,0.0,Science,2,8.57,79.12,350000.0,No,Yes,0,0,0,0,1,0,0,0,0,0,0,0,1,0,0,0,1,0,0,0,0,1,0,1,0,0,0,0,0,0,1,0,82.41,0,1,0,0,0,0,12.765691290604371,0.5
3377,Male,17.0,Madhya Pradesh,EWS,No,0.0,Science,2,7.18,69.31,350000.0,No,No,0,0,0,0,0,0,0,0,0,0,0,0,1,0,0,0,1,0,0,0,0,0,0,0,0,0,0,0,0,0,0,0,70.555,0,0,0,0,0,0,12.765691290604371,0.5
3378,Male,22.0,Madhya Pradesh,ST,No,0.0,Mechanical,4,5.17,45.0,400000.0,Yes,Yes,0,0,0,0,0,0,0,0,0,0,0,0,0,0,0,0,0,0,0,0,0,0,0,0,0,0,0,0,0,0,0,0,48.35,1,0,0,0,0,0,12.899222326086994,1.0
3379,Male,22.0,Telangana,EWS,No,0.0,Science,4,7.49,76.72,200000.0,Yes,No,1,0,0,0,1,0,0,0,0,0,0,0,1,1,0,0,1,0,0,0,1,0,0,0,0,0,0,0,0,0,0,0,75.81,1,0,0,0,0,0,12.206077645517674,1.0
3380,Male,23.0,Delhi,SC,No,0.0,Commerce,1,9.98,95.28,80000.0,No,No,0,0,0,0,1,0,0,1,0,0,0,0,1,1,0,0,1,0,1,1,1,0,0,0,0,0,0,0,0,0,0,1,97.54,1,1,1,0,0,1,11.289794413577894,0.25
3381,Male,22.0,Delhi,ST,No,0.0,Management,3,8.48,79.97,1500000.0,Yes,Yes,0,0,0,0,0,0,0,0,0,0,0,0,0,0,0,0,1,0,0,0,0,0,0,0,0,0,0,0,0,0,0,0,82.385,1,1,0,0,0,1,14.220976332738882,0.75
3382,Female,21.0,Telangana,ST,No,0.0,Medical,2,7.86,79.67,150000.0,No,No,1,0,0,0,1,0,0,0,0,0,0,0,1,1,0,0,0,0,0,1,1,0,0,0,0,0,0,0,0,0,0,0,79.135,1,0,0,0,0,0,11.918397239722838,0.5
3383,Female,23.0,Madhya Pradesh,EWS,No,0.0,Instrumentation,3,5.0,48.74,500000.0,No,No,0,0,0,0,0,0,0,0,0,0,0,0,0,0,0,0,0,0,0,0,0,0,0,0,0,0,0,0,0,0,0,0,49.370000000000005,0,0,0,0,0,0,13.122365377402328,0.75
3384,Female,21.0,Uttar Pradesh,SC,No,0.0,AI_DS,3,10.0,95.85,300000.0,Yes,No,0,1,0,0,1,0,0,0,1,0,1,0,1,0,0,1,1,0,0,0,0,0,0,1,0,0,1,0,0,1,1,0,97.925,1,1,0,0,0,1,12.611541086966115,0.75
3385,Female,21.0,Madhya Pradesh,General,No,0.0,Electrical,3,9.48,88.17,80000.0,No,Yes,0,0,0,0,1,0,1,0,0,0,1,0,1,1,0,0,1,1,0,1,1,0,0,1,0,0,1,0,0,1,1,0,91.48500000000001,1,1,0,0,0,1,11.289794413577894,0.75
3386,Female,24.0,Gujarat,EWS,No,0.0,Instrumentation,4,7.46,70.97,300000.0,Yes,No,1,0,0,0,1,0,0,0,0,0,0,0,1,0,0,0,0,0,0,0,0,0,0,1,0,0,0,0,0,1,0,0,72.785,1,0,0,0,0,0,12.611541086966115,1.0
3387,Female,17.0,Karnataka,ST,No,0.0,Pharmacy,3,5.0,45.0,500000.0,Yes,No,0,0,0,0,0,0,0,0,0,0,0,0,0,0,0,0,0,0,0,0,0,0,0,0,0,0,0,0,0,0,0,0,47.5,1,0,0,0,0,0,13.122365377402328,0.75
3388,Male,22.0,Karnataka,EWS,No,0.0,Pharmacy,4,6.18,61.18,600000.0,Yes,Yes,0,0,0,0,0,0,0,0,0,0,0,0,0,0,0,0,0,0,0,0,0,0,0,0,0,0,0,0,0,0,0,0,61.489999999999995,1,0,0,0,0,0,13.304686600863562,1.0
3389,Male,20.0,Andhra Pradesh,EWS,No,0.0,IT,3,8.55,82.2,1200000.0,Yes,No,0,0,0,0,0,0,1,0,0,0,0,0,0,0,0,0,1,0,0,0,0,0,0,0,0,0,0,0,0,0,0,0,83.85,1,1,0,0,0,1,13.997832948091215,0.75
3390,Male,24.0,Karnataka,General,No,0.0,Instrumentation,1,8.49,80.16,300000.0,Yes,No,0,1,0,0,1,0,0,0,1,0,0,0,0,0,0,1,0,0,0,1,0,0,0,0,0,0,0,0,0,0,0,1,82.53,1,1,1,0,0,1,12.611541086966115,0.25
3391,Male,19.0,Telangana,General,No,0.0,IT,2,8.94,84.96,350000.0,No,Yes,0,1,0,0,0,0,1,0,1,0,0,0,1,0,0,0,1,0,0,0,0,0,0,0,0,0,0,0,0,1,0,0,87.17999999999999,0,1,0,0,0,0,12.765691290604371,0.5
3392,Female,23.0,Karnataka,OBC,No,0.0,Medical,4,7.57,71.12,350000.0,No,No,0,0,0,0,0,0,0,0,0,0,0,0,0,0,0,0,0,0,0,0,0,0,0,0,0,0,0,0,0,0,0,0,73.41,0,0,0,0,0,0,12.765691290604371,1.0
3393,Female,23.0,Maharashtra,OBC,No,0.0,Electrical,4,7.49,77.78,200000.0,No,No,1,1,0,0,1,0,0,0,1,0,0,0,0,1,0,0,0,0,0,0,1,1,0,1,0,0,0,0,0,1,1,0,76.34,1,0,0,0,0,0,12.206077645517674,1.0
3394,Male,22.0,Uttar Pradesh,OBC,No,0.0,Chemical,1,8.67,78.97,80000.0,Yes,Yes,0,0,0,0,1,0,0,1,1,1,0,0,0,0,0,1,0,0,0,1,0,0,0,0,0,0,0,0,0,1,0,1,82.83500000000001,1,1,1,0,0,1,11.289794413577894,0.25
3395,Male,24.0,Andhra Pradesh,General,No,0.0,ECE,3,6.18,60.77,120000.0,No,No,0,0,0,0,1,0,0,0,1,0,0,0,1,1,0,0,0,0,0,0,0,0,0,0,0,0,0,0,0,0,0,0,61.285,1,0,0,0,0,0,11.695255355062795,0.75
3396,Female,24.0,Tamil Nadu,EWS,No,0.0,Civil,2,7.49,68.84,200000.0,Yes,No,0,0,0,0,1,0,0,0,1,0,0,0,1,1,0,0,1,0,0,1,1,0,0,1,0,0,0,1,0,1,1,0,71.87,1,0,0,0,0,0,12.206077645517674,0.5
3397,Male,21.0,Telangana,OBC,No,0.0,Science,3,8.57,79.59,250000.0,No,Yes,1,0,0,0,1,0,0,0,0,0,0,0,1,1,0,0,1,0,0,1,1,0,0,0,0,0,0,0,0,0,0,0,82.64500000000001,1,1,0,0,0,1,12.429220196836383,0.75
3398,Female,17.0,Madhya Pradesh,OBC,No,0.0,Mechanical,4,7.26,73.17,80000.0,No,No,0,0,0,0,1,0,0,0,1,0,0,0,1,1,0,0,0,0,0,1,0,0,0,1,0,0,0,0,0,0,0,0,72.88499999999999,1,0,0,0,0,0,11.289794413577894,1.0
3399,Female,23.0,Tamil Nadu,General,No,0.0,ECE,2,9.35,93.54,600000.0,Yes,Yes,0,0,0,0,0,0,0,0,0,0,1,0,0,0,0,0,1,0,0,0,0,0,0,1,0,0,0,1,0,0,0,0,93.52000000000001,1,1,0,0,0,1,13.304686600863562,0.5
3400,Female,18.0,Karnataka,EWS,No,0.0,Civil,4,7.16,71.71,400000.0,No,No,0,0,0,0,0,0,0,0,1,0,0,0,1,0,0,0,0,0,0,0,0,0,0,0,0,0,0,0,0,0,0,0,71.655,0,0,0,0,0,0,12.899222326086994,1.0
3401,Female,18.0,Karnataka,OBC,No,0.0,Science,1,6.36,57.7,350000.0,Yes,No,0,0,0,0,0,0,0,0,0,0,0,0,0,0,0,0,0,0,0,0,0,0,0,0,0,0,0,0,0,0,0,0,60.650000000000006,1,0,1,0,0,0,12.765691290604371,0.25
3402,Male,17.0,Other,ST,No,0.0,Pharmacy,1,5.0,52.52,80000.0,No,No,0,0,0,0,0,0,0,0,0,0,0,0,0,0,0,0,0,0,0,0,0,0,0,0,0,0,0,0,0,0,0,0,51.260000000000005,1,0,1,0,0,0,11.289794413577894,0.25
3403,Male,24.0,Maharashtra,ST,No,0.0,Chemical,4,6.46,71.2,500000.0,No,Yes,0,0,0,0,0,0,0,0,1,0,0,0,0,0,0,0,0,0,0,0,0,0,0,0,0,0,0,0,0,0,0,0,67.9,0,0,0,0,0,0,13.122365377402328,1.0
3404,Male,20.0,Telangana,EWS,No,0.0,Pharmacy,4,6.41,62.98,200000.0,No,No,0,0,0,0,1,0,0,0,0,0,0,0,0,1,0,0,0,0,0,0,0,0,0,0,0,0,0,0,0,0,0,0,63.53999999999999,1,0,0,0,0,0,12.206077645517674,1.0
3405,Female,17.0,Telangana,SC,No,0.0,Management,2,7.05,63.06,500000.0,Yes,Yes,0,0,0,0,1,0,0,0,0,0,0,0,0,0,0,0,0,0,0,0,0,0,0,0,0,0,0,0,0,0,0,0,66.78,1,0,0,0,0,0,13.122365377402328,0.5
3406,Male,18.0,Tamil Nadu,EWS,No,0.0,Production,4,8.03,71.98,1200000.0,No,Yes,0,0,0,0,0,0,1,0,0,0,0,0,0,0,0,0,0,0,0,0,0,0,0,0,0,0,0,0,0,0,0,0,76.14,0,0,0,0,0,0,13.997832948091215,1.0
3407,Male,23.0,Tamil Nadu,EWS,No,0.0,Instrumentation,3,6.5,55.43,250000.0,Yes,No,0,0,0,0,0,0,0,0,1,0,0,0,1,1,0,0,0,0,0,0,0,0,0,0,0,0,0,0,0,0,0,0,60.215,1,0,0,0,0,0,12.429220196836383,0.75
3408,Male,17.0,Maharashtra,OBC,No,0.0,IT,4,5.79,55.54,800000.0,No,No,0,0,0,0,0,0,0,0,0,0,0,0,0,0,0,0,0,0,0,0,0,0,0,0,0,0,0,0,0,0,0,0,56.72,0,0,0,0,0,0,13.592368256649284,1.0
3409,Male,22.0,Gujarat,ST,No,0.0,IT,1,5.14,45.0,1000000.0,No,Yes,0,0,0,0,0,0,0,0,0,0,0,0,0,0,0,0,0,0,0,0,0,0,0,0,0,0,0,0,0,0,0,0,48.2,0,0,1,0,0,0,13.815511557963774,0.25
3410,Male,17.0,Gujarat,EWS,No,0.0,Medical,4,7.5,69.62,200000.0,Yes,Yes,0,0,0,0,0,0,0,0,0,0,0,0,1,1,0,0,0,0,0,1,1,0,0,0,0,0,0,0,0,1,0,0,72.31,1,0,0,0,0,0,12.206077645517674,1.0
3411,Male,20.0,Madhya Pradesh,ST,No,0.0,CSE,2,9.89,98.0,80000.0,No,Yes,0,1,0,0,0,0,1,0,0,0,0,0,1,1,0,0,0,0,0,1,1,0,0,0,0,0,0,0,0,1,0,0,98.45,1,1,0,0,0,1,11.289794413577894,0.5
3412,Female,21.0,Maharashtra,OBC,No,0.0,Civil,2,6.46,71.2,80000.0,Yes,Yes,1,0,0,1,0,0,0,0,1,0,0,0,1,1,0,0,0,0,0,0,0,1,0,1,0,0,0,0,0,1,1,0,67.9,1,0,0,0,0,0,11.289794413577894,0.5
3413,Female,20.0,Rajasthan,EWS,No,0.0,Biotechnology,1,8.4,78.01,80000.0,No,Yes,0,0,0,0,1,0,0,1,0,0,0,0,1,1,0,0,1,0,0,1,0,0,0,0,0,0,0,0,0,0,0,0,81.005,1,1,1,0,0,1,11.289794413577894,0.25
3414,Male,18.0,Other,EWS,No,0.0,IT,4,5.71,54.21,500000.0,Yes,Yes,0,0,0,0,0,0,0,0,0,0,0,0,0,0,0,0,0,0,0,0,0,0,0,0,0,0,0,0,0,0,0,0,55.655,1,0,0,0,0,0,13.122365377402328,1.0
3415,Female,25.0,Rajasthan,General,No,0.0,IT,3,7.29,67.95,250000.0,No,No,0,0,0,0,1,0,0,0,1,0,0,0,1,0,0,0,0,0,0,0,1,0,1,0,0,0,0,0,0,1,1,0,70.42500000000001,1,0,0,0,0,0,12.429220196836383,0.75
3416,Male,25.0,Madhya Pradesh,ST,No,0.0,Management,4,8.03,74.03,200000.0,Yes,No,0,0,0,0,1,0,0,0,0,0,0,0,1,0,0,0,1,0,0,1,1,0,0,0,0,0,0,0,0,1,0,0,77.16499999999999,1,0,0,0,0,0,12.206077645517674,1.0
3417,Female,22.0,Karnataka,EWS,No,0.0,CSE,1,6.12,71.2,500000.0,Yes,No,0,0,0,0,1,0,0,1,1,0,0,0,0,0,0,0,0,0,0,0,0,0,0,0,0,0,0,1,0,0,0,1,66.2,1,0,1,0,0,0,13.122365377402328,0.25
3418,Male,20.0,Delhi,OBC,No,0.0,Instrumentation,2,7.96,72.09,600000.0,No,Yes,0,0,0,0,0,0,1,0,1,0,0,0,0,0,0,0,1,0,0,0,0,0,0,0,0,0,0,0,0,0,0,0,75.845,0,0,0,0,0,0,13.304686600863562,0.5
3419,Female,19.0,Madhya Pradesh,SC,No,0.0,Commerce,1,8.61,76.48,300000.0,No,Yes,0,0,0,0,0,0,0,1,0,0,0,0,1,0,0,0,1,0,0,1,0,0,0,0,0,0,0,0,0,1,1,0,81.28999999999999,1,1,1,0,0,1,12.611541086966115,0.25
3420,Male,17.0,Delhi,General,No,0.0,CSE,3,6.81,63.92,250000.0,No,No,0,0,0,0,1,0,0,0,1,0,0,0,0,0,0,0,0,0,0,0,0,0,0,0,0,0,0,0,0,0,0,0,66.00999999999999,1,0,0,0,0,0,12.429220196836383,0.75
3421,Male,22.0,Maharashtra,SC,No,0.0,Chemical,1,6.74,62.33,1000000.0,No,Yes,0,0,0,0,0,0,0,0,0,0,0,0,0,0,0,0,0,0,0,0,0,0,0,0,0,0,0,0,0,0,0,0,64.86500000000001,0,0,1,0,0,0,13.815511557963774,0.25
3422,Male,21.0,Telangana,ST,No,0.0,IT,2,9.75,90.07,300000.0,Yes,No,1,0,0,0,0,0,1,0,1,0,0,0,1,0,0,1,1,0,0,1,0,0,0,0,0,0,0,0,0,0,0,0,93.785,1,1,0,0,0,1,12.611541086966115,0.5
3423,Female,22.0,Madhya Pradesh,SC,No,0.0,Civil,3,10.0,96.31,1500000.0,No,Yes,0,0,0,0,0,0,1,0,0,0,1,0,0,0,0,0,1,1,0,0,0,0,0,0,0,0,1,0,0,0,0,0,98.155,0,1,0,0,0,0,14.220976332738882,0.75
3424,Male,25.0,Gujarat,OBC,No,0.0,Biotechnology,3,7.61,73.72,400000.0,No,No,0,0,0,0,0,0,0,0,0,0,0,0,0,0,0,0,1,0,0,0,0,0,0,0,0,0,0,0,0,1,0,0,74.91,0,0,0,0,0,0,12.899222326086994,0.75
3425,Female,21.0,Madhya Pradesh,EWS,No,0.0,Pharmacy,3,10.0,92.02,350000.0,Yes,Yes,0,0,0,0,0,0,0,0,0,0,0,0,1,0,0,0,1,0,0,0,0,0,0,1,0,0,0,0,0,1,1,0,96.00999999999999,1,1,0,0,0,1,12.765691290604371,0.75
3426,Male,25.0,Tamil Nadu,OBC,No,0.0,Production,4,6.16,56.26,600000.0,No,Yes,0,0,0,0,0,0,0,0,0,0,0,0,0,0,0,0,0,0,0,0,0,0,0,0,0,0,0,0,0,0,0,0,58.93,0,0,0,0,0,0,13.304686600863562,1.0
3427,Male,24.0,Maharashtra,SC,No,0.0,CSE,3,7.54,66.45,500000.0,No,No,0,0,0,0,0,0,0,0,1,0,0,0,0,0,0,0,1,0,0,0,0,0,0,0,0,0,0,0,0,0,0,0,70.92500000000001,0,0,0,0,0,0,13.122365377402328,0.75
3428,Female,21.0,Maharashtra,ST,No,0.0,Civil,3,7.53,76.62,1200000.0,No,No,0,0,0,0,0,0,0,0,0,0,0,0,0,0,0,0,1,0,0,0,0,0,0,0,0,0,0,0,0,0,0,0,75.96000000000001,0,0,0,0,0,0,13.997832948091215,0.75
3429,Male,19.0,Madhya Pradesh,SC,No,0.0,Biotechnology,1,7.68,72.08,150000.0,No,No,0,0,0,0,1,0,0,1,0,0,0,0,0,1,0,0,0,0,0,0,0,0,0,0,0,0,0,0,0,0,0,1,74.44,1,0,1,0,0,0,11.918397239722838,0.25
3430,Female,21.0,Uttar Pradesh,General,No,0.0,ECE,2,6.76,66.92,1200000.0,Yes,No,0,0,0,0,0,0,0,0,0,0,0,0,0,0,0,0,0,0,0,0,0,0,0,0,0,0,0,0,0,0,0,0,67.25999999999999,1,0,0,0,0,0,13.997832948091215,0.5
3431,Male,24.0,Andhra Pradesh,SC,No,0.0,AI_DS,3,6.51,67.38,1500000.0,No,Yes,0,0,0,0,0,0,0,0,0,0,0,0,0,0,0,0,0,0,0,0,0,0,0,0,0,0,0,0,0,0,0,0,66.24,0,0,0,0,0,0,14.220976332738882,0.75
3432,Male,21.0,Rajasthan,ST,No,0.0,IT,1,9.82,94.06,300000.0,No,No,0,0,0,0,0,0,0,1,1,0,0,0,1,0,0,1,0,0,1,0,0,0,0,0,0,0,0,0,0,1,0,0,96.13,1,1,1,0,0,1,12.611541086966115,0.25
3433,Female,25.0,Karnataka,SC,No,0.0,Biotechnology,3,7.49,74.25,350000.0,Yes,Yes,0,0,0,0,0,0,0,0,0,0,0,0,1,0,0,0,0,0,0,0,0,0,0,0,0,0,0,0,0,0,1,0,74.575,1,0,0,0,0,0,12.765691290604371,0.75
3434,Female,25.0,Other,OBC,No,0.0,Management,4,8.81,81.28,350000.0,Yes,No,0,0,0,0,1,0,0,0,0,0,0,0,1,0,0,0,0,0,0,0,0,0,0,0,0,0,0,0,0,0,1,0,84.69,1,1,0,0,0,1,12.765691290604371,1.0
3435,Male,21.0,Uttar Pradesh,General,Yes,60.0,IT,3,6.87,61.3,200000.0,Yes,No,0,0,0,0,1,0,0,0,1,0,0,0,1,1,0,0,0,0,0,1,0,0,0,0,0,0,0,0,1,0,0,0,65.0,1,0,0,1,1,0,12.206077645517674,0.75
3436,Male,21.0,Madhya Pradesh,ST,No,0.0,Mechanical,1,7.99,77.9,800000.0,No,Yes,0,0,0,0,0,0,0,1,0,0,0,0,0,0,0,0,1,0,0,0,0,0,0,0,0,0,0,0,0,0,0,1,78.9,0,0,1,0,0,0,13.592368256649284,0.25
3437,Male,23.0,Delhi,ST,No,0.0,Production,1,5.88,54.49,350000.0,No,Yes,0,0,0,0,0,0,0,0,0,0,0,0,0,0,0,0,0,0,0,0,0,0,0,0,0,0,0,0,0,0,0,0,56.644999999999996,0,0,1,0,0,0,12.765691290604371,0.25
3438,Female,17.0,Rajasthan,General,No,0.0,Civil,1,5.88,53.16,120000.0,Yes,No,0,0,0,0,0,0,0,0,0,0,0,0,0,0,0,0,0,0,0,0,0,0,0,0,0,0,0,0,0,0,0,0,55.98,1,0,1,0,0,0,11.695255355062795,0.25
3439,Male,19.0,Maharashtra,General,No,0.0,IT,1,8.16,75.32,350000.0,Yes,Yes,0,1,0,0,0,0,0,0,0,0,0,0,0,0,0,0,1,0,0,0,0,1,0,0,0,0,0,0,0,1,0,0,78.46,1,1,1,0,0,1,12.765691290604371,0.25
3440,Male,23.0,Karnataka,ST,No,0.0,Mechanical,1,7.14,62.95,800000.0,Yes,No,0,0,0,0,0,0,0,1,0,0,0,0,0,0,0,0,1,0,0,0,0,0,0,0,0,0,0,0,0,0,0,0,67.175,1,0,1,0,0,0,13.592368256649284,0.25
3441,Male,18.0,Delhi,EWS,No,0.0,Chemical,3,7.72,73.21,400000.0,Yes,No,0,0,0,0,1,0,1,0,1,0,0,0,0,0,0,0,0,0,0,0,0,0,0,0,0,0,0,0,0,0,0,0,75.205,1,0,0,0,0,0,12.899222326086994,0.75
3442,Female,23.0,Andhra Pradesh,OBC,No,0.0,Instrumentation,2,6.63,62.42,1000000.0,Yes,Yes,0,0,0,0,0,0,0,0,0,0,0,0,0,0,0,0,0,0,0,0,0,0,0,0,0,0,0,0,0,0,0,0,64.36,1,0,0,0,0,0,13.815511557963774,0.5
3443,Female,25.0,Rajasthan,OBC,No,0.0,Medical,4,7.72,70.9,250000.0,No,No,0,0,0,0,1,0,0,0,0,0,0,0,0,0,0,0,0,0,0,0,1,0,0,0,0,0,0,0,0,0,0,0,74.05000000000001,1,0,0,0,0,0,12.429220196836383,1.0
3444,Male,23.0,Maharashtra,SC,No,0.0,Instrumentation,4,5.73,59.85,800000.0,Yes,Yes,0,0,0,0,0,0,0,0,0,0,0,0,0,0,0,0,0,0,0,0,0,0,0,0,0,0,0,0,0,0,0,0,58.575,1,0,0,0,0,0,13.592368256649284,1.0
3445,Female,23.0,Andhra Pradesh,OBC,No,0.0,Biotechnology,1,6.74,63.74,800000.0,No,No,0,0,0,0,0,0,0,1,0,0,0,0,0,0,0,0,0,0,0,0,0,0,0,0,0,0,0,0,0,0,0,0,65.57000000000001,0,0,1,0,0,0,13.592368256649284,0.25
3446,Female,21.0,Uttar Pradesh,EWS,No,0.0,Medical,4,8.71,93.33,800000.0,Yes,No,0,0,0,0,0,0,0,0,0,0,0,0,0,0,0,0,1,0,0,0,0,0,0,0,0,0,0,0,0,0,0,0,90.215,1,1,0,0,0,1,13.592368256649284,1.0
3447,Female,23.0,Maharashtra,OBC,No,0.0,Biotechnology,2,6.01,58.44,120000.0,No,No,0,0,0,0,0,0,0,0,0,0,0,0,0,1,0,0,0,0,0,0,0,1,0,0,0,0,0,0,0,0,0,0,59.269999999999996,1,0,0,0,0,0,11.695255355062795,0.5
3448,Female,23.0,Telangana,OBC,No,0.0,Instrumentation,1,6.65,61.56,150000.0,No,Yes,1,0,0,0,1,0,0,1,0,0,0,0,1,1,0,0,0,0,0,1,0,0,0,1,0,0,0,1,0,0,0,0,64.03,1,0,1,0,0,0,11.918397239722838,0.25
3449,Female,21.0,Uttar Pradesh,ST,No,0.0,AI_DS,1,6.64,59.7,800000.0,Yes,Yes,0,0,0,0,0,0,0,0,0,0,0,0,0,0,0,0,0,0,0,0,0,0,0,0,0,0,0,0,0,0,0,0,63.05,1,0,1,0,0,0,13.592368256649284,0.25
3450,Male,20.0,Other,OBC,No,0.0,Management,2,7.45,66.35,150000.0,Yes,Yes,0,0,0,0,1,0,0,0,0,0,0,0,1,1,0,0,0,0,0,1,1,0,0,0,0,0,0,0,0,1,0,0,70.425,1,0,0,0,0,0,11.918397239722838,0.5
3451,Female,20.0,Karnataka,ST,No,0.0,Instrumentation,1,8.64,82.25,350000.0,Yes,Yes,0,1,0,1,1,0,0,1,1,0,0,0,0,0,0,0,1,0,0,0,0,0,0,0,0,1,0,1,0,0,1,1,84.325,1,1,1,0,0,1,12.765691290604371,0.25
3452,Female,24.0,Telangana,EWS,No,0.0,Management,2,8.01,74.7,80000.0,No,No,1,0,0,0,1,0,0,0,0,0,0,0,1,1,0,0,0,0,0,1,1,0,0,1,0,0,0,0,0,1,1,0,77.4,1,0,0,0,0,0,11.289794413577894,0.5
3453,Female,23.0,Other,SC,No,0.0,Science,4,7.06,67.93,800000.0,No,No,0,0,0,0,0,0,0,0,0,0,0,0,0,0,0,0,0,0,0,0,0,0,0,0,0,0,0,0,0,0,0,0,69.265,0,0,0,0,0,0,13.592368256649284,1.0
3454,Female,25.0,Other,General,No,0.0,Pharmacy,3,6.1,71.2,120000.0,Yes,No,0,0,0,0,1,0,0,0,0,0,0,0,1,1,0,0,0,0,0,0,0,0,0,1,0,0,0,0,0,1,1,0,66.1,1,0,0,0,0,0,11.695255355062795,0.75
3455,Female,23.0,Telangana,SC,No,0.0,Instrumentation,2,6.47,58.79,350000.0,Yes,Yes,0,0,0,0,0,0,0,0,0,0,0,0,0,0,0,0,0,0,0,0,0,0,0,0,0,0,0,0,0,0,0,0,61.745000000000005,1,0,0,0,0,0,12.765691290604371,0.5
3456,Female,17.0,Madhya Pradesh,ST,No,0.0,Commerce,3,5.0,51.52,200000.0,No,No,0,0,0,0,0,0,0,0,0,0,0,0,0,0,0,0,0,0,0,0,0,0,0,0,0,0,0,0,0,0,0,0,50.760000000000005,1,0,0,0,0,0,12.206077645517674,0.75
3457,Male,17.0,Maharashtra,SC,No,0.0,Commerce,4,6.68,66.95,250000.0,No,Yes,0,0,0,0,1,0,0,0,0,0,0,0,1,0,0,0,0,0,0,0,0,0,0,0,0,0,0,0,0,0,0,0,66.875,1,0,0,0,0,0,12.429220196836383,1.0
3458,Female,19.0,Maharashtra,OBC,No,0.0,AI_DS,3,8.78,79.55,800000.0,Yes,No,0,0,0,0,0,0,1,0,0,0,1,0,0,0,0,0,0,0,0,0,0,0,1,0,0,0,0,0,0,0,0,0,83.675,1,1,0,0,0,1,13.592368256649284,0.75
3459,Female,22.0,Other,General,No,0.0,Biotechnology,3,6.19,66.49,80000.0,Yes,No,0,0,0,0,1,0,0,0,0,0,0,0,1,0,0,0,0,0,0,0,0,0,0,1,0,0,0,0,0,1,1,0,64.195,1,0,0,0,0,0,11.289794413577894,0.75
3460,Male,19.0,Gujarat,EWS,No,0.0,Management,4,9.6,91.11,350000.0,Yes,Yes,0,0,0,0,1,0,0,0,0,0,0,0,0,0,0,0,1,0,0,0,0,0,0,0,0,0,0,0,0,1,0,0,93.555,1,1,0,0,0,1,12.765691290604371,1.0
3461,Female,17.0,Telangana,OBC,No,0.0,ECE,1,7.81,72.3,350000.0,Yes,Yes,0,1,0,1,1,0,0,1,1,0,0,0,1,0,0,0,0,0,0,0,0,0,0,1,0,1,0,0,0,1,1,0,75.19999999999999,1,0,1,0,0,0,12.765691290604371,0.25
3462,Female,17.0,Maharashtra,SC,No,0.0,AI_DS,3,8.02,74.04,300000.0,No,No,1,0,0,0,1,0,1,0,1,0,0,0,1,0,0,0,0,0,0,1,0,0,0,0,0,0,0,0,0,0,0,0,77.12,1,0,0,0,0,0,12.611541086966115,0.75
3463,Female,22.0,Uttar Pradesh,EWS,Yes,90.0,Electrical,4,5.06,71.2,80000.0,Yes,No,0,1,0,0,1,0,0,0,1,0,0,0,1,1,0,0,0,0,0,0,0,0,0,1,0,0,0,0,1,1,1,0,60.9,1,0,0,1,1,0,11.289794413577894,1.0
3464,Female,18.0,Maharashtra,SC,No,0.0,Civil,1,7.53,68.14,250000.0,Yes,No,0,0,1,0,1,0,0,1,1,0,0,0,1,1,0,0,1,0,0,1,1,0,0,1,0,0,0,0,0,1,0,1,71.72,1,0,1,0,0,0,12.429220196836383,0.25
3465,Female,22.0,Rajasthan,OBC,Yes,40.0,CSE,2,7.42,67.27,150000.0,Yes,No,0,0,0,0,1,0,0,0,1,0,0,0,1,1,0,0,1,0,0,0,1,0,1,0,0,0,0,0,1,0,1,0,70.735,1,0,0,1,1,0,11.918397239722838,0.5
3466,Female,21.0,Madhya Pradesh,OBC,No,0.0,ECE,3,6.56,64.88,400000.0,Yes,Yes,0,0,0,0,0,0,0,0,0,0,0,0,1,0,0,0,0,0,0,0,0,0,0,1,0,0,0,0,0,0,0,0,65.24,1,0,0,0,0,0,12.899222326086994,0.75
3467,Male,21.0,Karnataka,General,No,0.0,Science,3,7.8,74.07,200000.0,Yes,Yes,0,0,0,0,1,0,0,0,0,0,0,0,0,1,0,0,0,0,0,0,1,0,0,0,0,0,0,0,0,1,0,0,76.035,1,0,0,0,0,0,12.206077645517674,0.75
3468,Female,23.0,Andhra Pradesh,SC,No,0.0,IT,2,7.49,82.67,200000.0,Yes,No,0,0,0,1,0,1,0,0,1,0,0,0,1,0,0,1,0,0,0,0,1,0,0,1,0,1,0,0,0,1,1,0,78.785,1,0,0,0,0,0,12.206077645517674,0.5
3469,Male,23.0,Madhya Pradesh,SC,No,0.0,Commerce,2,9.24,86.4,250000.0,No,No,0,0,0,0,0,0,0,0,0,0,0,0,0,1,0,0,1,0,0,1,1,0,0,0,0,0,0,0,0,1,0,0,89.4,1,1,0,0,0,1,12.429220196836383,0.5
3470,Female,22.0,Gujarat,ST,No,0.0,Electrical,1,6.98,62.41,800000.0,Yes,No,0,0,0,0,0,0,0,0,0,0,0,0,0,0,0,0,0,0,0,0,0,0,0,0,0,0,0,0,0,0,0,0,66.105,1,0,1,0,0,0,13.592368256649284,0.25
3471,Female,17.0,Gujarat,ST,No,0.0,ECE,1,6.99,69.3,80000.0,No,No,0,0,0,0,1,0,0,0,1,0,0,0,1,1,0,0,0,0,0,0,0,0,0,1,0,0,0,0,0,1,1,0,69.6,1,0,1,0,0,0,11.289794413577894,0.25
3472,Female,17.0,Andhra Pradesh,EWS,Yes,60.0,AI_DS,1,9.06,88.95,150000.0,Yes,Yes,0,1,0,1,1,0,0,1,1,1,0,1,1,1,1,1,0,0,1,1,1,0,0,1,1,0,0,1,1,1,1,1,89.775,1,1,1,1,1,1,11.918397239722838,0.25
3473,Female,24.0,Uttar Pradesh,OBC,No,0.0,Production,3,5.35,54.07,1200000.0,Yes,Yes,0,0,0,0,0,0,0,0,0,0,0,0,0,0,0,0,0,0,0,0,0,0,0,0,0,0,0,0,0,0,0,0,53.785,1,0,0,0,0,0,13.997832948091215,0.75
3474,Male,17.0,Other,SC,No,0.0,Chemical,3,5.29,52.95,120000.0,No,No,0,0,0,0,0,0,0,0,0,0,0,0,0,0,0,0,0,0,0,0,0,0,0,0,0,0,0,0,0,0,0,0,52.925,1,0,0,0,0,0,11.695255355062795,0.75
3475,Female,17.0,Tamil Nadu,EWS,No,0.0,Electrical,1,7.06,69.18,1000000.0,Yes,Yes,0,0,0,0,0,0,0,1,0,0,0,0,0,0,0,0,1,0,0,0,0,0,0,0,0,0,0,0,0,0,0,0,69.89,1,0,1,0,0,0,13.815511557963774,0.25
3476,Male,21.0,Gujarat,ST,No,0.0,Commerce,3,5.9,59.56,800000.0,No,Yes,0,0,0,0,0,0,0,0,0,0,0,0,0,0,0,0,0,0,0,0,0,0,0,0,0,0,0,0,0,0,0,0,59.28,0,0,0,0,0,0,13.592368256649284,0.75
3477,Male,19.0,Maharashtra,SC,No,0.0,AI_DS,3,5.74,52.52,1000000.0,No,Yes,0,0,0,0,0,0,0,0,0,0,0,0,0,0,0,0,0,0,0,0,0,0,0,0,0,0,0,0,0,0,0,0,54.96000000000001,0,0,0,0,0,0,13.815511557963774,0.75
3478,Female,18.0,Maharashtra,EWS,No,0.0,Chemical,4,6.3,54.59,1200000.0,No,Yes,0,0,0,0,0,0,0,0,0,0,0,0,0,0,0,0,0,0,0,0,0,0,0,0,0,0,0,0,0,0,0,0,58.795,0,0,0,0,0,0,13.997832948091215,1.0
3479,Male,23.0,Karnataka,OBC,Yes,60.0,Pharmacy,3,7.61,77.71,350000.0,No,Yes,0,0,0,0,0,0,0,0,0,0,0,0,0,0,0,0,0,0,0,0,0,0,0,0,0,0,0,0,0,0,0,0,76.905,0,0,0,1,1,0,12.765691290604371,0.75
3480,Male,25.0,Telangana,General,No,0.0,Instrumentation,2,10.0,95.29,400000.0,No,Yes,0,0,0,0,0,0,0,0,1,0,0,0,1,0,0,0,1,0,0,0,0,0,0,0,0,0,0,0,0,0,0,0,97.64500000000001,0,1,0,0,0,0,12.899222326086994,0.5
3481,Male,18.0,Tamil Nadu,General,No,0.0,Instrumentation,4,8.84,84.68,80000.0,Yes,Yes,0,1,0,0,1,0,1,0,1,0,0,0,1,0,0,1,0,0,0,1,1,0,0,0,0,0,0,0,0,0,0,0,86.54,1,1,0,0,0,1,11.289794413577894,1.0
3482,Female,19.0,Delhi,OBC,No,0.0,Management,1,8.1,75.92,400000.0,No,No,0,0,0,0,1,0,0,1,0,0,0,0,0,0,0,0,0,0,0,0,0,0,0,1,0,0,0,0,0,0,1,0,78.46000000000001,0,1,1,0,0,0,12.899222326086994,0.25
3483,Male,24.0,Andhra Pradesh,EWS,No,0.0,IT,3,7.73,75.05,600000.0,Yes,No,0,0,0,0,0,0,0,0,1,0,0,0,0,0,0,0,0,0,0,0,0,0,0,0,0,0,0,0,0,0,0,0,76.17500000000001,1,0,0,0,0,0,13.304686600863562,0.75
3484,Male,20.0,Maharashtra,General,No,0.0,Pharmacy,3,6.81,64.46,1500000.0,Yes,No,0,0,0,0,0,0,0,0,0,0,0,0,0,0,0,0,0,0,0,0,0,0,0,0,0,0,0,0,0,0,0,0,66.28,1,0,0,0,0,0,14.220976332738882,0.75
3485,Male,20.0,Other,General,No,0.0,Civil,4,7.43,73.06,250000.0,No,Yes,0,0,0,0,1,0,0,0,1,0,0,0,1,0,0,0,1,0,0,0,0,0,0,0,0,0,0,0,0,0,0,0,73.68,1,0,0,0,0,0,12.429220196836383,1.0
3486,Female,21.0,Maharashtra,ST,No,0.0,Chemical,3,6.22,58.94,1500000.0,Yes,No,0,0,0,0,0,0,0,0,0,0,0,0,0,0,0,0,0,0,0,0,0,0,0,0,0,0,0,0,0,0,0,0,60.56999999999999,1,0,0,0,0,0,14.220976332738882,0.75
3487,Male,22.0,Tamil Nadu,General,No,0.0,Medical,3,9.79,96.5,80000.0,No,No,0,0,0,0,0,0,0,0,0,0,0,0,1,1,0,0,1,0,0,1,0,0,0,0,0,0,0,0,0,1,0,0,97.19999999999999,1,1,0,0,0,1,11.289794413577894,0.75
3488,Male,17.0,Tamil Nadu,EWS,No,0.0,Biotechnology,4,9.12,86.71,150000.0,Yes,No,0,0,0,0,0,0,0,0,0,0,0,0,0,1,0,0,1,0,0,1,1,0,0,0,0,0,0,0,0,0,0,0,88.95499999999998,1,1,0,0,0,1,11.918397239722838,1.0
3489,Male,19.0,Andhra Pradesh,General,No,0.0,Medical,1,7.89,77.96,120000.0,No,Yes,0,0,0,0,1,0,0,0,0,0,0,0,1,1,0,0,0,0,0,1,0,0,0,0,0,0,0,0,0,0,0,0,78.42999999999999,1,0,1,0,0,0,11.695255355062795,0.25
3490,Male,17.0,Uttar Pradesh,OBC,No,0.0,CSE,1,9.37,83.16,600000.0,No,Yes,0,0,0,0,0,0,0,1,1,0,0,0,0,0,0,0,0,0,0,0,0,0,0,0,0,0,0,0,0,0,0,1,88.42999999999999,0,1,1,0,0,0,13.304686600863562,0.25
3491,Male,24.0,Maharashtra,General,No,0.0,Electrical,4,5.92,60.17,1000000.0,No,No,0,0,0,0,0,0,0,0,0,0,0,0,0,0,0,0,0,0,0,0,0,0,0,0,0,0,0,0,0,0,0,0,59.685,0,0,0,0,0,0,13.815511557963774,1.0
3492,Male,22.0,Other,EWS,No,0.0,Management,4,7.17,66.1,1200000.0,Yes,Yes,0,0,0,0,0,0,0,0,0,0,0,0,0,0,0,0,0,0,0,0,0,0,0,0,0,0,0,0,0,0,0,0,68.9,1,0,0,0,0,0,13.997832948091215,1.0
3493,Female,24.0,Gujarat,ST,No,0.0,ECE,1,6.0,55.33,600000.0,No,No,0,0,0,0,0,0,0,0,0,0,0,0,0,0,0,0,0,0,0,0,0,0,0,0,0,0,0,0,0,0,0,0,57.665,0,0,1,0,0,0,13.304686600863562,0.25
3494,Female,21.0,Andhra Pradesh,General,No,0.0,Science,2,5.82,61.56,800000.0,No,No,0,0,0,0,0,0,0,0,0,0,0,0,0,0,0,0,0,0,0,0,0,0,0,0,0,0,0,0,0,0,0,0,59.88,0,0,0,0,0,0,13.592368256649284,0.5
3495,Female,18.0,Uttar Pradesh,OBC,No,0.0,Pharmacy,1,7.47,70.79,200000.0,No,No,0,0,0,0,1,0,0,1,0,0,0,0,1,0,0,0,0,0,0,0,0,0,0,1,0,0,0,0,0,0,1,1,72.745,1,0,1,0,0,0,12.206077645517674,0.25
3496,Male,24.0,Telangana,EWS,No,0.0,Mechanical,3,8.21,80.88,80000.0,Yes,No,1,1,0,0,1,0,0,0,1,0,0,0,1,1,0,1,0,0,0,1,1,0,0,0,0,0,0,0,0,1,0,0,81.49000000000001,1,1,0,0,0,1,11.289794413577894,0.75
3497,Female,18.0,Andhra Pradesh,ST,No,0.0,Commerce,4,8.64,85.3,200000.0,No,Yes,0,0,0,0,1,0,0,0,0,0,0,0,1,1,0,0,1,0,0,1,1,0,0,1,0,0,0,0,0,1,1,0,85.85,1,1,0,0,0,1,12.206077645517674,1.0
3498,Male,18.0,Tamil Nadu,ST,No,0.0,Science,3,6.74,63.14,400000.0,No,Yes,0,0,0,0,0,0,0,0,0,0,0,0,1,0,0,0,0,0,0,0,0,0,0,0,0,0,0,0,0,0,0,0,65.27000000000001,0,0,0,0,0,0,12.899222326086994,0.75
3499,Female,22.0,Other,EWS,No,0.0,Production,3,8.42,78.41,350000.0,No,Yes,0,1,0,0,1,0,1,0,1,0,0,0,0,0,0,0,0,0,0,0,0,0,0,1,0,0,0,0,0,1,1,0,81.305,0,1,0,0,0,0,12.765691290604371,0.75
3500,Male,22.0,Gujarat,General,No,0.0,Civil,1,7.49,72.35,1000000.0,No,No,0,0,0,0,0,0,0,1,0,0,0,0,0,0,0,0,0,0,0,0,0,0,0,0,0,0,0,0,0,0,0,1,73.625,0,0,1,0,0,0,13.815511557963774,0.25
3501,Female,18.0,Gujarat,ST,No,0.0,ECE,1,8.44,74.85,600000.0,No,Yes,0,0,0,0,0,0,0,0,1,0,0,0,0,0,0,0,1,0,0,0,0,0,0,0,0,0,0,0,0,0,0,0,79.625,0,0,1,0,0,0,13.304686600863562,0.25
3502,Male,22.0,Karnataka,General,No,0.0,AI_DS,2,8.36,78.72,1200000.0,No,Yes,0,0,0,0,0,0,0,0,0,0,0,0,0,0,0,0,1,0,0,0,0,0,0,0,0,0,0,0,0,0,0,0,81.16,0,1,0,0,0,0,13.997832948091215,0.5
3503,Male,22.0,Other,ST,No,0.0,Management,3,8.35,81.66,200000.0,Yes,No,0,0,0,0,1,0,0,0,0,0,0,0,1,1,0,0,1,0,0,1,0,0,0,0,0,0,0,0,0,1,0,0,82.58,1,1,0,0,0,1,12.206077645517674,0.75
3504,Female,19.0,Andhra Pradesh,OBC,No,0.0,Instrumentation,4,9.43,93.65,250000.0,No,Yes,0,1,0,0,1,0,1,0,1,0,1,0,1,1,0,0,1,0,0,1,1,0,0,1,0,0,0,0,0,1,1,0,93.975,1,1,0,0,0,1,12.429220196836383,1.0
3505,Male,19.0,Delhi,OBC,No,0.0,Civil,3,9.12,90.97,1000000.0,No,Yes,0,0,0,0,0,0,1,0,0,0,0,0,0,0,0,0,1,0,0,0,0,0,0,0,0,0,0,0,0,0,0,0,91.085,0,1,0,0,0,0,13.815511557963774,0.75
3506,Female,20.0,Uttar Pradesh,OBC,No,0.0,Electrical,2,7.85,74.67,120000.0,No,No,0,1,0,1,0,0,0,0,1,0,0,0,1,1,0,0,0,0,0,1,0,0,0,1,0,1,0,0,0,0,0,0,76.58500000000001,1,0,0,0,0,0,11.695255355062795,0.5
3507,Female,22.0,Maharashtra,OBC,No,0.0,Instrumentation,4,8.55,83.42,350000.0,Yes,No,0,1,0,0,0,0,1,0,1,0,0,0,0,0,0,0,1,0,0,0,0,1,0,1,0,0,1,0,0,1,1,0,84.46000000000001,1,1,0,0,0,1,12.765691290604371,1.0
3508,Female,24.0,Other,ST,No,0.0,AI_DS,4,7.13,68.95,250000.0,Yes,Yes,0,0,0,0,1,0,0,0,0,0,0,0,1,1,0,0,0,0,0,0,0,0,0,0,0,0,0,0,0,0,0,0,70.125,1,0,0,0,0,0,12.429220196836383,1.0
3509,Male,21.0,Karnataka,SC,No,0.0,Civil,3,7.46,68.31,200000.0,Yes,Yes,0,0,0,0,0,0,0,0,1,0,0,0,0,1,0,0,0,0,0,0,1,0,0,0,0,0,0,0,0,0,0,0,71.455,1,0,0,0,0,0,12.206077645517674,0.75
3510,Female,24.0,Madhya Pradesh,General,No,0.0,Electrical,4,9.05,86.14,150000.0,Yes,No,0,1,0,0,1,0,1,0,1,0,1,0,1,1,0,1,0,1,0,1,1,0,0,0,0,0,1,0,0,1,1,0,88.32,1,1,0,0,0,1,11.918397239722838,1.0
3511,Male,20.0,Andhra Pradesh,EWS,No,0.0,Pharmacy,4,9.96,89.74,800000.0,No,No,0,0,0,0,0,0,0,0,0,0,0,0,0,0,0,0,1,0,0,0,0,0,0,0,0,0,0,0,0,0,0,0,94.67,0,1,0,0,0,0,13.592368256649284,1.0
3512,Male,21.0,Karnataka,OBC,No,0.0,Commerce,4,6.83,64.98,1500000.0,No,Yes,0,0,0,0,0,0,0,0,0,0,0,0,0,0,0,0,0,0,0,0,0,0,0,0,0,0,0,0,0,0,0,0,66.64,0,0,0,0,0,0,14.220976332738882,1.0
3513,Female,22.0,Maharashtra,ST,No,0.0,Instrumentation,2,8.86,85.37,1200000.0,No,No,0,0,0,0,0,0,1,0,0,0,1,0,0,0,0,0,0,0,0,0,0,0,0,0,0,0,0,0,0,0,0,0,86.985,0,1,0,0,0,0,13.997832948091215,0.5
3514,Male,17.0,Rajasthan,General,No,0.0,Management,4,7.87,71.38,250000.0,Yes,No,0,0,0,0,1,0,0,0,0,0,0,0,0,1,0,0,0,0,0,1,1,0,0,0,0,0,0,0,0,1,0,0,75.03999999999999,1,0,0,0,0,0,12.429220196836383,1.0
3515,Female,19.0,Rajasthan,General,No,0.0,AI_DS,4,6.11,59.01,600000.0,Yes,Yes,0,0,0,0,0,0,0,0,0,0,0,0,0,0,0,0,0,0,0,0,0,0,0,0,0,0,0,0,0,0,0,0,60.055,1,0,0,0,0,0,13.304686600863562,1.0
3516,Male,20.0,Madhya Pradesh,ST,No,0.0,Biotechnology,2,5.86,54.07,500000.0,No,Yes,0,0,0,0,0,0,0,0,0,0,0,0,0,0,0,0,0,0,0,0,0,0,0,0,0,0,0,0,0,0,0,0,56.335,0,0,0,0,0,0,13.122365377402328,0.5
3517,Male,18.0,Madhya Pradesh,ST,Yes,45.0,Chemical,4,8.1,74.0,300000.0,No,Yes,0,1,0,0,0,0,1,0,0,0,0,0,1,0,0,0,0,0,0,1,0,0,0,0,0,0,0,0,1,1,0,0,77.5,1,0,0,1,1,0,12.611541086966115,1.0
3518,Male,23.0,Telangana,OBC,No,0.0,Chemical,3,9.43,93.26,300000.0,No,No,1,0,0,0,1,0,1,0,0,0,0,0,1,0,0,0,1,0,0,0,0,0,0,0,0,0,0,0,0,1,0,0,93.78,1,1,0,0,0,1,12.611541086966115,0.75
3519,Male,17.0,Gujarat,General,No,0.0,Biotechnology,3,5.61,50.5,1200000.0,No,Yes,0,0,0,0,0,0,0,0,0,0,0,0,0,0,0,0,0,0,0,0,0,0,0,0,0,0,0,0,0,0,0,0,53.3,0,0,0,0,0,0,13.997832948091215,0.75
3520,Male,20.0,Maharashtra,SC,Yes,90.0,AI_DS,4,5.0,45.15,200000.0,No,Yes,0,0,0,0,0,0,0,0,0,0,0,0,0,0,0,0,0,0,0,0,0,0,0,0,0,0,0,0,1,0,0,0,47.575,1,0,0,1,1,0,12.206077645517674,1.0
3521,Female,23.0,Andhra Pradesh,General,No,0.0,Biotechnology,3,8.42,78.75,400000.0,Yes,Yes,0,0,0,0,1,0,0,0,0,0,0,0,1,0,0,0,0,0,0,0,0,0,0,1,0,0,0,0,0,1,1,0,81.475,1,1,0,0,0,1,12.899222326086994,0.75
3522,Female,17.0,Karnataka,EWS,No,0.0,AI_DS,1,8.05,71.91,400000.0,No,Yes,0,0,0,0,0,0,0,1,1,0,0,0,1,0,0,0,0,0,0,0,0,0,0,1,0,0,0,0,0,1,0,0,76.205,0,0,1,0,0,0,12.899222326086994,0.25
3523,Female,20.0,Madhya Pradesh,OBC,No,0.0,AI_DS,2,8.46,78.7,80000.0,Yes,Yes,0,0,0,1,1,0,1,0,1,0,0,0,1,0,0,1,0,0,0,1,1,0,0,1,0,0,0,1,0,0,1,0,81.65,1,1,0,0,0,1,11.289794413577894,0.5
3524,Female,18.0,Tamil Nadu,SC,No,0.0,Medical,1,7.51,71.07,600000.0,No,No,0,0,0,0,0,0,0,0,0,0,0,0,0,0,0,0,0,0,0,0,0,0,0,0,0,0,0,0,0,0,0,0,73.085,0,0,1,0,0,0,13.304686600863562,0.25
3525,Female,18.0,Delhi,SC,No,0.0,Civil,2,5.97,53.26,800000.0,Yes,No,0,0,0,0,0,0,0,0,0,0,0,0,0,0,0,0,0,0,0,0,0,0,0,0,0,0,0,0,0,0,0,0,56.48,1,0,0,0,0,0,13.592368256649284,0.5
3526,Female,22.0,Maharashtra,OBC,No,0.0,AI_DS,3,8.66,71.2,350000.0,No,Yes,0,0,0,0,1,0,1,0,0,0,0,0,1,0,0,0,1,0,0,0,0,1,1,0,0,0,1,0,0,1,1,0,78.9,0,0,0,0,0,0,12.765691290604371,0.75
3527,Female,18.0,Other,SC,No,0.0,Mechanical,1,8.76,71.2,1000000.0,No,Yes,0,0,0,0,0,0,0,0,0,0,0,0,0,0,0,0,1,0,0,0,0,0,0,0,0,0,0,0,0,0,0,0,79.4,0,0,1,0,0,0,13.815511557963774,0.25
3528,Female,19.0,Gujarat,General,No,0.0,ECE,1,7.67,67.69,800000.0,No,Yes,0,0,0,0,0,0,0,0,0,0,0,0,0,0,0,0,0,0,0,0,0,0,0,0,0,0,0,1,0,0,0,1,72.195,0,0,1,0,0,0,13.592368256649284,0.25
3529,Female,25.0,Rajasthan,SC,No,0.0,CSE,1,7.18,68.13,200000.0,No,No,0,0,0,0,1,0,0,1,1,0,0,0,1,0,0,0,0,0,0,0,1,0,0,1,0,0,0,0,0,0,0,0,69.965,1,0,1,0,0,0,12.206077645517674,0.25
3530,Male,18.0,Telangana,OBC,No,0.0,Electrical,1,9.84,95.54,120000.0,Yes,Yes,1,0,0,0,1,0,0,1,0,1,0,1,1,1,1,0,1,0,1,1,0,0,0,0,0,0,0,0,0,1,0,1,96.97,1,1,1,0,0,1,11.695255355062795,0.25
3531,Male,24.0,Telangana,General,No,0.0,Chemical,3,9.34,90.52,350000.0,No,No,0,1,0,0,0,0,1,0,1,0,0,0,0,0,0,0,0,0,0,0,0,0,0,0,0,0,0,0,0,1,0,0,91.96000000000001,0,1,0,0,0,0,12.765691290604371,0.75
3532,Female,21.0,Delhi,General,No,0.0,Electrical,4,6.65,63.53,150000.0,Yes,Yes,0,0,0,0,1,0,0,0,1,0,0,0,1,0,0,0,0,0,0,1,0,0,0,1,0,0,0,0,0,0,0,0,65.015,1,0,0,0,0,0,11.918397239722838,1.0
3533,Female,24.0,Other,SC,No,0.0,ECE,4,7.78,71.09,250000.0,No,Yes,0,1,0,0,1,0,1,0,1,0,0,0,0,0,0,0,0,0,0,0,1,0,0,0,0,0,0,0,0,1,1,0,74.445,1,0,0,0,0,0,12.429220196836383,1.0
3534,Female,20.0,Gujarat,General,No,0.0,CSE,1,7.04,66.26,120000.0,Yes,Yes,1,0,0,0,0,0,0,0,1,0,0,0,1,1,0,0,0,0,0,0,1,0,0,1,0,0,0,1,0,1,1,0,68.33000000000001,1,0,1,0,0,0,11.695255355062795,0.25
3535,Female,19.0,Karnataka,General,No,0.0,Mechanical,2,9.43,83.34,250000.0,Yes,No,0,1,0,1,1,0,1,0,1,0,1,0,1,1,0,1,1,0,0,1,1,0,0,0,0,1,0,0,0,1,1,0,88.82,1,1,0,0,0,1,12.429220196836383,0.5
3536,Male,19.0,Gujarat,SC,No,0.0,Medical,4,8.95,82.21,1500000.0,Yes,Yes,0,0,0,0,0,0,0,0,0,0,0,0,0,0,0,0,1,0,0,0,0,0,0,0,0,0,0,0,0,0,0,0,85.85499999999999,1,1,0,0,0,1,14.220976332738882,1.0
3537,Male,17.0,Gujarat,SC,No,0.0,Instrumentation,2,5.85,59.11,200000.0,No,No,0,0,0,0,0,0,0,0,0,0,0,0,0,0,0,0,0,0,0,0,0,0,0,0,0,0,0,0,0,0,0,0,58.805,1,0,0,0,0,0,12.206077645517674,0.5
3538,Male,24.0,Tamil Nadu,ST,Yes,90.0,Electrical,2,8.38,83.37,800000.0,No,No,0,0,0,0,0,0,0,0,0,0,0,0,0,0,0,0,0,1,0,0,0,0,0,0,0,0,0,0,1,0,0,0,83.58500000000001,0,1,0,1,1,0,13.592368256649284,0.5
3539,Female,24.0,Telangana,General,No,0.0,Management,4,8.46,86.55,1500000.0,Yes,Yes,0,0,0,0,0,0,0,0,0,0,0,0,0,0,0,0,1,0,0,0,0,0,0,0,0,0,0,0,0,0,0,0,85.575,1,1,0,0,0,1,14.220976332738882,1.0
3540,Male,24.0,Other,SC,No,0.0,Chemical,1,8.17,77.15,80000.0,Yes,Yes,0,1,0,0,1,0,0,1,0,1,0,0,1,1,0,1,0,0,0,1,0,0,0,0,0,0,0,0,0,1,0,0,79.42500000000001,1,1,1,0,0,1,11.289794413577894,0.25
3541,Male,22.0,Rajasthan,General,No,0.0,Management,2,7.91,71.2,250000.0,No,Yes,0,0,0,0,1,0,0,0,0,0,0,0,1,0,0,0,0,0,0,0,0,0,0,0,0,0,0,0,0,1,0,0,75.15,1,0,0,0,0,0,12.429220196836383,0.5
3542,Female,21.0,Gujarat,ST,No,0.0,AI_DS,4,6.56,60.36,1000000.0,Yes,Yes,0,0,0,0,0,0,0,0,0,0,0,0,0,0,0,0,0,0,0,0,0,0,0,0,0,0,0,0,0,0,0,0,62.98,1,0,0,0,0,0,13.815511557963774,1.0
3543,Female,23.0,Karnataka,EWS,No,0.0,Mechanical,2,7.13,61.42,500000.0,Yes,No,0,0,0,0,1,0,0,0,1,0,0,0,0,0,0,0,0,0,0,0,0,0,0,0,0,0,0,0,0,0,0,0,66.36,1,0,0,0,0,0,13.122365377402328,0.5
3544,Male,23.0,Other,OBC,No,0.0,Mechanical,4,7.67,67.21,500000.0,No,Yes,0,0,0,0,0,0,0,0,1,0,0,0,0,0,0,0,0,1,0,0,0,0,0,0,0,0,0,0,0,0,0,0,71.955,0,0,0,0,0,0,13.122365377402328,1.0
3545,Female,17.0,Telangana,OBC,No,0.0,Production,3,7.56,74.42,400000.0,Yes,Yes,0,0,0,0,0,0,0,0,1,0,0,0,0,0,0,0,1,0,0,0,0,0,0,0,0,0,0,0,0,1,1,0,75.00999999999999,1,0,0,0,0,0,12.899222326086994,0.75
3546,Female,20.0,Rajasthan,General,No,0.0,Mechanical,1,6.93,70.87,800000.0,Yes,No,0,0,0,0,0,0,0,1,0,0,0,0,0,0,0,0,0,0,0,0,0,0,0,0,0,0,0,1,0,0,0,0,70.08500000000001,1,0,1,0,0,0,13.592368256649284,0.25
3547,Male,21.0,Tamil Nadu,General,No,0.0,Management,1,5.75,58.2,400000.0,No,No,0,0,0,0,0,0,0,0,0,0,0,0,0,0,0,0,0,0,0,0,0,0,0,0,0,0,0,0,0,0,0,0,57.85,0,0,1,0,0,0,12.899222326086994,0.25
3548,Male,25.0,Delhi,SC,No,0.0,Medical,2,8.31,73.8,1200000.0,No,No,0,0,0,0,0,0,0,0,0,0,0,0,0,0,0,0,0,0,0,0,0,0,0,0,0,0,0,0,0,0,0,0,78.45,0,0,0,0,0,0,13.997832948091215,0.5
3549,Female,25.0,Andhra Pradesh,ST,No,0.0,AI_DS,2,7.49,94.81,500000.0,Yes,No,0,0,0,0,1,1,0,0,0,0,0,0,0,0,0,0,0,0,0,0,0,0,0,1,0,1,0,1,0,0,0,0,84.855,1,0,0,0,0,0,13.122365377402328,0.5
3550,Female,18.0,Uttar Pradesh,SC,No,0.0,Pharmacy,3,6.45,57.05,1000000.0,Yes,Yes,0,0,0,0,0,0,0,0,0,0,0,0,0,0,0,0,0,0,0,0,0,0,0,0,0,0,0,0,0,0,0,0,60.775,1,0,0,0,0,0,13.815511557963774,0.75
3551,Female,22.0,Madhya Pradesh,General,No,0.0,Civil,1,7.24,68.4,1000000.0,No,Yes,0,0,0,0,0,0,0,0,0,0,0,0,0,0,0,0,0,0,0,0,0,0,0,0,0,0,0,0,0,0,0,0,70.4,0,0,1,0,0,0,13.815511557963774,0.25
3552,Female,21.0,Rajasthan,EWS,No,0.0,Pharmacy,1,7.62,71.5,1000000.0,Yes,Yes,0,0,0,0,0,0,0,1,0,0,0,0,0,0,0,0,0,0,0,0,0,0,0,0,0,0,0,0,0,0,0,0,73.85,1,0,1,0,0,0,13.815511557963774,0.25
3553,Female,24.0,Telangana,SC,No,0.0,Production,4,8.26,77.31,200000.0,No,No,1,1,0,0,0,0,1,0,1,0,0,0,1,0,0,0,1,0,0,1,0,0,0,1,0,0,1,0,0,1,1,0,79.955,1,1,0,0,0,1,12.206077645517674,1.0
3554,Male,22.0,Maharashtra,SC,No,0.0,Production,4,7.49,48.76,150000.0,Yes,Yes,0,0,0,0,0,0,0,0,1,0,0,0,0,0,0,0,0,0,0,0,0,0,0,0,0,0,0,0,0,1,0,0,61.83,1,0,0,0,0,0,11.918397239722838,1.0
3555,Female,19.0,Andhra Pradesh,ST,No,0.0,Science,1,5.0,48.56,1000000.0,Yes,Yes,0,0,0,0,0,0,0,0,0,0,0,0,0,0,0,0,0,0,0,0,0,0,0,0,0,0,0,0,0,0,0,0,49.28,1,0,1,0,0,0,13.815511557963774,0.25
3556,Male,25.0,Rajasthan,OBC,No,0.0,Science,1,6.32,60.53,1200000.0,Yes,No,0,0,0,0,0,0,0,0,0,0,0,0,0,0,0,0,0,0,0,0,0,0,0,0,0,0,0,0,0,0,0,0,61.865,1,0,1,0,0,0,13.997832948091215,0.25
3557,Female,24.0,Other,SC,No,0.0,ECE,1,9.08,83.41,150000.0,No,No,0,1,0,1,1,0,0,1,1,1,0,0,0,1,1,0,1,0,0,0,0,0,0,1,0,0,0,0,0,1,1,1,87.10499999999999,1,1,1,0,0,1,11.918397239722838,0.25
3558,Female,20.0,Tamil Nadu,OBC,No,0.0,Chemical,2,8.77,82.01,350000.0,Yes,Yes,0,1,0,1,1,0,1,0,1,0,1,0,1,0,0,0,1,0,0,0,0,0,0,1,0,1,0,1,0,1,1,0,84.85499999999999,1,1,0,0,0,1,12.765691290604371,0.5
3559,Female,19.0,Karnataka,General,No,0.0,Biotechnology,3,9.6,90.1,800000.0,Yes,Yes,0,0,0,0,0,0,0,0,0,0,0,0,0,0,0,0,1,0,0,0,0,0,0,0,0,0,0,0,0,0,0,0,93.05,1,1,0,0,0,1,13.592368256649284,0.75
3560,Male,25.0,Rajasthan,EWS,No,0.0,Production,4,6.49,63.72,250000.0,No,Yes,0,0,0,0,1,0,0,0,1,0,0,0,0,0,0,0,0,0,0,0,0,0,0,0,0,0,0,0,0,0,0,0,64.31,1,0,0,0,0,0,12.429220196836383,1.0
3561,Male,17.0,Gujarat,General,No,0.0,Chemical,1,6.98,63.79,1000000.0,No,Yes,0,0,0,0,0,0,0,0,0,0,0,0,0,0,0,0,0,0,0,0,0,0,0,0,0,0,0,0,0,0,0,0,66.795,0,0,1,0,0,0,13.815511557963774,0.25
3562,Male,24.0,Maharashtra,OBC,No,0.0,Commerce,1,6.93,65.7,350000.0,No,No,0,0,0,0,0,0,0,0,0,0,0,0,0,0,0,0,0,0,0,0,0,1,0,0,0,0,0,0,0,0,0,1,67.5,0,0,1,0,0,0,12.765691290604371,0.25
3563,Male,19.0,Rajasthan,SC,No,0.0,Management,1,9.11,80.74,200000.0,Yes,Yes,0,0,0,0,1,0,0,1,0,0,0,0,0,1,0,0,1,0,1,1,1,0,0,0,0,0,0,0,0,1,0,1,85.91999999999999,1,1,1,0,0,1,12.206077645517674,0.25
3564,Female,20.0,Other,SC,No,0.0,Instrumentation,2,7.53,73.41,1000000.0,Yes,No,0,0,0,0,0,0,1,0,0,0,0,0,0,0,0,0,0,0,0,0,0,0,0,0,0,0,0,0,0,0,0,0,74.35499999999999,1,0,0,0,0,0,13.815511557963774,0.5
3565,Female,19.0,Rajasthan,General,No,0.0,AI_DS,1,7.73,77.36,1200000.0,Yes,No,0,0,0,0,0,0,0,0,0,0,0,0,0,0,0,0,0,0,0,0,0,0,0,0,0,0,0,0,0,0,0,0,77.33000000000001,1,0,1,0,0,0,13.997832948091215,0.25
3566,Female,17.0,Rajasthan,General,No,0.0,ECE,2,7.41,69.84,120000.0,Yes,No,0,0,0,0,1,0,0,0,1,0,0,0,1,1,0,0,1,0,0,0,1,0,0,1,0,0,0,0,0,1,1,0,71.97,1,0,0,0,0,0,11.695255355062795,0.5
3567,Female,22.0,Tamil Nadu,EWS,No,0.0,IT,4,8.21,78.29,1200000.0,Yes,Yes,0,0,0,0,0,0,0,0,0,0,0,0,0,0,0,0,0,0,0,0,0,0,0,0,0,0,0,0,0,0,0,0,80.19500000000001,1,1,0,0,0,1,13.997832948091215,1.0
3568,Male,22.0,Andhra Pradesh,ST,No,0.0,AI_DS,4,7.03,68.33,350000.0,Yes,No,0,0,0,0,0,0,0,0,0,0,0,0,1,0,0,0,1,0,0,0,0,0,0,0,0,0,0,0,0,1,0,0,69.315,1,0,0,0,0,0,12.765691290604371,1.0
3569,Female,24.0,Andhra Pradesh,General,No,0.0,Pharmacy,1,6.72,62.01,200000.0,No,No,0,0,0,0,1,0,0,0,0,0,0,0,0,1,0,0,0,0,0,0,0,0,0,1,0,0,0,0,0,0,0,0,64.605,1,0,1,0,0,0,12.206077645517674,0.25
3570,Male,19.0,Maharashtra,EWS,No,0.0,Production,4,6.87,69.32,800000.0,Yes,Yes,0,0,0,0,0,0,0,0,0,0,0,0,0,0,0,0,0,0,0,0,0,0,0,0,0,0,0,0,0,0,0,0,69.00999999999999,1,0,0,0,0,0,13.592368256649284,1.0
3571,Female,25.0,Tamil Nadu,OBC,Yes,50.0,ECE,3,5.0,48.69,300000.0,No,No,0,0,0,0,0,0,0,0,0,0,0,0,0,0,0,0,0,0,0,0,0,0,0,0,0,0,0,0,1,0,0,0,49.345,1,0,0,1,1,0,12.611541086966115,0.75
3572,Male,24.0,Karnataka,SC,No,0.0,CSE,4,7.54,66.59,350000.0,No,No,0,0,0,0,0,0,0,0,1,0,0,0,0,0,0,0,0,0,0,0,0,0,0,0,0,0,0,0,0,0,0,0,70.995,0,0,0,0,0,0,12.765691290604371,1.0
3573,Male,20.0,Other,General,No,0.0,Management,3,7.87,76.19,500000.0,No,Yes,0,0,0,0,1,0,0,0,0,0,0,0,0,0,0,0,1,0,0,0,0,0,0,0,0,0,0,0,0,0,0,0,77.445,0,0,0,0,0,0,13.122365377402328,0.75
3574,Male,25.0,Other,SC,No,0.0,Medical,2,8.21,70.04,80000.0,No,No,0,0,0,0,1,0,0,0,0,0,0,0,1,1,0,0,0,0,0,1,1,0,0,0,0,0,0,0,0,1,0,0,76.07000000000001,1,0,0,0,0,0,11.289794413577894,0.5
3575,Female,20.0,Maharashtra,EWS,No,0.0,AI_DS,3,9.14,84.62,250000.0,Yes,No,0,1,0,0,1,0,0,0,1,0,1,0,1,0,0,0,1,0,0,1,1,1,1,1,0,0,0,0,0,1,1,0,88.01,1,1,0,0,0,1,12.429220196836383,0.75
3576,Male,25.0,Madhya Pradesh,ST,No,0.0,CSE,2,8.32,81.26,80000.0,No,Yes,0,0,0,0,1,0,0,0,1,0,0,0,1,1,0,0,0,0,0,1,1,0,0,0,0,0,0,0,0,0,0,0,82.23,1,1,0,0,0,1,11.289794413577894,0.5
3577,Female,20.0,Tamil Nadu,EWS,No,0.0,Mechanical,1,6.45,63.26,800000.0,No,No,0,0,0,0,0,0,0,0,0,0,0,0,0,0,0,0,0,0,0,0,0,0,0,0,0,0,0,0,0,0,0,0,63.879999999999995,0,0,1,0,0,0,13.592368256649284,0.25
3578,Female,22.0,Karnataka,SC,No,0.0,IT,4,7.04,60.67,1200000.0,No,No,0,0,0,0,0,0,0,0,0,0,0,0,0,0,0,0,0,0,0,0,0,0,0,0,0,0,0,0,0,0,0,0,65.535,0,0,0,0,0,0,13.997832948091215,1.0
3579,Female,25.0,Delhi,EWS,No,0.0,Mechanical,2,8.9,82.22,1200000.0,Yes,Yes,0,0,0,0,0,0,1,0,0,0,0,0,0,0,0,0,1,1,0,0,0,0,0,0,0,0,0,0,0,0,0,0,85.61,1,1,0,0,0,1,13.997832948091215,0.5
3580,Male,24.0,Gujarat,General,No,0.0,CSE,3,6.47,60.26,400000.0,Yes,Yes,0,0,0,0,0,0,0,0,0,0,0,0,1,0,0,0,0,0,0,0,0,0,0,0,0,0,0,0,0,0,0,0,62.480000000000004,1,0,0,0,0,0,12.899222326086994,0.75
3581,Male,21.0,Andhra Pradesh,General,No,0.0,Pharmacy,4,7.83,74.21,500000.0,Yes,No,0,0,0,0,1,0,0,0,0,0,0,0,0,0,0,0,0,0,0,0,0,0,0,0,0,0,0,0,0,0,0,0,76.255,1,0,0,0,0,0,13.122365377402328,1.0
3582,Male,17.0,Telangana,EWS,No,0.0,Management,1,8.16,73.5,500000.0,No,No,0,0,0,0,1,0,0,1,0,0,0,0,0,0,0,0,1,0,0,0,0,0,0,0,0,0,0,0,0,0,0,1,77.55,0,0,1,0,0,0,13.122365377402328,0.25
3583,Female,19.0,Andhra Pradesh,OBC,No,0.0,Chemical,4,6.61,62.45,80000.0,No,No,0,0,0,0,1,0,0,0,1,0,0,0,0,1,0,0,0,0,0,1,0,0,0,1,0,0,0,0,0,0,0,0,64.275,1,0,0,0,0,0,11.289794413577894,1.0
3584,Female,18.0,Maharashtra,General,No,0.0,Science,4,9.78,92.57,1200000.0,Yes,Yes,0,0,0,0,0,0,0,0,0,0,0,0,0,0,0,0,1,0,0,0,0,0,0,0,0,0,0,0,0,0,0,0,95.185,1,1,0,0,0,1,13.997832948091215,1.0
3585,Male,19.0,Madhya Pradesh,ST,No,0.0,Chemical,3,8.8,83.72,200000.0,Yes,No,0,1,0,0,1,0,1,0,1,0,0,0,1,1,0,0,0,0,0,1,1,0,0,0,0,0,0,0,0,0,0,0,85.86,1,1,0,0,0,1,12.206077645517674,0.75
3586,Male,19.0,Telangana,ST,No,0.0,Management,3,6.92,65.0,600000.0,Yes,Yes,0,0,0,0,0,0,0,0,0,0,0,0,0,0,0,0,0,0,0,0,0,0,0,0,0,0,0,0,0,0,0,0,67.1,1,0,0,0,0,0,13.304686600863562,0.75
3587,Male,21.0,Karnataka,EWS,No,0.0,Science,4,7.3,71.16,600000.0,Yes,No,0,0,0,0,0,0,0,0,0,0,0,0,0,0,0,0,0,0,0,0,0,0,0,0,0,0,0,0,0,0,0,0,72.08,1,0,0,0,0,0,13.304686600863562,1.0
3588,Female,19.0,Telangana,ST,Yes,0.0,ECE,1,9.15,88.0,800000.0,Yes,Yes,0,0,0,0,0,0,0,0,0,0,0,0,0,0,0,0,0,0,0,0,0,0,0,0,0,0,0,1,0,0,0,1,89.75,1,1,1,1,0,1,13.592368256649284,0.25
3589,Male,25.0,Andhra Pradesh,SC,No,0.0,Production,1,8.92,81.85,350000.0,No,No,0,0,0,0,1,0,0,0,1,0,0,0,1,0,1,0,1,0,0,0,0,0,0,0,0,0,0,0,0,1,0,1,85.525,0,1,1,0,0,0,12.765691290604371,0.25
3590,Female,22.0,Rajasthan,EWS,No,0.0,Mechanical,4,7.0,64.33,300000.0,Yes,No,0,0,0,0,1,0,0,0,1,0,0,0,1,0,0,0,1,0,0,0,0,0,0,0,0,0,0,0,0,0,1,0,67.16499999999999,1,0,0,0,0,0,12.611541086966115,1.0
3591,Male,17.0,Karnataka,SC,No,0.0,Science,3,7.88,73.78,200000.0,Yes,No,0,0,0,0,1,0,0,0,0,0,0,0,1,1,0,0,0,0,0,0,1,0,0,0,0,0,0,0,0,1,0,0,76.28999999999999,1,0,0,0,0,0,12.206077645517674,0.75
3592,Female,24.0,Telangana,General,No,0.0,Biotechnology,2,8.38,76.82,350000.0,Yes,No,0,0,0,0,1,0,0,0,0,0,0,0,1,0,0,0,1,0,0,0,0,0,0,1,0,0,0,0,0,0,1,0,80.31,1,1,0,0,0,1,12.765691290604371,0.5
3593,Male,19.0,Karnataka,General,No,0.0,Biotechnology,3,7.55,73.79,120000.0,Yes,Yes,0,0,0,0,1,0,0,0,0,0,0,0,1,0,0,0,0,0,0,1,1,0,0,0,0,0,0,0,0,1,0,0,74.64500000000001,1,0,0,0,0,0,11.695255355062795,0.75
3594,Male,19.0,Maharashtra,ST,Yes,40.0,Production,4,5.02,54.05,800000.0,Yes,Yes,0,0,0,0,0,0,0,0,0,0,0,0,0,0,0,0,0,0,0,0,0,0,0,0,0,0,0,0,1,0,0,0,52.125,1,0,0,1,1,0,13.592368256649284,1.0
3595,Male,22.0,Gujarat,OBC,No,0.0,Chemical,3,7.16,61.94,150000.0,No,No,0,0,0,0,1,0,0,0,1,0,0,0,0,1,0,0,1,0,0,1,0,0,0,0,0,0,0,0,0,0,0,0,66.77,1,0,0,0,0,0,11.918397239722838,0.75
3596,Male,22.0,Karnataka,EWS,No,0.0,Electrical,3,7.69,71.2,1200000.0,No,Yes,0,0,0,0,0,0,0,0,0,0,0,0,0,0,0,0,0,0,0,0,0,0,0,0,0,0,0,0,0,0,0,0,74.05000000000001,0,0,0,0,0,0,13.997832948091215,0.75
3597,Male,23.0,Rajasthan,SC,No,0.0,Chemical,3,7.4,73.27,1000000.0,Yes,No,0,0,0,0,0,0,0,0,0,0,0,0,0,0,0,0,1,0,0,0,0,0,0,0,0,0,0,0,0,0,0,0,73.63499999999999,1,0,0,0,0,0,13.815511557963774,0.75
3598,Male,25.0,Telangana,SC,No,0.0,Science,3,8.4,80.69,500000.0,Yes,No,0,0,0,0,1,0,0,0,0,0,0,0,0,0,0,0,0,0,0,0,0,0,0,0,0,0,0,0,0,0,0,0,82.345,1,1,0,0,0,1,13.122365377402328,0.75
3599,Male,22.0,Maharashtra,EWS,No,0.0,Chemical,1,8.04,76.07,150000.0,Yes,Yes,1,1,0,0,0,0,0,1,1,0,0,0,1,1,0,1,1,0,0,1,1,0,0,0,0,0,0,0,0,1,0,0,78.23499999999999,1,1,1,0,0,1,11.918397239722838,0.25
3600,Male,22.0,Delhi,SC,No,0.0,Pharmacy,1,9.63,87.05,1000000.0,Yes,No,0,0,0,0,0,0,0,1,0,0,0,0,0,0,0,0,1,0,0,0,0,0,0,0,0,0,0,0,0,0,0,1,91.67500000000001,1,1,1,0,0,1,13.815511557963774,0.25
3601,Male,25.0,Delhi,General,No,0.0,Management,3,7.67,73.06,80000.0,No,Yes,0,0,0,0,1,0,0,0,0,0,0,0,1,1,0,0,0,0,0,0,0,0,0,0,0,0,0,0,0,0,0,0,74.88,1,0,0,0,0,0,11.289794413577894,0.75
3602,Female,20.0,Madhya Pradesh,SC,No,0.0,Chemical,2,8.48,78.03,300000.0,Yes,No,0,1,0,1,0,0,0,0,1,0,0,0,0,0,0,1,1,0,0,1,0,0,0,1,0,0,0,1,0,1,1,0,81.415,1,1,0,0,0,1,12.611541086966115,0.5
3603,Female,24.0,Tamil Nadu,ST,No,0.0,Instrumentation,4,5.41,51.87,250000.0,Yes,Yes,0,0,0,0,0,0,0,0,0,0,0,0,0,0,0,0,0,0,0,0,0,0,0,0,0,0,0,0,0,0,0,0,52.985,1,0,0,0,0,0,12.429220196836383,1.0
3604,Female,23.0,Telangana,General,Yes,40.0,Medical,2,7.84,78.95,350000.0,No,No,0,0,0,0,1,0,0,0,0,0,0,0,0,0,0,0,0,0,0,0,0,0,0,1,0,0,0,0,0,1,0,0,78.67500000000001,0,0,0,1,1,0,12.765691290604371,0.5
3605,Male,24.0,Madhya Pradesh,SC,No,0.0,Management,4,5.98,60.27,600000.0,Yes,No,0,0,0,0,0,0,0,0,0,0,0,0,0,0,0,0,0,0,0,0,0,0,0,0,0,0,0,0,0,0,0,0,60.035000000000004,1,0,0,0,0,0,13.304686600863562,1.0
3606,Female,23.0,Maharashtra,EWS,No,0.0,ECE,1,10.0,93.87,1500000.0,No,Yes,0,0,0,0,0,0,0,1,0,0,0,0,0,0,0,0,1,0,0,0,0,0,0,0,0,0,0,0,0,0,0,0,96.935,0,1,1,0,0,0,14.220976332738882,0.25
3607,Female,19.0,Madhya Pradesh,SC,No,0.0,Pharmacy,2,5.95,55.3,600000.0,No,Yes,0,0,0,0,0,0,0,0,0,0,0,0,0,0,0,0,0,0,0,0,0,0,0,0,0,0,0,0,0,0,0,0,57.4,0,0,0,0,0,0,13.304686600863562,0.5
3608,Male,23.0,Maharashtra,EWS,No,0.0,Production,2,7.52,73.13,1500000.0,No,No,0,0,0,0,0,0,0,0,0,0,0,0,0,0,0,0,1,0,0,0,0,0,0,0,0,0,0,0,0,0,0,0,74.16499999999999,0,0,0,0,0,0,14.220976332738882,0.5
3609,Male,24.0,Uttar Pradesh,OBC,No,0.0,Electrical,3,6.79,69.17,800000.0,Yes,No,0,0,0,0,0,0,0,0,0,0,0,0,0,0,0,0,0,0,0,0,0,0,0,0,0,0,0,0,0,0,0,0,68.535,1,0,0,0,0,0,13.592368256649284,0.75
3610,Female,20.0,Rajasthan,ST,No,0.0,Civil,2,6.16,53.3,300000.0,Yes,Yes,0,0,0,0,0,0,0,0,0,0,0,0,0,0,0,0,0,0,0,0,0,0,0,0,0,0,0,0,0,0,0,0,57.45,1,0,0,0,0,0,12.611541086966115,0.5
3611,Female,20.0,Other,EWS,No,0.0,Instrumentation,3,8.83,77.06,150000.0,No,No,0,1,0,0,0,0,1,0,1,0,0,0,1,0,0,0,0,0,0,1,1,0,0,1,0,0,0,0,0,1,1,0,82.68,1,1,0,0,0,1,11.918397239722838,0.75
3612,Male,20.0,Andhra Pradesh,General,No,0.0,Management,3,7.26,78.32,600000.0,No,No,0,0,0,0,0,0,0,0,0,0,0,0,0,0,0,0,0,0,0,0,0,0,0,0,0,0,0,0,0,0,0,0,75.46,0,0,0,0,0,0,13.304686600863562,0.75
3613,Female,21.0,Uttar Pradesh,SC,No,0.0,Pharmacy,4,7.49,67.79,1000000.0,Yes,Yes,0,0,0,0,0,0,0,0,0,0,0,0,0,0,0,0,0,0,0,0,0,0,0,0,0,0,0,0,0,0,0,0,71.345,1,0,0,0,0,0,13.815511557963774,1.0
3614,Female,20.0,Rajasthan,ST,No,0.0,Chemical,2,7.43,70.43,400000.0,Yes,Yes,0,0,0,0,1,0,0,0,1,0,0,0,1,0,0,0,0,0,0,0,0,0,0,1,0,1,0,1,0,1,1,0,72.36500000000001,1,0,0,0,0,0,12.899222326086994,0.5
3615,Male,19.0,Other,SC,No,0.0,CSE,2,7.49,75.04,500.0,Yes,No,0,0,0,0,1,0,0,0,1,0,0,0,0,0,0,1,0,0,0,1,0,0,0,0,0,0,0,0,0,0,0,0,74.97,1,0,0,0,0,0,6.2166061010848646,0.5
3616,Male,24.0,Andhra Pradesh,General,No,0.0,Instrumentation,1,6.25,64.44,1200000.0,No,Yes,0,0,0,0,0,0,0,0,0,0,0,0,0,0,0,0,0,0,0,0,0,0,0,0,0,0,0,0,0,0,0,0,63.47,0,0,1,0,0,0,13.997832948091215,0.25
3617,Female,23.0,Madhya Pradesh,SC,No,0.0,Mechanical,4,7.79,76.19,200000.0,Yes,Yes,0,1,0,0,1,0,0,0,0,0,0,0,1,1,0,1,1,1,0,0,1,0,0,1,0,0,0,0,0,1,1,0,77.045,1,0,0,0,0,0,12.206077645517674,1.0
3618,Male,22.0,Maharashtra,OBC,No,0.0,Electrical,2,6.75,67.98,80000.0,No,No,0,0,0,0,0,0,0,0,0,0,0,0,1,0,0,0,0,0,0,1,0,1,0,0,0,0,0,0,0,0,0,0,67.74000000000001,1,0,0,0,0,0,11.289794413577894,0.5
3619,Female,22.0,Gujarat,EWS,No,0.0,Electrical,4,7.19,69.14,1200000.0,No,No,0,0,0,0,0,0,0,0,0,0,0,0,0,0,0,0,1,0,0,0,0,0,0,0,0,0,0,0,0,0,0,0,70.52000000000001,0,0,0,0,0,0,13.997832948091215,1.0
3620,Female,21.0,Gujarat,OBC,No,0.0,Biotechnology,3,6.38,57.62,200000.0,Yes,No,0,0,0,0,0,0,0,0,0,0,0,0,0,1,0,0,0,0,0,0,0,0,0,0,0,0,0,0,0,0,0,0,60.709999999999994,1,0,0,0,0,0,12.206077645517674,0.75
3621,Male,19.0,Tamil Nadu,EWS,No,0.0,Commerce,2,8.33,77.8,120000.0,No,Yes,0,0,0,0,1,0,0,0,0,0,0,0,1,1,0,0,0,0,0,0,1,0,0,0,0,0,0,0,0,1,0,0,80.55,1,1,0,0,0,1,11.695255355062795,0.5
3622,Male,21.0,Gujarat,ST,Yes,60.0,Mechanical,1,6.48,59.63,350000.0,Yes,No,0,0,0,0,0,0,0,0,0,0,0,0,0,0,0,0,0,0,0,0,0,0,0,0,0,0,0,0,1,0,0,0,62.215,1,0,1,1,1,0,12.765691290604371,0.25
3623,Female,23.0,Madhya Pradesh,OBC,No,0.0,AI_DS,3,8.34,77.34,300000.0,No,Yes,0,1,0,0,1,0,0,0,1,0,0,0,1,0,0,0,0,0,0,1,0,0,0,1,0,0,1,0,0,1,1,0,80.37,1,1,0,0,0,1,12.611541086966115,0.75
3624,Male,17.0,Madhya Pradesh,OBC,Yes,70.0,Civil,1,7.36,69.97,500000.0,No,Yes,0,0,0,0,1,0,0,0,0,0,0,0,0,0,0,0,0,0,0,0,0,0,0,0,0,0,0,0,1,0,0,1,71.785,0,0,1,1,1,0,13.122365377402328,0.25
3625,Male,22.0,Maharashtra,ST,No,0.0,Production,4,5.2,45.0,400000.0,Yes,Yes,0,0,0,0,0,0,0,0,0,0,0,0,0,0,0,0,0,0,0,0,0,0,0,0,0,0,0,0,0,0,0,0,48.5,1,0,0,0,0,0,12.899222326086994,1.0
3626,Male,24.0,Karnataka,SC,No,0.0,Chemical,3,7.9,72.84,80000.0,Yes,No,0,0,0,0,0,0,0,0,1,0,0,0,1,0,0,0,0,0,0,1,1,0,0,0,0,0,0,0,0,1,0,0,75.92,1,0,0,0,0,0,11.289794413577894,0.75
3627,Female,17.0,Delhi,OBC,No,0.0,CSE,1,8.77,86.22,600000.0,Yes,No,0,0,0,0,0,1,0,0,0,0,0,0,0,0,0,0,1,0,0,0,0,0,0,1,1,0,0,1,0,0,0,1,86.96,1,1,1,0,0,1,13.304686600863562,0.25
3628,Male,19.0,Maharashtra,EWS,No,0.0,Management,1,8.36,84.88,1500000.0,Yes,Yes,0,0,0,0,0,0,0,1,0,0,0,0,0,0,0,0,1,0,0,0,0,0,0,0,0,0,0,0,0,0,0,0,84.24,1,1,1,0,0,1,14.220976332738882,0.25
3629,Female,22.0,Gujarat,OBC,No,0.0,Biotechnology,4,7.4,72.25,1200000.0,Yes,Yes,0,0,0,0,0,0,0,0,0,0,0,0,0,0,0,0,1,0,0,0,0,0,0,0,0,0,0,0,0,0,0,0,73.125,1,0,0,0,0,0,13.997832948091215,1.0
3630,Male,20.0,Rajasthan,SC,No,0.0,Science,3,6.8,71.96,120000.0,No,No,0,0,0,0,1,0,0,0,0,0,0,0,1,0,0,0,0,0,0,1,0,0,0,0,0,0,0,0,0,0,0,0,69.97999999999999,1,0,0,0,0,0,11.695255355062795,0.75
3631,Female,17.0,Karnataka,OBC,No,0.0,IT,4,7.49,93.9,1500000.0,Yes,No,0,0,0,0,0,0,0,0,0,0,0,0,0,0,0,0,1,0,0,0,0,0,0,0,0,0,0,0,0,0,0,0,84.4,1,0,0,0,0,0,14.220976332738882,1.0
3632,Male,24.0,Madhya Pradesh,General,No,0.0,Instrumentation,1,7.96,79.7,200000.0,Yes,Yes,0,0,0,0,0,0,0,1,1,1,0,0,1,1,0,0,1,0,0,1,0,0,0,0,0,0,0,0,0,0,0,1,79.65,1,0,1,0,0,0,12.206077645517674,0.25
3633,Female,25.0,Other,EWS,No,0.0,Pharmacy,4,7.32,67.57,300000.0,No,No,0,0,0,0,1,0,0,0,0,0,0,0,1,0,0,0,1,0,0,0,0,0,0,1,0,0,0,0,0,1,0,0,70.38499999999999,1,0,0,0,0,0,12.611541086966115,1.0
3634,Male,22.0,Uttar Pradesh,General,No,0.0,IT,3,8.55,81.46,600000.0,No,Yes,0,0,0,0,0,0,1,0,1,0,0,0,0,0,0,0,0,0,0,0,0,0,0,0,0,0,0,0,0,0,0,0,83.47999999999999,0,1,0,0,0,0,13.304686600863562,0.75
3635,Male,23.0,Andhra Pradesh,EWS,No,0.0,Medical,2,7.72,71.2,400000.0,Yes,No,0,0,0,0,1,0,0,0,0,0,0,0,1,0,0,0,0,0,0,0,0,0,0,0,0,0,0,0,0,1,0,0,74.2,1,0,0,0,0,0,12.899222326086994,0.5
3636,Female,18.0,Delhi,General,No,0.0,Electrical,1,5.44,52.39,250000.0,Yes,No,0,0,0,0,0,0,0,0,0,0,0,0,0,0,0,0,0,0,0,0,0,0,0,0,0,0,0,0,0,0,0,0,53.395,1,0,1,0,0,0,12.429220196836383,0.25
3637,Female,17.0,Other,SC,No,0.0,Electrical,1,8.59,80.93,400000.0,No,No,0,0,0,1,1,0,0,1,1,0,0,0,0,0,1,0,1,0,0,0,0,0,0,1,0,1,0,1,0,1,0,1,83.415,0,1,1,0,0,0,12.899222326086994,0.25
3638,Male,21.0,Uttar Pradesh,OBC,No,0.0,Chemical,1,9.22,85.48,350000.0,No,No,0,0,0,0,0,0,0,1,1,0,0,0,0,0,1,0,1,0,0,0,0,0,0,0,0,0,0,0,0,1,0,1,88.84,0,1,1,0,0,0,12.765691290604371,0.25
3639,Female,17.0,Tamil Nadu,EWS,No,0.0,Commerce,3,6.23,58.98,500000.0,No,No,0,0,0,0,0,0,0,0,0,0,0,0,0,0,0,0,0,0,0,0,0,0,0,0,0,0,0,0,0,0,0,0,60.64,0,0,0,0,0,0,13.122365377402328,0.75
3640,Female,18.0,Rajasthan,General,No,0.0,Commerce,4,7.4,72.61,800000.0,Yes,No,0,0,0,0,0,0,0,0,0,0,0,0,0,0,0,0,0,0,0,0,0,0,0,0,0,0,0,0,0,0,0,0,73.305,1,0,0,0,0,0,13.592368256649284,1.0
3641,Female,18.0,Delhi,ST,No,0.0,Science,3,6.57,66.52,200000.0,No,No,0,0,0,0,1,0,0,0,0,0,0,0,0,0,0,0,0,0,0,0,0,0,0,1,0,0,0,0,0,0,0,0,66.11,1,0,0,0,0,0,12.206077645517674,0.75
3642,Male,18.0,Gujarat,SC,No,0.0,ECE,4,9.86,93.55,1000000.0,No,No,0,0,0,0,0,0,1,0,0,0,0,0,0,0,0,0,1,0,0,0,0,0,0,0,0,0,0,0,0,0,0,0,96.07499999999999,0,1,0,0,0,0,13.815511557963774,1.0
3643,Male,21.0,Karnataka,ST,No,0.0,Instrumentation,4,9.0,82.33,80000.0,No,Yes,0,1,0,0,0,0,1,0,0,0,0,0,1,0,0,0,1,0,0,1,1,0,0,0,0,0,0,0,0,1,0,0,86.16499999999999,1,1,0,0,0,1,11.289794413577894,1.0
3644,Female,20.0,Andhra Pradesh,SC,No,0.0,Science,3,8.79,86.65,350000.0,Yes,No,0,0,0,0,1,0,0,0,0,0,0,0,1,0,0,0,0,0,0,0,0,0,0,1,0,0,0,0,0,1,1,0,87.275,1,1,0,0,0,1,12.765691290604371,0.75
3645,Male,17.0,Karnataka,OBC,No,0.0,Civil,3,8.54,81.08,350000.0,No,Yes,0,1,0,0,0,0,0,0,1,0,0,0,0,0,0,0,1,1,0,0,0,0,0,0,0,0,0,0,0,1,0,0,83.24,0,1,0,0,0,0,12.765691290604371,0.75
3646,Male,22.0,Andhra Pradesh,ST,No,0.0,AI_DS,2,5.0,45.57,50000000.0,Yes,Yes,0,0,0,0,0,0,0,0,0,0,0,0,0,0,0,0,0,0,0,0,0,0,0,0,0,0,0,0,0,0,0,0,47.785,1,0,0,0,0,0,17.72753358339242,0.5
3647,Male,25.0,Madhya Pradesh,ST,No,0.0,Pharmacy,1,6.75,61.19,300000.0,Yes,Yes,0,0,0,0,1,0,0,0,0,0,0,0,1,0,0,0,0,0,0,0,0,0,0,0,0,0,0,0,0,0,0,0,64.345,1,0,1,0,0,0,12.611541086966115,0.25
3648,Female,19.0,Madhya Pradesh,ST,No,0.0,CSE,1,7.65,71.42,1500000.0,No,No,0,0,0,0,0,0,0,0,0,0,0,0,0,0,0,0,1,0,0,0,0,0,0,0,0,0,0,0,0,0,0,0,73.96000000000001,0,0,1,0,0,0,14.220976332738882,0.25
3649,Male,23.0,Other,EWS,Yes,45.0,CSE,2,6.51,58.67,250000.0,Yes,Yes,0,0,0,0,0,0,0,0,1,0,0,0,1,1,0,0,0,0,0,0,0,0,0,0,0,0,0,0,1,0,0,0,61.885,1,0,0,1,1,0,12.429220196836383,0.5
3650,Female,22.0,Other,OBC,No,0.0,Biotechnology,4,6.64,66.44,1000000.0,No,No,0,0,0,0,0,0,0,0,0,0,0,0,0,0,0,0,0,0,0,0,0,0,0,0,0,0,0,0,0,0,0,0,66.41999999999999,0,0,0,0,0,0,13.815511557963774,1.0
3651,Female,17.0,Tamil Nadu,General,No,0.0,CSE,4,6.71,71.2,250000.0,No,Yes,0,0,0,0,1,0,0,0,1,0,0,0,1,0,0,0,0,0,0,1,0,0,0,0,0,0,0,0,0,0,1,0,69.15,1,0,0,0,0,0,12.429220196836383,1.0
3652,Female,20.0,Karnataka,ST,Yes,40.0,Instrumentation,1,6.95,67.04,350000.0,No,No,0,0,0,0,0,0,0,0,0,0,0,0,1,0,0,0,0,0,0,0,0,0,0,1,0,0,0,0,1,0,0,0,68.27000000000001,0,0,1,1,1,0,12.765691290604371,0.25
3653,Female,20.0,Andhra Pradesh,EWS,No,0.0,Medical,2,8.05,67.34,350000.0,No,No,0,0,0,0,0,0,0,0,0,0,0,0,0,0,0,0,0,0,0,0,0,0,0,0,0,0,0,0,0,1,1,0,73.92,0,0,0,0,0,0,12.765691290604371,0.5
3654,Male,18.0,Madhya Pradesh,ST,No,0.0,Chemical,1,8.73,87.24,1000000.0,No,No,0,0,0,0,0,0,0,1,0,0,0,0,0,0,0,0,1,0,0,0,0,0,0,0,0,0,0,0,0,0,0,1,87.27000000000001,0,1,1,0,0,0,13.815511557963774,0.25
3655,Female,25.0,Andhra Pradesh,ST,No,0.0,Electrical,3,6.24,56.36,1200000.0,No,No,0,0,0,0,0,0,0,0,0,0,0,0,0,0,0,0,0,0,0,0,0,0,0,0,0,0,0,0,0,0,0,0,59.38,0,0,0,0,0,0,13.997832948091215,0.75
3656,Male,21.0,Gujarat,ST,No,0.0,Production,1,6.96,63.85,250000.0,Yes,No,0,0,0,0,0,0,0,1,1,0,0,0,0,1,0,0,0,0,0,0,0,0,0,0,0,0,0,0,0,0,0,0,66.725,1,0,1,0,0,0,12.429220196836383,0.25
3657,Male,23.0,Karnataka,SC,No,0.0,Mechanical,1,7.77,67.98,800000.0,Yes,Yes,0,0,0,0,0,0,0,0,0,0,0,0,0,0,0,0,0,0,0,0,0,0,0,0,0,0,0,0,0,0,0,0,72.84,1,0,1,0,0,0,13.592368256649284,0.25
3658,Male,20.0,Uttar Pradesh,EWS,No,0.0,Mechanical,1,6.16,63.14,300000.0,Yes,Yes,0,0,0,0,1,0,0,1,1,0,0,0,1,0,0,0,0,0,0,0,0,0,0,0,0,0,0,0,0,0,0,0,62.370000000000005,1,0,1,0,0,0,12.611541086966115,0.25
3659,Female,18.0,Karnataka,OBC,No,0.0,CSE,3,6.39,64.44,1000000.0,No,No,0,0,0,0,0,0,0,0,0,0,0,0,0,0,0,0,0,0,0,0,0,0,0,0,0,0,0,0,0,0,0,0,64.17,0,0,0,0,0,0,13.815511557963774,0.75
3660,Female,21.0,Tamil Nadu,ST,No,0.0,Instrumentation,1,7.93,69.91,1000000.0,No,No,0,0,0,0,0,0,0,0,0,0,0,0,0,0,0,0,1,0,0,0,0,0,0,0,0,0,0,0,0,0,0,0,74.60499999999999,0,0,1,0,0,0,13.815511557963774,0.25
3661,Female,17.0,Telangana,SC,No,0.0,Production,1,8.26,78.12,120000.0,No,No,1,1,0,1,1,0,0,1,0,0,0,0,1,0,0,0,0,0,0,1,1,0,0,1,0,0,0,1,0,1,1,1,80.36,1,1,1,0,0,1,11.695255355062795,0.25
3662,Female,24.0,Other,ST,No,0.0,Science,4,6.95,66.76,300000.0,No,No,0,0,0,0,1,0,0,0,0,0,0,0,1,0,0,0,0,0,0,0,0,0,0,1,0,0,0,0,0,1,0,0,68.13,1,0,0,0,0,0,12.611541086966115,1.0
3663,Female,23.0,Telangana,ST,No,0.0,IT,3,8.07,78.79,150000.0,Yes,No,0,1,0,0,0,0,1,0,1,0,0,0,1,0,0,1,0,0,0,0,1,0,1,1,0,0,0,0,0,0,1,0,79.745,1,1,0,0,0,1,11.918397239722838,0.75
3664,Male,23.0,Telangana,SC,No,0.0,Mechanical,1,8.91,85.87,400000.0,No,Yes,0,0,0,0,1,0,0,1,1,0,0,0,1,0,1,0,0,0,0,0,0,0,0,0,0,0,0,0,0,1,0,1,87.485,0,1,1,0,0,0,12.899222326086994,0.25
3665,Female,25.0,Delhi,ST,No,0.0,Management,2,5.85,54.15,400000.0,No,No,0,0,0,0,0,0,0,0,0,0,0,0,0,0,0,0,0,0,0,0,0,0,0,0,0,0,0,0,0,0,0,0,56.325,0,0,0,0,0,0,12.899222326086994,0.5
3666,Female,19.0,Gujarat,General,No,0.0,Pharmacy,1,10.0,97.17,350000.0,Yes,No,0,0,0,0,1,0,0,0,0,0,0,0,1,0,0,0,1,0,0,0,0,0,0,0,1,0,0,0,0,0,0,1,98.58500000000001,1,1,1,0,0,1,12.765691290604371,0.25
3667,Male,25.0,Andhra Pradesh,SC,Yes,60.0,Management,2,10.0,98.0,250000.0,No,No,0,0,0,0,1,0,0,0,0,0,0,0,1,1,0,0,1,0,0,1,1,0,0,0,0,0,0,0,0,1,0,0,99.0,1,1,0,1,1,1,12.429220196836383,0.5
3668,Male,17.0,Karnataka,OBC,No,0.0,AI_DS,3,7.79,74.91,200000.0,Yes,Yes,0,1,0,0,1,0,0,0,0,0,0,0,0,0,0,0,1,0,0,0,0,0,0,0,0,0,0,0,0,1,0,0,76.405,1,0,0,0,0,0,12.206077645517674,0.75
3669,Male,25.0,Karnataka,EWS,No,0.0,Production,2,7.46,65.66,1500000.0,Yes,Yes,0,0,0,0,0,0,0,0,0,0,0,0,0,0,0,0,1,0,0,0,0,0,0,0,0,0,0,0,0,0,0,0,70.13,1,0,0,0,0,0,14.220976332738882,0.5
3670,Male,18.0,Delhi,SC,No,0.0,Medical,3,7.52,75.07,250000.0,No,No,0,0,0,0,0,0,0,0,0,0,0,0,0,1,0,0,0,0,0,0,1,0,0,0,0,0,0,0,0,0,0,0,75.13499999999999,1,0,0,0,0,0,12.429220196836383,0.75
3671,Female,22.0,Madhya Pradesh,OBC,No,0.0,Pharmacy,2,6.78,65.65,600000.0,No,Yes,0,0,0,0,0,0,0,0,0,0,0,0,0,0,0,0,0,0,0,0,0,0,0,0,0,0,0,0,0,0,0,0,66.725,0,0,0,0,0,0,13.304686600863562,0.5
3672,Female,18.0,Telangana,OBC,No,0.0,Science,3,8.52,78.21,350000.0,No,Yes,0,0,0,0,0,0,0,0,0,0,0,0,1,0,0,0,1,0,0,0,0,0,0,1,0,0,0,0,0,1,0,0,81.70499999999998,0,1,0,0,0,0,12.765691290604371,0.75
3673,Female,21.0,Tamil Nadu,EWS,No,0.0,Civil,4,6.96,63.07,1000000.0,Yes,Yes,0,0,0,0,0,0,0,0,0,0,0,0,0,0,0,0,0,0,0,0,0,0,0,0,0,0,0,0,0,0,0,0,66.335,1,0,0,0,0,0,13.815511557963774,1.0
3674,Female,22.0,Andhra Pradesh,ST,No,0.0,Commerce,2,6.51,57.98,800000.0,Yes,No,0,0,0,0,0,0,0,0,0,0,0,0,0,0,0,0,0,0,0,0,0,0,0,0,0,0,0,0,0,0,0,0,61.53999999999999,1,0,0,0,0,0,13.592368256649284,0.5
3675,Female,21.0,Rajasthan,ST,No,0.0,Electrical,3,6.42,65.25,800000.0,No,Yes,0,0,0,0,0,0,0,0,0,0,0,0,0,0,0,0,0,0,0,0,0,0,0,0,0,0,0,0,0,0,0,0,64.725,0,0,0,0,0,0,13.592368256649284,0.75
3676,Male,18.0,Andhra Pradesh,OBC,No,0.0,Commerce,3,6.4,61.18,800000.0,No,No,0,0,0,0,0,0,0,0,0,0,0,0,0,0,0,0,0,0,0,0,0,0,0,0,0,0,0,0,0,0,0,0,62.59,0,0,0,0,0,0,13.592368256649284,0.75
3677,Male,20.0,Andhra Pradesh,EWS,No,0.0,Commerce,3,6.9,69.09,1500000.0,Yes,No,0,0,0,0,0,0,0,0,0,0,0,0,0,0,0,0,0,0,0,0,0,0,0,0,0,0,0,0,0,0,0,0,69.045,1,0,0,0,0,0,14.220976332738882,0.75
3678,Female,20.0,Andhra Pradesh,ST,No,0.0,IT,1,9.07,88.76,1500000.0,Yes,Yes,0,0,0,0,0,0,0,1,0,0,0,0,0,0,0,0,1,0,0,0,0,0,0,0,0,0,0,0,0,0,0,0,89.73,1,1,1,0,0,1,14.220976332738882,0.25
3679,Female,18.0,Uttar Pradesh,General,No,0.0,Biotechnology,2,7.87,74.07,1500000.0,Yes,Yes,0,0,0,0,0,0,0,0,0,0,0,0,0,0,0,0,1,0,0,0,0,0,0,0,0,0,0,0,0,0,0,0,76.38499999999999,1,0,0,0,0,0,14.220976332738882,0.5
3680,Female,21.0,Rajasthan,OBC,No,0.0,Pharmacy,1,6.07,63.5,600000.0,Yes,No,0,0,0,0,0,0,0,0,0,0,0,0,0,0,0,0,0,0,0,0,0,0,0,0,0,0,0,0,0,0,0,0,62.1,1,0,1,0,0,0,13.304686600863562,0.25
3681,Female,23.0,Gujarat,SC,No,0.0,Instrumentation,4,6.59,64.6,1000000.0,Yes,Yes,0,0,0,0,0,0,0,0,0,0,0,0,0,0,0,0,0,0,0,0,0,0,0,0,0,0,0,0,0,0,0,0,65.25,1,0,0,0,0,0,13.815511557963774,1.0
3682,Male,18.0,Andhra Pradesh,SC,No,0.0,Civil,2,8.77,81.65,600000.0,Yes,No,0,0,0,0,0,0,1,0,1,0,0,0,0,0,0,0,1,0,0,0,0,0,0,0,0,0,0,0,0,0,0,0,84.675,1,1,0,0,0,1,13.304686600863562,0.5
3683,Male,25.0,Gujarat,SC,No,0.0,Electrical,4,8.75,85.42,150000.0,No,Yes,1,0,0,0,1,0,1,0,1,0,0,0,1,1,0,0,0,1,0,1,1,0,0,0,0,0,0,0,0,1,0,0,86.46000000000001,1,1,0,0,0,1,11.918397239722838,1.0
3684,Male,21.0,Maharashtra,OBC,No,0.0,Management,3,9.57,89.51,300000.0,No,Yes,0,0,0,0,1,0,0,0,0,0,0,0,1,0,0,0,1,0,0,0,0,0,0,0,0,0,0,0,0,1,0,0,92.605,1,1,0,0,0,1,12.611541086966115,0.75
3685,Female,21.0,Maharashtra,OBC,No,0.0,Chemical,2,5.96,55.1,1200000.0,No,Yes,0,0,0,0,0,0,0,0,0,0,0,0,0,0,0,0,0,0,0,0,0,0,0,0,0,0,0,0,0,0,0,0,57.35,0,0,0,0,0,0,13.997832948091215,0.5
3686,Female,21.0,Madhya Pradesh,General,No,0.0,Civil,2,7.75,73.8,150000.0,Yes,No,0,1,0,1,1,0,0,0,1,0,0,0,1,1,0,0,1,0,0,1,1,0,0,0,0,1,0,0,0,1,1,0,75.65,1,0,0,0,0,0,11.918397239722838,0.5
3687,Male,19.0,Telangana,SC,Yes,90.0,Civil,1,7.03,61.06,80000.0,Yes,No,0,0,0,0,1,0,0,1,1,0,0,0,1,1,0,0,0,0,0,0,0,0,0,0,0,0,0,0,1,1,0,0,65.68,1,0,1,1,1,0,11.289794413577894,0.25
3688,Female,18.0,Other,EWS,No,0.0,Biotechnology,2,8.06,82.49,150000.0,No,No,0,0,0,0,1,0,0,0,0,0,0,0,1,1,0,0,0,0,0,1,1,0,0,1,0,0,0,0,0,1,1,0,81.545,1,1,0,0,0,1,11.918397239722838,0.5
3689,Male,24.0,Andhra Pradesh,SC,No,0.0,Science,4,8.06,78.4,120000.0,No,Yes,0,0,0,0,0,0,0,0,0,0,0,0,0,0,0,0,0,0,0,0,1,0,0,0,0,0,0,0,0,1,0,0,79.5,1,1,0,0,0,1,11.695255355062795,1.0
3690,Female,22.0,Tamil Nadu,OBC,No,0.0,Chemical,1,8.19,79.0,250000.0,No,Yes,0,1,0,1,0,0,0,1,1,0,0,0,0,1,0,0,1,0,0,1,1,0,0,1,0,1,0,1,0,1,0,0,80.44999999999999,1,1,1,0,0,1,12.429220196836383,0.25
3691,Male,23.0,Andhra Pradesh,ST,No,0.0,Production,2,8.62,83.08,1200000.0,Yes,No,0,0,0,0,0,0,0,0,0,0,0,0,0,0,0,0,1,1,0,0,0,0,0,0,0,0,0,0,0,0,0,0,84.63999999999999,1,1,0,0,0,1,13.997832948091215,0.5
3692,Male,24.0,Maharashtra,OBC,No,0.0,Pharmacy,1,7.12,65.25,800000.0,Yes,Yes,0,0,0,0,0,0,0,0,0,0,0,0,0,0,0,0,1,0,0,0,0,0,0,0,0,0,0,0,0,0,0,0,68.225,1,0,1,0,0,0,13.592368256649284,0.25
3693,Female,20.0,Other,OBC,No,0.0,Commerce,2,7.2,69.34,400000.0,No,Yes,0,0,0,0,1,0,0,0,0,0,0,0,1,0,0,0,1,0,0,0,0,0,0,1,0,0,0,0,0,0,0,0,70.67,0,0,0,0,0,0,12.899222326086994,0.5
3694,Female,24.0,Tamil Nadu,OBC,No,0.0,AI_DS,2,7.12,68.58,600000.0,Yes,Yes,0,0,0,0,0,0,0,0,0,0,0,0,0,0,0,0,0,0,0,0,0,0,0,1,0,0,0,0,0,0,0,0,69.89,1,0,0,0,0,0,13.304686600863562,0.5
3695,Female,18.0,Uttar Pradesh,General,No,0.0,Science,3,8.03,78.78,600000.0,Yes,No,0,0,0,0,0,0,0,0,0,0,0,0,0,0,0,0,0,0,0,0,0,0,0,1,0,0,0,0,0,0,0,0,79.53999999999999,1,1,0,0,0,1,13.304686600863562,0.75
3696,Female,24.0,Other,General,No,0.0,Mechanical,1,9.04,86.11,1200000.0,Yes,No,0,0,0,0,0,0,0,1,0,0,0,0,0,0,0,0,1,0,0,0,0,0,0,0,0,0,0,0,0,0,0,0,88.255,1,1,1,0,0,1,13.997832948091215,0.25
3697,Male,21.0,Maharashtra,ST,No,0.0,Biotechnology,1,5.93,55.3,80000.0,Yes,No,0,0,0,0,0,0,0,0,0,0,0,0,0,1,0,0,0,0,0,0,0,0,0,0,0,0,0,0,0,0,0,0,57.3,1,0,1,0,0,0,11.289794413577894,0.25
3698,Female,20.0,Andhra Pradesh,SC,No,0.0,Medical,3,7.55,66.22,250000.0,No,Yes,0,0,0,0,1,0,0,0,0,0,0,0,1,0,0,0,1,0,0,1,1,0,0,1,0,0,0,0,0,1,0,0,70.86,1,0,0,0,0,0,12.429220196836383,0.75
3699,Male,23.0,Uttar Pradesh,General,No,0.0,Mechanical,1,9.17,87.54,800000.0,Yes,No,0,0,0,0,0,0,0,0,0,0,0,0,0,0,0,0,1,0,0,0,0,0,0,0,0,0,0,0,0,0,0,1,89.62,1,1,1,0,0,1,13.592368256649284,0.25
3700,Male,19.0,Tamil Nadu,ST,No,0.0,Production,3,7.96,79.72,150000.0,No,Yes,0,1,0,0,0,0,1,0,1,0,0,0,1,1,0,0,0,0,0,1,1,0,0,0,0,0,0,0,0,0,0,0,79.66,1,0,0,0,0,0,11.918397239722838,0.75
3701,Female,25.0,Madhya Pradesh,ST,No,0.0,Civil,2,6.74,65.75,500000.0,No,Yes,0,0,0,0,1,0,0,0,1,0,0,0,0,0,0,0,0,0,0,0,0,0,0,0,0,0,0,0,0,0,0,0,66.575,0,0,0,0,0,0,13.122365377402328,0.5
3702,Male,17.0,Maharashtra,EWS,Yes,40.0,Commerce,2,7.37,69.46,800000.0,Yes,No,0,0,0,0,0,0,0,0,0,0,0,0,0,0,0,0,0,0,0,0,0,1,0,0,0,0,0,0,0,0,0,0,71.58,1,0,0,1,1,0,13.592368256649284,0.5
3703,Female,24.0,Tamil Nadu,SC,No,0.0,Pharmacy,4,6.57,67.41,120000.0,No,Yes,0,0,0,0,1,0,0,0,0,0,0,0,1,1,0,0,0,0,0,1,0,0,0,1,0,0,0,0,0,0,0,0,66.555,1,0,0,0,0,0,11.695255355062795,1.0
3704,Female,24.0,Other,General,No,0.0,Instrumentation,4,7.05,69.07,800000.0,Yes,Yes,0,0,0,0,0,0,0,0,0,0,0,0,0,0,0,0,0,0,0,0,0,0,0,0,0,0,0,0,0,0,0,0,69.785,1,0,0,0,0,0,13.592368256649284,1.0
3705,Male,21.0,Andhra Pradesh,SC,No,0.0,Commerce,3,5.25,53.41,1500000.0,Yes,No,0,0,0,0,0,0,0,0,0,0,0,0,0,0,0,0,0,0,0,0,0,0,0,0,0,0,0,0,0,0,0,0,52.955,1,0,0,0,0,0,14.220976332738882,0.75
3706,Female,23.0,Karnataka,SC,No,0.0,Biotechnology,4,8.76,83.51,200000.0,No,Yes,0,0,0,0,1,0,0,0,0,0,0,0,1,1,0,0,1,0,0,1,1,0,0,1,0,0,0,0,0,1,1,0,85.555,1,1,0,0,0,1,12.206077645517674,1.0
3707,Female,18.0,Tamil Nadu,ST,No,0.0,Medical,3,7.23,69.89,1000000.0,No,No,0,0,0,0,0,0,0,0,0,0,0,0,0,0,0,0,0,0,0,0,0,0,0,0,0,0,0,0,0,0,0,0,71.095,0,0,0,0,0,0,13.815511557963774,0.75
3708,Female,23.0,Maharashtra,General,No,0.0,Production,2,10.0,89.71,400000.0,No,Yes,0,0,0,0,0,0,1,0,1,0,1,0,0,0,0,0,1,1,0,0,0,1,0,1,0,1,0,0,0,1,0,0,94.85499999999999,0,1,0,0,0,0,12.899222326086994,0.5
3709,Male,23.0,Telangana,EWS,No,0.0,Electrical,1,8.44,77.45,80000.0,Yes,Yes,1,1,0,0,1,0,0,1,1,0,0,0,1,1,0,1,1,0,0,1,0,0,0,0,0,0,0,0,0,0,0,0,80.925,1,1,1,0,0,1,11.289794413577894,0.25
3710,Male,22.0,Rajasthan,SC,No,0.0,Management,3,7.48,70.32,1500000.0,Yes,No,0,0,0,0,0,0,0,0,0,0,0,0,0,0,0,0,0,0,0,0,0,0,0,0,0,0,0,0,0,0,0,0,72.56,1,0,0,0,0,0,14.220976332738882,0.75
3711,Male,20.0,Tamil Nadu,ST,No,0.0,Instrumentation,1,6.99,66.37,350000.0,Yes,No,0,0,0,0,0,0,0,0,0,0,0,0,1,0,0,0,0,0,0,0,0,0,0,0,0,0,0,0,0,1,0,0,68.135,1,0,1,0,0,0,12.765691290604371,0.25
3712,Female,20.0,Maharashtra,OBC,No,0.0,Management,1,6.14,61.42,500000.0,Yes,Yes,0,0,0,0,1,0,0,1,0,0,0,0,0,0,0,0,0,0,0,0,0,0,0,1,0,0,0,0,0,0,0,0,61.41,1,0,1,0,0,0,13.122365377402328,0.25
3713,Female,19.0,Gujarat,EWS,No,0.0,ECE,1,5.35,52.44,600000.0,Yes,No,0,0,0,0,0,0,0,0,0,0,0,0,0,0,0,0,0,0,0,0,0,0,0,0,0,0,0,0,0,0,0,0,52.97,1,0,1,0,0,0,13.304686600863562,0.25
3714,Male,21.0,Other,OBC,No,0.0,Mechanical,3,7.11,64.03,80000.0,Yes,No,0,0,0,0,1,0,0,0,1,0,0,0,1,1,0,0,0,0,0,1,0,0,0,0,0,0,0,0,0,1,0,0,67.565,1,0,0,0,0,0,11.289794413577894,0.75
3715,Female,19.0,Delhi,SC,Yes,90.0,Commerce,3,7.74,68.86,200000.0,Yes,No,0,0,0,0,1,0,0,0,0,0,0,0,0,0,0,0,1,0,0,1,1,0,0,1,0,0,0,0,0,1,1,0,73.13,1,0,0,1,1,0,12.206077645517674,0.75
3716,Male,21.0,Tamil Nadu,ST,No,0.0,CSE,1,7.55,67.46,400000.0,Yes,No,0,0,0,0,1,0,0,0,0,0,0,0,1,0,0,0,1,0,0,0,0,0,0,0,0,0,0,0,0,1,0,0,71.47999999999999,1,0,1,0,0,0,12.899222326086994,0.25
3717,Female,23.0,Andhra Pradesh,ST,No,0.0,Chemical,2,8.05,73.7,350000.0,Yes,No,0,1,0,1,1,0,1,0,1,0,0,0,1,0,0,0,0,0,0,0,0,0,0,1,0,1,0,0,0,1,1,0,77.1,1,0,0,0,0,0,12.765691290604371,0.5
3718,Male,25.0,Andhra Pradesh,EWS,No,0.0,Pharmacy,1,6.96,67.0,500000.0,No,No,0,0,0,0,0,0,0,1,0,0,0,0,0,0,0,0,0,0,0,0,0,0,0,0,0,0,0,0,0,0,0,0,68.3,0,0,1,0,0,0,13.122365377402328,0.25
3719,Male,22.0,Other,ST,No,0.0,Management,2,7.49,62.24,350000.0,No,Yes,0,0,0,0,0,0,0,0,0,0,0,0,1,0,0,0,0,0,0,0,0,0,0,0,0,0,0,0,0,1,0,0,68.57000000000001,0,0,0,0,0,0,12.765691290604371,0.5
3720,Male,19.0,Maharashtra,ST,No,0.0,Mechanical,4,5.68,55.85,200000.0,No,No,0,0,0,0,0,0,0,0,0,0,0,0,0,0,0,0,0,0,0,0,0,0,0,0,0,0,0,0,0,0,0,0,56.325,1,0,0,0,0,0,12.206077645517674,1.0
3721,Male,24.0,Maharashtra,SC,No,0.0,Civil,2,9.62,98.0,250000.0,No,No,1,1,0,0,1,0,1,0,1,0,0,0,0,0,0,0,1,1,0,1,1,0,0,0,0,0,0,0,0,1,0,0,97.1,1,1,0,0,0,1,12.429220196836383,0.5
3722,Female,21.0,Rajasthan,General,No,0.0,Chemical,4,7.61,74.66,120000.0,Yes,No,0,1,0,0,0,0,0,0,1,0,0,0,1,1,0,0,0,0,0,1,1,0,0,1,0,0,0,0,0,1,1,0,75.38,1,0,0,0,0,0,11.695255355062795,1.0
3723,Female,19.0,Delhi,EWS,No,0.0,Management,2,5.36,55.43,250000.0,No,No,0,0,0,0,0,0,0,0,0,0,0,0,0,1,0,0,0,0,0,0,0,0,0,0,0,0,0,0,0,0,0,0,54.515,1,0,0,0,0,0,12.429220196836383,0.5
3724,Male,20.0,Other,EWS,No,0.0,Commerce,3,8.43,78.63,350000.0,Yes,Yes,0,0,0,0,0,0,0,0,0,0,0,0,1,0,0,0,1,0,0,0,0,0,0,0,0,0,0,0,0,1,0,0,81.465,1,1,0,0,0,1,12.765691290604371,0.75
3725,Female,21.0,Maharashtra,EWS,No,0.0,Production,2,7.49,84.55,1500000.0,Yes,Yes,0,0,0,0,0,0,0,0,0,0,0,0,0,0,0,0,1,0,0,0,0,0,0,0,0,0,0,0,0,0,0,0,79.725,1,0,0,0,0,0,14.220976332738882,0.5
3726,Male,18.0,Andhra Pradesh,EWS,No,0.0,Instrumentation,4,6.95,67.45,350000.0,Yes,Yes,0,0,0,0,0,0,0,0,1,0,0,0,0,0,0,0,0,0,0,0,0,0,0,0,0,0,0,0,0,1,0,0,68.475,1,0,0,0,0,0,12.765691290604371,1.0
3727,Male,24.0,Tamil Nadu,EWS,No,0.0,Production,1,6.22,62.15,120000.0,Yes,Yes,0,0,0,0,1,0,0,1,1,0,0,0,1,1,0,0,0,0,0,0,0,0,0,0,0,0,0,0,0,0,0,0,62.175,1,0,1,0,0,0,11.695255355062795,0.25
3728,Male,18.0,Andhra Pradesh,OBC,No,0.0,Pharmacy,2,6.23,56.03,80000.0,Yes,Yes,0,0,0,0,0,0,0,0,0,0,0,0,0,1,0,0,0,0,0,0,0,0,0,0,0,0,0,0,0,0,0,0,59.165000000000006,1,0,0,0,0,0,11.289794413577894,0.5
3729,Male,18.0,Madhya Pradesh,OBC,No,0.0,Civil,2,6.41,63.17,1500000.0,No,Yes,0,0,0,0,0,0,0,0,0,0,0,0,0,0,0,0,0,0,0,0,0,0,0,0,0,0,0,0,0,0,0,0,63.635,0,0,0,0,0,0,14.220976332738882,0.5
3730,Male,21.0,Maharashtra,EWS,No,0.0,AI_DS,2,6.76,60.18,400000.0,Yes,Yes,0,0,0,0,1,0,0,0,1,0,0,0,0,0,0,0,0,0,0,0,0,0,0,0,0,0,0,0,0,0,0,0,63.89,1,0,0,0,0,0,12.899222326086994,0.5
3731,Male,18.0,Delhi,EWS,No,0.0,Management,2,6.77,64.22,80000.0,Yes,Yes,0,0,0,0,1,0,0,0,0,0,0,0,1,1,0,0,0,0,0,1,0,0,0,0,0,0,0,0,0,0,0,0,65.96,1,0,0,0,0,0,11.289794413577894,0.5
3732,Female,17.0,Karnataka,General,No,0.0,Science,4,6.08,54.3,800000.0,No,No,0,0,0,0,0,0,0,0,0,0,0,0,0,0,0,0,0,0,0,0,0,0,0,0,0,0,0,0,0,0,0,0,57.55,0,0,0,0,0,0,13.592368256649284,1.0
3733,Male,17.0,Maharashtra,General,No,0.0,AI_DS,4,10.0,92.42,350000.0,No,Yes,0,0,0,0,0,0,1,0,1,0,0,0,0,0,0,0,1,0,0,0,0,1,0,0,0,0,0,0,0,1,0,0,96.21000000000001,0,1,0,0,0,0,12.765691290604371,1.0
3734,Male,21.0,Telangana,EWS,No,0.0,Civil,4,7.11,66.44,120000.0,No,Yes,1,0,0,0,1,0,0,0,1,0,0,0,1,1,0,0,0,0,0,1,0,0,0,0,0,0,0,0,0,0,0,0,68.77000000000001,1,0,0,0,0,0,11.695255355062795,1.0
3735,Female,21.0,Tamil Nadu,SC,No,0.0,CSE,1,6.99,68.27,400000.0,Yes,No,0,0,0,0,1,0,0,0,1,0,0,0,1,0,0,0,0,0,0,0,0,0,0,0,0,0,0,1,0,1,0,0,69.08500000000001,1,0,1,0,0,0,12.899222326086994,0.25
3736,Male,19.0,Tamil Nadu,OBC,No,0.0,Mechanical,1,8.64,81.16,1500000.0,No,Yes,0,0,0,0,0,0,0,0,0,0,0,0,0,0,0,0,1,0,0,0,0,0,0,0,0,0,0,0,0,0,0,0,83.78,0,1,1,0,0,0,14.220976332738882,0.25
3737,Male,20.0,Other,EWS,Yes,90.0,Civil,3,6.02,61.01,800000.0,Yes,Yes,0,0,0,0,0,0,0,0,0,0,0,0,0,0,0,0,0,0,0,0,0,0,0,0,0,0,0,0,1,0,0,0,60.605,1,0,0,1,1,0,13.592368256649284,0.75
3738,Male,19.0,Rajasthan,ST,No,0.0,CSE,1,7.39,75.4,300000.0,Yes,Yes,0,0,0,0,0,0,0,1,1,0,0,0,1,0,0,1,0,0,0,0,0,0,0,0,0,0,0,0,0,1,0,1,74.65,1,0,1,0,0,0,12.611541086966115,0.25
3739,Female,18.0,Delhi,OBC,No,0.0,Pharmacy,2,5.0,48.09,1000000.0,No,No,0,0,0,0,0,0,0,0,0,0,0,0,0,0,0,0,0,0,0,0,0,0,0,0,0,0,0,0,0,0,0,0,49.045,0,0,0,0,0,0,13.815511557963774,0.5
3740,Male,22.0,Gujarat,General,No,0.0,AI_DS,2,9.8,92.04,120000.0,Yes,No,1,1,0,0,0,0,1,0,1,0,0,0,1,1,0,1,1,0,0,1,0,0,0,0,0,0,0,0,0,1,0,0,95.02000000000001,1,1,0,0,0,1,11.695255355062795,0.5
3741,Female,22.0,Telangana,OBC,No,0.0,Civil,2,7.23,69.57,350000.0,No,Yes,0,0,0,0,0,0,0,0,0,0,0,0,1,0,0,0,0,0,0,0,0,0,0,0,0,0,0,0,0,1,0,0,70.935,0,0,0,0,0,0,12.765691290604371,0.5
3742,Male,18.0,Andhra Pradesh,ST,No,0.0,ECE,4,6.83,63.95,400000.0,No,Yes,0,0,0,0,0,0,0,0,1,0,0,0,1,0,0,0,0,0,0,0,0,0,0,0,0,0,0,0,0,0,0,0,66.125,0,0,0,0,0,0,12.899222326086994,1.0
3743,Male,19.0,Madhya Pradesh,General,No,0.0,Medical,3,7.09,65.47,1200000.0,Yes,No,0,0,0,0,0,0,0,0,0,0,0,0,0,0,0,0,0,0,0,0,0,0,0,0,0,0,0,0,0,0,0,0,68.185,1,0,0,0,0,0,13.997832948091215,0.75
3744,Female,20.0,Maharashtra,OBC,No,0.0,Chemical,1,8.97,86.6,400000.0,No,Yes,0,0,0,1,0,0,0,1,1,0,0,0,1,0,0,0,0,0,0,0,0,0,0,1,1,1,0,1,0,1,1,1,88.15,0,1,1,0,0,0,12.899222326086994,0.25
3745,Male,21.0,Other,General,No,0.0,Civil,1,7.8,76.53,600000.0,No,Yes,0,0,0,0,0,0,0,0,1,0,0,0,0,0,0,0,0,0,0,0,0,0,0,0,0,0,0,0,0,0,0,0,77.265,0,0,1,0,0,0,13.304686600863562,0.25
3746,Male,22.0,Maharashtra,ST,No,0.0,Biotechnology,1,7.18,65.89,350000.0,No,No,0,0,0,0,1,0,0,0,0,0,0,0,0,0,0,0,0,0,0,0,0,0,0,0,0,0,0,0,0,0,0,0,68.845,0,0,1,0,0,0,12.765691290604371,0.25
3747,Male,25.0,Maharashtra,ST,No,0.0,Science,1,6.78,64.42,200000.0,No,No,1,0,0,0,1,0,0,1,0,0,0,0,1,1,0,0,0,0,0,0,0,0,0,0,0,0,0,0,0,0,0,0,66.11,1,0,1,0,0,0,12.206077645517674,0.25
3748,Female,24.0,Uttar Pradesh,ST,Yes,40.0,Production,1,6.23,57.68,800000.0,No,No,0,0,0,0,0,0,0,0,0,0,0,0,0,0,0,0,0,0,0,0,0,0,0,0,0,0,0,0,1,0,0,0,59.99,0,0,1,1,1,0,13.592368256649284,0.25
3749,Female,21.0,Maharashtra,SC,No,0.0,Production,3,6.88,71.73,300000.0,Yes,Yes,1,0,0,0,1,0,0,0,1,0,0,0,1,0,0,0,0,0,0,0,0,0,0,1,0,0,0,0,0,1,0,0,70.265,1,0,0,0,0,0,12.611541086966115,0.75
3750,Female,19.0,Tamil Nadu,OBC,No,0.0,Science,2,7.49,46.96,1000000.0,Yes,Yes,0,0,0,0,0,0,0,0,0,0,0,0,0,0,0,0,1,0,0,0,0,0,0,0,0,0,0,0,0,0,0,0,60.93000000000001,1,0,0,0,0,0,13.815511557963774,0.5
3751,Male,18.0,Delhi,OBC,No,0.0,Pharmacy,1,7.49,91.28,120000.0,Yes,Yes,0,0,0,0,1,0,0,1,0,0,0,0,1,1,0,0,1,0,1,1,1,0,0,0,0,0,0,0,0,1,0,1,83.09,1,0,1,0,0,0,11.695255355062795,0.25
3752,Male,21.0,Maharashtra,ST,No,0.0,Medical,1,8.4,80.1,120000.0,Yes,No,1,0,0,0,1,0,0,1,0,0,0,0,1,1,0,0,1,0,1,1,0,0,0,0,0,0,0,0,0,0,0,0,82.05,1,1,1,0,0,1,11.695255355062795,0.25
3753,Male,19.0,Telangana,General,No,0.0,AI_DS,1,6.7,71.2,800000.0,No,No,0,0,0,0,0,0,0,0,0,0,0,0,0,0,0,0,0,0,0,0,0,0,0,0,0,0,0,0,0,0,0,1,69.1,0,0,1,0,0,0,13.592368256649284,0.25
3754,Female,18.0,Rajasthan,ST,Yes,60.0,Instrumentation,3,7.75,71.3,1200000.0,No,No,0,0,0,0,0,0,1,0,0,0,0,0,0,0,0,0,0,0,0,0,0,0,0,0,0,0,0,0,0,0,0,0,74.4,0,0,0,1,1,0,13.997832948091215,0.75
3755,Female,20.0,Other,General,No,0.0,Instrumentation,1,6.54,60.63,400000.0,Yes,No,0,0,0,0,0,0,0,0,0,0,0,0,1,0,0,0,0,0,0,0,0,0,0,1,0,0,0,1,0,0,0,0,63.015,1,0,1,0,0,0,12.899222326086994,0.25
3756,Female,25.0,Other,General,No,0.0,ECE,1,9.59,98.0,120000.0,Yes,No,0,0,0,1,1,0,0,1,1,1,0,0,0,1,1,0,1,0,1,1,1,0,0,1,1,1,0,1,0,1,1,1,96.95,1,1,1,0,0,1,11.695255355062795,0.25
3757,Female,23.0,Tamil Nadu,ST,No,0.0,Commerce,1,7.76,72.33,600000.0,No,Yes,0,0,0,0,0,0,0,0,0,0,0,0,0,0,0,0,0,0,0,0,0,0,0,0,0,0,0,0,0,0,0,1,74.965,0,0,1,0,0,0,13.304686600863562,0.25
3758,Female,23.0,Maharashtra,General,No,0.0,CSE,1,6.09,59.26,400000.0,No,No,0,0,0,0,0,0,0,0,0,0,0,0,0,0,0,0,0,0,0,0,0,1,0,0,0,0,0,0,0,0,0,0,60.08,0,0,1,0,0,0,12.899222326086994,0.25
3759,Female,18.0,Tamil Nadu,ST,No,0.0,IT,2,9.64,90.84,150000.0,Yes,Yes,0,1,0,1,1,0,1,0,1,0,1,0,0,1,0,0,1,0,0,1,0,0,1,1,0,1,0,1,0,1,1,0,93.62,1,1,0,0,0,1,11.918397239722838,0.5
3760,Female,22.0,Karnataka,SC,No,0.0,Mechanical,4,5.0,49.51,400000.0,Yes,No,0,0,0,0,0,0,0,0,0,0,0,0,0,0,0,0,0,0,0,0,0,0,0,0,0,0,0,0,0,0,0,0,49.754999999999995,1,0,0,0,0,0,12.899222326086994,1.0
3761,Male,19.0,Maharashtra,EWS,No,0.0,Mechanical,3,8.68,77.7,500000.0,No,Yes,0,0,0,0,0,0,1,0,1,0,0,0,0,0,0,0,0,0,0,0,0,0,0,0,0,0,0,0,0,0,0,0,82.25,0,1,0,0,0,0,13.122365377402328,0.75
3762,Female,25.0,Tamil Nadu,OBC,No,0.0,Mechanical,2,7.71,74.6,200000.0,No,No,0,0,0,1,1,0,0,0,1,0,0,0,1,1,0,0,0,1,0,0,0,0,0,1,0,0,0,1,0,0,0,0,75.85,1,0,0,0,0,0,12.206077645517674,0.5
3763,Male,19.0,Telangana,General,No,0.0,Production,4,7.41,68.02,800000.0,No,Yes,0,0,0,0,0,0,0,0,0,0,0,0,0,0,0,0,0,0,0,0,0,0,0,0,0,0,0,0,0,0,0,0,71.06,0,0,0,0,0,0,13.592368256649284,1.0
3764,Female,23.0,Telangana,EWS,No,0.0,Electrical,4,8.72,71.2,200000.0,Yes,No,1,1,0,0,1,0,0,0,1,0,0,0,1,1,0,0,1,1,0,0,1,0,0,1,0,0,1,0,0,1,1,0,79.2,1,0,0,0,0,0,12.206077645517674,1.0
3765,Female,22.0,Gujarat,OBC,No,0.0,Commerce,4,5.72,48.19,350000.0,Yes,Yes,0,0,0,0,0,0,0,0,0,0,0,0,0,0,0,0,0,0,0,0,0,0,0,0,0,0,0,0,0,0,0,0,52.69499999999999,1,0,0,0,0,0,12.765691290604371,1.0
3766,Female,20.0,Madhya Pradesh,OBC,No,0.0,Chemical,1,9.01,87.44,350000.0,Yes,Yes,0,1,0,1,1,0,0,1,0,0,0,0,1,0,1,0,1,0,0,0,0,0,0,1,1,1,0,1,0,1,1,0,88.77,1,1,1,0,0,1,12.765691290604371,0.25
3767,Male,23.0,Andhra Pradesh,OBC,No,0.0,IT,1,7.61,70.97,250000.0,Yes,Yes,0,1,0,0,1,0,0,1,1,1,0,0,1,1,0,0,0,0,0,1,1,0,0,0,0,0,0,0,0,0,0,0,73.535,1,0,1,0,0,0,12.429220196836383,0.25
3768,Female,23.0,Karnataka,SC,No,0.0,Biotechnology,2,6.87,62.04,350000.0,No,Yes,0,0,0,0,0,0,0,0,0,0,0,0,1,0,0,0,0,0,0,0,0,0,0,0,0,0,0,0,0,0,0,0,65.37,0,0,0,0,0,0,12.765691290604371,0.5
3769,Female,19.0,Delhi,EWS,No,0.0,Civil,2,6.98,59.95,300000.0,No,Yes,0,0,0,0,0,0,0,0,1,0,0,0,1,0,0,0,0,0,0,0,0,0,0,0,0,0,0,0,0,0,0,0,64.875,1,0,0,0,0,0,12.611541086966115,0.5
3770,Female,21.0,Telangana,SC,No,0.0,ECE,3,6.62,61.96,350000.0,No,No,0,0,0,0,1,0,0,0,1,0,0,0,0,0,0,0,0,0,0,0,0,0,0,0,0,0,0,0,0,0,0,0,64.08,0,0,0,0,0,0,12.765691290604371,0.75
3771,Male,18.0,Rajasthan,General,No,0.0,Instrumentation,3,8.23,78.07,350000.0,No,No,0,1,0,0,1,0,1,0,0,0,0,0,1,0,0,0,0,0,0,0,0,0,0,0,0,0,0,0,0,1,0,0,80.185,0,1,0,0,0,0,12.765691290604371,0.75
3772,Female,19.0,Rajasthan,EWS,No,0.0,Chemical,2,8.45,84.32,1500000.0,No,No,0,0,0,0,0,0,0,0,0,0,0,0,0,0,0,0,1,0,0,0,0,0,0,0,0,0,0,0,0,0,0,0,84.41,0,1,0,0,0,0,14.220976332738882,0.5
3773,Male,25.0,Rajasthan,SC,No,0.0,ECE,1,8.77,84.73,350000.0,No,No,0,0,0,0,0,0,0,1,1,0,0,0,0,0,0,0,1,0,0,0,0,0,0,0,0,0,0,0,0,1,0,1,86.215,0,1,1,0,0,0,12.765691290604371,0.25
3774,Male,21.0,Other,ST,No,0.0,CSE,2,7.51,68.4,250000.0,No,Yes,0,0,0,0,0,0,0,0,1,0,0,0,0,1,0,0,0,0,0,0,1,0,0,0,0,0,0,0,0,1,0,0,71.75,1,0,0,0,0,0,12.429220196836383,0.5
3775,Female,20.0,Other,EWS,No,0.0,Management,3,8.39,84.74,1200000.0,Yes,No,0,0,0,0,0,0,0,0,0,0,0,0,0,0,0,0,0,0,0,0,0,0,0,0,0,0,0,0,0,0,0,0,84.32,1,1,0,0,0,1,13.997832948091215,0.75
3776,Male,17.0,Maharashtra,ST,No,0.0,ECE,3,7.91,80.9,300000.0,Yes,Yes,0,0,0,0,1,0,0,0,0,0,0,0,1,0,0,0,1,0,0,0,0,0,0,0,0,0,0,0,0,1,0,0,80.0,1,0,0,0,0,0,12.611541086966115,0.75
3777,Female,24.0,Uttar Pradesh,OBC,No,0.0,Production,1,5.67,50.4,300000.0,No,Yes,0,0,0,0,0,0,0,0,0,0,0,0,0,0,0,0,0,0,0,0,0,0,0,0,0,0,0,0,0,0,0,0,53.55,1,0,1,0,0,0,12.611541086966115,0.25
3778,Female,22.0,Karnataka,General,Yes,70.0,AI_DS,2,8.53,81.83,250000.0,No,No,0,1,0,0,1,1,1,0,1,0,1,0,0,0,0,0,1,0,0,1,1,0,1,1,0,0,0,1,1,0,1,0,83.565,1,1,0,1,1,1,12.429220196836383,0.5
3779,Male,24.0,Delhi,ST,No,0.0,Chemical,2,9.08,86.21,1000000.0,Yes,No,0,0,0,0,0,0,0,0,0,0,0,0,0,0,0,0,1,0,0,0,0,0,0,0,0,0,0,0,0,0,0,0,88.505,1,1,0,0,0,1,13.815511557963774,0.5
3780,Female,23.0,Maharashtra,ST,No,0.0,Medical,1,6.46,60.73,1000000.0,Yes,No,0,0,0,0,0,0,0,0,0,0,0,0,0,0,0,0,0,0,0,0,0,0,0,0,0,0,0,0,0,0,0,0,62.66499999999999,1,0,1,0,0,0,13.815511557963774,0.25
3781,Female,20.0,Tamil Nadu,SC,No,0.0,Electrical,1,5.66,50.38,500000.0,No,Yes,0,0,0,0,0,0,0,0,0,0,0,0,0,0,0,0,0,0,0,0,0,0,0,0,0,0,0,0,0,0,0,0,53.49,0,0,1,0,0,0,13.122365377402328,0.25
3782,Female,22.0,Maharashtra,ST,No,0.0,Instrumentation,4,8.67,84.98,120000.0,No,Yes,1,1,0,0,1,0,0,0,1,0,0,0,0,1,0,1,1,0,0,0,0,0,0,1,0,0,1,0,0,1,1,0,85.84,1,1,0,0,0,1,11.695255355062795,1.0
3783,Male,18.0,Gujarat,SC,Yes,80.0,Civil,1,7.94,70.27,350000.0,Yes,Yes,0,0,0,0,0,0,0,1,1,0,0,0,1,0,0,0,0,0,0,0,0,0,0,0,0,0,0,0,1,1,0,0,74.83500000000001,1,0,1,1,1,0,12.765691290604371,0.25
3784,Female,17.0,Gujarat,ST,No,0.0,Commerce,2,7.07,71.2,800000.0,Yes,Yes,0,0,0,0,0,0,0,0,0,0,0,0,0,0,0,0,1,0,0,0,0,0,0,0,0,0,0,0,0,0,0,0,70.95,1,0,0,0,0,0,13.592368256649284,0.5
3785,Male,17.0,Delhi,ST,No,0.0,Instrumentation,3,8.91,82.89,150000.0,No,Yes,0,0,0,0,0,0,1,0,1,0,0,0,1,1,0,0,1,0,0,1,1,0,0,0,0,0,0,0,0,0,0,0,85.995,1,1,0,0,0,1,11.918397239722838,0.75
3786,Female,23.0,Andhra Pradesh,EWS,No,0.0,Science,3,6.2,58.99,150000.0,Yes,Yes,0,0,0,0,0,0,0,0,0,0,0,0,0,0,0,0,0,0,0,0,0,0,0,0,0,0,0,0,0,0,0,0,60.495000000000005,1,0,0,0,0,0,11.918397239722838,0.75
3787,Male,21.0,Rajasthan,SC,No,0.0,Electrical,3,6.73,68.39,350000.0,Yes,No,0,0,0,0,1,0,0,0,1,0,0,0,1,0,0,0,0,0,0,0,0,0,0,0,0,0,0,0,0,1,0,0,67.845,1,0,0,0,0,0,12.765691290604371,0.75
3788,Male,24.0,Gujarat,OBC,No,0.0,Commerce,1,6.62,58.69,1000000.0,No,No,0,0,0,0,0,0,0,0,0,0,0,0,0,0,0,0,0,0,0,0,0,0,0,0,0,0,0,0,0,0,0,0,62.445,0,0,1,0,0,0,13.815511557963774,0.25
3789,Male,25.0,Madhya Pradesh,EWS,No,0.0,Instrumentation,4,5.0,47.41,300000.0,No,No,0,0,0,0,0,0,0,0,0,0,0,0,0,0,0,0,0,0,0,0,0,0,0,0,0,0,0,0,0,0,0,0,48.705,1,0,0,0,0,0,12.611541086966115,1.0
3790,Male,24.0,Uttar Pradesh,EWS,No,0.0,Production,1,6.83,71.2,300000.0,No,No,0,0,0,0,0,0,0,0,1,0,0,0,0,0,0,0,0,0,0,0,0,0,0,0,0,0,0,0,0,0,0,1,69.75,1,0,1,0,0,0,12.611541086966115,0.25
3791,Female,24.0,Other,EWS,No,0.0,Civil,4,8.93,86.84,400000.0,No,Yes,0,0,0,0,0,0,1,0,1,0,0,0,1,0,0,0,1,1,0,0,0,0,0,1,0,0,0,0,0,0,1,0,88.07,0,1,0,0,0,0,12.899222326086994,1.0
3792,Female,21.0,Other,General,Yes,70.0,Civil,3,7.47,75.06,1000000.0,Yes,No,0,0,0,0,0,0,0,0,0,0,0,0,0,0,0,0,0,0,0,0,0,0,0,0,0,0,0,0,0,0,0,0,74.88,1,0,0,1,1,0,13.815511557963774,0.75
3793,Male,21.0,Karnataka,EWS,No,0.0,Production,3,8.3,76.38,1200000.0,No,Yes,0,0,0,0,0,0,0,0,0,0,0,0,0,0,0,0,0,0,0,0,0,0,0,0,0,0,0,0,0,0,0,0,79.69,0,1,0,0,0,0,13.997832948091215,0.75
3794,Male,25.0,Madhya Pradesh,General,No,0.0,Medical,4,6.25,61.83,1000000.0,Yes,No,0,0,0,0,0,0,0,0,0,0,0,0,0,0,0,0,0,0,0,0,0,0,0,0,0,0,0,0,0,0,0,0,62.165,1,0,0,0,0,0,13.815511557963774,1.0
3795,Male,22.0,Telangana,ST,No,0.0,Medical,1,7.98,76.32,400000.0,No,Yes,0,0,0,0,0,0,0,0,0,0,0,0,1,0,0,0,0,0,0,0,0,0,0,0,0,0,0,0,0,0,0,0,78.06,0,0,1,0,0,0,12.899222326086994,0.25
3796,Male,18.0,Maharashtra,General,No,0.0,Electrical,4,6.48,63.38,150000.0,Yes,No,0,0,0,0,1,0,0,0,1,0,0,0,1,1,0,0,0,0,0,0,0,0,0,0,0,0,0,0,0,0,0,0,64.09,1,0,0,0,0,0,11.918397239722838,1.0
3797,Female,21.0,Rajasthan,EWS,Yes,90.0,Electrical,3,6.59,62.3,300000.0,No,Yes,0,0,0,0,1,0,0,0,1,0,0,0,0,0,0,0,0,0,0,1,0,0,0,0,0,0,0,0,1,0,0,0,64.1,1,0,0,1,1,0,12.611541086966115,0.75
3798,Female,20.0,Madhya Pradesh,ST,No,0.0,Biotechnology,2,9.24,85.8,1200000.0,No,Yes,0,0,0,0,0,0,0,0,0,0,0,0,0,0,0,0,1,0,0,0,0,0,0,0,0,0,0,0,0,0,0,0,89.1,0,1,0,0,0,0,13.997832948091215,0.5
3799,Female,24.0,Maharashtra,SC,Yes,60.0,Commerce,3,5.61,50.14,1200000.0,No,No,0,0,0,0,0,0,0,0,0,0,0,0,0,0,0,0,0,0,0,0,0,0,0,0,0,0,0,0,0,0,0,0,53.120000000000005,0,0,0,1,1,0,13.997832948091215,0.75
3800,Male,24.0,Telangana,EWS,No,0.0,Pharmacy,2,8.69,83.32,300000.0,Yes,Yes,1,0,0,0,0,0,0,0,0,0,0,0,1,0,0,0,1,0,0,1,0,0,0,0,0,0,0,0,0,1,0,0,85.10999999999999,1,1,0,0,0,1,12.611541086966115,0.5
3801,Male,22.0,Delhi,SC,No,0.0,IT,1,7.35,68.3,800000.0,No,No,0,0,0,0,0,0,0,1,0,0,0,0,0,0,0,0,1,0,0,0,0,0,0,0,0,0,0,0,0,0,0,0,70.9,0,0,1,0,0,0,13.592368256649284,0.25
3802,Male,19.0,Tamil Nadu,EWS,No,0.0,Mechanical,3,8.08,74.21,600000.0,No,No,0,0,0,0,0,0,0,0,1,0,0,0,0,0,0,0,0,0,0,0,0,0,0,0,0,0,0,0,0,0,0,0,77.505,0,0,0,0,0,0,13.304686600863562,0.75
3803,Male,20.0,Uttar Pradesh,ST,No,0.0,IT,2,7.87,72.57,350000.0,Yes,No,0,1,0,0,0,0,1,0,1,0,0,0,0,0,0,0,0,0,0,0,0,0,0,0,0,0,0,0,0,1,0,0,75.63499999999999,1,0,0,0,0,0,12.765691290604371,0.5
3804,Female,17.0,Tamil Nadu,General,No,0.0,Instrumentation,1,6.42,59.08,300000.0,Yes,Yes,0,0,0,0,0,0,0,0,0,0,0,0,0,0,0,0,0,0,0,0,0,0,0,0,0,0,0,0,0,0,0,0,61.64,1,0,1,0,0,0,12.611541086966115,0.25
3805,Female,19.0,Andhra Pradesh,EWS,No,0.0,Management,3,7.05,66.83,200000.0,No,Yes,0,0,0,0,1,0,0,0,0,0,0,0,1,1,0,0,1,0,0,1,1,0,0,1,0,0,0,0,0,1,0,0,68.66499999999999,1,0,0,0,0,0,12.206077645517674,0.75
3806,Male,24.0,Andhra Pradesh,OBC,No,0.0,Chemical,4,7.78,62.84,120000.0,No,Yes,0,0,0,0,1,0,0,0,0,0,0,0,0,1,0,0,0,0,0,0,0,0,0,0,0,0,0,0,0,1,0,0,70.32,1,0,0,0,0,0,11.695255355062795,1.0
3807,Female,19.0,Maharashtra,SC,No,0.0,Pharmacy,2,6.53,60.86,350000.0,No,Yes,0,0,0,0,0,0,0,0,0,0,0,0,1,0,0,0,0,0,0,0,0,0,0,0,0,0,0,0,0,0,0,0,63.08,0,0,0,0,0,0,12.765691290604371,0.5
3808,Male,21.0,Andhra Pradesh,General,No,0.0,Management,4,9.31,85.2,200000.0,No,Yes,0,0,0,0,1,0,0,0,0,0,0,0,1,1,0,0,1,0,0,1,0,0,0,0,0,0,0,0,0,1,0,0,89.15,1,1,0,0,0,1,12.206077645517674,1.0
3809,Male,23.0,Madhya Pradesh,EWS,No,0.0,Civil,2,7.7,77.64,1000000.0,Yes,No,0,0,0,0,0,0,1,0,0,0,0,0,0,0,0,0,1,0,0,0,0,0,0,0,0,0,0,0,0,0,0,0,77.32,1,0,0,0,0,0,13.815511557963774,0.5
3810,Male,18.0,Tamil Nadu,General,No,0.0,Medical,1,5.92,57.42,200000.0,Yes,Yes,0,0,0,0,0,0,0,0,0,0,0,0,0,0,0,0,0,0,0,0,0,0,0,0,0,0,0,0,0,0,0,0,58.31,1,0,1,0,0,0,12.206077645517674,0.25
3811,Male,25.0,Madhya Pradesh,SC,No,0.0,Chemical,2,6.54,60.62,350000.0,No,Yes,0,0,0,0,0,0,0,0,1,0,0,0,1,0,0,0,0,0,0,0,0,0,0,0,0,0,0,0,0,0,0,0,63.010000000000005,0,0,0,0,0,0,12.765691290604371,0.5
3812,Male,17.0,Other,EWS,No,0.0,AI_DS,2,6.54,59.93,400000.0,Yes,Yes,0,0,0,0,0,0,0,0,0,0,0,0,1,0,0,0,0,0,0,0,0,0,0,0,0,0,0,0,0,0,0,0,62.665000000000006,1,0,0,0,0,0,12.899222326086994,0.5
3813,Male,17.0,Uttar Pradesh,OBC,No,0.0,Management,4,10.0,97.53,400000.0,No,No,0,0,0,0,1,0,0,0,0,0,0,0,0,0,0,0,1,0,0,0,0,0,0,0,0,0,0,0,0,1,0,0,98.765,0,1,0,0,0,0,12.899222326086994,1.0
3814,Female,20.0,Andhra Pradesh,SC,No,0.0,Science,4,8.82,85.27,250000.0,No,No,0,0,0,0,1,0,0,0,0,0,0,0,1,0,0,0,1,0,0,0,1,0,0,1,0,0,0,0,0,1,1,0,86.735,1,1,0,0,0,1,12.429220196836383,1.0
3815,Female,22.0,Uttar Pradesh,General,No,0.0,ECE,3,7.49,54.1,1200000.0,No,Yes,0,0,0,0,0,0,0,0,0,0,0,0,0,0,0,0,1,0,0,0,0,0,0,0,0,0,0,0,0,0,0,0,64.5,0,0,0,0,0,0,13.997832948091215,0.75
3816,Female,18.0,Rajasthan,General,No,0.0,Civil,3,8.79,80.94,300000.0,Yes,Yes,0,1,0,0,1,0,1,0,1,0,0,0,0,0,0,1,1,1,0,1,0,0,0,1,0,0,0,0,0,1,0,0,84.41999999999999,1,1,0,0,0,1,12.611541086966115,0.75
3817,Male,25.0,Uttar Pradesh,OBC,No,0.0,Production,2,8.66,84.38,800000.0,Yes,Yes,0,0,0,0,0,0,1,0,0,0,0,0,0,0,0,0,1,1,0,0,0,0,0,0,0,0,0,0,0,0,0,0,85.49,1,1,0,0,0,1,13.592368256649284,0.5
3818,Female,18.0,Telangana,EWS,No,0.0,CSE,4,9.72,91.09,80000.0,Yes,No,1,1,0,0,1,0,1,0,1,0,1,0,0,1,0,1,1,0,0,1,1,0,1,1,0,0,0,0,0,1,1,0,94.14500000000001,1,1,0,0,0,1,11.289794413577894,1.0
3819,Female,17.0,Andhra Pradesh,OBC,No,0.0,Commerce,1,6.18,57.63,350000.0,No,No,0,0,0,0,0,0,0,0,0,0,0,0,0,0,0,0,0,0,0,0,0,0,0,0,0,0,0,0,0,0,0,0,59.715,0,0,1,0,0,0,12.765691290604371,0.25
3820,Male,22.0,Other,General,No,0.0,Chemical,3,9.22,82.1,1500000.0,No,No,0,0,0,0,0,0,0,0,0,0,0,0,0,0,0,0,1,0,0,0,0,0,0,0,0,0,0,0,0,0,0,0,87.15,0,1,0,0,0,0,14.220976332738882,0.75
3821,Male,18.0,Andhra Pradesh,SC,No,0.0,Production,3,5.02,47.96,800000.0,Yes,No,0,0,0,0,0,0,0,0,0,0,0,0,0,0,0,0,0,0,0,0,0,0,0,0,0,0,0,0,0,0,0,0,49.08,1,0,0,0,0,0,13.592368256649284,0.75
3822,Female,20.0,Maharashtra,OBC,No,0.0,IT,4,6.97,66.24,600000.0,No,No,0,0,0,0,0,0,0,0,1,0,0,0,0,0,0,0,0,0,0,0,0,0,0,0,0,0,0,0,0,0,0,0,67.97,0,0,0,0,0,0,13.304686600863562,1.0
3823,Male,22.0,Gujarat,General,No,0.0,Pharmacy,2,8.63,80.33,400000.0,No,Yes,0,0,0,0,1,0,0,0,0,0,0,0,1,0,0,0,1,0,0,0,0,0,0,0,0,0,0,0,0,1,0,0,83.315,0,1,0,0,0,0,12.899222326086994,0.5
3824,Male,22.0,Delhi,OBC,No,0.0,AI_DS,3,5.25,56.01,1500000.0,No,Yes,0,0,0,0,0,0,0,0,0,0,0,0,0,0,0,0,0,0,0,0,0,0,0,0,0,0,0,0,0,0,0,0,54.254999999999995,0,0,0,0,0,0,14.220976332738882,0.75
3825,Female,22.0,Uttar Pradesh,EWS,No,0.0,Instrumentation,3,6.3,56.67,1500000.0,No,No,0,0,0,0,0,0,0,0,0,0,0,0,0,0,0,0,0,0,0,0,0,0,0,0,0,0,0,0,0,0,0,0,59.835,0,0,0,0,0,0,14.220976332738882,0.75
3826,Female,23.0,Telangana,SC,No,0.0,CSE,1,8.82,82.64,250000.0,Yes,No,1,1,0,1,1,1,0,1,1,0,0,0,1,0,1,1,1,0,1,1,1,0,0,0,0,0,0,0,0,1,1,1,85.42,1,1,1,0,0,1,12.429220196836383,0.25
3827,Male,21.0,Gujarat,EWS,No,0.0,Pharmacy,3,7.42,71.94,250000.0,No,Yes,1,0,0,0,1,0,0,0,0,0,0,0,1,1,0,0,1,0,0,0,1,0,0,0,0,0,0,0,0,1,0,0,73.07,1,0,0,0,0,0,12.429220196836383,0.75
3828,Male,25.0,Uttar Pradesh,ST,No,0.0,Pharmacy,1,8.8,82.6,120000.0,No,No,0,0,0,0,1,0,0,1,0,0,0,0,1,1,0,0,1,0,1,0,0,0,0,0,0,0,0,0,0,1,0,0,85.3,1,1,1,0,0,1,11.695255355062795,0.25
3829,Female,17.0,Uttar Pradesh,OBC,No,0.0,Electrical,3,9.32,82.13,80000.0,Yes,Yes,0,1,0,0,1,0,1,0,1,0,1,0,0,0,0,0,1,0,0,1,0,0,0,1,0,0,0,0,0,1,1,0,87.66499999999999,1,1,0,0,0,1,11.289794413577894,0.75
3830,Male,21.0,Other,General,No,0.0,IT,4,8.41,77.38,200000.0,No,No,0,1,0,0,1,0,0,0,1,0,0,0,1,1,0,0,0,0,0,1,1,0,0,0,0,0,0,0,0,1,0,0,80.74,1,1,0,0,0,1,12.206077645517674,1.0
3831,Male,20.0,Rajasthan,ST,No,0.0,Chemical,1,9.15,87.35,1000000.0,No,Yes,0,0,0,0,0,0,0,0,0,0,0,0,0,0,0,0,1,0,0,0,0,0,0,0,0,0,0,0,0,0,0,0,89.425,0,1,1,0,0,0,13.815511557963774,0.25
3832,Male,23.0,Telangana,SC,No,0.0,Mechanical,4,6.69,65.54,300000.0,No,Yes,0,0,0,0,1,0,0,0,1,0,0,0,0,0,0,0,0,0,0,1,0,0,0,0,0,0,0,0,0,1,0,0,66.22,1,0,0,0,0,0,12.611541086966115,1.0
3833,Male,19.0,Delhi,ST,No,0.0,Biotechnology,1,8.57,83.34,300000.0,Yes,No,0,0,0,0,0,0,0,0,0,0,0,0,1,0,0,0,0,0,1,1,0,0,0,0,0,0,0,0,0,1,0,0,84.52000000000001,1,1,1,0,0,1,12.611541086966115,0.25
3834,Female,25.0,Delhi,General,No,0.0,Science,1,7.49,58.02,1000000.0,No,No,0,0,0,0,0,0,0,0,0,0,0,0,0,0,0,0,1,0,0,0,0,0,0,0,0,0,0,0,0,0,0,0,66.46000000000001,0,0,1,0,0,0,13.815511557963774,0.25
3835,Female,23.0,Rajasthan,ST,No,0.0,Chemical,1,7.5,71.13,600000.0,Yes,No,0,0,0,0,0,0,0,0,1,0,0,0,0,0,0,0,0,0,0,0,0,0,0,0,0,0,0,1,0,0,0,1,73.065,1,0,1,0,0,0,13.304686600863562,0.25
3836,Male,23.0,Maharashtra,ST,No,0.0,Biotechnology,3,8.4,73.76,300000.0,Yes,No,1,0,0,0,0,0,0,0,0,0,0,0,1,0,0,0,0,0,0,1,0,0,0,0,0,0,0,0,0,1,0,0,78.88,1,0,0,0,0,0,12.611541086966115,0.75
3837,Male,18.0,Karnataka,OBC,No,0.0,Commerce,2,7.9,74.18,150000.0,Yes,No,0,0,0,0,0,0,0,0,0,0,0,0,1,1,0,0,0,0,0,1,1,0,0,0,0,0,0,0,0,0,0,0,76.59,1,0,0,0,0,0,11.918397239722838,0.5
3838,Female,18.0,Delhi,OBC,No,0.0,Medical,1,6.49,71.2,600000.0,Yes,Yes,0,0,0,0,0,0,0,0,0,0,0,0,0,0,0,0,0,0,0,0,0,0,0,1,0,0,0,0,0,0,0,1,68.05000000000001,1,0,1,0,0,0,13.304686600863562,0.25
3839,Male,23.0,Uttar Pradesh,ST,No,0.0,Chemical,4,7.24,57.98,600000.0,No,No,0,0,0,0,0,0,0,0,0,0,0,0,0,0,0,0,1,0,0,0,0,0,0,0,0,0,0,0,0,0,0,0,65.19,0,0,0,0,0,0,13.304686600863562,1.0
3840,Female,25.0,Other,EWS,No,0.0,Civil,1,6.66,60.64,600000.0,No,Yes,0,0,0,0,0,0,0,0,1,0,0,0,0,0,0,0,0,0,0,0,0,0,0,0,0,0,0,1,0,0,0,0,63.62,0,0,1,0,0,0,13.304686600863562,0.25
3841,Male,22.0,Gujarat,ST,No,0.0,Instrumentation,2,8.14,74.91,350000.0,Yes,Yes,0,0,0,0,1,0,0,0,1,0,0,0,1,0,0,0,1,0,0,0,0,0,0,0,0,0,0,0,0,1,0,0,78.155,1,0,0,0,0,0,12.765691290604371,0.5
3842,Female,18.0,Andhra Pradesh,SC,No,0.0,CSE,1,7.24,73.41,150000.0,No,No,0,0,0,1,0,1,0,1,1,1,0,0,1,1,0,0,0,0,0,1,0,0,0,1,0,0,0,0,0,0,0,0,72.905,1,0,1,0,0,0,11.918397239722838,0.25
3843,Female,17.0,Rajasthan,ST,No,0.0,ECE,1,8.69,85.26,600000.0,No,Yes,0,0,0,0,0,0,0,1,1,0,0,0,0,0,1,0,1,0,0,0,0,0,0,1,0,0,0,1,0,0,0,1,86.08,0,1,1,0,0,0,13.304686600863562,0.25
3844,Female,17.0,Delhi,SC,No,0.0,Production,4,7.49,67.18,80000.0,No,Yes,0,0,0,0,1,0,0,0,1,0,0,0,0,1,0,0,1,0,0,1,0,0,0,0,0,0,0,0,0,0,1,0,71.04,1,0,0,0,0,0,11.289794413577894,1.0
3845,Male,20.0,Maharashtra,ST,No,0.0,Commerce,4,7.22,68.0,200000.0,No,No,0,0,0,0,1,0,0,0,0,0,0,0,1,0,0,0,1,0,0,1,0,0,0,0,0,0,0,0,0,0,0,0,70.1,1,0,0,0,0,0,12.206077645517674,1.0
3846,Female,22.0,Andhra Pradesh,EWS,No,0.0,Mechanical,3,7.99,74.11,1200000.0,Yes,Yes,0,0,0,0,0,0,0,0,0,0,0,0,0,0,0,0,1,0,0,0,0,0,0,0,0,0,0,0,0,0,0,0,77.005,1,0,0,0,0,0,13.997832948091215,0.75
3847,Female,17.0,Maharashtra,OBC,No,0.0,Mechanical,4,9.29,87.77,200000.0,Yes,Yes,1,1,0,0,1,0,1,0,1,0,1,0,1,1,0,1,1,1,0,1,1,0,0,1,0,0,0,0,0,1,1,0,90.335,1,1,0,0,0,1,12.206077645517674,1.0
3848,Male,21.0,Delhi,OBC,No,0.0,Chemical,4,8.24,82.65,200000.0,No,Yes,0,1,0,0,1,0,0,0,0,0,0,0,1,1,0,0,1,0,0,1,1,0,0,0,0,0,0,0,0,0,0,0,82.525,1,1,0,0,0,1,12.206077645517674,1.0
3849,Male,22.0,Andhra Pradesh,General,No,0.0,Electrical,1,8.74,78.8,200000.0,Yes,No,0,1,0,0,1,0,0,1,1,1,0,0,1,1,0,1,1,0,0,1,1,0,0,0,0,0,0,0,0,1,0,0,83.1,1,1,1,0,0,1,12.206077645517674,0.25
3850,Female,25.0,Other,ST,No,0.0,AI_DS,3,8.03,78.84,200000.0,Yes,Yes,0,0,0,0,1,0,0,0,1,0,0,0,1,0,0,1,0,0,0,1,1,0,0,1,0,0,0,0,0,0,1,0,79.57,1,1,0,0,0,1,12.206077645517674,0.75
3851,Male,19.0,Delhi,General,No,0.0,CSE,2,8.57,78.08,800000.0,No,No,0,0,0,0,0,0,1,0,0,0,0,0,0,0,0,0,1,0,0,0,0,0,0,0,0,0,0,0,0,0,0,0,81.89,0,1,0,0,0,0,13.592368256649284,0.5
3852,Female,23.0,Karnataka,ST,No,0.0,Chemical,4,6.71,66.73,150000.0,Yes,Yes,0,0,0,0,1,0,0,0,0,0,0,0,1,0,0,0,0,0,0,1,0,0,0,0,0,0,0,0,0,1,1,0,66.91499999999999,1,0,0,0,0,0,11.918397239722838,1.0
3853,Male,23.0,Madhya Pradesh,EWS,No,0.0,Biotechnology,1,6.59,61.71,200000.0,Yes,No,0,0,0,0,1,0,0,1,0,0,0,0,1,1,0,0,0,0,0,1,0,0,0,0,0,0,0,0,0,0,0,0,63.80500000000001,1,0,1,0,0,0,12.206077645517674,0.25
3854,Male,19.0,Other,EWS,No,0.0,CSE,2,9.39,89.06,400000.0,No,Yes,0,0,0,0,1,0,1,0,1,0,0,0,0,0,0,0,0,0,0,0,0,0,0,0,0,0,0,0,0,0,0,0,91.48,0,1,0,0,0,0,12.899222326086994,0.5
3855,Female,20.0,Other,General,No,0.0,Electrical,3,6.63,60.35,1000000.0,No,Yes,0,0,0,0,0,0,0,0,0,0,0,0,0,0,0,0,0,0,0,0,0,0,0,0,0,0,0,0,0,0,0,0,63.325,0,0,0,0,0,0,13.815511557963774,0.75
3856,Female,22.0,Andhra Pradesh,ST,No,0.0,Biotechnology,1,7.9,71.05,1500000.0,Yes,Yes,0,0,0,0,0,0,0,1,0,0,0,0,0,0,0,0,1,0,0,0,0,0,0,0,0,0,0,0,0,0,0,0,75.025,1,0,1,0,0,0,14.220976332738882,0.25
3857,Female,23.0,Delhi,ST,No,0.0,Science,1,7.2,69.4,150000.0,No,No,0,0,0,0,1,0,0,1,0,0,0,0,1,0,0,0,0,0,0,1,0,0,0,0,0,0,0,0,0,1,0,1,70.7,1,0,1,0,0,0,11.918397239722838,0.25
3858,Male,21.0,Uttar Pradesh,SC,No,0.0,AI_DS,3,9.06,88.07,150000.0,Yes,Yes,0,1,0,0,1,0,1,0,1,0,0,0,0,1,0,1,1,0,0,1,1,0,0,0,0,0,0,0,0,1,0,0,89.33500000000001,1,1,0,0,0,1,11.918397239722838,0.75
3859,Male,18.0,Madhya Pradesh,General,No,0.0,Science,4,6.64,71.2,350000.0,No,No,0,0,0,0,0,0,0,0,0,0,0,0,0,0,0,0,0,0,0,0,0,0,0,0,0,0,0,0,0,0,0,0,68.8,0,0,0,0,0,0,12.765691290604371,1.0
3860,Male,20.0,Andhra Pradesh,General,No,0.0,Pharmacy,4,7.14,64.12,350000.0,No,Yes,0,0,0,0,0,0,0,0,0,0,0,0,0,0,0,0,0,0,0,0,0,0,0,0,0,0,0,0,0,1,0,0,67.75999999999999,0,0,0,0,0,0,12.765691290604371,1.0
3861,Male,40.0,Andhra Pradesh,General,No,0.0,Biotechnology,3,7.29,73.57,1000000.0,Yes,Yes,0,0,0,0,0,0,0,0,0,0,0,0,0,0,0,0,0,0,0,0,0,0,0,0,0,0,0,0,0,0,0,0,73.235,1,0,0,0,0,0,13.815511557963774,0.75
3862,Female,25.0,Telangana,EWS,No,0.0,Civil,3,7.7,73.19,1000000.0,No,No,0,0,0,0,0,0,0,0,0,0,0,0,0,0,0,0,0,0,0,0,0,0,0,0,0,0,0,0,0,0,0,0,75.095,0,0,0,0,0,0,13.815511557963774,0.75
3863,Female,23.0,Andhra Pradesh,General,No,0.0,Production,4,9.46,85.58,50000000.0,No,Yes,0,0,0,0,0,0,1,0,0,0,1,0,0,0,0,0,0,1,0,0,0,0,0,0,0,0,1,0,0,0,0,0,90.09,0,1,0,0,0,0,17.72753358339242,1.0
3864,Male,18.0,Madhya Pradesh,EWS,No,0.0,Medical,4,5.96,51.77,500000.0,Yes,Yes,0,0,0,0,0,0,0,0,0,0,0,0,0,0,0,0,0,0,0,0,0,0,0,0,0,0,0,0,0,0,0,0,55.685,1,0,0,0,0,0,13.122365377402328,1.0
3865,Male,22.0,Uttar Pradesh,OBC,No,0.0,CSE,1,7.95,76.02,600000.0,No,Yes,0,0,0,0,0,0,0,0,1,0,0,0,0,0,0,0,1,0,0,0,0,0,0,0,0,0,0,0,0,0,0,0,77.75999999999999,0,0,1,0,0,0,13.304686600863562,0.25
3866,Male,24.0,Maharashtra,ST,No,0.0,Biotechnology,2,9.35,89.56,350000.0,Yes,No,0,0,0,0,1,0,0,0,0,0,0,0,1,0,0,0,1,0,0,0,0,0,0,0,0,0,0,0,0,1,0,0,91.53,1,1,0,0,0,1,12.765691290604371,0.5
3867,Male,24.0,Gujarat,General,No,0.0,CSE,2,7.02,66.7,350000.0,Yes,Yes,0,0,0,0,1,0,0,0,1,0,0,0,1,0,0,0,0,0,0,0,0,0,0,0,0,0,0,0,0,1,0,0,68.44999999999999,1,0,0,0,0,0,12.765691290604371,0.5
3868,Male,19.0,Maharashtra,EWS,No,0.0,Medical,4,7.64,67.56,350000.0,Yes,No,0,0,0,0,1,0,0,0,0,0,0,0,0,0,0,0,0,0,0,0,0,1,0,0,0,0,0,0,0,1,0,0,71.97999999999999,1,0,0,0,0,0,12.765691290604371,1.0
3869,Male,17.0,Karnataka,ST,No,0.0,Instrumentation,2,10.0,96.56,350000.0,No,No,0,1,0,0,0,0,1,0,1,0,0,0,0,0,0,0,1,0,0,0,0,0,0,0,0,0,0,0,0,0,0,0,98.28,0,1,0,0,0,0,12.765691290604371,0.5
3870,Female,17.0,Tamil Nadu,General,No,0.0,CSE,3,7.75,75.47,350000.0,No,No,0,1,0,0,0,0,0,0,1,0,0,0,1,0,0,0,0,0,0,0,0,0,1,1,0,0,0,0,0,0,0,0,76.485,0,0,0,0,0,0,12.765691290604371,0.75
3871,Female,20.0,Uttar Pradesh,ST,No,0.0,IT,3,8.35,78.9,350000.0,No,No,0,1,0,0,1,0,0,0,1,0,0,0,0,0,0,0,0,0,0,0,0,0,1,1,0,0,1,0,0,0,1,0,81.2,0,1,0,0,0,0,12.765691290604371,0.75
3872,Male,20.0,Rajasthan,ST,No,0.0,CSE,3,6.74,65.83,250000.0,No,No,0,0,0,0,1,0,0,0,1,0,0,0,0,1,0,0,0,0,0,1,0,0,0,0,0,0,0,0,0,0,0,0,66.61500000000001,1,0,0,0,0,0,12.429220196836383,0.75
3873,Male,17.0,Madhya Pradesh,EWS,No,0.0,Commerce,1,7.96,73.19,350000.0,Yes,No,0,0,0,0,1,0,0,1,0,0,0,0,1,0,0,0,0,0,0,0,0,0,0,0,0,0,0,0,0,1,0,0,76.395,1,0,1,0,0,0,12.765691290604371,0.25
3874,Male,18.0,Gujarat,EWS,No,0.0,Commerce,4,9.2,88.28,150000.0,No,No,1,0,0,0,1,0,0,0,0,0,0,0,1,1,0,0,1,0,0,1,0,0,0,0,0,0,0,0,0,1,0,0,90.14,1,1,0,0,0,1,11.918397239722838,1.0
3875,Female,25.0,Maharashtra,General,No,0.0,IT,3,8.38,83.79,80000.0,Yes,No,1,0,0,0,0,0,0,0,1,0,0,0,1,1,0,1,0,0,0,1,1,1,0,0,0,0,0,0,0,1,1,0,83.79500000000002,1,1,0,0,0,1,11.289794413577894,0.75
3876,Female,18.0,Madhya Pradesh,EWS,No,0.0,CSE,1,7.53,72.49,80000.0,Yes,Yes,0,1,0,1,1,1,0,1,1,0,0,0,0,1,0,0,0,0,0,1,0,0,0,1,0,0,0,0,0,1,1,0,73.895,1,0,1,0,0,0,11.289794413577894,0.25
3877,Male,24.0,Karnataka,EWS,No,0.0,Biotechnology,3,8.47,78.29,350000.0,No,Yes,0,0,0,0,0,0,0,0,0,0,0,0,1,0,0,0,0,0,0,0,0,0,0,0,0,0,0,0,0,1,0,0,81.495,0,1,0,0,0,0,12.765691290604371,0.75
3878,Female,24.0,Telangana,OBC,No,0.0,Production,1,7.56,72.2,500000.0,No,No,0,0,0,0,0,0,0,0,1,0,0,0,0,0,0,0,0,0,0,0,0,0,0,0,0,0,0,0,0,0,0,1,73.9,0,0,1,0,0,0,13.122365377402328,0.25
3879,Male,18.0,Uttar Pradesh,EWS,No,0.0,Medical,4,6.35,67.28,120000.0,Yes,Yes,0,0,0,0,0,0,0,0,0,0,0,0,1,1,0,0,0,0,0,0,0,0,0,0,0,0,0,0,0,1,0,0,65.39,1,0,0,0,0,0,11.695255355062795,1.0
3880,Male,20.0,Maharashtra,SC,No,0.0,Instrumentation,2,5.81,51.3,300000.0,Yes,Yes,0,0,0,0,0,0,0,0,0,0,0,0,0,0,0,0,0,0,0,0,0,0,0,0,0,0,0,0,0,0,0,0,54.699999999999996,1,0,0,0,0,0,12.611541086966115,0.5
3881,Male,17.0,Karnataka,SC,No,0.0,CSE,3,9.08,88.4,150000.0,No,Yes,0,1,0,0,1,0,1,0,1,0,0,0,1,1,0,0,1,0,0,0,1,0,0,0,0,0,0,0,0,1,0,0,89.6,1,1,0,0,0,1,11.918397239722838,0.75
3882,Male,22.0,Uttar Pradesh,ST,No,0.0,IT,2,6.27,61.39,1200000.0,Yes,Yes,0,0,0,0,0,0,0,0,0,0,0,0,0,0,0,0,0,0,0,0,0,0,0,0,0,0,0,0,0,0,0,0,62.045,1,0,0,0,0,0,13.997832948091215,0.5
3883,Female,23.0,Tamil Nadu,ST,No,0.0,IT,4,9.26,87.88,1500000.0,Yes,No,0,0,0,0,0,0,1,0,0,0,1,0,0,0,0,0,1,0,0,0,0,0,1,0,0,0,1,0,0,0,0,0,90.24,1,1,0,0,0,1,14.220976332738882,1.0
3884,Male,20.0,Telangana,General,No,0.0,Management,2,10.0,89.83,500000.0,No,No,0,0,0,0,0,0,0,0,0,0,0,0,0,0,0,0,1,0,0,0,0,0,0,0,0,0,0,0,0,0,0,0,94.91499999999999,0,1,0,0,0,0,13.122365377402328,0.5
3885,Female,20.0,Maharashtra,EWS,No,0.0,Civil,4,8.33,71.2,350000.0,Yes,Yes,0,1,0,0,1,0,0,0,1,0,0,0,1,0,0,0,1,0,0,0,0,1,0,0,0,0,0,0,0,1,1,0,77.25,1,0,0,0,0,0,12.765691290604371,1.0
3886,Female,17.0,Gujarat,ST,No,0.0,Production,2,8.57,80.8,80000.0,No,Yes,0,1,0,1,0,0,1,0,1,0,0,0,1,1,0,0,1,1,0,1,1,0,0,1,0,1,0,1,0,0,0,0,83.25,1,1,0,0,0,1,11.289794413577894,0.5
3887,Female,21.0,Delhi,General,No,0.0,ECE,2,7.15,69.26,200000.0,Yes,Yes,0,0,0,0,1,0,0,0,1,0,0,0,1,0,0,0,0,0,0,0,1,0,0,1,0,0,0,0,0,1,0,0,70.38,1,0,0,0,0,0,12.206077645517674,0.5
3888,Female,25.0,Andhra Pradesh,General,No,0.0,Science,4,8.48,82.37,1500000.0,No,No,0,0,0,0,0,0,0,0,0,0,0,0,0,0,0,0,0,0,0,0,0,0,0,0,0,0,0,0,0,0,0,0,83.58500000000001,0,1,0,0,0,0,14.220976332738882,1.0
3889,Male,19.0,Other,EWS,No,0.0,Electrical,1,8.75,80.07,1500000.0,Yes,Yes,0,0,0,0,0,0,0,0,0,0,0,0,0,0,0,0,1,0,0,0,0,0,0,0,0,0,0,0,0,0,0,0,83.785,1,1,1,0,0,1,14.220976332738882,0.25
3890,Male,25.0,Tamil Nadu,SC,No,0.0,Instrumentation,1,7.23,65.86,300000.0,Yes,Yes,0,0,0,0,0,0,0,0,1,0,0,0,1,0,0,0,0,0,0,1,0,0,0,0,0,0,0,0,0,1,0,1,69.08000000000001,1,0,1,0,0,0,12.611541086966115,0.25
3891,Male,20.0,Andhra Pradesh,General,No,0.0,Management,4,7.04,69.93,120000.0,Yes,No,0,0,0,0,1,0,0,0,0,0,0,0,1,1,0,0,0,0,0,1,1,0,0,0,0,0,0,0,0,0,0,0,70.165,1,0,0,0,0,0,11.695255355062795,1.0
3892,Female,19.0,Andhra Pradesh,SC,No,0.0,Science,1,7.63,80.31,200000.0,No,No,0,0,0,0,1,0,0,1,0,0,0,0,1,0,0,0,0,0,0,1,0,0,0,1,0,0,0,0,0,1,1,1,78.305,1,0,1,0,0,0,12.206077645517674,0.25
3893,Female,21.0,Telangana,SC,No,0.0,Chemical,3,7.73,73.61,200000.0,No,No,0,1,0,0,1,0,0,0,1,0,0,0,1,0,0,0,1,0,0,0,0,0,0,0,0,0,0,0,0,0,1,0,75.45500000000001,1,0,0,0,0,0,12.206077645517674,0.75
3894,Male,22.0,Tamil Nadu,SC,No,0.0,Chemical,2,7.63,70.57,1500000.0,No,Yes,0,0,0,0,0,0,0,0,0,0,0,0,0,0,0,0,0,0,0,0,0,0,0,0,0,0,0,0,0,0,0,0,73.435,0,0,0,0,0,0,14.220976332738882,0.5
3895,Female,17.0,Rajasthan,EWS,No,0.0,ECE,1,7.43,71.2,1500000.0,Yes,No,0,0,0,0,0,0,0,0,0,0,0,0,0,0,0,0,0,0,0,0,0,0,0,0,0,0,0,0,0,0,0,0,72.75,1,0,1,0,0,0,14.220976332738882,0.25
3896,Female,24.0,Karnataka,OBC,No,0.0,Pharmacy,1,7.64,70.2,350000.0,No,No,0,0,0,0,0,0,0,0,0,0,0,0,0,0,0,0,1,0,0,0,0,0,0,0,0,0,0,0,0,0,1,0,73.3,0,0,1,0,0,0,12.765691290604371,0.25
3897,Female,23.0,Tamil Nadu,General,No,0.0,IT,4,6.39,59.35,1200000.0,Yes,Yes,0,0,0,0,0,0,0,0,0,0,0,0,0,0,0,0,0,0,0,0,0,0,0,0,0,0,0,0,0,0,0,0,61.625,1,0,0,0,0,0,13.997832948091215,1.0
3898,Male,18.0,Uttar Pradesh,OBC,No,0.0,Biotechnology,1,7.59,75.69,150000.0,No,No,0,0,0,0,1,0,0,0,0,0,0,0,1,1,0,0,1,0,0,1,0,0,0,0,0,0,0,0,0,0,0,0,75.795,1,0,1,0,0,0,11.918397239722838,0.25
3899,Female,17.0,Karnataka,SC,No,0.0,CSE,4,5.89,55.0,200000.0,Yes,Yes,0,0,0,0,0,0,0,0,0,0,0,0,0,1,0,0,0,0,0,0,0,0,0,0,0,0,0,0,0,0,0,0,56.95,1,0,0,0,0,0,12.206077645517674,1.0
3900,Male,20.0,Telangana,EWS,No,0.0,Pharmacy,2,7.67,67.36,250000.0,No,No,0,0,0,0,1,0,0,0,0,0,0,0,0,1,0,0,0,0,0,1,0,0,0,0,0,0,0,0,0,0,0,0,72.03,1,0,0,0,0,0,12.429220196836383,0.5
3901,Male,22.0,Rajasthan,SC,No,0.0,Biotechnology,4,6.5,71.2,1500000.0,Yes,No,0,0,0,0,0,0,0,0,0,0,0,0,0,0,0,0,0,0,0,0,0,0,0,0,0,0,0,0,0,0,0,0,68.1,1,0,0,0,0,0,14.220976332738882,1.0
3902,Male,25.0,Delhi,General,No,0.0,Civil,2,6.54,62.71,250000.0,Yes,No,0,0,0,0,1,0,0,0,1,0,0,0,0,0,0,0,0,0,0,0,0,0,0,0,0,0,0,0,0,0,0,0,64.055,1,0,0,0,0,0,12.429220196836383,0.5
3903,Male,23.0,Rajasthan,EWS,No,0.0,Medical,2,7.31,67.78,1000000.0,No,No,0,0,0,0,0,0,0,0,0,0,0,0,0,0,0,0,0,0,0,0,0,0,0,0,0,0,0,0,0,0,0,0,70.44,0,0,0,0,0,0,13.815511557963774,0.5
3904,Female,24.0,Maharashtra,OBC,No,0.0,Civil,4,8.01,81.26,80000.0,Yes,No,1,0,0,0,0,0,0,0,1,0,0,0,1,1,0,1,0,0,0,1,0,0,0,1,0,0,0,0,0,1,1,0,80.68,1,1,0,0,0,1,11.289794413577894,1.0
3905,Female,24.0,Delhi,ST,No,0.0,Mechanical,4,9.47,84.2,500000.0,Yes,Yes,0,0,0,0,1,0,1,0,1,0,1,0,0,0,0,0,1,1,0,0,0,0,0,0,0,0,1,0,0,0,0,0,89.45,1,1,0,0,0,1,13.122365377402328,1.0
3906,Male,19.0,Gujarat,EWS,No,0.0,AI_DS,2,8.19,77.27,1000000.0,Yes,Yes,0,0,0,0,0,0,0,0,0,0,0,0,0,0,0,0,0,0,0,0,0,0,0,0,0,0,0,0,0,0,0,0,79.585,1,1,0,0,0,1,13.815511557963774,0.5
3907,Male,23.0,Gujarat,SC,No,0.0,Instrumentation,1,7.69,71.86,500000.0,No,No,0,0,0,0,0,0,0,0,1,0,0,0,0,0,0,0,1,0,0,0,0,0,0,0,0,0,0,0,0,0,0,1,74.38,0,0,1,0,0,0,13.122365377402328,0.25
3908,Female,22.0,Telangana,General,No,0.0,Mechanical,3,7.64,73.03,350000.0,Yes,Yes,0,1,0,0,1,0,1,0,1,0,0,0,1,0,0,0,1,0,0,0,0,0,0,1,0,0,0,0,0,1,1,0,74.715,1,0,0,0,0,0,12.765691290604371,0.75
3909,Female,17.0,Maharashtra,OBC,No,0.0,Production,1,6.81,62.01,200000.0,Yes,Yes,0,0,0,0,1,0,0,1,1,0,0,0,1,1,0,0,0,0,0,0,0,1,0,1,0,0,0,0,0,0,0,0,65.05499999999999,1,0,1,0,0,0,12.206077645517674,0.25
3910,Female,24.0,Karnataka,SC,No,0.0,CSE,3,6.96,66.82,400000.0,No,No,0,0,0,0,1,0,0,0,0,0,0,0,0,0,0,0,0,0,0,0,0,0,0,0,0,0,0,0,0,1,0,0,68.21,0,0,0,0,0,0,12.899222326086994,0.75
3911,Female,18.0,Andhra Pradesh,EWS,No,0.0,Commerce,2,7.49,80.65,120000.0,Yes,Yes,0,0,0,0,1,0,0,0,0,0,0,0,0,1,0,0,0,0,0,1,1,0,0,1,0,0,0,0,0,0,1,0,77.775,1,0,0,0,0,0,11.695255355062795,0.5
3912,Female,17.0,Delhi,ST,No,0.0,Commerce,3,6.91,66.5,350000.0,No,Yes,0,0,0,0,0,0,0,0,0,0,0,0,0,0,0,0,0,0,0,0,0,0,0,1,0,0,0,0,0,0,0,0,67.8,0,0,0,0,0,0,12.765691290604371,0.75
3913,Female,24.0,Andhra Pradesh,General,No,0.0,Mechanical,2,8.66,85.77,80000.0,Yes,No,0,1,0,1,1,0,0,0,0,0,0,0,1,1,0,1,1,0,0,1,0,0,0,1,0,1,0,1,0,0,0,0,86.185,1,1,0,0,0,1,11.289794413577894,0.5
3914,Female,19.0,Delhi,EWS,No,0.0,Chemical,4,7.43,69.92,400000.0,Yes,No,0,0,0,0,1,0,0,0,0,0,0,0,1,0,0,0,0,0,0,0,0,0,0,0,0,0,0,0,0,1,1,0,72.11,1,0,0,0,0,0,12.899222326086994,1.0
3915,Male,18.0,Andhra Pradesh,OBC,No,0.0,Chemical,4,7.73,69.99,80000.0,Yes,No,0,0,0,0,1,0,0,0,0,0,0,0,1,0,0,0,0,0,0,1,1,0,0,0,0,0,0,0,0,1,0,0,73.64500000000001,1,0,0,0,0,0,11.289794413577894,1.0
3916,Male,23.0,Gujarat,EWS,No,0.0,Production,2,7.27,71.3,1000000.0,No,No,0,0,0,0,0,0,0,0,0,0,0,0,0,0,0,0,0,0,0,0,0,0,0,0,0,0,0,0,0,0,0,0,72.0,0,0,0,0,0,0,13.815511557963774,0.5
3917,Male,25.0,Telangana,ST,No,0.0,AI_DS,1,8.27,77.75,350000.0,Yes,No,0,0,0,0,1,0,0,0,0,0,0,0,1,0,0,0,0,0,0,0,0,0,0,0,0,0,0,0,0,1,0,0,80.225,1,1,1,0,0,1,12.765691290604371,0.25
3918,Male,17.0,Maharashtra,General,No,0.0,ECE,4,7.76,71.25,350000.0,Yes,No,0,1,0,0,1,0,1,0,1,0,0,0,1,0,0,0,0,0,0,0,0,1,0,0,0,0,0,0,0,0,0,0,74.425,1,0,0,0,0,0,12.765691290604371,1.0
3919,Female,19.0,Gujarat,EWS,No,0.0,Biotechnology,3,8.34,79.0,120000.0,No,Yes,1,0,0,0,0,0,0,0,0,0,0,0,1,1,0,0,0,0,0,1,1,0,0,1,0,0,0,0,0,1,1,0,81.2,1,1,0,0,0,1,11.695255355062795,0.75
3920,Female,24.0,Uttar Pradesh,ST,No,0.0,Pharmacy,1,7.17,67.03,1200000.0,Yes,Yes,0,0,0,0,0,0,0,1,0,0,0,0,0,0,0,0,1,0,0,0,0,0,0,0,0,0,0,0,0,0,0,0,69.36500000000001,1,0,1,0,0,0,13.997832948091215,0.25
3921,Female,25.0,Andhra Pradesh,General,Yes,80.0,Commerce,1,7.42,69.15,1000000.0,Yes,Yes,0,0,0,0,0,0,0,0,0,0,0,0,0,0,0,0,1,0,0,0,0,0,0,0,0,0,0,0,0,0,0,0,71.67500000000001,1,0,1,1,1,0,13.815511557963774,0.25
3922,Female,17.0,Telangana,ST,No,0.0,ECE,4,8.29,77.57,250000.0,No,Yes,0,1,0,0,0,0,1,0,1,0,0,0,1,0,0,0,0,0,0,1,1,0,0,1,0,0,0,0,0,1,1,0,80.23499999999999,1,1,0,0,0,1,12.429220196836383,1.0
3923,Male,23.0,Gujarat,SC,No,0.0,CSE,4,7.49,93.79,350000.0,No,No,0,1,0,0,0,0,0,0,0,0,0,0,1,0,0,0,1,0,0,0,0,0,0,0,0,0,0,0,0,0,0,0,84.345,0,0,0,0,0,0,12.765691290604371,1.0
3924,Female,24.0,Karnataka,OBC,No,0.0,Commerce,3,6.43,61.29,80000.0,Yes,No,0,0,0,0,1,0,0,0,0,0,0,0,0,1,0,0,0,0,0,0,0,0,0,0,0,0,0,0,0,0,0,0,62.795,1,0,0,0,0,0,11.289794413577894,0.75
3925,Male,20.0,Delhi,EWS,No,0.0,Instrumentation,3,6.72,62.86,1500000.0,Yes,No,0,0,0,0,0,0,0,0,0,0,0,0,0,0,0,0,0,0,0,0,0,0,0,0,0,0,0,0,0,0,0,0,65.03,1,0,0,0,0,0,14.220976332738882,0.75
3926,Male,18.0,Other,General,No,0.0,Mechanical,3,9.9,93.13,80000.0,Yes,Yes,0,1,0,0,1,0,1,0,0,0,0,0,1,1,0,1,0,1,0,0,1,0,0,0,0,0,0,0,0,1,0,0,96.065,1,1,0,0,0,1,11.289794413577894,0.75
3927,Male,22.0,Other,General,No,0.0,Commerce,4,7.93,76.96,120000.0,No,No,0,0,0,0,1,0,0,0,0,0,0,0,1,0,0,0,0,0,0,1,0,0,0,0,0,0,0,0,0,0,0,0,78.13,1,0,0,0,0,0,11.695255355062795,1.0
3928,Male,20.0,Other,OBC,No,0.0,Management,1,6.3,57.28,250000.0,No,No,0,0,0,0,0,0,0,0,0,0,0,0,0,1,0,0,0,0,0,0,0,0,0,0,0,0,0,0,0,0,0,0,60.14,1,0,1,0,0,0,12.429220196836383,0.25
3929,Female,21.0,Rajasthan,OBC,No,0.0,Mechanical,3,6.05,54.82,1200000.0,Yes,Yes,0,0,0,0,0,0,0,0,0,0,0,0,0,0,0,0,0,0,0,0,0,0,0,0,0,0,0,0,0,0,0,0,57.66,1,0,0,0,0,0,13.997832948091215,0.75
3930,Male,19.0,Delhi,EWS,No,0.0,Mechanical,1,5.0,49.13,500000.0,No,Yes,0,0,0,0,0,0,0,0,0,0,0,0,0,0,0,0,0,0,0,0,0,0,0,0,0,0,0,0,0,0,0,0,49.565,0,0,1,0,0,0,13.122365377402328,0.25
3931,Male,24.0,Andhra Pradesh,EWS,Yes,90.0,Mechanical,4,9.97,95.16,600000.0,No,Yes,0,0,0,0,0,0,1,0,1,0,0,0,0,0,0,0,1,1,0,0,0,0,0,0,0,0,0,0,1,0,0,0,97.43,0,1,0,1,1,0,13.304686600863562,1.0
3932,Female,17.0,Madhya Pradesh,General,No,0.0,Production,2,5.8,53.17,250000.0,Yes,Yes,0,0,0,0,0,0,0,0,0,0,0,0,0,0,0,0,0,0,0,0,0,0,0,0,0,0,0,0,0,0,0,0,55.585,1,0,0,0,0,0,12.429220196836383,0.5
3933,Female,20.0,Maharashtra,OBC,No,0.0,Mechanical,3,6.95,62.97,80000.0,Yes,No,0,0,0,0,1,0,0,0,0,0,0,0,1,0,0,0,0,0,0,1,0,1,0,1,0,0,0,0,0,0,0,0,66.235,1,0,0,0,0,0,11.289794413577894,0.75
3934,Female,23.0,Gujarat,OBC,No,0.0,Chemical,3,8.53,83.47,80000.0,Yes,No,1,1,0,0,1,0,1,0,1,0,1,0,1,1,0,0,1,0,0,1,1,0,0,1,0,0,1,0,0,1,1,0,84.38499999999999,1,1,0,0,0,1,11.289794413577894,0.75
3935,Female,22.0,Telangana,OBC,No,0.0,Instrumentation,2,7.49,60.22,1500000.0,No,Yes,0,0,0,0,0,0,0,0,0,0,0,0,0,0,0,0,0,0,0,0,0,0,0,0,0,0,0,0,0,0,0,0,67.56,0,0,0,0,0,0,14.220976332738882,0.5
3936,Male,20.0,Maharashtra,EWS,No,0.0,Instrumentation,1,9.33,94.34,250000.0,No,Yes,1,1,0,0,1,0,0,1,1,1,0,1,1,1,1,1,1,0,1,1,1,1,0,0,0,0,0,0,0,1,0,1,93.82,1,1,1,0,0,1,12.429220196836383,0.25
3937,Male,17.0,Delhi,SC,No,0.0,Biotechnology,1,10.0,92.29,1200000.0,No,No,0,0,0,0,0,0,0,1,0,0,0,0,0,0,0,0,0,0,0,0,0,0,0,0,0,0,0,0,0,0,0,0,96.14500000000001,0,1,1,0,0,0,13.997832948091215,0.25
3938,Male,22.0,Uttar Pradesh,General,No,0.0,ECE,2,10.0,93.94,200000.0,No,No,0,0,0,0,1,0,1,0,1,0,0,0,1,1,0,0,1,0,0,1,0,0,0,0,0,0,0,0,0,0,0,0,96.97,1,1,0,0,0,1,12.206077645517674,0.5
3939,Male,18.0,Maharashtra,EWS,No,0.0,Instrumentation,3,6.79,65.49,250000.0,No,Yes,0,0,0,0,1,0,0,0,1,0,0,0,1,0,0,0,0,0,0,0,0,1,0,0,0,0,0,0,0,1,0,0,66.695,1,0,0,0,0,0,12.429220196836383,0.75
3940,Male,18.0,Tamil Nadu,General,No,0.0,Instrumentation,1,6.8,65.8,80000.0,Yes,No,0,0,0,0,1,0,0,1,1,0,0,0,1,0,0,0,0,0,0,1,0,0,0,0,0,0,0,0,0,1,0,0,66.9,1,0,1,0,0,0,11.289794413577894,0.25
3941,Female,23.0,Delhi,EWS,No,0.0,Medical,3,5.92,55.52,800000.0,No,Yes,0,0,0,0,0,0,0,0,0,0,0,0,0,0,0,0,0,0,0,0,0,0,0,0,0,0,0,0,0,0,0,0,57.36,0,0,0,0,0,0,13.592368256649284,0.75
3942,Female,21.0,Telangana,EWS,No,0.0,Medical,1,9.04,85.71,400000.0,Yes,Yes,0,0,0,0,1,0,0,1,0,0,0,0,0,0,0,0,1,0,0,0,0,0,0,1,1,0,0,0,0,1,0,1,88.05499999999999,1,1,1,0,0,1,12.899222326086994,0.25
3943,Female,23.0,Maharashtra,SC,No,0.0,Management,3,7.67,74.29,120000.0,Yes,Yes,1,0,0,0,1,0,0,0,0,0,0,0,1,1,0,0,1,0,0,1,1,0,0,1,0,0,0,0,0,0,1,0,75.495,1,0,0,0,0,0,11.695255355062795,0.75
3944,Male,25.0,Maharashtra,OBC,No,0.0,Civil,2,8.9,79.58,300000.0,Yes,No,0,0,0,0,0,0,1,0,1,0,0,0,1,0,0,1,1,1,0,1,0,1,0,0,0,0,0,0,0,1,0,0,84.28999999999999,1,1,0,0,0,1,12.611541086966115,0.5
3945,Male,21.0,Karnataka,EWS,No,0.0,Pharmacy,1,8.2,77.1,350000.0,Yes,Yes,0,0,0,0,1,0,0,0,0,0,0,0,1,0,0,0,0,0,0,0,0,0,0,0,0,0,0,0,0,1,0,0,79.55,1,1,1,0,0,1,12.765691290604371,0.25
3946,Female,22.0,Tamil Nadu,ST,No,0.0,Commerce,4,7.7,76.33,500000.0,No,Yes,0,0,0,0,0,0,0,0,0,0,0,0,0,0,0,0,1,0,0,0,0,0,0,1,0,0,0,0,0,0,0,0,76.66499999999999,0,0,0,0,0,0,13.122365377402328,1.0
3947,Male,18.0,Andhra Pradesh,OBC,No,0.0,AI_DS,4,6.07,54.63,300000.0,Yes,No,0,0,0,0,0,0,0,0,0,0,0,0,0,0,0,0,0,0,0,0,0,0,0,0,0,0,0,0,0,0,0,0,57.665000000000006,1,0,0,0,0,0,12.611541086966115,1.0
3948,Male,20.0,Madhya Pradesh,OBC,No,0.0,Instrumentation,2,5.18,47.56,600000.0,Yes,Yes,0,0,0,0,0,0,0,0,0,0,0,0,0,0,0,0,0,0,0,0,0,0,0,0,0,0,0,0,0,0,0,0,49.68,1,0,0,0,0,0,13.304686600863562,0.5
3949,Male,20.0,Uttar Pradesh,SC,No,0.0,Pharmacy,2,9.1,86.09,1000000.0,No,Yes,0,0,0,0,0,0,0,0,0,0,0,0,0,0,0,0,1,0,0,0,0,0,0,0,0,0,0,0,0,0,0,0,88.545,0,1,0,0,0,0,13.815511557963774,0.5
3950,Female,20.0,Gujarat,EWS,No,0.0,Science,2,5.89,54.5,250000.0,Yes,Yes,0,0,0,0,0,0,0,0,0,0,0,0,0,0,0,0,0,0,0,0,0,0,0,0,0,0,0,0,0,0,0,0,56.7,1,0,0,0,0,0,12.429220196836383,0.5
3951,Male,21.0,Maharashtra,EWS,No,0.0,Chemical,4,5.71,71.2,300000.0,No,No,1,1,0,0,1,0,0,0,1,0,0,0,0,0,0,0,1,0,0,0,0,1,0,0,0,0,0,0,0,0,0,0,64.15,1,0,0,0,0,0,12.611541086966115,1.0
3952,Male,24.0,Tamil Nadu,General,No,0.0,IT,4,7.97,72.19,400000.0,Yes,No,0,0,0,0,0,0,0,0,1,0,0,0,1,0,0,0,1,0,0,0,0,0,0,0,0,0,0,0,0,1,0,0,75.945,1,0,0,0,0,0,12.899222326086994,1.0
3953,Female,23.0,Madhya Pradesh,EWS,No,0.0,Science,2,8.84,83.77,600000.0,No,Yes,0,0,0,0,0,0,0,0,0,0,0,0,0,0,0,0,1,0,0,0,0,0,0,1,0,0,0,0,0,0,0,0,86.08500000000001,0,1,0,0,0,0,13.304686600863562,0.5
3954,Male,20.0,Other,SC,Yes,60.0,Civil,4,7.49,71.36,500000.0,Yes,Yes,0,0,0,0,1,0,0,0,0,0,0,0,0,0,0,0,1,0,0,0,0,0,0,0,0,0,0,0,1,0,0,0,73.13,1,0,0,1,1,0,13.122365377402328,1.0
3955,Male,21.0,Rajasthan,ST,No,0.0,Biotechnology,4,8.43,82.43,600000.0,No,Yes,0,0,0,0,0,0,0,0,0,0,0,0,0,0,0,0,0,0,0,0,0,0,0,0,0,0,0,0,0,0,0,0,83.36500000000001,0,1,0,0,0,0,13.304686600863562,1.0
3956,Male,24.0,Gujarat,General,No,0.0,Science,4,7.9,76.74,1200000.0,Yes,No,0,0,0,0,0,0,0,0,0,0,0,0,0,0,0,0,0,0,0,0,0,0,0,0,0,0,0,0,0,0,0,0,77.87,1,0,0,0,0,0,13.997832948091215,1.0
3957,Male,23.0,Madhya Pradesh,EWS,No,0.0,Production,4,7.25,70.5,200000.0,No,Yes,0,0,0,0,1,0,0,0,1,0,0,0,1,1,0,0,1,0,0,0,0,0,0,0,0,0,0,0,0,0,0,0,71.5,1,0,0,0,0,0,12.206077645517674,1.0
3958,Male,17.0,Telangana,EWS,No,0.0,Science,4,7.09,67.36,400000.0,Yes,Yes,0,0,0,0,1,0,0,0,0,0,0,0,1,0,0,0,1,0,0,0,0,0,0,0,0,0,0,0,0,0,0,0,69.13,1,0,0,0,0,0,12.899222326086994,1.0
3959,Female,22.0,Tamil Nadu,OBC,No,0.0,AI_DS,2,7.17,66.74,1500000.0,Yes,Yes,0,0,0,0,0,0,0,0,0,0,0,0,0,0,0,0,1,0,0,0,0,0,1,0,0,0,0,0,0,0,0,0,69.22,1,0,0,0,0,0,14.220976332738882,0.5
3960,Female,25.0,Uttar Pradesh,EWS,No,0.0,Mechanical,3,6.67,64.77,600000.0,Yes,No,0,0,0,0,0,0,0,0,0,0,0,0,0,0,0,0,0,0,0,0,0,0,0,0,0,0,0,0,0,0,0,0,65.735,1,0,0,0,0,0,13.304686600863562,0.75
3961,Male,25.0,Telangana,General,No,0.0,Pharmacy,3,9.07,89.68,300000.0,Yes,No,0,0,0,0,1,0,0,0,0,0,0,0,1,0,0,0,1,0,0,1,0,0,0,0,0,0,0,0,0,1,0,0,90.19,1,1,0,0,0,1,12.611541086966115,0.75
3962,Male,17.0,Telangana,General,No,0.0,Commerce,2,5.99,71.2,120000.0,No,No,1,0,0,0,0,0,0,0,0,0,0,0,1,1,0,0,0,0,0,0,0,0,0,0,0,0,0,0,0,0,0,0,65.55000000000001,1,0,0,0,0,0,11.695255355062795,0.5
3963,Female,24.0,Maharashtra,ST,No,0.0,Commerce,3,7.12,69.44,250000.0,Yes,No,0,0,0,0,1,0,0,0,0,0,0,0,1,1,0,0,0,0,0,1,1,0,0,1,0,0,0,0,0,1,1,0,70.32,1,0,0,0,0,0,12.429220196836383,0.75
3964,Female,17.0,Maharashtra,General,No,0.0,Instrumentation,1,6.41,71.2,1200000.0,No,No,0,0,0,0,0,0,0,0,0,0,0,0,0,0,0,0,0,0,0,0,0,0,0,0,0,0,0,0,0,0,0,0,67.65,0,0,1,0,0,0,13.997832948091215,0.25
3965,Female,17.0,Gujarat,OBC,No,0.0,ECE,1,7.88,70.41,1000000.0,No,No,0,0,0,0,0,0,0,1,0,0,0,0,0,0,0,0,1,0,0,0,0,0,0,0,0,0,0,0,0,0,0,0,74.60499999999999,0,0,1,0,0,0,13.815511557963774,0.25
3966,Male,24.0,Uttar Pradesh,ST,No,0.0,Commerce,2,8.23,82.22,150000.0,No,No,0,0,0,0,0,0,0,0,0,0,0,0,1,1,0,0,0,0,0,1,1,0,0,0,0,0,0,0,0,1,0,0,82.26,1,1,0,0,0,1,11.918397239722838,0.5
3967,Male,24.0,Karnataka,SC,No,0.0,Management,2,7.29,73.34,1500000.0,No,Yes,0,0,0,0,0,0,0,0,0,0,0,0,0,0,0,0,0,0,0,0,0,0,0,0,0,0,0,0,0,0,0,0,73.12,0,0,0,0,0,0,14.220976332738882,0.5
3968,Female,20.0,Andhra Pradesh,ST,No,0.0,Biotechnology,3,7.27,71.61,400000.0,No,No,0,0,0,0,0,0,0,0,0,0,0,0,0,0,0,0,0,0,0,0,0,0,0,1,0,0,0,0,0,0,0,0,72.155,0,0,0,0,0,0,12.899222326086994,0.75
3969,Male,24.0,Maharashtra,General,No,0.0,Biotechnology,2,5.0,54.76,600000.0,Yes,No,0,0,0,0,0,0,0,0,0,0,0,0,0,0,0,0,0,0,0,0,0,0,0,0,0,0,0,0,0,0,0,0,52.379999999999995,1,0,0,0,0,0,13.304686600863562,0.5
3970,Male,23.0,Tamil Nadu,General,No,0.0,Biotechnology,2,9.29,87.4,1000000.0,No,Yes,0,0,0,0,0,0,0,0,0,0,0,0,0,0,0,0,0,0,0,0,0,0,0,0,0,0,0,0,0,0,0,0,90.15,0,1,0,0,0,0,13.815511557963774,0.5
3971,Male,24.0,Telangana,OBC,No,0.0,Instrumentation,1,5.13,49.6,150000.0,No,No,0,0,0,0,0,0,0,0,0,0,0,0,0,0,0,0,0,0,0,0,0,0,0,0,0,0,0,0,0,0,0,0,50.45,1,0,1,0,0,0,11.918397239722838,0.25
3972,Male,17.0,Telangana,General,No,0.0,ECE,4,5.77,56.15,350000.0,No,No,0,0,0,0,0,0,0,0,0,0,0,0,0,0,0,0,0,0,0,0,0,0,0,0,0,0,0,0,0,0,0,0,56.925,0,0,0,0,0,0,12.765691290604371,1.0
3973,Female,22.0,Gujarat,ST,No,0.0,CSE,4,7.99,73.08,120000.0,Yes,No,1,0,0,0,0,0,0,0,1,0,0,0,1,1,0,0,0,0,0,0,1,0,0,0,0,0,0,0,0,1,1,0,76.49000000000001,1,0,0,0,0,0,11.695255355062795,1.0
3974,Female,18.0,Tamil Nadu,ST,No,0.0,Biotechnology,1,8.85,86.49,350000.0,No,Yes,0,0,0,0,0,0,0,0,0,0,0,0,0,0,0,0,0,0,0,0,0,0,0,1,1,0,0,0,0,1,1,1,87.495,0,1,1,0,0,0,12.765691290604371,0.25
3975,Female,19.0,Uttar Pradesh,EWS,No,0.0,Chemical,2,8.67,82.39,500000.0,Yes,No,0,0,0,0,1,0,1,0,1,0,0,0,0,0,0,0,1,0,0,0,0,0,0,1,0,1,0,0,0,0,0,0,84.545,1,1,0,0,0,1,13.122365377402328,0.5
3976,Female,24.0,Andhra Pradesh,OBC,No,0.0,Mechanical,4,5.8,71.2,80000.0,Yes,No,0,1,0,0,1,0,0,0,1,0,0,0,1,0,0,0,1,0,0,0,0,0,0,0,0,0,0,0,0,0,1,0,64.6,1,0,0,0,0,0,11.289794413577894,1.0
3977,Female,20.0,Rajasthan,ST,No,0.0,Production,1,7.18,64.04,300000.0,No,No,0,0,0,0,0,0,0,1,1,0,0,0,1,0,0,0,1,0,0,0,0,0,0,0,0,0,0,1,0,0,0,0,67.92,1,0,1,0,0,0,12.611541086966115,0.25
3978,Female,24.0,Gujarat,SC,No,0.0,Chemical,4,9.12,92.94,1200000.0,No,No,0,0,0,0,0,0,0,0,0,0,0,0,0,0,0,0,1,0,0,0,0,0,0,0,0,0,1,0,0,0,0,0,92.07,0,1,0,0,0,0,13.997832948091215,1.0
3979,Male,20.0,Andhra Pradesh,EWS,Yes,80.0,ECE,3,7.45,77.25,1000000.0,No,Yes,0,0,0,0,0,0,0,0,0,0,0,0,0,0,0,0,1,0,0,0,0,0,0,0,0,0,0,0,0,0,0,0,75.875,0,0,0,1,1,0,13.815511557963774,0.75
3980,Male,23.0,Rajasthan,OBC,No,0.0,Management,2,7.61,71.15,120000.0,Yes,Yes,0,0,0,0,1,0,0,0,0,0,0,0,1,1,0,0,1,0,0,1,1,0,0,0,0,0,0,0,0,1,0,0,73.625,1,0,0,0,0,0,11.695255355062795,0.5
3981,Male,23.0,Andhra Pradesh,ST,No,0.0,Biotechnology,3,6.74,68.94,800000.0,Yes,No,0,0,0,0,0,0,0,0,0,0,0,0,0,0,0,0,0,0,0,0,0,0,0,0,0,0,0,0,0,0,0,0,68.17,1,0,0,0,0,0,13.592368256649284,0.75
3982,Male,19.0,Telangana,OBC,No,0.0,ECE,4,6.56,64.53,600000.0,No,Yes,0,0,0,0,0,0,0,0,0,0,0,0,0,0,0,0,0,0,0,0,0,0,0,0,0,0,0,0,0,0,0,0,65.065,0,0,0,0,0,0,13.304686600863562,1.0
3983,Female,20.0,Gujarat,EWS,No,0.0,AI_DS,4,6.83,63.5,500000.0,Yes,No,0,0,0,0,1,0,0,0,0,0,0,0,0,0,0,0,0,0,0,0,0,0,0,0,0,0,0,0,0,0,0,0,65.9,1,0,0,0,0,0,13.122365377402328,1.0
3984,Male,20.0,Delhi,General,No,0.0,Science,2,8.74,81.89,150000.0,Yes,Yes,0,0,0,0,1,0,0,0,0,0,0,0,0,0,0,0,1,0,0,0,0,0,0,0,0,0,0,0,0,1,0,0,84.64500000000001,1,1,0,0,0,1,11.918397239722838,0.5
3985,Female,24.0,Delhi,EWS,No,0.0,Pharmacy,3,7.01,69.99,1500000.0,No,Yes,0,0,0,0,0,0,0,0,0,0,0,0,0,0,0,0,1,0,0,0,0,0,0,0,0,0,0,0,0,0,0,0,70.04499999999999,0,0,0,0,0,0,14.220976332738882,0.75
3986,Female,18.0,Madhya Pradesh,General,Yes,40.0,Pharmacy,3,9.42,91.42,400000.0,Yes,No,0,0,0,0,1,0,0,0,0,0,0,0,1,0,0,0,1,0,0,0,0,0,0,1,0,0,0,0,0,1,1,0,92.81,1,1,0,1,1,1,12.899222326086994,0.75
3987,Male,22.0,Maharashtra,EWS,No,0.0,Management,3,6.71,62.21,250000.0,Yes,Yes,1,0,0,0,0,0,0,0,0,0,0,0,1,1,0,0,0,0,0,0,0,1,0,0,0,0,0,0,0,0,0,0,64.655,1,0,0,0,0,0,12.429220196836383,0.75
3988,Male,22.0,Other,EWS,No,0.0,Commerce,2,7.6,73.16,300000.0,No,Yes,0,0,0,0,1,0,0,0,0,0,0,0,1,0,0,0,1,0,0,1,0,0,0,0,0,0,0,0,0,0,0,0,74.58,1,0,0,0,0,0,12.611541086966115,0.5
3989,Female,20.0,Madhya Pradesh,ST,Yes,0.0,Mechanical,3,6.31,62.11,800000.0,No,Yes,0,0,0,0,0,0,0,0,0,0,0,0,0,0,0,0,0,0,0,0,0,0,0,0,0,0,0,0,0,0,0,0,62.605,0,0,0,1,0,0,13.592368256649284,0.75
3990,Female,21.0,Maharashtra,EWS,No,0.0,Science,3,7.6,67.05,120000.0,Yes,No,0,0,0,0,0,0,0,0,0,0,0,0,1,1,0,0,0,0,0,1,1,1,0,0,0,0,0,0,0,1,1,0,71.525,1,0,0,0,0,0,11.695255355062795,0.75
3991,Female,22.0,Karnataka,General,No,0.0,Mechanical,4,6.39,59.19,1200000.0,Yes,No,0,0,0,0,0,0,0,0,0,0,0,0,0,0,0,0,0,0,0,0,0,0,0,0,0,0,0,0,0,0,0,0,61.545,1,0,0,0,0,0,13.997832948091215,1.0
3992,Female,22.0,Delhi,General,No,0.0,Management,4,7.41,76.06,1000000.0,Yes,Yes,0,0,0,0,0,0,0,0,0,0,0,0,0,0,0,0,1,0,0,0,0,0,0,0,0,0,0,0,0,0,0,0,75.08,1,0,0,0,0,0,13.815511557963774,1.0
3993,Male,21.0,Andhra Pradesh,General,No,0.0,Medical,1,7.79,71.48,300000.0,Yes,No,0,0,0,0,1,0,0,0,0,0,0,0,1,0,0,0,0,0,0,0,0,0,0,0,0,0,0,0,0,1,0,1,74.69,1,0,1,0,0,0,12.611541086966115,0.25
3994,Female,20.0,Gujarat,OBC,No,0.0,Instrumentation,4,7.76,72.66,80000.0,Yes,Yes,1,0,0,0,0,0,1,0,1,0,0,0,1,0,0,0,0,0,0,1,1,0,0,1,0,0,0,0,0,1,1,0,75.13,1,0,0,0,0,0,11.289794413577894,1.0
3995,Male,21.0,Delhi,General,No,0.0,Science,1,7.89,76.7,600000.0,No,Yes,0,0,0,0,0,0,0,1,0,0,0,0,0,0,0,0,0,0,0,0,0,0,0,0,0,0,0,0,0,0,0,1,77.8,0,0,1,0,0,0,13.304686600863562,0.25
3996,Female,20.0,Tamil Nadu,SC,No,0.0,ECE,2,8.95,84.95,350000.0,Yes,No,0,1,0,1,1,0,1,0,1,0,0,0,1,0,0,0,1,0,0,0,0,0,0,1,0,1,0,1,0,1,1,0,87.225,1,1,0,0,0,1,12.765691290604371,0.5
3997,Male,17.0,Maharashtra,EWS,No,0.0,Biotechnology,1,9.47,92.69,300000.0,Yes,Yes,1,0,0,0,1,0,0,0,0,0,0,0,0,0,0,0,1,0,1,0,0,1,0,0,0,0,0,0,0,0,0,1,93.695,1,1,1,0,0,1,12.611541086966115,0.25
3998,Female,17.0,Karnataka,OBC,No,0.0,CSE,3,6.65,69.8,80000.0,Yes,Yes,0,0,0,0,0,0,0,0,1,0,0,0,1,1,0,0,0,0,0,0,0,0,0,1,0,0,0,0,0,1,1,0,68.15,1,0,0,0,0,0,11.289794413577894,0.75
3999,Female,23.0,Karnataka,SC,No,0.0,Commerce,1,7.89,72.45,800000.0,Yes,Yes,0,0,0,0,0,0,0,0,0,0,0,0,0,0,0,0,0,0,0,0,0,0,0,0,0,0,0,0,0,0,0,0,75.675,1,0,1,0,0,0,13.592368256649284,0.25
4000,Male,18.0,Rajasthan,ST,No,0.0,Chemical,4,9.48,71.2,80000.0,Yes,Yes,0,1,0,0,1,0,0,0,1,0,0,0,1,0,0,0,1,0,0,1,0,0,0,0,0,0,0,0,0,0,0,0,83.0,1,0,0,0,0,0,11.289794413577894,1.0
4001,Male,21.0,Andhra Pradesh,ST,No,0.0,Instrumentation,2,7.46,69.36,500000.0,Yes,Yes,0,0,0,0,0,0,0,0,1,0,0,0,0,0,0,0,1,0,0,0,0,0,0,0,0,0,0,0,0,0,0,0,71.97999999999999,1,0,0,0,0,0,13.122365377402328,0.5
4002,Female,25.0,Karnataka,ST,No,0.0,IT,4,7.29,71.4,1500000.0,No,No,0,0,0,0,0,0,0,0,0,0,0,0,0,0,0,0,1,0,0,0,0,0,0,0,0,0,0,0,0,0,0,0,72.15,0,0,0,0,0,0,14.220976332738882,1.0
4003,Female,18.0,Gujarat,General,Yes,70.0,Electrical,1,9.03,87.5,200000.0,Yes,Yes,0,1,0,1,1,0,0,1,1,1,0,1,0,0,0,1,0,0,1,1,1,0,0,1,1,1,0,1,1,0,1,1,88.9,1,1,1,1,1,1,12.206077645517674,0.25
4004,Female,23.0,Madhya Pradesh,ST,No,0.0,Pharmacy,4,7.62,76.88,1000000.0,Yes,No,0,0,0,0,0,0,0,0,0,0,0,0,0,0,0,0,0,0,0,0,0,0,0,0,0,0,0,0,0,0,0,0,76.53999999999999,1,0,0,0,0,0,13.815511557963774,1.0
4005,Female,22.0,Tamil Nadu,EWS,No,0.0,Civil,1,7.12,71.2,250000.0,No,Yes,0,0,0,0,1,0,0,0,0,1,0,0,0,0,0,0,0,0,0,1,1,0,0,0,0,0,0,0,0,0,0,1,71.2,1,0,1,0,0,0,12.429220196836383,0.25
4006,Female,20.0,Delhi,EWS,No,0.0,Medical,3,7.15,69.22,800000.0,Yes,No,0,0,0,0,0,0,0,0,0,0,0,0,0,0,0,0,0,0,0,0,0,0,0,0,0,0,0,0,0,0,0,0,70.36,1,0,0,0,0,0,13.592368256649284,0.75
4007,Female,22.0,Maharashtra,EWS,No,0.0,Biotechnology,2,7.36,69.75,1200000.0,Yes,Yes,0,0,0,0,0,0,0,0,0,0,0,0,0,0,0,0,0,0,0,0,0,0,0,0,0,0,0,0,0,0,0,0,71.67500000000001,1,0,0,0,0,0,13.997832948091215,0.5
4008,Male,17.0,Tamil Nadu,OBC,No,0.0,Management,4,7.05,71.01,250000.0,Yes,Yes,0,0,0,0,1,0,0,0,0,0,0,0,1,1,0,0,0,0,0,1,1,0,0,0,0,0,0,0,0,0,0,0,70.755,1,0,0,0,0,0,12.429220196836383,1.0
4009,Female,18.0,Karnataka,EWS,No,0.0,CSE,4,6.62,60.67,250000.0,No,No,0,0,0,0,1,0,0,0,0,0,0,0,0,1,0,0,0,0,0,1,0,0,0,1,0,0,0,0,0,0,0,0,63.435,1,0,0,0,0,0,12.429220196836383,1.0
4010,Male,25.0,Maharashtra,SC,No,0.0,Civil,2,10.0,97.93,250000.0,Yes,Yes,0,0,0,0,1,0,1,0,1,0,0,0,1,1,0,0,1,1,0,1,0,0,0,0,0,0,0,0,0,1,0,0,98.965,1,1,0,0,0,1,12.429220196836383,0.5
4011,Female,21.0,Other,SC,No,0.0,Management,3,5.0,45.8,600000.0,Yes,Yes,0,0,0,0,0,0,0,0,0,0,0,0,0,0,0,0,0,0,0,0,0,0,0,0,0,0,0,0,0,0,0,0,47.9,1,0,0,0,0,0,13.304686600863562,0.75
4012,Male,23.0,Uttar Pradesh,ST,No,0.0,Civil,2,5.33,47.78,300000.0,No,Yes,0,0,0,0,0,0,0,0,0,0,0,0,0,0,0,0,0,0,0,0,0,0,0,0,0,0,0,0,0,0,0,0,50.54,1,0,0,0,0,0,12.611541086966115,0.5
4013,Female,23.0,Gujarat,OBC,No,0.0,Production,1,5.0,47.09,1200000.0,Yes,No,0,0,0,0,0,0,0,0,0,0,0,0,0,0,0,0,0,0,0,0,0,0,0,0,0,0,0,0,0,0,0,0,48.545,1,0,1,0,0,0,13.997832948091215,0.25
4014,Female,20.0,Telangana,General,No,0.0,Pharmacy,3,6.13,58.41,800000.0,No,Yes,0,0,0,0,0,0,0,0,0,0,0,0,0,0,0,0,0,0,0,0,0,0,0,0,0,0,0,0,0,0,0,0,59.855,0,0,0,0,0,0,13.592368256649284,0.75
4015,Male,19.0,Delhi,General,No,0.0,Science,4,5.55,52.97,120000.0,Yes,No,0,0,0,0,0,0,0,0,0,0,0,0,0,0,0,0,0,0,0,0,0,0,0,0,0,0,0,0,0,0,0,0,54.235,1,0,0,0,0,0,11.695255355062795,1.0
4016,Male,21.0,Maharashtra,General,No,0.0,Medical,3,7.0,71.01,250000.0,No,Yes,1,0,0,0,1,0,0,0,0,0,0,0,1,1,0,0,0,0,0,1,0,1,0,0,0,0,0,0,0,0,0,0,70.505,1,0,0,0,0,0,12.429220196836383,0.75
4017,Female,20.0,Telangana,General,No,0.0,Chemical,2,9.19,89.66,600000.0,Yes,Yes,0,0,0,0,0,0,1,0,1,0,1,0,0,0,0,0,1,0,0,0,0,0,0,0,0,0,0,1,0,0,0,0,90.78,1,1,0,0,0,1,13.304686600863562,0.5
4018,Male,19.0,Karnataka,General,No,0.0,Commerce,4,7.11,73.5,400000.0,Yes,No,0,0,0,0,1,0,0,0,0,0,0,0,0,0,0,0,1,0,0,0,0,0,0,0,0,0,0,0,0,1,0,0,72.30000000000001,1,0,0,0,0,0,12.899222326086994,1.0
4019,Female,24.0,Telangana,ST,No,0.0,Electrical,1,5.64,49.37,1000000.0,Yes,Yes,0,0,0,0,0,0,0,0,0,0,0,0,0,0,0,0,0,0,0,0,0,0,0,0,0,0,0,0,0,0,0,0,52.885,1,0,1,0,0,0,13.815511557963774,0.25
4020,Male,21.0,Maharashtra,EWS,No,0.0,Instrumentation,2,7.4,77.06,1000000.0,No,Yes,0,0,0,0,0,0,0,0,0,0,0,0,0,0,0,0,1,0,0,0,0,0,0,0,0,0,0,0,0,0,0,0,75.53,0,0,0,0,0,0,13.815511557963774,0.5
4021,Female,17.0,Rajasthan,EWS,No,0.0,Management,3,7.26,68.42,800000.0,Yes,Yes,0,0,0,0,0,0,0,0,0,0,0,0,0,0,0,0,0,0,0,0,0,0,0,0,0,0,0,0,0,0,0,0,70.50999999999999,1,0,0,0,0,0,13.592368256649284,0.75
4022,Female,19.0,Gujarat,SC,No,0.0,Production,2,5.77,57.65,150000.0,No,Yes,0,0,0,0,0,0,0,0,0,0,0,0,0,1,0,0,0,0,0,0,0,0,0,0,0,0,0,0,0,0,0,0,57.675,1,0,0,0,0,0,11.918397239722838,0.5
4023,Female,24.0,Tamil Nadu,ST,No,0.0,Science,4,8.64,84.45,250000.0,No,No,0,0,0,0,1,0,0,0,0,0,0,0,1,1,0,0,0,0,0,1,1,0,0,0,0,0,0,0,0,1,1,0,85.42500000000001,1,1,0,0,0,1,12.429220196836383,1.0
4024,Female,17.0,Gujarat,General,No,0.0,Pharmacy,2,6.74,61.91,120000.0,Yes,No,0,0,0,0,0,0,0,0,0,0,0,0,1,1,0,0,0,0,0,1,0,0,0,0,0,0,0,0,0,0,0,0,64.655,1,0,0,0,0,0,11.695255355062795,0.5
4025,Female,23.0,Maharashtra,OBC,No,0.0,Civil,2,5.95,56.78,350000.0,No,No,0,0,0,0,0,0,0,0,0,0,0,0,0,0,0,0,0,0,0,0,0,0,0,0,0,0,0,0,0,0,0,0,58.14,0,0,0,0,0,0,12.765691290604371,0.5
4026,Female,19.0,Maharashtra,SC,No,0.0,Production,3,6.2,55.37,800000.0,No,No,0,0,0,0,0,0,0,0,0,0,0,0,0,0,0,0,0,0,0,0,0,0,0,0,0,0,0,0,0,0,0,0,58.685,0,0,0,0,0,0,13.592368256649284,0.75
4027,Female,17.0,Andhra Pradesh,EWS,No,0.0,Production,2,6.99,64.94,500000.0,No,Yes,0,0,0,0,0,0,0,0,0,0,0,0,0,0,0,0,0,0,0,0,0,0,0,0,0,0,0,0,0,0,0,0,67.42,0,0,0,0,0,0,13.122365377402328,0.5
4028,Male,17.0,Gujarat,SC,No,0.0,AI_DS,4,6.85,66.47,1000000.0,No,No,0,0,0,0,0,0,0,0,0,0,0,0,0,0,0,0,0,0,0,0,0,0,0,0,0,0,0,0,0,0,0,0,67.485,0,0,0,0,0,0,13.815511557963774,1.0
4029,Female,24.0,Other,ST,No,0.0,AI_DS,4,7.59,71.24,200000.0,No,Yes,0,1,0,0,1,0,0,0,1,0,0,0,1,0,0,0,0,0,0,1,0,0,1,0,0,0,0,0,0,1,0,0,73.57,1,0,0,0,0,0,12.206077645517674,1.0
4030,Male,22.0,Uttar Pradesh,SC,No,0.0,Biotechnology,2,7.72,70.37,1000000.0,Yes,Yes,0,0,0,0,0,0,0,0,0,0,0,0,0,0,0,0,0,0,0,0,0,0,0,0,0,0,0,0,0,0,0,0,73.785,1,0,0,0,0,0,13.815511557963774,0.5
4031,Female,24.0,Gujarat,OBC,No,0.0,Biotechnology,1,7.63,72.94,120000.0,No,No,1,0,0,0,1,0,0,1,0,0,0,0,1,1,0,0,0,0,0,1,0,0,0,1,0,0,0,0,0,1,1,0,74.62,1,0,1,0,0,0,11.695255355062795,0.25
4032,Male,24.0,Tamil Nadu,EWS,No,0.0,Medical,2,5.7,57.14,500000.0,No,No,0,0,0,0,0,0,0,0,0,0,0,0,0,0,0,0,0,0,0,0,0,0,0,0,0,0,0,0,0,0,0,0,57.07,0,0,0,0,0,0,13.122365377402328,0.5
4033,Female,24.0,Other,ST,No,0.0,Management,2,6.44,61.45,1200000.0,Yes,Yes,0,0,0,0,0,0,0,0,0,0,0,0,0,0,0,0,0,0,0,0,0,0,0,0,0,0,0,0,0,0,0,0,62.925000000000004,1,0,0,0,0,0,13.997832948091215,0.5
4034,Male,25.0,Other,General,Yes,40.0,ECE,3,8.9,87.33,150000.0,No,No,0,0,0,0,1,0,1,0,1,0,0,0,1,1,0,0,1,0,0,1,1,0,0,0,0,0,0,0,1,1,0,0,88.16499999999999,1,1,0,1,1,1,11.918397239722838,0.75
4035,Male,23.0,Gujarat,SC,No,0.0,Management,3,7.54,70.54,600000.0,No,Yes,0,0,0,0,0,0,0,0,0,0,0,0,0,0,0,0,0,0,0,0,0,0,0,0,0,0,0,0,0,0,0,0,72.97,0,0,0,0,0,0,13.304686600863562,0.75
4036,Female,17.0,Uttar Pradesh,ST,No,0.0,CSE,1,8.64,71.2,80000.0,No,No,0,1,0,1,1,1,0,0,1,0,0,0,1,1,0,0,1,0,0,1,0,0,0,1,0,1,0,0,0,1,1,0,78.80000000000001,1,0,1,0,0,0,11.289794413577894,0.25
4037,Female,19.0,Telangana,General,No,0.0,Management,3,6.76,61.84,1000000.0,No,No,0,0,0,0,0,0,0,0,0,0,0,0,0,0,0,0,0,0,0,0,0,0,0,0,0,0,0,0,0,0,0,0,64.72,0,0,0,0,0,0,13.815511557963774,0.75
4038,Female,19.0,Uttar Pradesh,SC,No,0.0,Civil,1,5.01,48.06,300000.0,Yes,No,0,0,0,0,0,0,0,0,0,0,0,0,0,0,0,0,0,0,0,0,0,0,0,0,0,0,0,0,0,0,0,0,49.08,1,0,1,0,0,0,12.611541086966115,0.25
4039,Male,24.0,Gujarat,SC,No,0.0,Civil,3,7.4,73.71,200000.0,Yes,No,1,1,0,0,0,0,0,0,1,0,0,0,0,1,0,0,0,0,0,0,1,0,0,0,0,0,0,0,0,1,0,0,73.85499999999999,1,0,0,0,0,0,12.206077645517674,0.75
4040,Male,23.0,Tamil Nadu,SC,No,0.0,Management,4,7.93,71.2,400000.0,Yes,No,0,0,0,0,0,0,0,0,0,0,0,0,1,0,0,0,0,0,0,0,0,0,0,0,0,0,0,0,0,1,0,0,75.25,1,0,0,0,0,0,12.899222326086994,1.0
4041,Male,23.0,Madhya Pradesh,EWS,No,0.0,Biotechnology,1,6.66,71.2,200000.0,Yes,Yes,0,0,0,0,1,0,0,1,0,0,0,0,1,1,0,0,0,0,0,1,0,0,0,0,0,0,0,0,0,1,0,1,68.9,1,0,1,0,0,0,12.206077645517674,0.25
4042,Female,24.0,Uttar Pradesh,General,No,0.0,Management,4,6.87,67.6,350000.0,Yes,Yes,0,0,0,0,0,0,0,0,0,0,0,0,0,0,0,0,0,0,0,0,0,0,0,0,0,0,0,0,0,1,1,0,68.15,1,0,0,0,0,0,12.765691290604371,1.0
4043,Female,18.0,Other,EWS,No,0.0,Management,3,5.75,55.33,350000.0,No,No,0,0,0,0,0,0,0,0,0,0,0,0,0,0,0,0,0,0,0,0,0,0,0,0,0,0,0,0,0,0,0,0,56.415,0,0,0,0,0,0,12.765691290604371,0.75
4044,Female,21.0,Tamil Nadu,OBC,No,0.0,AI_DS,4,5.12,47.84,120000.0,Yes,No,0,0,0,0,0,0,0,0,0,0,0,0,0,0,0,0,0,0,0,0,0,0,0,0,0,0,0,0,0,0,0,0,49.52,1,0,0,0,0,0,11.695255355062795,1.0
4045,Male,22.0,Andhra Pradesh,ST,No,0.0,Production,1,8.03,74.72,200000.0,Yes,No,0,1,0,0,1,0,0,0,0,1,0,0,1,1,0,0,1,0,0,1,0,0,0,0,0,0,0,0,0,1,0,1,77.50999999999999,1,0,1,0,0,0,12.206077645517674,0.25
4046,Male,23.0,Uttar Pradesh,SC,No,0.0,Pharmacy,3,6.24,61.82,500000.0,No,No,0,0,0,0,0,0,0,0,0,0,0,0,0,0,0,0,0,0,0,0,0,0,0,0,0,0,0,0,0,0,0,0,62.11,0,0,0,0,0,0,13.122365377402328,0.75
4047,Female,20.0,Madhya Pradesh,General,No,0.0,AI_DS,1,7.38,68.64,800000.0,No,Yes,0,0,0,0,0,0,0,0,0,0,0,0,0,0,0,0,1,0,0,0,0,0,0,0,0,0,0,0,0,0,0,0,71.22,0,0,1,0,0,0,13.592368256649284,0.25
4048,Male,21.0,Tamil Nadu,ST,No,0.0,Commerce,1,7.55,79.64,150000.0,No,Yes,0,0,0,0,1,0,0,1,0,0,0,0,1,1,0,0,0,0,0,0,1,0,0,0,0,0,0,0,0,1,0,1,77.57,1,0,1,0,0,0,11.918397239722838,0.25
4049,Female,20.0,Other,ST,No,0.0,Production,1,8.88,87.85,1200000.0,No,Yes,0,0,0,0,0,0,0,1,0,0,0,0,0,0,0,0,1,0,0,0,0,0,0,0,0,0,0,0,0,0,0,0,88.325,0,1,1,0,0,0,13.997832948091215,0.25
4050,Female,22.0,Andhra Pradesh,SC,No,0.0,IT,3,8.02,76.69,120000.0,No,No,0,1,0,0,1,0,0,0,1,0,0,0,1,0,0,0,0,0,0,1,1,0,0,1,0,0,1,0,0,1,1,0,78.445,1,1,0,0,0,1,11.695255355062795,0.75
4051,Female,20.0,Maharashtra,General,No,0.0,Civil,4,5.0,45.46,150000.0,Yes,Yes,0,0,0,0,0,0,0,0,0,0,0,0,0,0,0,0,0,0,0,0,0,1,0,0,0,0,0,0,0,0,0,0,47.730000000000004,1,0,0,0,0,0,11.918397239722838,1.0
4052,Female,18.0,Andhra Pradesh,SC,No,0.0,Science,1,6.92,60.12,350000.0,No,Yes,0,0,0,0,0,0,0,1,0,0,0,0,1,0,0,0,0,0,0,0,0,0,0,1,0,0,0,0,0,0,0,0,64.66,0,0,1,0,0,0,12.765691290604371,0.25
4053,Male,20.0,Other,SC,No,0.0,Civil,4,6.11,52.1,1000000.0,Yes,No,0,0,0,0,0,0,0,0,0,0,0,0,0,0,0,0,0,0,0,0,0,0,0,0,0,0,0,0,0,0,0,0,56.6,1,0,0,0,0,0,13.815511557963774,1.0
4054,Female,19.0,Tamil Nadu,OBC,No,0.0,Biotechnology,4,7.45,73.23,400000.0,No,No,0,0,0,0,0,0,0,0,0,0,0,0,1,0,0,0,0,0,0,0,0,0,0,1,0,0,0,0,0,1,0,0,73.86500000000001,0,0,0,0,0,0,12.899222326086994,1.0
4055,Male,22.0,Madhya Pradesh,SC,No,0.0,IT,4,8.83,85.13,120000.0,Yes,No,0,0,0,0,1,0,1,0,1,0,0,0,1,1,0,1,1,0,0,1,1,0,0,0,0,0,0,0,0,1,0,0,86.715,1,1,0,0,0,1,11.695255355062795,1.0
4056,Male,22.0,Telangana,EWS,No,0.0,Management,1,6.34,54.43,80000.0,Yes,Yes,0,0,0,0,0,0,0,0,0,0,0,0,0,0,0,0,0,0,0,0,0,0,0,0,0,0,0,0,0,0,0,0,58.915,1,0,1,0,0,0,11.289794413577894,0.25
4057,Male,18.0,Karnataka,OBC,No,0.0,Civil,4,5.39,47.4,1500000.0,No,No,0,0,0,0,0,0,0,0,0,0,0,0,0,0,0,0,0,0,0,0,0,0,0,0,0,0,0,0,0,0,0,0,50.65,0,0,0,0,0,0,14.220976332738882,1.0
4058,Male,19.0,Rajasthan,OBC,No,0.0,Chemical,1,6.43,60.61,300000.0,No,No,0,0,0,0,0,0,0,0,1,0,0,0,1,0,0,0,0,0,0,0,0,0,0,0,0,0,0,0,0,0,0,0,62.455,1,0,1,0,0,0,12.611541086966115,0.25
4059,Male,19.0,Uttar Pradesh,General,No,0.0,Mechanical,3,6.28,60.68,120000.0,No,No,0,0,0,0,1,0,0,0,1,0,0,0,1,1,0,0,0,0,0,0,0,0,0,0,0,0,0,0,0,0,0,0,61.74,1,0,0,0,0,0,11.695255355062795,0.75
4060,Male,24.0,Andhra Pradesh,SC,No,0.0,Mechanical,2,7.22,68.62,200000.0,No,No,0,0,0,0,1,0,0,0,1,0,0,0,1,0,0,0,0,0,0,1,0,0,0,0,0,0,0,0,0,0,0,0,70.41,1,0,0,0,0,0,12.206077645517674,0.5
4061,Male,25.0,Madhya Pradesh,EWS,No,0.0,CSE,4,8.87,80.72,200000.0,Yes,Yes,0,0,0,0,1,0,0,0,1,0,0,0,0,0,0,1,1,0,0,0,0,0,0,0,0,0,0,0,0,1,0,0,84.71,1,1,0,0,0,1,12.206077645517674,1.0
4062,Male,25.0,Gujarat,EWS,No,0.0,Production,3,8.0,75.96,150000.0,No,No,1,0,0,0,1,0,1,0,1,0,0,0,1,1,0,0,0,0,0,0,1,0,0,0,0,0,0,0,0,1,0,0,77.97999999999999,1,1,0,0,0,1,11.918397239722838,0.75
4063,Male,22.0,Karnataka,SC,No,0.0,Commerce,3,7.1,70.11,350000.0,Yes,No,0,0,0,0,1,0,0,0,0,0,0,0,1,0,0,0,0,0,0,0,0,0,0,0,0,0,0,0,0,1,0,0,70.555,1,0,0,0,0,0,12.765691290604371,0.75
4064,Female,24.0,Telangana,ST,No,0.0,Pharmacy,3,7.49,78.39,80000.0,No,Yes,1,0,0,0,1,0,0,0,0,0,0,0,1,1,0,0,0,0,0,1,0,0,0,1,0,0,0,0,0,0,1,0,76.64500000000001,1,0,0,0,0,0,11.289794413577894,0.75
4065,Male,18.0,Maharashtra,General,No,0.0,Pharmacy,1,7.28,70.0,500000.0,Yes,No,0,0,0,0,1,0,0,0,0,0,0,0,0,0,0,0,0,0,0,0,0,1,0,0,0,0,0,0,0,0,0,0,71.4,1,0,1,0,0,0,13.122365377402328,0.25
4066,Female,23.0,Telangana,SC,No,0.0,Biotechnology,1,7.17,69.87,350000.0,Yes,No,0,0,0,0,1,0,0,0,0,0,0,0,0,0,0,0,0,0,0,0,0,0,0,0,0,0,0,0,0,1,1,0,70.785,1,0,1,0,0,0,12.765691290604371,0.25
4067,Male,18.0,Maharashtra,EWS,No,0.0,Commerce,4,7.84,79.98,350000.0,No,No,0,0,0,0,0,0,0,0,0,0,0,0,1,0,0,0,0,0,0,0,0,0,0,0,0,0,0,0,0,0,0,0,79.19,0,0,0,0,0,0,12.765691290604371,1.0
4068,Female,24.0,Andhra Pradesh,General,No,0.0,Science,4,5.66,53.4,350000.0,Yes,No,0,0,0,0,0,0,0,0,0,0,0,0,0,0,0,0,0,0,0,0,0,0,0,0,0,0,0,0,0,0,0,0,55.0,1,0,0,0,0,0,12.765691290604371,1.0
4069,Female,23.0,Madhya Pradesh,OBC,No,0.0,Production,3,6.41,62.71,1500000.0,No,No,0,0,0,0,0,0,0,0,0,0,0,0,0,0,0,0,0,0,0,0,0,0,0,0,0,0,0,0,0,0,0,0,63.405,0,0,0,0,0,0,14.220976332738882,0.75
4070,Female,23.0,Karnataka,OBC,No,0.0,Electrical,2,5.56,53.86,1200000.0,No,Yes,0,0,0,0,0,0,0,0,0,0,0,0,0,0,0,0,0,0,0,0,0,0,0,0,0,0,0,0,0,0,0,0,54.73,0,0,0,0,0,0,13.997832948091215,0.5
4071,Male,18.0,Madhya Pradesh,General,No,0.0,Management,3,7.49,61.83,200000.0,No,Yes,0,0,0,0,0,0,0,0,0,0,0,0,0,1,0,0,1,0,0,1,0,0,0,0,0,0,0,0,0,0,0,0,68.36500000000001,1,0,0,0,0,0,12.206077645517674,0.75
4072,Female,22.0,Maharashtra,SC,No,0.0,ECE,3,5.76,53.32,80000.0,No,Yes,0,0,0,0,0,0,0,0,0,0,0,0,0,0,0,0,0,0,0,0,0,0,0,0,0,0,0,0,0,0,0,0,55.459999999999994,1,0,0,0,0,0,11.289794413577894,0.75
4073,Female,24.0,Gujarat,ST,Yes,60.0,Commerce,2,8.8,83.52,600000.0,Yes,No,0,0,0,0,0,0,0,0,0,0,0,0,0,0,0,0,1,0,0,0,0,0,0,1,0,0,0,0,0,0,0,0,85.75999999999999,1,1,0,1,1,1,13.304686600863562,0.5
4074,Female,24.0,Tamil Nadu,General,No,0.0,Commerce,4,8.25,83.37,80000.0,No,Yes,0,0,0,0,0,0,0,0,0,0,0,0,1,1,0,0,1,0,0,0,1,0,0,1,0,0,0,0,0,1,0,0,82.935,1,1,0,0,0,1,11.289794413577894,1.0
4075,Male,24.0,Telangana,ST,No,0.0,Production,4,7.82,72.61,350000.0,No,Yes,0,0,0,0,1,0,0,0,1,0,0,0,0,0,0,0,1,0,0,0,0,0,0,0,0,0,0,0,0,0,0,0,75.405,0,0,0,0,0,0,12.765691290604371,1.0
4076,Female,25.0,Delhi,SC,No,0.0,Chemical,3,8.06,74.94,800000.0,No,No,0,0,0,0,0,0,0,0,0,0,0,0,0,0,0,0,0,0,0,0,0,0,0,0,0,0,1,0,0,0,0,0,77.77000000000001,0,0,0,0,0,0,13.592368256649284,0.75
4077,Male,20.0,Rajasthan,EWS,No,0.0,Instrumentation,3,6.89,60.9,1200000.0,No,Yes,0,0,0,0,0,0,0,0,0,0,0,0,0,0,0,0,0,0,0,0,0,0,0,0,0,0,0,0,0,0,0,0,64.89999999999999,0,0,0,0,0,0,13.997832948091215,0.75
4078,Female,20.0,Uttar Pradesh,SC,No,0.0,Management,3,8.61,80.64,400000.0,No,No,0,0,0,0,0,0,0,0,0,0,0,0,1,0,0,0,1,0,0,0,0,0,0,0,0,0,0,0,0,1,0,0,83.37,0,1,0,0,0,0,12.899222326086994,0.75
4079,Female,20.0,Tamil Nadu,OBC,No,0.0,Production,3,7.72,70.23,500000.0,No,No,0,0,0,0,1,0,1,0,1,0,0,0,0,0,0,0,0,0,0,0,0,0,0,1,0,0,0,0,0,0,0,0,73.715,0,0,0,0,0,0,13.122365377402328,0.75
4080,Female,23.0,Rajasthan,EWS,No,0.0,Management,3,8.02,73.9,300000.0,No,Yes,0,0,0,0,1,0,0,0,0,0,0,0,1,0,0,0,0,0,0,1,0,0,0,1,0,0,0,0,0,1,1,0,77.05,1,0,0,0,0,0,12.611541086966115,0.75
4081,Male,19.0,Uttar Pradesh,General,No,0.0,CSE,1,7.49,72.27,300000.0,Yes,No,0,0,0,0,1,0,0,1,1,0,0,0,1,0,0,0,1,0,0,0,0,0,0,0,0,0,0,0,0,1,0,1,73.58500000000001,1,0,1,0,0,0,12.611541086966115,0.25
4082,Female,22.0,Rajasthan,ST,No,0.0,Biotechnology,3,8.45,80.21,250000.0,Yes,No,0,0,0,0,1,0,0,0,0,0,0,0,1,0,0,0,0,0,0,1,1,0,0,1,0,0,0,0,0,1,0,0,82.35499999999999,1,1,0,0,0,1,12.429220196836383,0.75
4083,Male,20.0,Telangana,SC,No,0.0,Chemical,4,7.49,60.09,150000.0,No,Yes,0,0,0,0,1,0,0,0,1,0,0,0,1,1,0,0,0,0,0,1,0,0,0,0,0,0,0,0,0,1,0,0,67.495,1,0,0,0,0,0,11.918397239722838,1.0
4084,Male,20.0,Uttar Pradesh,OBC,No,0.0,IT,4,9.6,93.37,300000.0,Yes,Yes,0,1,0,0,1,0,1,0,1,0,0,0,1,0,0,1,0,0,0,1,0,0,0,0,0,0,0,0,0,1,0,0,94.685,1,1,0,0,0,1,12.611541086966115,1.0
4085,Female,20.0,Madhya Pradesh,EWS,No,0.0,Biotechnology,1,6.6,62.36,600000.0,No,Yes,0,0,0,0,0,0,0,1,0,0,0,0,0,0,0,0,0,0,0,0,0,0,0,0,0,0,0,0,0,0,0,0,64.18,0,0,1,0,0,0,13.304686600863562,0.25
4086,Male,18.0,Uttar Pradesh,ST,No,0.0,Management,4,6.85,68.87,1200000.0,No,No,0,0,0,0,0,0,0,0,0,0,0,0,0,0,0,0,0,0,0,0,0,0,0,0,0,0,0,0,0,0,0,0,68.685,0,0,0,0,0,0,13.997832948091215,1.0
4087,Male,24.0,Karnataka,ST,No,0.0,Commerce,2,7.49,71.94,80000.0,No,No,0,0,0,0,1,0,0,0,0,0,0,0,1,0,0,0,0,0,0,1,1,0,0,0,0,0,0,0,0,0,0,0,73.42,1,0,0,0,0,0,11.289794413577894,0.5
4088,Male,25.0,Maharashtra,ST,No,0.0,Commerce,1,6.94,69.29,600000.0,No,No,0,0,0,0,0,0,0,0,0,0,0,0,0,0,0,0,0,0,0,0,0,0,0,0,0,0,0,0,0,0,0,1,69.345,0,0,1,0,0,0,13.304686600863562,0.25
4089,Female,22.0,Maharashtra,General,No,0.0,Chemical,3,9.42,94.07,300000.0,Yes,No,1,1,0,0,0,0,0,0,1,0,1,0,1,0,0,1,1,0,0,1,0,1,0,1,0,0,1,0,0,0,0,0,94.13499999999999,1,1,0,0,0,1,12.611541086966115,0.75
4090,Male,23.0,Gujarat,EWS,No,0.0,CSE,1,8.41,79.14,80000.0,No,Yes,1,1,0,0,0,0,0,0,1,0,0,0,1,1,0,0,0,0,0,1,1,0,0,0,0,0,0,0,0,1,0,1,81.62,1,1,1,0,0,1,11.289794413577894,0.25
4091,Male,19.0,Andhra Pradesh,SC,No,0.0,Mechanical,3,5.0,48.39,250000.0,No,Yes,0,0,0,0,0,0,0,0,0,0,0,0,0,0,0,0,0,0,0,0,0,0,0,0,0,0,0,0,0,0,0,0,49.195,1,0,0,0,0,0,12.429220196836383,0.75
4092,Male,22.0,Uttar Pradesh,SC,No,0.0,Pharmacy,4,7.5,71.67,400000.0,Yes,Yes,0,0,0,0,1,0,0,0,0,0,0,0,1,0,0,0,0,0,0,0,0,0,0,0,0,0,0,0,0,1,0,0,73.33500000000001,1,0,0,0,0,0,12.899222326086994,1.0
4093,Female,24.0,Madhya Pradesh,OBC,No,0.0,Science,2,7.56,67.84,250000.0,No,Yes,0,0,0,0,1,0,0,0,0,0,0,0,1,0,0,0,0,0,0,0,0,0,0,1,0,0,0,0,0,0,1,0,71.72,1,0,0,0,0,0,12.429220196836383,0.5
4094,Female,17.0,Delhi,EWS,No,0.0,Management,3,8.17,79.51,500.0,No,Yes,0,0,0,0,0,0,0,0,0,0,0,0,1,1,0,0,0,0,0,1,1,0,0,0,0,0,0,0,0,1,1,0,80.605,1,1,0,0,0,1,6.2166061010848646,0.75
4095,Male,22.0,Karnataka,ST,No,0.0,Management,2,8.32,81.88,350000.0,Yes,No,0,0,0,0,0,0,0,0,0,0,0,0,1,0,0,0,0,0,0,0,0,0,0,0,0,0,0,0,0,1,0,0,82.53999999999999,1,1,0,0,0,1,12.765691290604371,0.5
4096,Male,24.0,Maharashtra,SC,No,0.0,Civil,1,8.22,76.86,350000.0,No,No,0,1,0,0,0,0,0,0,1,0,0,0,0,0,0,0,0,0,0,0,0,0,0,0,0,0,0,0,0,1,0,1,79.53,0,1,1,0,0,0,12.765691290604371,0.25
4097,Male,18.0,Gujarat,EWS,No,0.0,Medical,2,7.41,70.67,500000.0,No,Yes,0,0,0,0,1,0,0,0,0,0,0,0,0,0,0,0,0,0,0,0,0,0,0,0,0,0,0,0,0,0,0,0,72.38499999999999,0,0,0,0,0,0,13.122365377402328,0.5
4098,Male,24.0,Delhi,SC,No,0.0,Electrical,1,7.63,75.48,250000.0,Yes,No,0,1,0,0,1,0,0,1,1,1,0,0,1,1,0,1,0,0,0,1,1,0,0,0,0,0,0,0,0,1,0,0,75.89,1,0,1,0,0,0,12.429220196836383,0.25
4099,Male,20.0,Tamil Nadu,General,No,0.0,CSE,4,8.27,84.8,1000000.0,Yes,Yes,0,0,0,0,0,0,0,0,0,0,0,0,0,0,0,0,1,0,0,0,0,0,0,0,0,0,0,0,0,0,0,0,83.75,1,1,0,0,0,1,13.815511557963774,1.0
4100,Female,25.0,Karnataka,General,No,0.0,Instrumentation,2,7.49,95.24,1500000.0,No,Yes,0,0,0,0,0,0,0,0,0,0,0,0,0,0,0,0,1,0,0,0,0,0,0,0,0,0,0,0,0,0,0,0,85.07,0,0,0,0,0,0,14.220976332738882,0.5
4101,Female,24.0,Gujarat,OBC,No,0.0,Commerce,3,5.0,51.21,800000.0,No,Yes,0,0,0,0,0,0,0,0,0,0,0,0,0,0,0,0,0,0,0,0,0,0,0,0,0,0,0,0,0,0,0,0,50.605000000000004,0,0,0,0,0,0,13.592368256649284,0.75
4102,Female,24.0,Tamil Nadu,SC,No,0.0,Pharmacy,3,7.49,62.67,400000.0,Yes,No,0,0,0,0,1,0,0,0,0,0,0,0,1,0,0,0,1,0,0,0,0,0,0,1,0,0,0,0,0,0,1,0,68.785,1,0,0,0,0,0,12.899222326086994,0.75
4103,Female,18.0,Maharashtra,SC,No,0.0,Science,4,7.02,65.35,800000.0,Yes,No,0,0,0,0,0,0,0,0,0,0,0,0,0,0,0,0,0,0,0,0,0,0,0,0,0,0,0,0,0,0,0,0,67.77499999999999,1,0,0,0,0,0,13.592368256649284,1.0
4104,Male,21.0,Maharashtra,OBC,No,0.0,AI_DS,1,8.23,73.51,800000.0,No,No,0,0,0,0,0,0,0,0,0,0,0,0,0,0,0,0,0,0,0,0,0,1,0,0,0,0,0,0,0,0,0,0,77.905,0,0,1,0,0,0,13.592368256649284,0.25
4105,Female,19.0,Karnataka,SC,No,0.0,Chemical,3,6.21,60.02,350000.0,No,Yes,0,0,0,0,0,0,0,0,1,0,0,0,1,0,0,0,0,0,0,0,0,0,0,0,0,0,0,0,0,0,0,0,61.06,0,0,0,0,0,0,12.765691290604371,0.75
4106,Male,25.0,Maharashtra,OBC,No,0.0,ECE,1,8.25,80.3,1200000.0,No,Yes,0,0,0,0,0,0,0,1,0,0,0,0,0,0,0,0,1,0,0,0,0,0,0,0,0,0,0,0,0,0,0,0,81.4,0,1,1,0,0,0,13.997832948091215,0.25
4107,Female,17.0,Maharashtra,SC,No,0.0,ECE,4,6.56,59.39,350000.0,Yes,Yes,0,0,0,0,0,0,0,0,0,0,0,0,1,0,0,0,0,0,0,0,0,0,0,0,0,0,0,0,0,0,0,0,62.495,1,0,0,0,0,0,12.765691290604371,1.0
4108,Female,18.0,Rajasthan,SC,No,0.0,Medical,4,6.89,66.17,120000.0,Yes,No,0,0,0,0,1,0,0,0,0,0,0,0,1,1,0,0,0,0,0,1,0,0,0,1,0,0,0,0,0,1,1,0,67.535,1,0,0,0,0,0,11.695255355062795,1.0
4109,Male,21.0,Tamil Nadu,SC,Yes,40.0,Chemical,3,9.28,82.02,500000.0,No,Yes,0,0,0,0,0,0,1,0,1,0,0,0,0,0,0,0,0,0,0,0,0,0,0,0,0,0,0,0,1,0,0,0,87.41,0,1,0,1,1,0,13.122365377402328,0.75
4110,Male,19.0,Other,ST,Yes,90.0,IT,4,7.24,71.2,250000.0,No,Yes,0,1,0,0,1,0,0,0,1,0,0,0,0,1,0,0,0,0,0,0,0,0,0,0,0,0,0,0,1,0,0,0,71.80000000000001,1,0,0,1,1,0,12.429220196836383,1.0
4111,Female,23.0,Other,SC,No,0.0,IT,2,5.52,55.34,350000.0,No,Yes,0,0,0,0,0,0,0,0,0,0,0,0,0,0,0,0,0,0,0,0,0,0,0,0,0,0,0,0,0,0,0,0,55.269999999999996,0,0,0,0,0,0,12.765691290604371,0.5
4112,Male,23.0,Telangana,ST,No,0.0,Mechanical,3,8.15,78.77,350000.0,No,Yes,0,1,0,0,0,0,1,0,1,0,0,0,1,0,0,0,0,1,0,0,0,0,0,0,0,0,0,0,0,1,0,0,80.13499999999999,0,1,0,0,0,0,12.765691290604371,0.75
4113,Female,17.0,Delhi,OBC,No,0.0,AI_DS,3,8.61,80.36,1500000.0,Yes,No,0,0,0,0,0,0,1,0,0,0,0,0,0,0,0,0,1,0,0,0,0,0,1,0,0,0,0,0,0,0,0,0,83.22999999999999,1,1,0,0,0,1,14.220976332738882,0.75
4114,Female,23.0,Andhra Pradesh,OBC,No,0.0,IT,1,6.98,72.87,1000000.0,Yes,No,0,0,0,0,0,0,0,1,0,0,0,0,0,0,0,0,0,0,0,0,0,0,0,0,0,0,0,0,0,0,0,0,71.33500000000001,1,0,1,0,0,0,13.815511557963774,0.25
4115,Female,20.0,Uttar Pradesh,EWS,Yes,80.0,Commerce,4,7.2,70.61,800000.0,Yes,No,0,0,0,0,0,0,0,0,0,0,0,0,0,0,0,0,0,0,0,0,0,0,0,0,0,0,0,0,0,0,0,0,71.305,1,0,0,1,1,0,13.592368256649284,1.0
4116,Male,21.0,Maharashtra,EWS,No,0.0,Science,1,7.51,65.8,600000.0,No,Yes,0,0,0,0,0,0,0,0,0,0,0,0,0,0,0,0,0,0,0,0,0,0,0,0,0,0,0,0,0,0,0,0,70.44999999999999,0,0,1,0,0,0,13.304686600863562,0.25
4117,Male,24.0,Maharashtra,EWS,No,0.0,ECE,4,5.05,46.24,350000.0,Yes,Yes,0,0,0,0,0,0,0,0,0,0,0,0,0,0,0,0,0,0,0,0,0,1,0,0,0,0,0,0,0,0,0,0,48.370000000000005,1,0,0,0,0,0,12.765691290604371,1.0
4118,Male,20.0,Other,EWS,No,0.0,ECE,2,8.77,85.68,500000.0,Yes,No,0,0,0,0,1,0,1,0,1,0,0,0,0,0,0,0,1,0,0,0,0,0,0,0,0,0,0,0,0,0,0,0,86.69,1,1,0,0,0,1,13.122365377402328,0.5
4119,Male,18.0,Andhra Pradesh,SC,No,0.0,Commerce,4,8.6,78.74,150000.0,No,No,0,0,0,0,1,0,0,0,0,0,0,0,1,1,0,0,0,0,0,1,0,0,0,0,0,0,0,0,0,1,0,0,82.37,1,1,0,0,0,1,11.918397239722838,1.0
4120,Male,18.0,Gujarat,SC,No,0.0,ECE,2,9.44,86.79,400000.0,No,No,0,0,0,0,0,0,1,0,1,0,0,0,1,0,0,0,1,0,0,0,0,0,0,0,0,0,0,0,0,1,0,0,90.595,0,1,0,0,0,0,12.899222326086994,0.5
4121,Female,19.0,Gujarat,EWS,No,0.0,Management,3,7.76,73.69,400000.0,No,No,0,0,0,0,0,0,0,0,0,0,0,0,1,0,0,0,0,0,0,0,0,0,0,0,0,0,0,0,0,0,0,0,75.645,0,0,0,0,0,0,12.899222326086994,0.75
4122,Male,25.0,Maharashtra,EWS,No,0.0,Science,1,7.49,73.27,400000.0,Yes,Yes,0,0,0,0,0,0,0,1,0,0,0,0,1,0,0,0,1,0,0,0,0,0,0,0,0,0,0,0,0,0,0,1,74.08500000000001,1,0,1,0,0,0,12.899222326086994,0.25
4123,Male,22.0,Tamil Nadu,General,No,0.0,IT,3,6.65,59.13,150000.0,No,Yes,0,0,0,0,0,0,0,0,1,0,0,0,1,0,0,0,0,0,0,0,0,0,0,0,0,0,0,0,0,0,0,0,62.815,1,0,0,0,0,0,11.918397239722838,0.75
4124,Female,21.0,Tamil Nadu,General,No,0.0,Biotechnology,1,7.52,70.24,1500000.0,No,No,0,0,0,0,0,0,0,0,0,0,0,0,0,0,0,0,1,0,0,0,0,0,0,0,0,0,0,0,0,0,0,0,72.72,0,0,1,0,0,0,14.220976332738882,0.25
4125,Male,22.0,Gujarat,ST,No,0.0,Pharmacy,2,10.0,97.03,600000.0,No,No,0,0,0,0,0,0,0,0,0,0,0,0,0,0,0,0,1,0,0,0,0,0,0,0,0,0,0,0,0,0,0,0,98.515,0,1,0,0,0,0,13.304686600863562,0.5
4126,Female,21.0,Rajasthan,EWS,No,0.0,ECE,2,7.01,63.43,1000000.0,No,Yes,0,0,0,0,0,0,0,0,0,0,0,0,0,0,0,0,0,0,0,0,0,0,0,0,0,0,0,0,0,0,0,0,66.765,0,0,0,0,0,0,13.815511557963774,0.5
4127,Female,25.0,Tamil Nadu,ST,No,0.0,Civil,2,5.24,46.7,400000.0,Yes,No,0,0,0,0,0,0,0,0,0,0,0,0,0,0,0,0,0,0,0,0,0,0,0,0,0,0,0,0,0,0,0,0,49.550000000000004,1,0,0,0,0,0,12.899222326086994,0.5
4128,Female,19.0,Telangana,OBC,No,0.0,Commerce,1,7.64,76.86,1000000.0,No,No,0,0,0,0,0,0,0,1,0,0,0,0,0,0,0,0,0,0,0,0,0,0,0,0,0,0,0,0,0,0,0,1,76.63,0,0,1,0,0,0,13.815511557963774,0.25
4129,Male,21.0,Andhra Pradesh,SC,No,0.0,Instrumentation,1,8.85,84.76,1200000.0,Yes,No,0,0,0,0,0,0,0,1,0,0,0,0,0,0,0,0,0,0,0,0,0,0,0,0,0,0,0,0,0,0,0,0,86.63,1,1,1,0,0,1,13.997832948091215,0.25
4130,Male,20.0,Madhya Pradesh,OBC,No,0.0,Biotechnology,3,7.11,68.35,300000.0,No,Yes,0,0,0,0,0,0,0,0,0,0,0,0,0,0,0,0,0,0,0,0,0,0,0,0,0,0,0,0,0,1,0,0,69.725,1,0,0,0,0,0,12.611541086966115,0.75
4131,Male,19.0,Andhra Pradesh,OBC,No,0.0,CSE,3,6.88,70.52,120000.0,No,No,0,0,0,0,1,0,0,0,1,0,0,0,0,1,0,0,0,0,0,1,0,0,0,0,0,0,0,0,0,0,0,0,69.66,1,0,0,0,0,0,11.695255355062795,0.75
4132,Male,17.0,Uttar Pradesh,SC,No,0.0,Electrical,3,7.27,68.81,1200000.0,Yes,No,0,0,0,0,0,0,0,0,0,0,0,0,0,0,0,0,0,0,0,0,0,0,0,0,0,0,0,0,0,0,0,0,70.755,1,0,0,0,0,0,13.997832948091215,0.75
4133,Female,17.0,Madhya Pradesh,ST,No,0.0,IT,3,5.0,46.91,800000.0,Yes,Yes,0,0,0,0,0,0,0,0,0,0,0,0,0,0,0,0,0,0,0,0,0,0,0,0,0,0,0,0,0,0,0,0,48.455,1,0,0,0,0,0,13.592368256649284,0.75
4134,Female,19.0,Tamil Nadu,General,No,0.0,Civil,2,8.5,77.55,250000.0,Yes,Yes,0,1,0,1,1,0,1,0,0,0,1,0,1,1,0,1,1,0,0,1,1,0,0,1,0,1,0,1,0,0,1,0,81.275,1,1,0,0,0,1,12.429220196836383,0.5
4135,Male,24.0,Delhi,General,No,0.0,Production,2,6.6,65.08,350000.0,No,Yes,0,0,0,0,1,0,0,0,0,0,0,0,1,0,0,0,0,0,0,0,0,0,0,0,0,0,0,0,0,1,0,0,65.53999999999999,0,0,0,0,0,0,12.765691290604371,0.5
4136,Female,20.0,Karnataka,OBC,No,0.0,Electrical,4,5.73,71.2,400000.0,No,No,0,0,0,0,0,0,0,0,0,0,0,0,0,0,0,0,1,0,0,0,0,0,0,1,0,0,0,0,0,0,0,0,64.25,0,0,0,0,0,0,12.899222326086994,1.0
4137,Female,23.0,Uttar Pradesh,SC,No,0.0,ECE,3,6.86,64.0,1200000.0,No,No,0,0,0,0,0,0,0,0,0,0,0,0,0,0,0,0,0,0,0,0,0,0,0,0,0,0,0,0,0,0,0,0,66.30000000000001,0,0,0,0,0,0,13.997832948091215,0.75
4138,Female,21.0,Uttar Pradesh,OBC,No,0.0,Chemical,3,6.15,59.56,600000.0,Yes,Yes,0,0,0,0,0,0,0,0,0,0,0,0,0,0,0,0,0,0,0,0,0,0,0,0,0,0,0,0,0,0,0,0,60.53,1,0,0,0,0,0,13.304686600863562,0.75
4139,Male,23.0,Maharashtra,SC,No,0.0,Management,2,10.0,97.34,1500000.0,No,No,0,0,0,0,0,0,0,0,0,0,0,0,0,0,0,0,1,0,0,0,0,0,0,0,0,0,0,0,0,0,0,0,98.67,0,1,0,0,0,0,14.220976332738882,0.5
4140,Female,17.0,Other,SC,No,0.0,Commerce,4,6.46,64.78,800000.0,Yes,Yes,0,0,0,0,0,0,0,0,0,0,0,0,0,0,0,0,0,0,0,0,0,0,0,0,0,0,0,0,0,0,0,0,64.69,1,0,0,0,0,0,13.592368256649284,1.0
4141,Male,20.0,Rajasthan,ST,No,0.0,Civil,1,7.12,71.76,400000.0,No,Yes,0,0,0,0,0,0,0,1,0,0,0,0,1,0,0,0,0,0,0,0,0,0,0,0,0,0,0,0,0,1,0,0,71.48,0,0,1,0,0,0,12.899222326086994,0.25
4142,Female,20.0,Telangana,General,No,0.0,Production,2,8.47,71.64,200000.0,Yes,No,1,1,0,1,1,0,1,0,1,0,0,0,0,1,0,0,0,0,0,1,1,0,0,1,0,0,0,1,0,1,1,0,78.17,1,0,0,0,0,0,12.206077645517674,0.5
4143,Male,25.0,Maharashtra,General,No,0.0,Instrumentation,1,6.3,62.68,150000.0,Yes,No,0,0,0,0,1,0,0,1,1,0,0,0,1,1,0,0,0,0,0,0,0,1,0,0,0,0,0,0,0,0,0,0,62.84,1,0,1,0,0,0,11.918397239722838,0.25
4144,Male,25.0,Maharashtra,General,No,0.0,Production,3,7.68,71.2,200000.0,Yes,Yes,1,0,0,0,1,0,1,0,1,0,0,0,1,0,0,0,0,0,0,0,1,1,0,0,0,0,0,0,0,1,0,0,74.0,1,0,0,0,0,0,12.206077645517674,0.75
4145,Female,21.0,Other,OBC,No,0.0,ECE,3,6.74,71.2,400000.0,Yes,No,0,0,0,0,0,0,0,0,0,0,0,0,1,0,0,0,0,0,0,0,0,0,0,0,0,0,0,0,0,1,0,0,69.30000000000001,1,0,0,0,0,0,12.899222326086994,0.75
4146,Male,22.0,Uttar Pradesh,General,Yes,60.0,Commerce,1,7.39,76.84,500000.0,No,Yes,0,0,0,0,0,0,0,0,0,0,0,0,0,0,0,0,0,0,0,0,0,0,0,0,0,0,0,0,0,0,0,0,75.37,0,0,1,1,1,0,13.122365377402328,0.25
4147,Male,23.0,Madhya Pradesh,General,No,0.0,IT,2,8.47,87.04,350000.0,Yes,Yes,0,1,0,0,1,0,0,0,1,0,0,0,1,0,0,0,0,0,0,0,0,0,0,0,0,0,0,0,0,1,0,0,85.87,1,1,0,0,0,1,12.765691290604371,0.5
4148,Female,21.0,Delhi,EWS,No,0.0,Biotechnology,1,8.56,84.4,800000.0,Yes,No,0,0,0,0,0,0,0,1,0,0,0,0,0,0,0,0,1,0,0,0,0,0,0,0,0,0,0,0,0,0,0,1,85.0,1,1,1,0,0,1,13.592368256649284,0.25
4149,Male,20.0,Madhya Pradesh,General,No,0.0,Electrical,1,9.87,94.9,80000.0,No,Yes,0,0,0,0,1,0,0,1,1,1,0,1,0,1,1,0,1,0,1,1,0,0,0,0,0,0,0,0,0,1,0,1,96.8,1,1,1,0,0,1,11.289794413577894,0.25
4150,Male,22.0,Tamil Nadu,EWS,No,0.0,Management,1,7.28,72.26,350000.0,Yes,Yes,0,0,0,0,0,0,0,0,0,0,0,0,1,0,0,0,0,0,0,0,0,0,0,0,0,0,0,0,0,1,0,0,72.53,1,0,1,0,0,0,12.765691290604371,0.25
4151,Male,24.0,Other,SC,No,0.0,CSE,4,9.24,86.34,350000.0,No,Yes,0,1,0,0,0,0,1,0,1,0,0,0,1,0,0,0,0,0,0,0,0,0,0,0,0,0,0,0,0,0,0,0,89.37,0,1,0,0,0,0,12.765691290604371,1.0
4152,Male,23.0,Delhi,General,No,0.0,Mechanical,1,6.63,63.4,250000.0,Yes,No,0,0,0,0,1,0,0,1,0,0,0,0,1,1,0,0,0,0,0,0,0,0,0,0,0,0,0,0,0,0,0,0,64.85,1,0,1,0,0,0,12.429220196836383,0.25
4153,Male,24.0,Maharashtra,General,No,0.0,Science,1,8.5,83.14,250000.0,Yes,Yes,1,0,0,0,1,0,0,1,0,0,0,0,0,1,0,0,1,0,0,1,1,1,0,0,0,0,0,0,0,1,0,1,84.07,1,1,1,0,0,1,12.429220196836383,0.25
4154,Male,17.0,Uttar Pradesh,OBC,Yes,40.0,Biotechnology,4,5.79,60.74,150000.0,No,Yes,0,0,0,0,1,0,0,0,0,0,0,0,1,1,0,0,0,0,0,0,0,0,0,0,0,0,0,0,0,0,0,0,59.32,1,0,0,1,1,0,11.918397239722838,1.0
4155,Female,17.0,Other,OBC,No,0.0,Chemical,4,7.49,63.14,250000.0,No,No,0,0,0,0,0,0,0,0,0,0,0,0,0,0,0,0,0,0,0,0,0,0,0,1,0,0,0,0,0,0,1,0,69.02000000000001,1,0,0,0,0,0,12.429220196836383,1.0
4156,Male,18.0,Karnataka,OBC,No,0.0,ECE,3,6.42,69.08,150000.0,Yes,Yes,0,0,0,0,1,0,0,0,1,0,0,0,1,1,0,0,0,0,0,0,0,0,0,0,0,0,0,0,0,1,0,0,66.64,1,0,0,0,0,0,11.918397239722838,0.75
4157,Male,19.0,Uttar Pradesh,ST,No,0.0,Mechanical,3,7.79,71.45,250000.0,Yes,Yes,0,1,0,0,1,0,1,0,1,0,0,0,0,1,0,0,1,0,0,0,1,0,0,0,0,0,0,0,0,1,0,0,74.67500000000001,1,0,0,0,0,0,12.429220196836383,0.75
4158,Female,20.0,Delhi,SC,No,0.0,Pharmacy,3,8.54,83.44,200000.0,Yes,No,0,0,0,0,0,0,0,0,0,0,0,0,1,0,0,0,1,0,0,1,1,0,0,1,0,0,0,0,0,1,1,0,84.41999999999999,1,1,0,0,0,1,12.206077645517674,0.75
4159,Female,22.0,Uttar Pradesh,SC,No,0.0,IT,1,7.27,71.59,400000.0,Yes,No,0,0,0,1,1,1,0,0,0,0,0,0,1,0,0,0,1,0,0,0,0,0,0,0,0,1,0,1,0,1,1,1,72.145,1,0,1,0,0,0,12.899222326086994,0.25
4160,Female,20.0,Andhra Pradesh,ST,No,0.0,Production,4,6.51,60.37,1500000.0,No,No,0,0,0,0,0,0,0,0,0,0,0,0,0,0,0,0,0,0,0,0,0,0,0,0,0,0,0,0,0,0,0,0,62.735,0,0,0,0,0,0,14.220976332738882,1.0
4161,Female,17.0,Telangana,SC,No,0.0,Management,3,5.09,45.0,80000.0,Yes,No,0,0,0,0,0,0,0,0,0,0,0,0,0,0,0,0,0,0,0,0,0,0,0,0,0,0,0,0,0,0,0,0,47.95,1,0,0,0,0,0,11.289794413577894,0.75
4162,Female,17.0,Uttar Pradesh,EWS,No,0.0,Civil,1,9.67,96.79,400000.0,Yes,Yes,0,0,0,1,1,0,0,1,1,0,0,0,1,0,1,0,1,0,0,0,0,0,0,1,1,1,0,0,0,0,1,1,96.745,1,1,1,0,0,1,12.899222326086994,0.25
4163,Male,20.0,Madhya Pradesh,EWS,No,0.0,CSE,3,7.58,77.0,200000.0,Yes,Yes,0,1,0,0,1,0,0,0,1,0,0,0,1,1,0,1,0,0,0,0,1,0,0,0,0,0,0,0,0,1,0,0,76.4,1,0,0,0,0,0,12.206077645517674,0.75
4164,Male,22.0,Other,ST,No,0.0,Instrumentation,1,7.31,68.71,120000.0,Yes,Yes,0,0,0,0,1,0,0,0,1,0,0,0,1,1,0,0,1,0,0,1,1,0,0,0,0,0,0,0,0,1,0,0,70.905,1,0,1,0,0,0,11.695255355062795,0.25
4165,Female,23.0,Maharashtra,General,No,0.0,Civil,2,7.57,71.54,300000.0,Yes,Yes,1,1,0,1,1,0,1,0,1,0,0,0,0,0,0,0,1,0,0,0,0,1,0,1,0,0,0,0,0,1,1,0,73.62,1,0,0,0,0,0,12.611541086966115,0.5
4166,Female,19.0,Gujarat,ST,No,0.0,Civil,1,7.24,72.21,350000.0,No,Yes,0,0,0,1,0,0,0,0,0,0,0,0,1,0,0,0,1,0,0,0,0,0,0,0,0,1,0,0,0,0,1,1,72.305,0,0,1,0,0,0,12.765691290604371,0.25
4167,Female,23.0,Karnataka,OBC,No,0.0,ECE,3,7.68,75.1,80000.0,Yes,Yes,0,1,0,0,1,0,1,0,1,0,0,0,1,0,0,0,1,0,0,1,0,0,0,0,0,0,0,0,0,1,1,0,75.94999999999999,1,0,0,0,0,0,11.289794413577894,0.75
4168,Male,17.0,Rajasthan,ST,No,0.0,Science,1,8.74,84.19,600000.0,No,No,0,0,0,0,0,0,0,1,0,0,0,0,0,0,0,0,0,0,0,0,0,0,0,0,0,0,0,0,0,0,0,1,85.795,0,1,1,0,0,0,13.304686600863562,0.25
4169,Female,21.0,Maharashtra,SC,No,0.0,Pharmacy,1,6.34,56.17,500000.0,Yes,No,0,0,0,0,0,0,0,0,0,0,0,0,0,0,0,0,0,0,0,0,0,0,0,0,0,0,0,0,0,0,0,0,59.785,1,0,1,0,0,0,13.122365377402328,0.25
4170,Male,22.0,Andhra Pradesh,ST,No,0.0,Production,3,7.68,72.45,150000.0,No,Yes,0,1,0,0,1,0,1,0,1,0,0,0,1,1,0,0,0,0,0,1,0,0,0,0,0,0,0,0,0,0,0,0,74.625,1,0,0,0,0,0,11.918397239722838,0.75
4171,Female,22.0,Rajasthan,ST,No,0.0,Production,3,7.6,72.15,150000.0,No,Yes,0,1,0,0,0,0,0,0,1,0,0,0,1,0,0,0,0,0,0,1,0,0,0,1,0,0,0,0,0,0,0,0,74.075,1,0,0,0,0,0,11.918397239722838,0.75
4172,Male,17.0,Gujarat,OBC,No,0.0,Medical,4,10.0,91.01,120000.0,Yes,No,0,0,0,0,0,0,0,0,0,0,0,0,0,1,0,0,1,0,0,0,1,0,0,0,0,0,0,0,0,1,0,0,95.505,1,1,0,0,0,1,11.695255355062795,1.0
4173,Female,22.0,Andhra Pradesh,General,No,0.0,Mechanical,2,5.11,49.54,300000.0,No,No,0,0,0,0,0,0,0,0,0,0,0,0,0,0,0,0,0,0,0,0,0,0,0,0,0,0,0,0,0,0,0,0,50.32,1,0,0,0,0,0,12.611541086966115,0.5
4174,Female,21.0,Rajasthan,SC,No,0.0,Pharmacy,4,7.05,67.92,120000.0,No,No,0,0,0,0,1,0,0,0,0,0,0,0,1,0,0,0,0,0,0,1,0,0,0,1,0,0,0,0,0,0,1,0,69.21000000000001,1,0,0,0,0,0,11.695255355062795,1.0
4175,Male,19.0,Gujarat,ST,No,0.0,Management,3,8.2,81.75,150000.0,No,Yes,1,0,0,0,1,0,0,0,0,0,0,0,0,0,0,0,0,0,0,1,1,0,0,0,0,0,0,0,0,0,0,0,81.875,1,1,0,0,0,1,11.918397239722838,0.75
4176,Female,25.0,Tamil Nadu,EWS,No,0.0,ECE,4,5.69,52.38,1500000.0,Yes,Yes,0,0,0,0,0,0,0,0,0,0,0,0,0,0,0,0,0,0,0,0,0,0,0,0,0,0,0,0,0,0,0,0,54.64,1,0,0,0,0,0,14.220976332738882,1.0
4177,Female,18.0,Madhya Pradesh,General,No,0.0,Instrumentation,2,8.01,71.2,1000000.0,No,Yes,0,0,0,0,0,0,0,0,0,0,0,0,0,0,0,0,0,0,0,0,0,0,0,0,0,0,0,0,0,0,0,0,75.65,0,0,0,0,0,0,13.815511557963774,0.5
4178,Male,21.0,Delhi,SC,No,0.0,Chemical,4,10.0,97.87,400000.0,Yes,Yes,0,0,0,0,1,0,1,0,1,0,0,0,0,0,0,0,1,0,0,0,0,0,0,0,0,0,0,0,0,1,0,0,98.935,1,1,0,0,0,1,12.899222326086994,1.0
4179,Male,24.0,Rajasthan,ST,No,0.0,Instrumentation,1,7.43,67.91,600000.0,Yes,No,0,0,0,0,0,0,0,1,0,0,0,0,0,0,0,0,0,0,0,0,0,0,0,0,0,0,0,0,0,0,0,0,71.10499999999999,1,0,1,0,0,0,13.304686600863562,0.25
4180,Female,22.0,Telangana,SC,No,0.0,Pharmacy,4,6.82,63.01,1000000.0,Yes,Yes,0,0,0,0,0,0,0,0,0,0,0,0,0,0,0,0,0,0,0,0,0,0,0,0,0,0,0,0,0,0,0,0,65.605,1,0,0,0,0,0,13.815511557963774,1.0
4181,Female,17.0,Rajasthan,General,No,0.0,Medical,1,8.29,79.53,400000.0,Yes,No,0,0,0,0,1,0,0,0,0,0,0,0,1,0,0,0,0,0,0,0,0,0,0,1,0,0,0,0,0,1,0,0,81.215,1,1,1,0,0,1,12.899222326086994,0.25
4182,Male,20.0,Other,General,No,0.0,Electrical,4,5.91,54.84,350000.0,Yes,Yes,0,0,0,0,0,0,0,0,0,0,0,0,0,0,0,0,0,0,0,0,0,0,0,0,0,0,0,0,0,0,0,0,56.97,1,0,0,0,0,0,12.765691290604371,1.0
4183,Male,24.0,Gujarat,General,No,0.0,Biotechnology,4,8.55,82.28,600000.0,No,No,0,0,0,0,0,0,0,0,0,0,0,0,0,0,0,0,1,0,0,0,0,0,0,0,0,0,0,0,0,0,0,0,83.89,0,1,0,0,0,0,13.304686600863562,1.0
4184,Female,21.0,Maharashtra,General,No,0.0,AI_DS,3,8.18,78.86,250000.0,Yes,No,1,1,0,0,1,0,0,0,1,0,0,0,1,1,0,1,1,0,0,1,1,1,0,1,0,0,0,0,0,1,1,0,80.33,1,1,0,0,0,1,12.429220196836383,0.75
4185,Male,24.0,Delhi,OBC,No,0.0,AI_DS,1,9.45,90.48,350000.0,No,Yes,0,1,0,0,0,0,0,0,1,0,0,0,0,0,0,0,1,0,0,0,0,0,0,0,0,0,0,0,0,1,0,1,92.49000000000001,0,1,1,0,0,0,12.765691290604371,0.25
4186,Female,19.0,Telangana,General,No,0.0,Instrumentation,4,7.04,64.13,300000.0,No,No,1,0,0,0,1,0,0,0,0,0,0,0,0,0,0,0,0,0,0,0,0,0,0,1,0,0,0,0,0,1,1,0,67.265,1,0,0,0,0,0,12.611541086966115,1.0
4187,Female,19.0,Telangana,EWS,No,0.0,Production,1,7.8,66.78,800000.0,No,No,0,0,0,0,0,0,0,0,0,0,0,0,0,0,0,0,1,0,0,0,0,0,0,0,0,0,0,1,0,0,0,0,72.39,0,0,1,0,0,0,13.592368256649284,0.25
4188,Male,18.0,Rajasthan,ST,No,0.0,Instrumentation,4,7.28,68.54,80000.0,Yes,No,0,0,0,0,1,0,0,0,1,0,0,0,1,1,0,0,0,0,0,0,1,0,0,0,0,0,0,0,0,1,0,0,70.67,1,0,0,0,0,0,11.289794413577894,1.0
4189,Male,22.0,Uttar Pradesh,OBC,No,0.0,Commerce,4,7.49,52.89,300000.0,Yes,Yes,0,0,0,0,0,0,0,0,0,0,0,0,1,0,0,0,0,0,0,0,0,0,0,0,0,0,0,0,0,0,0,0,63.895,1,0,0,0,0,0,12.611541086966115,1.0
4190,Female,21.0,Andhra Pradesh,SC,No,0.0,Production,1,8.47,81.16,350000.0,No,No,0,0,0,1,0,0,0,1,1,0,0,0,0,0,1,0,0,0,0,0,0,0,0,1,0,1,0,1,0,1,1,1,82.93,0,1,1,0,0,0,12.765691290604371,0.25
4191,Male,23.0,Maharashtra,SC,No,0.0,Chemical,1,7.62,73.31,120000.0,Yes,No,1,1,0,0,1,0,0,1,1,0,0,0,1,1,0,0,1,0,0,1,1,0,0,0,0,0,0,0,0,1,0,1,74.755,1,0,1,0,0,0,11.695255355062795,0.25
4192,Male,20.0,Other,SC,No,0.0,Production,1,7.61,76.02,1200000.0,Yes,No,0,0,0,0,0,0,0,0,0,0,0,0,0,0,0,0,1,0,0,0,0,0,0,0,0,0,0,0,0,0,0,0,76.06,1,0,1,0,0,0,13.997832948091215,0.25
4193,Male,24.0,Delhi,ST,No,0.0,Biotechnology,4,7.65,68.3,1000000.0,No,Yes,0,0,0,0,0,0,0,0,0,0,0,0,0,0,0,0,0,0,0,0,0,0,0,0,0,0,0,0,0,0,0,0,72.4,0,0,0,0,0,0,13.815511557963774,1.0
4194,Male,25.0,Delhi,OBC,No,0.0,Instrumentation,1,9.46,90.98,1000000.0,No,No,0,0,0,0,0,0,0,1,0,0,0,0,0,0,0,0,1,0,0,0,0,0,0,0,0,0,0,0,0,0,0,1,92.79,0,1,1,0,0,0,13.815511557963774,0.25
4195,Female,24.0,Telangana,ST,No,0.0,Instrumentation,2,6.79,60.74,300000.0,No,Yes,0,0,0,0,1,0,0,0,1,0,0,0,1,0,0,0,0,0,0,0,0,0,0,1,0,0,0,1,0,0,0,0,64.32000000000001,1,0,0,0,0,0,12.611541086966115,0.5
4196,Female,24.0,Maharashtra,General,No,0.0,Pharmacy,2,7.98,75.46,1500000.0,No,Yes,0,0,0,0,0,0,0,0,0,0,0,0,0,0,0,0,1,0,0,0,0,0,0,0,0,0,0,0,0,0,0,0,77.63,0,0,0,0,0,0,14.220976332738882,0.5
4197,Male,24.0,Madhya Pradesh,General,No,0.0,CSE,2,9.39,88.17,400000.0,Yes,Yes,0,0,0,0,1,0,0,0,1,0,0,0,1,0,0,0,0,0,0,0,0,0,0,0,0,0,0,0,0,1,0,0,91.035,1,1,0,0,0,1,12.899222326086994,0.5
4198,Male,25.0,Madhya Pradesh,EWS,No,0.0,Science,3,6.5,64.44,800000.0,Yes,No,0,0,0,0,0,0,0,0,0,0,0,0,0,0,0,0,0,0,0,0,0,0,0,0,0,0,0,0,0,0,0,0,64.72,1,0,0,0,0,0,13.592368256649284,0.75
4199,Male,17.0,Madhya Pradesh,SC,Yes,50.0,Management,2,8.61,82.3,500000.0,Yes,No,0,0,0,0,1,0,0,0,0,0,0,0,0,0,0,0,1,0,0,0,0,0,0,0,0,0,0,0,0,0,0,0,84.19999999999999,1,1,0,1,1,1,13.122365377402328,0.5
4200,Female,19.0,Andhra Pradesh,ST,No,0.0,Medical,2,8.31,78.83,1000000.0,Yes,No,0,0,0,0,0,0,0,0,0,0,0,0,0,0,0,0,0,0,0,0,0,0,0,0,0,0,0,0,0,0,0,0,80.965,1,1,0,0,0,1,13.815511557963774,0.5
4201,Male,23.0,Other,General,No,0.0,Pharmacy,3,7.78,77.4,80000.0,No,No,0,0,0,0,0,0,0,0,0,0,0,0,0,1,0,0,0,0,0,1,0,0,0,0,0,0,0,0,0,0,0,0,77.6,1,0,0,0,0,0,11.289794413577894,0.75
4202,Female,25.0,Other,EWS,Yes,70.0,IT,4,8.25,77.87,500000.0,Yes,Yes,0,0,0,0,0,0,1,0,1,0,0,0,0,0,0,0,0,0,0,0,0,0,0,0,0,0,1,0,1,0,0,0,80.185,1,1,0,1,1,1,13.122365377402328,1.0
4203,Male,19.0,Other,General,No,0.0,Biotechnology,2,9.12,79.55,500000.0,Yes,Yes,0,0,0,0,1,0,0,0,0,0,0,0,0,0,0,0,1,0,0,0,0,0,0,0,0,0,0,0,0,0,0,0,85.375,1,1,0,0,0,1,13.122365377402328,0.5
4204,Male,20.0,Rajasthan,OBC,No,0.0,Management,4,9.96,89.5,150000.0,No,Yes,0,0,0,0,1,0,0,0,0,0,0,0,1,1,0,0,1,0,0,0,1,0,0,0,0,0,0,0,0,1,0,0,94.55000000000001,1,1,0,0,0,1,11.918397239722838,1.0
4205,Male,21.0,Madhya Pradesh,ST,No,0.0,Mechanical,4,6.75,64.0,1000000.0,Yes,No,0,0,0,0,0,0,0,0,0,0,0,0,0,0,0,0,0,0,0,0,0,0,0,0,0,0,0,0,0,0,0,0,65.75,1,0,0,0,0,0,13.815511557963774,1.0
4206,Male,20.0,Telangana,OBC,No,0.0,Management,2,7.32,72.56,150000.0,Yes,No,1,0,0,0,1,0,0,0,0,0,0,0,1,1,0,0,1,0,0,1,1,0,0,0,0,0,0,0,0,1,0,0,72.88,1,0,0,0,0,0,11.918397239722838,0.5
4207,Female,20.0,Tamil Nadu,SC,No,0.0,ECE,3,6.23,59.97,1000000.0,Yes,Yes,0,0,0,0,0,0,0,0,0,0,0,0,0,0,0,0,0,0,0,0,0,0,0,0,0,0,0,0,0,0,0,0,61.135000000000005,1,0,0,0,0,0,13.815511557963774,0.75
4208,Female,19.0,Maharashtra,ST,No,0.0,Management,3,6.81,65.58,120000.0,No,No,1,0,0,0,1,0,0,0,0,0,0,0,1,1,0,0,0,0,0,1,0,0,0,0,0,0,0,0,0,0,0,0,66.84,1,0,0,0,0,0,11.695255355062795,0.75
4209,Male,21.0,Gujarat,SC,No,0.0,Biotechnology,2,7.42,70.77,800000.0,No,Yes,0,0,0,0,0,0,0,0,0,0,0,0,0,0,0,0,1,0,0,0,0,0,0,0,0,0,0,0,0,0,0,0,72.485,0,0,0,0,0,0,13.592368256649284,0.5
4210,Male,22.0,Madhya Pradesh,EWS,No,0.0,Production,4,6.84,63.45,250000.0,Yes,No,0,0,0,0,1,0,0,0,1,0,0,0,1,0,0,0,0,0,0,0,0,0,0,0,0,0,0,0,0,0,0,0,65.92500000000001,1,0,0,0,0,0,12.429220196836383,1.0
4211,Male,24.0,Uttar Pradesh,SC,No,0.0,Production,1,7.84,77.31,350000.0,Yes,Yes,0,1,0,0,0,0,0,0,0,0,0,0,1,0,0,0,1,0,0,0,0,0,0,0,0,0,0,0,0,1,0,0,77.855,1,0,1,0,0,0,12.765691290604371,0.25
4212,Male,18.0,Karnataka,SC,No,0.0,AI_DS,2,6.78,61.8,800000.0,Yes,Yes,0,0,0,0,0,0,0,0,0,0,0,0,0,0,0,0,0,0,0,0,0,0,0,0,0,0,0,0,0,0,0,0,64.8,1,0,0,0,0,0,13.592368256649284,0.5
4213,Male,17.0,Tamil Nadu,SC,No,0.0,CSE,2,8.24,78.18,1500000.0,No,No,0,0,0,0,0,0,0,0,0,0,0,0,0,0,0,0,0,0,0,0,0,0,0,0,0,0,0,0,0,0,0,0,80.29,0,1,0,0,0,0,14.220976332738882,0.5
4214,Female,25.0,Telangana,General,No,0.0,Electrical,2,8.5,78.03,150000.0,Yes,Yes,1,0,0,1,1,0,1,0,1,0,1,0,1,1,0,1,0,1,0,1,1,0,0,1,0,0,0,1,0,1,1,0,81.515,1,1,0,0,0,1,11.918397239722838,0.5
4215,Male,25.0,Tamil Nadu,OBC,No,0.0,Biotechnology,4,7.49,49.32,80000.0,No,Yes,0,0,0,0,0,0,0,0,0,0,0,0,1,0,0,0,0,0,0,0,0,0,0,0,0,0,0,0,0,0,0,0,62.11,1,0,0,0,0,0,11.289794413577894,1.0
4216,Male,20.0,Tamil Nadu,General,No,0.0,Pharmacy,4,6.58,62.27,500000.0,Yes,No,0,0,0,0,0,0,0,0,0,0,0,0,0,0,0,0,0,0,0,0,0,0,0,0,0,0,0,0,0,0,0,0,64.035,1,0,0,0,0,0,13.122365377402328,1.0
4217,Male,18.0,Karnataka,General,No,0.0,Mechanical,2,6.74,66.25,350000.0,Yes,Yes,0,0,0,0,1,0,0,0,1,0,0,0,1,0,0,0,0,0,0,0,0,0,0,0,0,0,0,0,0,1,0,0,66.825,1,0,0,0,0,0,12.765691290604371,0.5
4218,Male,24.0,Rajasthan,SC,No,0.0,Production,1,2.0,68.38,400000.0,No,No,0,0,0,0,1,0,0,1,1,0,0,0,0,0,0,0,0,0,0,0,0,0,0,0,0,0,0,0,0,1,0,1,44.19,0,0,1,0,0,0,12.899222326086994,0.25
4219,Male,25.0,Maharashtra,OBC,No,0.0,Instrumentation,4,7.69,73.64,1000000.0,Yes,Yes,0,0,0,0,0,0,0,0,0,0,0,0,0,0,0,0,0,0,0,0,0,0,0,0,0,0,0,0,0,0,0,0,75.27000000000001,1,0,0,0,0,0,13.815511557963774,1.0
4220,Male,20.0,Karnataka,ST,No,0.0,Instrumentation,3,7.47,71.2,350000.0,Yes,No,0,0,0,0,1,0,0,0,1,0,0,0,0,0,0,0,0,0,0,0,0,0,0,0,0,0,0,0,0,1,0,0,72.95,1,0,0,0,0,0,12.765691290604371,0.75
4221,Female,22.0,Telangana,General,No,0.0,Management,1,6.55,66.42,80000.0,No,Yes,1,0,0,0,1,0,0,1,0,0,0,0,1,1,0,0,0,0,0,1,0,0,0,1,0,0,0,0,0,0,0,0,65.96000000000001,1,0,1,0,0,0,11.289794413577894,0.25
4222,Female,22.0,Other,EWS,No,0.0,Civil,3,7.22,64.66,500000.0,Yes,Yes,0,0,0,0,1,0,0,0,0,0,0,0,0,0,0,0,1,0,0,0,0,0,0,0,0,0,0,0,0,0,0,0,68.43,1,0,0,0,0,0,13.122365377402328,0.75
4223,Male,25.0,Gujarat,EWS,No,0.0,Production,3,7.73,71.2,80000.0,Yes,No,0,0,0,0,1,0,1,0,1,0,0,0,0,1,0,0,1,0,0,1,1,0,0,0,0,0,0,0,0,0,0,0,74.25,1,0,0,0,0,0,11.289794413577894,0.75
4224,Female,24.0,Uttar Pradesh,EWS,No,0.0,CSE,4,8.3,85.48,1000000.0,No,Yes,0,0,0,0,0,0,0,0,0,0,0,0,0,0,0,0,1,0,0,0,0,0,0,0,0,0,0,0,0,0,0,0,84.24000000000001,0,1,0,0,0,0,13.815511557963774,1.0
4225,Female,21.0,Madhya Pradesh,ST,No,0.0,ECE,3,6.56,63.32,1500000.0,Yes,Yes,0,0,0,0,0,0,0,0,0,0,0,0,0,0,0,0,0,0,0,0,0,0,0,0,0,0,0,0,0,0,0,0,64.46,1,0,0,0,0,0,14.220976332738882,0.75
4226,Male,24.0,Maharashtra,ST,No,0.0,Management,1,5.39,52.57,800000.0,No,Yes,0,0,0,0,0,0,0,0,0,0,0,0,0,0,0,0,0,0,0,0,0,0,0,0,0,0,0,0,0,0,0,0,53.235,0,0,1,0,0,0,13.592368256649284,0.25
4227,Male,18.0,Rajasthan,EWS,No,0.0,AI_DS,4,6.44,59.31,1000000.0,Yes,Yes,0,0,0,0,0,0,0,0,0,0,0,0,0,0,0,0,0,0,0,0,0,0,0,0,0,0,0,0,0,0,0,0,61.855000000000004,1,0,0,0,0,0,13.815511557963774,1.0
4228,Female,22.0,Karnataka,General,No,0.0,Management,2,6.18,60.91,1000000.0,Yes,Yes,0,0,0,0,0,0,0,0,0,0,0,0,0,0,0,0,0,0,0,0,0,0,0,0,0,0,0,0,0,0,0,0,61.355,1,0,0,0,0,0,13.815511557963774,0.5
4229,Female,17.0,Karnataka,ST,No,0.0,AI_DS,4,8.71,82.82,80000.0,Yes,No,0,1,0,0,1,0,1,0,1,0,0,0,0,1,0,1,1,0,0,1,1,0,1,0,0,0,0,0,0,1,0,0,84.96000000000001,1,1,0,0,0,1,11.289794413577894,1.0
4230,Male,17.0,Andhra Pradesh,General,No,0.0,Electrical,1,6.46,66.14,80000.0,No,No,0,0,0,0,0,0,0,1,1,0,0,0,1,1,0,0,0,0,0,0,0,0,0,0,0,0,0,0,0,1,0,0,65.37,1,0,1,0,0,0,11.289794413577894,0.25
4231,Male,17.0,Tamil Nadu,OBC,No,0.0,Medical,2,6.6,56.21,1500000.0,No,No,0,0,0,0,0,0,0,0,0,0,0,0,0,0,0,0,0,0,0,0,0,0,0,0,0,0,0,0,0,0,0,0,61.105000000000004,0,0,0,0,0,0,14.220976332738882,0.5
4232,Female,19.0,Telangana,ST,No,0.0,Management,2,8.05,73.16,150000.0,No,No,1,0,0,0,1,0,0,0,0,0,0,0,1,1,0,0,1,0,0,1,0,0,0,0,0,0,0,0,0,0,1,0,76.83,1,0,0,0,0,0,11.918397239722838,0.5
4233,Male,23.0,Madhya Pradesh,OBC,No,0.0,CSE,3,8.69,81.41,1000000.0,Yes,No,0,0,0,0,0,0,1,0,0,0,0,0,0,0,0,0,0,0,0,0,0,0,0,0,0,0,0,0,0,0,0,0,84.155,1,1,0,0,0,1,13.815511557963774,0.75
4234,Female,18.0,Gujarat,General,No,0.0,Mechanical,1,8.22,82.29,600000.0,No,No,0,0,0,0,0,0,0,1,1,0,0,0,0,0,0,0,0,0,0,0,0,0,0,0,0,0,0,1,0,0,0,1,82.245,0,1,1,0,0,0,13.304686600863562,0.25
4235,Male,20.0,Madhya Pradesh,SC,Yes,70.0,ECE,4,6.05,55.78,500000.0,No,No,0,0,0,0,0,0,0,0,0,0,0,0,0,0,0,0,0,0,0,0,0,0,0,0,0,0,0,0,1,0,0,0,58.14,0,0,0,1,1,0,13.122365377402328,1.0
4236,Female,23.0,Madhya Pradesh,ST,No,0.0,AI_DS,4,7.41,75.01,250000.0,No,Yes,0,0,0,0,0,0,0,0,1,0,0,0,1,0,0,0,1,0,0,1,1,0,0,1,0,0,0,0,0,1,0,0,74.555,1,0,0,0,0,0,12.429220196836383,1.0
4237,Male,22.0,Telangana,General,No,0.0,Pharmacy,1,6.71,61.96,300000.0,No,No,1,0,0,0,0,0,0,1,0,0,0,0,0,0,0,0,0,0,0,0,0,0,0,0,0,0,0,0,0,0,0,0,64.53,1,0,1,0,0,0,12.611541086966115,0.25
4238,Female,21.0,Maharashtra,EWS,No,0.0,IT,1,8.07,74.93,1000000.0,No,No,0,0,0,0,0,0,0,1,0,0,0,0,0,0,0,0,1,0,0,0,0,0,0,0,0,0,0,0,0,0,0,0,77.815,0,0,1,0,0,0,13.815511557963774,0.25
4239,Female,20.0,Maharashtra,General,No,0.0,Instrumentation,1,7.68,68.31,250000.0,Yes,No,1,0,1,0,0,0,0,0,1,0,0,0,1,0,0,0,0,0,0,0,1,1,0,0,0,0,0,1,0,1,1,0,72.555,1,0,1,0,0,0,12.429220196836383,0.25
4240,Male,23.0,Other,ST,Yes,40.0,Instrumentation,3,10.0,90.96,350000.0,No,No,0,1,0,0,0,0,1,0,1,0,0,0,0,0,0,0,0,0,0,0,0,0,0,0,0,0,0,0,1,1,0,0,95.47999999999999,0,1,0,1,1,0,12.765691290604371,0.75
4241,Female,17.0,Maharashtra,General,Yes,50.0,IT,1,7.11,67.45,250000.0,No,No,0,0,0,0,1,0,0,1,1,0,0,0,0,1,0,0,0,0,0,0,1,1,0,0,0,0,0,0,1,0,0,1,69.275,1,0,1,1,1,0,12.429220196836383,0.25
4242,Female,21.0,Uttar Pradesh,ST,No,0.0,Civil,3,9.8,89.13,1000000.0,No,No,0,0,0,0,0,0,1,0,0,0,1,0,0,0,0,0,1,1,0,0,0,0,0,0,0,0,1,0,0,0,0,0,93.565,0,1,0,0,0,0,13.815511557963774,0.75
4243,Male,22.0,Andhra Pradesh,General,No,0.0,Electrical,3,9.88,96.13,350000.0,No,Yes,0,1,0,0,0,0,0,0,1,0,0,0,1,0,0,0,1,1,0,0,0,0,0,0,0,0,0,0,0,1,0,0,97.465,0,1,0,0,0,0,12.765691290604371,0.75
4244,Female,24.0,Andhra Pradesh,General,No,0.0,Civil,1,7.49,73.05,1000000.0,No,No,0,0,0,0,0,0,0,0,0,0,0,0,0,0,0,0,1,0,0,0,0,0,0,0,0,0,0,0,0,0,0,1,73.975,0,0,1,0,0,0,13.815511557963774,0.25
4245,Male,18.0,Delhi,General,No,0.0,ECE,4,8.19,75.63,300000.0,Yes,No,0,0,0,0,1,0,1,0,1,0,0,0,1,0,0,1,0,0,0,1,0,0,0,0,0,0,0,0,0,1,0,0,78.76499999999999,1,1,0,0,0,1,12.611541086966115,1.0
4246,Male,25.0,Other,General,No,0.0,Biotechnology,1,9.02,82.78,250000.0,Yes,Yes,0,0,0,0,1,0,0,1,0,0,0,0,1,1,0,0,1,0,1,1,1,0,0,0,0,0,0,0,0,1,0,1,86.49,1,1,1,0,0,1,12.429220196836383,0.25
4247,Female,17.0,Tamil Nadu,General,No,0.0,Instrumentation,1,7.36,68.25,800000.0,No,No,0,0,0,0,0,0,0,0,0,0,0,0,0,0,0,0,0,0,0,0,0,0,0,0,0,0,0,0,0,0,0,1,70.92500000000001,0,0,1,0,0,0,13.592368256649284,0.25
4248,Female,24.0,Other,ST,No,0.0,ECE,1,6.31,62.17,1000000.0,Yes,Yes,0,0,0,0,0,0,0,0,0,0,0,0,0,0,0,0,0,0,0,0,0,0,0,0,0,0,0,0,0,0,0,0,62.635,1,0,1,0,0,0,13.815511557963774,0.25
4249,Male,18.0,Uttar Pradesh,ST,No,0.0,IT,2,8.14,80.96,300000.0,No,No,0,1,0,0,0,0,0,0,1,0,0,0,0,0,0,0,0,0,0,1,0,0,0,0,0,0,0,0,0,1,0,0,81.18,1,1,0,0,0,1,12.611541086966115,0.5
4250,Male,23.0,Delhi,SC,No,0.0,Instrumentation,4,5.36,54.11,600000.0,No,No,0,0,0,0,0,0,0,0,0,0,0,0,0,0,0,0,0,0,0,0,0,0,0,0,0,0,0,0,0,0,0,0,53.855000000000004,0,0,0,0,0,0,13.304686600863562,1.0
4251,Female,25.0,Uttar Pradesh,OBC,No,0.0,CSE,1,10.0,93.65,800000.0,Yes,Yes,0,0,0,0,0,1,0,0,0,0,0,0,0,0,0,0,1,0,0,0,0,0,0,0,0,0,0,1,0,0,0,1,96.825,1,1,1,0,0,1,13.592368256649284,0.25
4252,Male,18.0,Karnataka,ST,No,0.0,Instrumentation,3,9.77,92.03,1200000.0,No,Yes,0,0,0,0,0,0,1,0,0,0,0,0,0,0,0,0,1,0,0,0,0,0,0,0,0,0,0,0,0,0,0,0,94.865,0,1,0,0,0,0,13.997832948091215,0.75
4253,Female,22.0,Uttar Pradesh,General,No,0.0,Instrumentation,3,5.85,54.66,500000.0,No,Yes,0,0,0,0,0,0,0,0,0,0,0,0,0,0,0,0,0,0,0,0,0,0,0,0,0,0,0,0,0,0,0,0,56.58,0,0,0,0,0,0,13.122365377402328,0.75
4254,Male,21.0,Andhra Pradesh,SC,No,0.0,Instrumentation,4,8.76,80.71,200000.0,Yes,No,0,0,0,0,1,0,1,0,1,0,0,0,1,1,0,1,1,0,0,1,0,0,0,0,0,0,0,0,0,1,0,0,84.155,1,1,0,0,0,1,12.206077645517674,1.0
4255,Female,25.0,Maharashtra,ST,No,0.0,Management,4,6.78,66.19,800000.0,No,No,0,0,0,0,0,0,0,0,0,0,0,0,0,0,0,0,0,0,0,0,0,0,0,0,0,0,0,0,0,0,0,0,66.995,0,0,0,0,0,0,13.592368256649284,1.0
4256,Female,24.0,Karnataka,ST,No,0.0,Biotechnology,2,7.5,73.0,250000.0,Yes,No,0,0,0,0,1,0,0,0,0,0,0,0,1,1,0,0,0,0,0,1,0,0,0,1,0,0,0,0,0,1,1,0,74.0,1,0,0,0,0,0,12.429220196836383,0.5
4257,Male,18.0,Delhi,ST,No,0.0,Electrical,4,7.49,75.44,250000.0,No,No,0,1,0,0,1,0,0,0,1,0,0,0,1,1,0,0,0,0,0,1,1,0,0,0,0,0,0,0,0,0,0,0,75.17,1,0,0,0,0,0,12.429220196836383,1.0
4258,Female,23.0,Andhra Pradesh,ST,No,0.0,AI_DS,1,6.98,67.01,600000.0,Yes,No,0,0,0,0,0,0,0,0,0,0,0,0,0,0,0,0,0,0,0,0,0,0,0,0,0,0,0,0,0,0,0,1,68.405,1,0,1,0,0,0,13.304686600863562,0.25
4259,Male,23.0,Telangana,OBC,No,0.0,Civil,1,6.39,64.57,400000.0,No,No,0,0,0,0,0,0,0,1,1,0,0,0,0,0,0,0,0,0,0,0,0,0,0,0,0,0,0,0,0,0,0,0,64.235,0,0,1,0,0,0,12.899222326086994,0.25
4260,Male,25.0,Madhya Pradesh,ST,No,0.0,Science,3,6.74,67.42,600000.0,Yes,Yes,0,0,0,0,0,0,0,0,0,0,0,0,0,0,0,0,0,0,0,0,0,0,0,0,0,0,0,0,0,0,0,0,67.41,1,0,0,0,0,0,13.304686600863562,0.75
4261,Female,23.0,Karnataka,EWS,No,0.0,Commerce,4,7.22,69.2,80000.0,No,No,0,0,0,0,0,0,0,0,0,0,0,0,1,1,0,0,0,0,0,0,0,0,0,1,0,0,0,0,0,0,0,0,70.7,1,0,0,0,0,0,11.289794413577894,1.0
4262,Female,24.0,Tamil Nadu,General,No,0.0,CSE,4,6.91,62.6,1500000.0,No,Yes,0,0,0,0,0,0,0,0,0,0,0,0,0,0,0,0,0,0,0,0,0,0,0,0,0,0,0,0,0,0,0,0,65.85,0,0,0,0,0,0,14.220976332738882,1.0
4263,Male,22.0,Maharashtra,General,No,0.0,Chemical,3,5.41,48.23,600000.0,No,Yes,0,0,0,0,0,0,0,0,0,0,0,0,0,0,0,0,0,0,0,0,0,1,0,0,0,0,0,0,0,0,0,0,51.165,0,0,0,0,0,0,13.304686600863562,0.75
4264,Female,24.0,Madhya Pradesh,OBC,No,0.0,Civil,4,7.11,68.18,250000.0,No,No,0,0,0,0,1,0,0,0,1,0,0,0,0,1,0,0,1,0,0,1,1,0,0,1,0,0,0,0,0,0,0,0,69.64000000000001,1,0,0,0,0,0,12.429220196836383,1.0
4265,Female,22.0,Maharashtra,ST,No,0.0,Commerce,2,8.71,81.41,200000.0,No,No,1,0,0,0,0,0,0,0,0,0,0,0,0,1,0,0,0,0,0,0,0,0,0,1,0,0,0,0,0,1,1,0,84.255,1,1,0,0,0,1,12.206077645517674,0.5
4266,Male,17.0,Madhya Pradesh,General,No,0.0,Biotechnology,2,6.44,56.85,1200000.0,Yes,No,0,0,0,0,0,0,0,0,0,0,0,0,0,0,0,0,0,0,0,0,0,0,0,0,0,0,0,0,0,0,0,0,60.625,1,0,0,0,0,0,13.997832948091215,0.5
4267,Male,24.0,Tamil Nadu,OBC,No,0.0,Electrical,4,8.08,80.91,350000.0,No,No,0,1,0,0,0,0,1,0,1,0,0,0,0,0,0,0,1,0,0,0,0,0,0,0,0,0,0,0,0,1,0,0,80.85499999999999,0,1,0,0,0,0,12.765691290604371,1.0
4268,Male,25.0,Uttar Pradesh,SC,No,0.0,Mechanical,4,9.02,87.82,1500000.0,No,Yes,0,0,0,0,0,0,0,0,0,0,0,0,0,0,0,0,1,1,0,0,0,0,0,0,0,0,0,0,0,0,0,0,89.00999999999999,0,1,0,0,0,0,14.220976332738882,1.0
4269,Male,23.0,Andhra Pradesh,EWS,No,0.0,Mechanical,4,8.27,83.66,350000.0,No,No,0,1,0,0,0,0,1,0,1,0,0,0,1,0,0,0,1,0,0,0,0,0,0,0,0,0,0,0,0,1,0,0,83.17999999999999,0,1,0,0,0,0,12.765691290604371,1.0
4270,Male,21.0,Karnataka,SC,Yes,60.0,Medical,1,7.9,76.99,350000.0,No,Yes,0,0,0,0,0,0,0,1,0,0,0,0,1,0,0,0,0,0,0,0,0,0,0,0,0,0,0,0,0,1,0,1,77.995,0,0,1,1,1,0,12.765691290604371,0.25
4271,Female,24.0,Tamil Nadu,EWS,No,0.0,Instrumentation,4,7.12,63.55,120000.0,No,No,0,0,0,0,0,0,0,0,1,0,0,0,1,1,0,0,0,0,0,1,0,0,0,1,0,0,0,0,0,1,1,0,67.375,1,0,0,0,0,0,11.695255355062795,1.0
4272,Male,18.0,Andhra Pradesh,OBC,No,0.0,Commerce,3,6.68,63.43,80000.0,No,Yes,0,0,0,0,1,0,0,0,0,0,0,0,1,1,0,0,0,0,0,1,0,0,0,0,0,0,0,0,0,0,0,0,65.115,1,0,0,0,0,0,11.289794413577894,0.75
4273,Female,19.0,Madhya Pradesh,General,No,0.0,AI_DS,3,7.57,77.69,350000.0,No,Yes,0,1,0,0,0,0,1,0,1,0,0,0,1,0,0,0,0,0,0,0,0,0,1,1,0,0,0,0,0,1,1,0,76.695,0,0,0,0,0,0,12.765691290604371,0.75
4274,Female,25.0,Gujarat,OBC,No,0.0,IT,1,7.6,75.74,500000.0,Yes,Yes,0,0,0,0,1,0,0,1,1,0,0,0,0,0,0,0,0,0,0,0,0,0,0,1,0,0,0,0,0,0,0,0,75.87,1,0,1,0,0,0,13.122365377402328,0.25
4275,Male,21.0,Uttar Pradesh,General,No,0.0,Management,3,6.98,65.37,350000.0,Yes,No,0,0,0,0,0,0,0,0,0,0,0,0,1,0,0,0,0,0,0,0,0,0,0,0,0,0,0,0,0,0,0,0,67.58500000000001,1,0,0,0,0,0,12.765691290604371,0.75
4276,Male,21.0,Uttar Pradesh,SC,No,0.0,CSE,1,5.91,53.92,1000000.0,No,No,0,0,0,0,0,0,0,0,0,0,0,0,0,0,0,0,0,0,0,0,0,0,0,0,0,0,0,0,0,0,0,0,56.510000000000005,0,0,1,0,0,0,13.815511557963774,0.25
4277,Male,18.0,Other,OBC,No,0.0,Chemical,4,8.13,77.26,250000.0,Yes,Yes,0,1,0,0,0,0,1,0,1,0,0,0,1,1,0,1,1,0,0,1,1,0,0,0,0,0,0,0,0,1,0,0,79.28,1,1,0,0,0,1,12.429220196836383,1.0
4278,Male,18.0,Maharashtra,OBC,No,0.0,ECE,3,8.63,82.53,350000.0,No,No,0,0,0,0,1,0,1,0,1,0,0,0,0,0,0,0,1,0,0,0,0,1,0,0,0,0,0,0,0,1,0,0,84.415,0,1,0,0,0,0,12.765691290604371,0.75
4279,Male,18.0,Other,OBC,Yes,45.0,Production,1,7.08,73.7,300000.0,No,No,0,0,0,0,1,0,0,0,1,0,0,0,1,0,0,0,1,0,0,1,0,0,0,0,0,0,0,0,1,1,0,0,72.25,1,0,1,1,1,0,12.611541086966115,0.25
4280,Female,21.0,Gujarat,OBC,No,0.0,Chemical,2,7.39,73.69,500000.0,Yes,No,0,0,0,0,0,0,0,0,0,0,0,0,0,0,0,0,0,0,0,0,0,0,0,1,0,1,0,0,0,0,0,0,73.79499999999999,1,0,0,0,0,0,13.122365377402328,0.5
4281,Female,21.0,Gujarat,EWS,No,0.0,Medical,2,7.02,68.82,400000.0,No,Yes,0,0,0,0,1,0,0,0,0,0,0,0,1,0,0,0,0,0,0,0,0,0,0,0,0,0,0,0,0,1,0,0,69.50999999999999,0,0,0,0,0,0,12.899222326086994,0.5
4282,Female,25.0,Other,SC,No,0.0,Production,1,8.61,82.42,1500000.0,Yes,No,0,0,0,0,0,0,0,0,0,0,0,0,0,0,0,0,1,0,0,0,0,0,0,0,0,0,0,0,0,0,0,0,84.25999999999999,1,1,1,0,0,1,14.220976332738882,0.25
4283,Female,19.0,Other,General,No,0.0,Civil,1,5.0,47.55,350000.0,Yes,No,0,0,0,0,0,0,0,0,0,0,0,0,0,0,0,0,0,0,0,0,0,0,0,0,0,0,0,0,0,0,0,0,48.775,1,0,1,0,0,0,12.765691290604371,0.25
4284,Male,22.0,Madhya Pradesh,OBC,No,0.0,Science,2,8.98,86.89,250000.0,No,Yes,0,0,0,0,0,0,0,0,0,0,0,0,1,0,0,0,1,0,0,0,1,0,0,0,0,0,0,0,0,0,0,0,88.345,1,1,0,0,0,1,12.429220196836383,0.5
4285,Female,19.0,Andhra Pradesh,EWS,No,0.0,Management,2,8.04,71.21,1000000.0,No,Yes,0,0,0,0,0,0,0,0,0,0,0,0,0,0,0,0,0,0,0,0,0,0,0,0,0,0,0,0,0,0,0,0,75.80499999999999,0,0,0,0,0,0,13.815511557963774,0.5
4286,Male,25.0,Andhra Pradesh,ST,No,0.0,Management,4,6.64,64.31,250000.0,No,No,0,0,0,0,1,0,0,0,0,0,0,0,0,0,0,0,0,0,0,1,0,0,0,0,0,0,0,0,0,0,0,0,65.35499999999999,1,0,0,0,0,0,12.429220196836383,1.0
4287,Male,17.0,Telangana,General,No,0.0,Mechanical,4,7.99,79.55,350000.0,No,No,0,0,0,0,1,0,0,0,0,0,0,0,0,0,0,0,1,1,0,0,0,0,0,0,0,0,0,0,0,0,0,0,79.725,0,0,0,0,0,0,12.765691290604371,1.0
4288,Male,21.0,Rajasthan,SC,No,0.0,AI_DS,1,7.33,70.85,150000.0,Yes,No,0,1,0,0,0,0,0,1,1,0,0,0,1,1,0,0,0,0,0,1,1,0,0,0,0,0,0,0,0,1,0,0,72.07499999999999,1,0,1,0,0,0,11.918397239722838,0.25
4289,Male,21.0,Rajasthan,General,No,0.0,ECE,1,7.52,68.48,350000.0,No,Yes,0,0,0,0,0,0,0,0,1,0,0,0,0,0,0,0,1,0,0,0,0,0,0,0,0,0,0,0,0,0,0,0,71.84,0,0,1,0,0,0,12.765691290604371,0.25
4290,Male,24.0,Maharashtra,OBC,No,0.0,Science,1,5.0,48.79,250000.0,No,Yes,0,0,0,0,0,0,0,0,0,0,0,0,0,0,0,0,0,0,0,0,0,0,0,0,0,0,0,0,0,0,0,0,49.394999999999996,1,0,1,0,0,0,12.429220196836383,0.25
4291,Female,22.0,Maharashtra,General,No,0.0,Pharmacy,2,7.71,71.39,120000.0,Yes,No,1,0,0,0,0,0,0,0,0,0,0,0,1,1,0,0,1,0,0,1,0,1,0,1,0,0,0,0,0,1,1,0,74.245,1,0,0,0,0,0,11.695255355062795,0.5
4292,Male,22.0,Delhi,SC,No,0.0,Science,2,5.56,54.71,120000.0,Yes,No,0,0,0,0,0,0,0,0,0,0,0,0,0,0,0,0,0,0,0,0,0,0,0,0,0,0,0,0,0,0,0,0,55.155,1,0,0,0,0,0,11.695255355062795,0.5
4293,Male,17.0,Rajasthan,ST,No,0.0,Civil,1,7.18,69.88,400000.0,No,No,0,0,0,0,0,0,0,1,0,0,0,0,1,0,0,0,0,0,0,0,0,0,0,0,0,0,0,0,0,1,0,0,70.84,0,0,1,0,0,0,12.899222326086994,0.25
4294,Male,24.0,Karnataka,General,No,0.0,ECE,4,9.74,86.11,200000.0,No,Yes,0,0,0,0,1,0,1,0,1,0,0,0,1,1,0,0,1,0,0,1,1,0,0,0,0,0,0,0,0,1,0,0,91.755,1,1,0,0,0,1,12.206077645517674,1.0
4295,Male,24.0,Other,General,No,0.0,CSE,1,6.66,62.64,800000.0,No,Yes,0,0,0,0,0,0,0,0,0,0,0,0,0,0,0,0,0,0,0,0,0,0,0,0,0,0,0,0,0,0,0,0,64.62,0,0,1,0,0,0,13.592368256649284,0.25
4296,Female,19.0,Rajasthan,EWS,No,0.0,Mechanical,2,9.25,82.97,1000000.0,No,Yes,0,0,0,0,0,0,1,0,0,0,1,0,0,0,0,0,1,1,0,0,0,0,0,0,0,0,0,0,0,0,0,0,87.735,0,1,0,0,0,0,13.815511557963774,0.5
4297,Male,23.0,Rajasthan,OBC,No,0.0,Biotechnology,3,9.82,93.7,350000.0,No,No,0,0,0,0,0,0,0,0,0,0,0,0,0,0,0,0,0,0,0,0,0,0,0,0,0,0,0,0,0,1,0,0,95.95,0,1,0,0,0,0,12.765691290604371,0.75
4298,Male,19.0,Other,SC,No,0.0,Instrumentation,2,7.38,69.52,300000.0,Yes,No,0,0,0,0,1,0,0,0,1,0,0,0,1,0,0,0,0,0,0,1,0,0,0,0,0,0,0,0,0,1,0,0,71.66,1,0,0,0,0,0,12.611541086966115,0.5
4299,Female,18.0,Rajasthan,EWS,No,0.0,CSE,1,6.98,69.45,250000.0,No,Yes,0,0,0,0,1,0,0,0,1,0,0,1,1,1,0,0,0,0,0,0,0,0,0,0,0,0,0,0,0,1,0,1,69.625,1,0,1,0,0,0,12.429220196836383,0.25
4300,Male,22.0,Karnataka,General,No,0.0,Biotechnology,4,6.22,60.13,80000.0,Yes,No,0,0,0,0,1,0,0,0,0,0,0,0,1,1,0,0,0,0,0,0,0,0,0,0,0,0,0,0,0,0,0,0,61.165,1,0,0,0,0,0,11.289794413577894,1.0
4301,Female,20.0,Telangana,ST,No,0.0,Commerce,4,7.04,64.59,80000.0,No,No,0,0,0,0,1,0,0,0,0,0,0,0,1,1,0,0,0,0,0,1,0,0,0,0,0,0,0,0,0,1,1,0,67.495,1,0,0,0,0,0,11.289794413577894,1.0
4302,Female,23.0,Gujarat,SC,No,0.0,CSE,3,10.0,96.26,150000.0,Yes,No,0,1,0,0,1,0,1,0,1,0,1,0,1,1,0,1,1,0,0,1,1,0,1,0,0,0,1,0,0,1,0,0,98.13,1,1,0,0,0,1,11.918397239722838,0.75
4303,Female,21.0,Maharashtra,ST,No,0.0,Instrumentation,4,8.24,81.69,1200000.0,Yes,No,0,0,0,0,0,0,1,0,0,0,0,0,0,0,0,0,0,0,0,0,0,0,0,0,0,0,1,0,0,0,0,0,82.045,1,1,0,0,0,1,13.997832948091215,1.0
4304,Female,21.0,Rajasthan,EWS,No,0.0,Management,1,5.79,60.26,1200000.0,Yes,No,0,0,0,0,0,0,0,1,0,0,0,0,0,0,0,0,0,0,0,0,0,0,0,0,0,0,0,0,0,0,0,0,59.08,1,0,1,0,0,0,13.997832948091215,0.25
4305,Male,23.0,Maharashtra,SC,No,0.0,CSE,1,5.0,45.19,600000.0,No,No,0,0,0,0,0,0,0,0,0,0,0,0,0,0,0,0,0,0,0,0,0,0,0,0,0,0,0,0,0,0,0,0,47.595,0,0,1,0,0,0,13.304686600863562,0.25
4306,Female,24.0,Maharashtra,EWS,No,0.0,Management,4,6.95,67.77,1500000.0,No,Yes,0,0,0,0,0,0,0,0,0,0,0,0,0,0,0,0,0,0,0,0,0,0,0,0,0,0,0,0,0,0,0,0,68.63499999999999,0,0,0,0,0,0,14.220976332738882,1.0
4307,Female,21.0,Telangana,General,No,0.0,Instrumentation,2,7.76,71.2,600000.0,No,Yes,0,0,0,0,0,0,0,0,1,0,0,0,0,0,0,0,1,0,0,0,0,0,0,0,0,0,0,0,0,0,0,0,74.4,0,0,0,0,0,0,13.304686600863562,0.5
4308,Female,24.0,Other,General,No,0.0,IT,3,7.49,68.22,1500000.0,Yes,Yes,0,0,0,0,0,0,0,0,0,0,0,0,0,0,0,0,0,0,0,0,0,0,1,0,0,0,0,0,0,0,0,0,71.56,1,0,0,0,0,0,14.220976332738882,0.75
4309,Female,18.0,Karnataka,ST,No,0.0,Commerce,2,5.7,56.33,350000.0,No,No,0,0,0,0,0,0,0,0,0,0,0,0,0,0,0,0,0,0,0,0,0,0,0,0,0,0,0,0,0,0,0,0,56.665,0,0,0,0,0,0,12.765691290604371,0.5
4310,Male,21.0,Gujarat,SC,No,0.0,ECE,3,8.33,83.89,150000.0,Yes,No,0,1,0,0,0,0,0,0,0,0,0,0,1,1,0,1,0,0,0,1,1,0,0,0,0,0,0,0,0,1,0,0,83.595,1,1,0,0,0,1,11.918397239722838,0.75
4311,Female,25.0,Rajasthan,ST,No,0.0,IT,4,6.55,64.3,500000.0,Yes,No,0,0,0,0,1,0,0,0,0,0,0,0,0,0,0,0,0,0,0,0,0,0,0,1,0,0,0,0,0,0,0,0,64.9,1,0,0,0,0,0,13.122365377402328,1.0
4312,Male,23.0,Madhya Pradesh,EWS,No,0.0,Production,4,7.16,71.59,350000.0,No,Yes,0,0,0,0,0,0,0,0,0,0,0,0,1,0,0,0,0,0,0,0,0,0,0,0,0,0,0,0,0,0,0,0,71.595,0,0,0,0,0,0,12.765691290604371,1.0
4313,Male,22.0,Telangana,General,No,0.0,AI_DS,3,8.73,83.57,80000.0,Yes,No,1,1,0,0,1,0,1,0,1,0,0,0,0,1,0,1,0,0,0,0,1,0,0,0,0,0,0,0,0,1,0,0,85.435,1,1,0,0,0,1,11.289794413577894,0.75
4314,Female,17.0,Rajasthan,ST,No,0.0,ECE,1,7.09,70.24,80000.0,No,No,0,0,0,0,1,0,0,1,1,0,0,0,1,0,0,0,1,0,0,1,0,0,0,1,0,1,0,1,0,0,0,1,70.57,1,0,1,0,0,0,11.289794413577894,0.25
4315,Female,19.0,Delhi,SC,No,0.0,Pharmacy,4,8.28,76.61,350000.0,Yes,No,0,0,0,0,1,0,0,0,0,0,0,0,1,0,0,0,1,0,0,0,0,0,0,1,0,0,0,0,0,1,1,0,79.705,1,1,0,0,0,1,12.765691290604371,1.0
4316,Female,24.0,Maharashtra,ST,No,0.0,Electrical,1,5.91,55.28,600000.0,Yes,Yes,0,0,0,0,0,0,0,0,0,0,0,0,0,0,0,0,0,0,0,0,0,0,0,0,0,0,0,0,0,0,0,0,57.19,1,0,1,0,0,0,13.304686600863562,0.25
4317,Male,21.0,Uttar Pradesh,General,No,0.0,CSE,2,9.32,91.98,120000.0,No,Yes,0,1,0,0,1,0,1,0,1,0,0,0,1,1,0,0,1,0,0,1,0,0,0,0,0,0,0,0,0,1,0,0,92.59,1,1,0,0,0,1,11.695255355062795,0.5
4318,Female,21.0,Madhya Pradesh,EWS,No,0.0,Production,2,6.17,55.11,350000.0,No,No,0,0,0,0,0,0,0,0,0,0,0,0,0,0,0,0,0,0,0,0,0,0,0,0,0,0,0,0,0,0,0,0,58.405,0,0,0,0,0,0,12.765691290604371,0.5
4319,Male,25.0,Other,EWS,No,0.0,IT,3,9.03,82.38,600000.0,No,No,0,0,0,0,0,0,1,0,0,0,0,0,0,0,0,0,1,0,0,0,0,0,0,0,0,0,0,0,0,0,0,0,86.34,0,1,0,0,0,0,13.304686600863562,0.75
4320,Female,23.0,Uttar Pradesh,EWS,No,0.0,CSE,1,8.11,75.2,150000.0,Yes,No,0,1,0,0,1,0,0,1,0,0,0,0,1,1,0,1,1,0,0,1,0,0,0,0,0,1,0,1,0,1,1,0,78.15,1,1,1,0,0,1,11.918397239722838,0.25
4321,Female,19.0,Maharashtra,EWS,No,0.0,ECE,1,9.44,87.37,1500000.0,Yes,Yes,0,0,0,0,0,0,0,1,0,0,0,0,0,0,0,0,1,0,0,0,0,0,0,0,0,0,0,0,0,0,0,0,90.88499999999999,1,1,1,0,0,1,14.220976332738882,0.25
4322,Female,24.0,Other,General,No,0.0,Medical,2,8.87,84.82,1000000.0,Yes,No,0,0,0,0,0,0,0,0,0,0,0,0,0,0,0,0,1,0,0,0,0,0,0,0,0,0,0,0,0,0,0,0,86.75999999999999,1,1,0,0,0,1,13.815511557963774,0.5
4323,Male,24.0,Maharashtra,OBC,No,0.0,Biotechnology,3,7.8,68.19,600000.0,Yes,No,0,0,0,0,0,0,0,0,0,0,0,0,0,0,0,0,0,0,0,0,0,0,0,0,0,0,0,0,0,0,0,0,73.095,1,0,0,0,0,0,13.304686600863562,0.75
4324,Male,23.0,Tamil Nadu,ST,No,0.0,Commerce,4,5.0,46.84,150000.0,No,No,0,0,0,0,0,0,0,0,0,0,0,0,0,0,0,0,0,0,0,0,0,0,0,0,0,0,0,0,0,0,0,0,48.42,1,0,0,0,0,0,11.918397239722838,1.0
4325,Female,20.0,Andhra Pradesh,General,No,0.0,Pharmacy,2,7.8,70.72,1500000.0,No,No,0,0,0,0,0,0,0,0,0,0,0,0,0,0,0,0,0,0,0,0,0,0,0,0,0,0,0,0,0,0,0,0,74.36,0,0,0,0,0,0,14.220976332738882,0.5
4326,Male,19.0,Maharashtra,EWS,No,0.0,Biotechnology,3,6.19,60.49,300000.0,Yes,Yes,0,0,0,0,1,0,0,0,0,0,0,0,1,0,0,0,0,0,0,0,0,0,0,0,0,0,0,0,0,0,0,0,61.19500000000001,1,0,0,0,0,0,12.611541086966115,0.75
4327,Female,21.0,Maharashtra,EWS,No,0.0,Science,2,8.18,77.3,350000.0,No,Yes,0,0,0,0,0,0,0,0,0,0,0,0,0,0,0,0,0,0,0,0,0,1,0,1,0,0,0,0,0,1,1,0,79.55,0,1,0,0,0,0,12.765691290604371,0.5
4328,Male,21.0,Rajasthan,General,No,0.0,CSE,4,8.44,76.66,350000.0,No,No,0,0,0,0,0,0,0,0,1,0,0,0,0,0,0,0,1,0,0,0,0,0,0,0,0,0,0,0,0,1,0,0,80.53,0,1,0,0,0,0,12.765691290604371,1.0
4329,Female,20.0,Uttar Pradesh,OBC,No,0.0,CSE,3,7.07,72.11,350000.0,Yes,Yes,0,0,0,0,1,0,0,0,0,0,0,0,0,0,0,0,1,0,0,0,0,0,0,0,0,0,0,0,0,1,1,0,71.405,1,0,0,0,0,0,12.765691290604371,0.75
4330,Female,23.0,Maharashtra,EWS,No,0.0,Management,1,7.58,72.39,350000.0,No,Yes,0,0,0,0,0,0,0,0,0,0,0,0,1,0,0,0,0,0,0,0,0,0,0,0,0,0,0,0,0,1,0,0,74.095,0,0,1,0,0,0,12.765691290604371,0.25
4331,Female,22.0,Uttar Pradesh,General,No,0.0,Science,1,10.0,90.8,800000.0,No,Yes,0,0,0,0,0,0,0,1,0,0,0,0,0,0,0,0,1,0,0,0,0,0,0,0,0,0,0,0,0,0,0,1,95.4,0,1,1,0,0,0,13.592368256649284,0.25
4332,Male,21.0,Tamil Nadu,General,No,0.0,CSE,2,8.46,85.36,1500000.0,No,No,0,0,0,0,0,0,0,0,0,0,0,0,0,0,0,0,1,0,0,0,0,0,0,0,0,0,0,0,0,0,0,0,84.98,0,1,0,0,0,0,14.220976332738882,0.5
4333,Female,22.0,Rajasthan,OBC,Yes,0.0,IT,3,7.11,70.12,800000.0,Yes,Yes,0,0,0,0,0,0,0,0,0,0,0,0,0,0,0,0,1,0,0,0,0,0,1,0,0,0,0,0,0,0,0,0,70.61000000000001,1,0,0,1,0,0,13.592368256649284,0.75
4334,Female,24.0,Maharashtra,SC,No,0.0,CSE,3,6.32,57.98,150000.0,No,No,0,0,0,0,0,0,0,0,0,0,0,0,0,1,0,0,0,0,0,0,0,0,0,0,0,0,0,0,0,0,0,0,60.59,1,0,0,0,0,0,11.918397239722838,0.75
4335,Male,23.0,Gujarat,EWS,No,0.0,Biotechnology,1,7.96,78.02,400000.0,Yes,No,0,0,0,0,1,0,0,0,0,0,0,0,1,0,0,0,1,0,0,0,0,0,0,0,0,0,0,0,0,1,0,1,78.81,1,0,1,0,0,0,12.899222326086994,0.25
4336,Female,20.0,Gujarat,General,No,0.0,Electrical,3,8.85,88.78,120000.0,No,No,1,1,0,0,1,0,0,0,1,0,1,0,1,1,0,0,1,1,0,1,1,0,0,0,0,0,1,0,0,1,1,0,88.64,1,1,0,0,0,1,11.695255355062795,0.75
4337,Male,18.0,Karnataka,SC,No,0.0,Science,1,7.42,74.07,120000.0,No,No,0,0,0,0,0,0,0,1,0,0,0,0,1,1,0,0,0,0,0,1,0,0,0,0,0,0,0,0,0,1,0,1,74.13499999999999,1,0,1,0,0,0,11.695255355062795,0.25
4338,Female,17.0,Madhya Pradesh,General,No,0.0,CSE,3,7.09,70.06,120000.0,Yes,No,0,0,0,0,1,0,0,0,1,0,0,0,1,1,0,0,0,0,0,1,1,0,0,1,0,0,0,0,0,1,1,0,70.48,1,0,0,0,0,0,11.695255355062795,0.75
4339,Male,21.0,Rajasthan,OBC,Yes,80.0,CSE,4,7.75,74.96,250000.0,Yes,No,0,1,0,0,1,0,1,0,1,0,0,0,1,1,0,0,0,0,0,0,1,0,0,0,0,0,0,0,1,0,0,0,76.22999999999999,1,0,0,1,1,0,12.429220196836383,1.0
4340,Female,18.0,Madhya Pradesh,ST,No,0.0,Civil,2,8.01,71.28,1200000.0,Yes,No,0,0,0,0,0,0,1,0,0,0,0,0,0,0,0,0,0,0,0,0,0,0,0,0,0,0,0,0,0,0,0,0,75.69,1,0,0,0,0,0,13.997832948091215,0.5
4341,Female,19.0,Andhra Pradesh,EWS,No,0.0,Instrumentation,4,6.15,58.73,200000.0,No,Yes,0,0,0,0,0,0,0,0,0,0,0,0,0,1,0,0,0,0,0,0,0,0,0,0,0,0,0,0,0,0,0,0,60.114999999999995,1,0,0,0,0,0,12.206077645517674,1.0
4342,Male,19.0,Other,SC,No,0.0,Civil,1,5.48,54.55,350000.0,Yes,No,0,0,0,0,0,0,0,0,0,0,0,0,0,0,0,0,0,0,0,0,0,0,0,0,0,0,0,0,0,0,0,0,54.675,1,0,1,0,0,0,12.765691290604371,0.25
4343,Female,20.0,Andhra Pradesh,General,No,0.0,Electrical,3,8.55,82.21,1500000.0,Yes,Yes,0,0,0,0,0,0,1,0,0,0,1,0,0,0,0,0,0,1,0,0,0,0,0,0,0,0,1,0,0,0,0,0,83.85499999999999,1,1,0,0,0,1,14.220976332738882,0.75
4344,Female,20.0,Uttar Pradesh,SC,No,0.0,Electrical,3,6.15,71.2,500000.0,Yes,Yes,0,0,0,0,1,0,0,0,1,0,0,0,0,0,0,0,0,0,0,0,0,0,0,0,0,0,0,0,0,0,0,0,66.35,1,0,0,0,0,0,13.122365377402328,0.75
4345,Female,23.0,Uttar Pradesh,SC,No,0.0,Commerce,3,9.94,94.87,200000.0,No,No,0,0,0,0,1,0,0,0,0,0,0,0,1,1,0,0,1,0,0,1,0,0,0,1,0,0,0,0,0,1,1,0,97.13499999999999,1,1,0,0,0,1,12.206077645517674,0.75
4346,Male,18.0,Other,SC,No,0.0,Biotechnology,3,8.11,77.65,300000.0,No,Yes,0,0,0,0,1,0,0,0,0,0,0,0,0,0,0,0,0,0,0,1,0,0,0,0,0,0,0,0,0,0,0,0,79.375,1,1,0,0,0,1,12.611541086966115,0.75
4347,Female,17.0,Delhi,EWS,No,0.0,ECE,3,8.14,76.97,350000.0,Yes,Yes,0,1,0,0,1,0,1,0,1,0,0,0,1,0,0,0,0,0,0,0,0,0,0,1,0,0,0,0,0,1,1,0,79.185,1,1,0,0,0,1,12.765691290604371,0.75
4348,Female,25.0,Uttar Pradesh,ST,No,0.0,Production,2,7.46,73.59,800000.0,Yes,Yes,0,0,0,0,0,0,0,0,0,0,0,0,0,0,0,0,0,0,0,0,0,0,0,0,0,0,0,0,0,0,0,0,74.095,1,0,0,0,0,0,13.592368256649284,0.5
4349,Male,17.0,Telangana,OBC,No,0.0,Civil,2,10.0,90.8,1500000.0,Yes,Yes,0,0,0,0,0,0,1,0,0,0,0,0,0,0,0,0,1,1,0,0,0,0,0,0,0,0,0,0,0,0,0,0,95.4,1,1,0,0,0,1,14.220976332738882,0.5
4350,Male,23.0,Maharashtra,OBC,No,0.0,Electrical,4,7.38,66.57,80000.0,No,Yes,0,0,0,0,1,0,0,0,1,0,0,0,0,1,0,0,0,0,0,1,1,1,0,0,0,0,0,0,0,0,0,0,70.185,1,0,0,0,0,0,11.289794413577894,1.0
4351,Male,21.0,Karnataka,EWS,No,0.0,Medical,4,9.41,87.63,350000.0,No,No,0,0,0,0,0,0,0,0,0,0,0,0,0,0,0,0,0,0,0,0,0,0,0,0,0,0,0,0,0,1,0,0,90.865,0,1,0,0,0,0,12.765691290604371,1.0
4352,Male,24.0,Other,OBC,No,0.0,Mechanical,4,5.77,56.73,300000.0,No,No,0,0,0,0,0,0,0,0,0,0,0,0,0,0,0,0,0,0,0,0,0,0,0,0,0,0,0,0,0,0,0,0,57.214999999999996,1,0,0,0,0,0,12.611541086966115,1.0
4353,Female,20.0,Andhra Pradesh,EWS,Yes,45.0,Management,2,9.59,93.1,500000.0,Yes,Yes,0,0,0,0,1,0,0,0,0,0,0,0,0,0,0,0,1,0,0,0,0,0,0,1,0,0,0,0,0,0,0,0,94.5,1,1,0,1,1,1,13.122365377402328,0.5
4354,Male,20.0,Maharashtra,EWS,No,0.0,AI_DS,2,7.75,74.85,250000.0,No,No,1,1,0,0,1,0,0,0,1,0,0,0,0,1,0,0,0,0,0,0,1,1,0,0,0,0,0,0,0,0,0,0,76.175,1,0,0,0,0,0,12.429220196836383,0.5
4355,Male,24.0,Madhya Pradesh,General,No,0.0,Medical,2,9.2,84.78,120000.0,Yes,No,0,0,0,0,1,0,0,0,0,0,0,0,0,1,0,0,1,0,0,1,0,0,0,0,0,0,0,0,0,1,0,0,88.39,1,1,0,0,0,1,11.695255355062795,0.5
4356,Male,23.0,Tamil Nadu,EWS,No,0.0,Mechanical,1,7.37,68.66,350000.0,No,Yes,0,0,0,0,0,0,0,0,1,0,0,0,0,0,0,0,0,0,0,0,0,0,0,0,0,0,0,0,0,1,0,0,71.18,0,0,1,0,0,0,12.765691290604371,0.25
4357,Male,23.0,Andhra Pradesh,EWS,No,0.0,AI_DS,2,6.1,56.96,400000.0,Yes,No,0,0,0,0,0,0,0,0,0,0,0,0,0,0,0,0,0,0,0,0,0,0,0,0,0,0,0,0,0,0,0,0,58.980000000000004,1,0,0,0,0,0,12.899222326086994,0.5
4358,Male,22.0,Gujarat,EWS,No,0.0,Medical,3,8.83,85.58,500000.0,Yes,No,0,0,0,0,0,0,0,0,0,0,0,0,0,0,0,0,1,0,0,0,0,0,0,0,0,0,0,0,0,0,0,0,86.94,1,1,0,0,0,1,13.122365377402328,0.75
4359,Male,24.0,Uttar Pradesh,OBC,No,0.0,Chemical,1,8.27,79.0,800000.0,No,No,0,0,0,0,0,0,0,0,0,0,0,0,0,0,0,0,1,0,0,0,0,0,0,0,0,0,0,0,0,0,0,0,80.85,0,1,1,0,0,0,13.592368256649284,0.25
4360,Male,20.0,Rajasthan,General,No,0.0,Civil,3,8.13,74.83,500000.0,Yes,No,0,0,0,0,1,0,0,0,1,0,0,0,0,0,0,0,0,1,0,0,0,0,0,0,0,0,0,0,0,0,0,0,78.065,1,0,0,0,0,0,13.122365377402328,0.75
4361,Female,21.0,Delhi,ST,No,0.0,IT,3,7.13,68.31,500000.0,Yes,Yes,0,0,0,0,0,0,0,0,0,0,0,0,0,0,0,0,0,0,0,0,0,0,1,0,0,0,0,0,0,0,0,0,69.805,1,0,0,0,0,0,13.122365377402328,0.75
4362,Female,23.0,Madhya Pradesh,EWS,No,0.0,Science,2,7.83,75.35,350000.0,Yes,Yes,0,0,0,0,1,0,0,0,0,0,0,0,1,0,0,0,0,0,0,0,0,0,0,1,0,0,0,0,0,1,1,0,76.82499999999999,1,0,0,0,0,0,12.765691290604371,0.5
4363,Male,20.0,Rajasthan,EWS,No,0.0,Commerce,4,7.33,68.5,1000000.0,No,No,0,0,0,0,0,0,0,0,0,0,0,0,0,0,0,0,0,0,0,0,0,0,0,0,0,0,0,0,0,0,0,0,70.9,0,0,0,0,0,0,13.815511557963774,1.0
4364,Male,22.0,Other,EWS,No,0.0,Management,3,10.0,97.72,200000.0,Yes,No,0,0,0,0,1,0,0,0,0,0,0,0,1,1,0,0,0,0,0,1,1,0,0,0,0,0,0,0,0,1,0,0,98.86,1,1,0,0,0,1,12.206077645517674,0.75
4365,Male,20.0,Tamil Nadu,EWS,No,0.0,Biotechnology,2,8.0,75.3,400000.0,Yes,Yes,0,0,0,0,1,0,0,0,0,0,0,0,1,0,0,0,0,0,0,0,0,0,0,0,0,0,0,0,0,0,0,0,77.65,1,1,0,0,0,1,12.899222326086994,0.5
4366,Female,25.0,Delhi,ST,Yes,40.0,Biotechnology,3,6.96,65.73,400000.0,Yes,Yes,0,0,0,0,1,0,0,0,0,0,0,0,1,0,0,0,0,0,0,0,0,0,0,1,0,0,0,0,0,1,1,0,67.66499999999999,1,0,0,1,1,0,12.899222326086994,0.75
4367,Female,20.0,Rajasthan,SC,No,0.0,ECE,4,7.85,68.93,800000.0,No,No,0,0,0,0,0,0,0,0,0,0,0,0,0,0,0,0,0,0,0,0,0,0,0,0,0,0,0,0,0,0,0,0,73.715,0,0,0,0,0,0,13.592368256649284,1.0
4368,Male,21.0,Tamil Nadu,EWS,No,0.0,Instrumentation,2,5.62,51.48,200000.0,Yes,No,0,0,0,0,0,0,0,0,0,0,0,0,0,0,0,0,0,0,0,0,0,0,0,0,0,0,0,0,0,0,0,0,53.84,1,0,0,0,0,0,12.206077645517674,0.5
4369,Male,24.0,Karnataka,General,No,0.0,Management,4,7.75,72.91,350000.0,Yes,Yes,0,0,0,0,1,0,0,0,0,0,0,0,1,0,0,0,1,0,0,0,0,0,0,0,0,0,0,0,0,1,0,0,75.205,1,0,0,0,0,0,12.765691290604371,1.0
4370,Female,17.0,Tamil Nadu,EWS,No,0.0,Medical,3,7.49,83.62,80000.0,Yes,No,0,0,0,0,1,0,0,0,0,0,0,0,1,1,0,0,0,0,0,1,1,0,0,0,0,0,0,0,0,1,1,0,79.26,1,0,0,0,0,0,11.289794413577894,0.75
4371,Female,24.0,Telangana,ST,No,0.0,CSE,1,6.6,67.26,600000.0,No,No,0,0,0,0,0,0,0,1,1,0,0,0,0,0,0,0,0,0,0,0,0,0,0,0,0,0,0,0,0,0,0,0,66.63,0,0,1,0,0,0,13.304686600863562,0.25
4372,Female,22.0,Other,OBC,No,0.0,Biotechnology,3,7.66,75.42,150000.0,No,No,0,0,0,0,1,0,0,0,0,0,0,0,0,1,0,0,1,0,0,1,0,0,0,0,0,0,0,0,0,0,0,0,76.00999999999999,1,0,0,0,0,0,11.918397239722838,0.75
4373,Female,23.0,Tamil Nadu,OBC,No,0.0,IT,4,9.96,92.54,150000.0,Yes,No,0,1,0,0,0,0,0,0,1,0,1,0,0,1,0,1,1,0,0,0,1,0,1,0,0,0,1,0,0,1,1,0,96.07000000000001,1,1,0,0,0,1,11.918397239722838,1.0
4374,Female,21.0,Maharashtra,ST,No,0.0,ECE,3,7.38,69.29,1200000.0,No,Yes,0,0,0,0,0,0,0,0,0,0,0,0,0,0,0,0,0,0,0,0,0,0,0,0,0,0,0,0,0,0,0,0,71.545,0,0,0,0,0,0,13.997832948091215,0.75
4375,Male,25.0,Gujarat,ST,No,0.0,Production,4,5.15,47.99,800000.0,Yes,Yes,0,0,0,0,0,0,0,0,0,0,0,0,0,0,0,0,0,0,0,0,0,0,0,0,0,0,0,0,0,0,0,0,49.745000000000005,1,0,0,0,0,0,13.592368256649284,1.0
4376,Male,20.0,Delhi,EWS,No,0.0,Electrical,2,8.56,82.94,300000.0,No,No,0,1,0,0,0,0,1,0,1,0,0,0,0,0,0,0,1,1,0,1,0,0,0,0,0,0,0,0,0,1,0,0,84.27000000000001,1,1,0,0,0,1,12.611541086966115,0.5
4377,Female,19.0,Uttar Pradesh,ST,No,0.0,AI_DS,1,8.24,77.15,200000.0,No,No,0,1,0,1,1,0,0,1,1,1,0,1,1,0,0,0,0,0,0,0,1,0,0,0,0,1,0,1,0,0,1,1,79.775,1,1,1,0,0,1,12.206077645517674,0.25
4378,Female,24.0,Telangana,EWS,No,0.0,Chemical,2,6.71,67.55,400000.0,Yes,No,0,0,0,0,1,0,0,0,0,0,0,0,0,0,0,0,0,0,0,0,0,0,0,1,0,0,0,1,0,1,1,0,67.32499999999999,1,0,0,0,0,0,12.899222326086994,0.5
4379,Male,23.0,Gujarat,ST,No,0.0,Pharmacy,1,6.9,66.43,800000.0,No,Yes,0,0,0,0,0,0,0,0,0,0,0,0,0,0,0,0,0,0,0,0,0,0,0,0,0,0,0,0,0,0,0,0,67.715,0,0,1,0,0,0,13.592368256649284,0.25
4380,Male,18.0,Gujarat,ST,No,0.0,Chemical,4,7.7,77.54,800000.0,Yes,No,0,0,0,0,0,0,0,0,0,0,0,0,0,0,0,0,1,0,0,0,0,0,0,0,0,0,0,0,0,0,0,0,77.27000000000001,1,0,0,0,0,0,13.592368256649284,1.0
4381,Male,21.0,Uttar Pradesh,General,No,0.0,AI_DS,1,8.67,78.48,80000.0,Yes,No,0,1,0,0,1,0,0,1,1,1,0,0,1,0,0,1,1,0,0,0,1,0,0,0,0,0,0,0,0,1,0,1,82.59,1,1,1,0,0,1,11.289794413577894,0.25
4382,Female,22.0,Other,EWS,No,0.0,Chemical,3,6.07,59.4,250000.0,Yes,Yes,0,0,0,0,0,0,0,0,0,0,0,0,0,1,0,0,0,0,0,0,0,0,0,0,0,0,0,0,0,0,0,0,60.05,1,0,0,0,0,0,12.429220196836383,0.75
4383,Male,18.0,Tamil Nadu,EWS,No,0.0,Medical,2,7.42,69.12,800000.0,No,No,0,0,0,0,0,0,0,0,0,0,0,0,0,0,0,0,0,0,0,0,0,0,0,0,0,0,0,0,0,0,0,0,71.66,0,0,0,0,0,0,13.592368256649284,0.5
4384,Male,17.0,Other,SC,No,0.0,Electrical,3,8.72,83.4,800000.0,No,Yes,0,0,0,0,0,0,1,0,0,0,0,0,0,0,0,0,0,0,0,0,0,0,0,0,0,0,0,0,0,0,0,0,85.30000000000001,0,1,0,0,0,0,13.592368256649284,0.75
4385,Male,24.0,Karnataka,OBC,No,0.0,Medical,3,7.56,74.16,1500000.0,No,Yes,0,0,0,0,0,0,0,0,0,0,0,0,0,0,0,0,0,0,0,0,0,0,0,0,0,0,0,0,0,0,0,0,74.88,0,0,0,0,0,0,14.220976332738882,0.75
4386,Male,24.0,Maharashtra,EWS,No,0.0,Medical,1,7.05,71.68,1500000.0,Yes,No,0,0,0,0,0,0,0,1,0,0,0,0,0,0,0,0,0,0,0,0,0,0,0,0,0,0,0,0,0,0,0,0,71.09,1,0,1,0,0,0,14.220976332738882,0.25
4387,Male,20.0,Other,SC,Yes,45.0,Pharmacy,1,6.55,64.2,80000.0,No,No,0,0,0,0,1,0,0,1,0,0,0,0,1,0,0,0,0,0,0,0,0,0,0,0,0,0,0,0,0,0,0,0,64.85,1,0,1,1,1,0,11.289794413577894,0.25
4388,Male,19.0,Tamil Nadu,ST,No,0.0,Instrumentation,2,9.22,83.46,250000.0,No,No,0,1,0,0,1,0,1,0,1,0,0,0,1,1,0,0,1,0,0,1,1,0,0,0,0,0,0,0,0,1,0,0,87.83,1,1,0,0,0,1,12.429220196836383,0.5
4389,Female,19.0,Andhra Pradesh,SC,No,0.0,Biotechnology,2,7.09,70.78,250000.0,No,No,0,0,0,0,0,0,0,0,0,0,0,0,0,0,0,0,0,0,0,0,0,0,0,1,0,0,0,0,0,0,0,0,70.84,1,0,0,0,0,0,12.429220196836383,0.5
4390,Female,18.0,Rajasthan,ST,Yes,70.0,Pharmacy,3,8.89,83.94,200000.0,No,No,0,0,0,0,0,0,0,0,0,0,0,0,0,1,0,0,1,0,0,1,1,0,0,0,0,0,0,0,0,1,0,0,86.42,1,1,0,1,1,1,12.206077645517674,0.75
4391,Female,25.0,Tamil Nadu,SC,No,0.0,Mechanical,1,6.62,65.76,250000.0,Yes,No,0,0,0,0,1,0,0,0,1,0,0,0,1,1,0,0,0,0,0,1,0,0,0,0,0,0,0,0,0,1,1,1,65.98,1,0,1,0,0,0,12.429220196836383,0.25
4392,Female,19.0,Delhi,OBC,No,0.0,IT,1,8.92,81.25,350000.0,No,Yes,0,1,0,1,0,1,0,1,1,0,0,0,1,0,0,0,1,0,0,0,0,0,0,1,0,1,0,1,0,1,1,1,85.225,0,1,1,0,0,0,12.765691290604371,0.25
4393,Male,20.0,Other,OBC,No,0.0,Management,4,6.06,58.25,1000000.0,No,No,0,0,0,0,0,0,0,0,0,0,0,0,0,0,0,0,0,0,0,0,0,0,0,0,0,0,0,0,0,0,0,0,59.425,0,0,0,0,0,0,13.815511557963774,1.0
4394,Female,20.0,Karnataka,OBC,No,0.0,Chemical,3,8.26,77.57,800000.0,No,No,0,0,0,0,0,0,0,0,0,0,0,0,0,0,0,0,0,0,0,0,0,0,0,0,0,0,0,0,0,0,0,0,80.085,0,1,0,0,0,0,13.592368256649284,0.75
4395,Female,21.0,Maharashtra,SC,No,0.0,Management,4,8.32,76.91,150000.0,No,No,1,0,0,0,0,0,0,0,0,0,0,0,1,1,0,0,0,0,0,1,1,0,0,1,0,0,0,0,0,1,1,0,80.055,1,1,0,0,0,1,11.918397239722838,1.0
4396,Female,24.0,Gujarat,EWS,No,0.0,Chemical,1,5.0,46.23,600000.0,Yes,No,0,0,0,0,0,0,0,0,0,0,0,0,0,0,0,0,0,0,0,0,0,0,0,0,0,0,0,0,0,0,0,0,48.114999999999995,1,0,1,0,0,0,13.304686600863562,0.25
4397,Female,18.0,Maharashtra,General,No,0.0,Science,3,7.58,71.18,250000.0,Yes,Yes,0,0,0,0,1,0,0,0,0,0,0,0,0,1,0,0,1,0,0,0,1,1,0,1,0,0,0,0,0,0,0,0,73.49000000000001,1,0,0,0,0,0,12.429220196836383,0.75
4398,Male,18.0,Andhra Pradesh,SC,No,0.0,Electrical,2,6.11,52.6,350000.0,No,No,0,0,0,0,0,0,0,0,0,0,0,0,0,0,0,0,0,0,0,0,0,0,0,0,0,0,0,0,0,0,0,0,56.85,0,0,0,0,0,0,12.765691290604371,0.5
4399,Female,17.0,Gujarat,SC,No,0.0,AI_DS,1,6.88,68.05,300000.0,No,No,1,0,0,0,1,0,0,1,1,0,0,0,0,0,0,0,0,0,0,0,0,0,0,0,0,0,0,0,0,0,0,0,68.425,1,0,1,0,0,0,12.611541086966115,0.25
4400,Male,22.0,Delhi,SC,No,0.0,Pharmacy,4,9.01,89.16,300000.0,Yes,Yes,0,0,0,0,1,0,0,0,0,0,0,0,1,0,0,0,1,0,0,1,0,0,0,0,0,0,0,0,0,1,0,0,89.63,1,1,0,0,0,1,12.611541086966115,1.0
4401,Male,21.0,Karnataka,SC,No,0.0,CSE,1,6.52,58.48,500000.0,Yes,No,0,0,0,0,0,0,0,0,1,0,0,0,0,0,0,0,0,0,0,0,0,0,0,0,0,0,0,0,0,0,0,0,61.83999999999999,1,0,1,0,0,0,13.122365377402328,0.25
4402,Male,18.0,Karnataka,EWS,No,0.0,Chemical,2,8.1,78.86,300000.0,No,No,0,1,0,0,1,0,1,0,1,0,0,0,1,0,0,0,0,0,0,1,0,0,0,0,0,0,0,0,0,1,0,0,79.93,1,1,0,0,0,1,12.611541086966115,0.5
4403,Female,17.0,Tamil Nadu,OBC,No,0.0,ECE,2,7.98,71.2,500000.0,Yes,No,0,0,0,0,1,0,0,0,1,0,0,0,0,0,0,0,1,0,0,0,0,0,0,1,0,0,0,1,0,0,0,0,75.5,1,0,0,0,0,0,13.122365377402328,0.5
4404,Male,18.0,Gujarat,ST,No,0.0,Electrical,1,6.46,61.28,800000.0,Yes,No,0,0,0,0,0,0,0,1,0,0,0,0,0,0,0,0,0,0,0,0,0,0,0,0,0,0,0,0,0,0,0,0,62.94,1,0,1,0,0,0,13.592368256649284,0.25
4405,Female,21.0,Tamil Nadu,EWS,No,0.0,Civil,4,8.08,79.06,800000.0,No,Yes,0,0,0,0,0,0,1,0,0,0,0,0,0,0,0,0,0,0,0,0,0,0,0,0,0,0,0,0,0,0,0,0,79.93,0,1,0,0,0,0,13.592368256649284,1.0
4406,Female,17.0,Maharashtra,General,No,0.0,Pharmacy,1,7.67,73.86,800000.0,No,Yes,0,0,0,0,0,0,0,0,0,0,0,0,0,0,0,0,0,0,0,0,0,0,0,0,0,0,0,0,0,0,0,0,75.28,0,0,1,0,0,0,13.592368256649284,0.25
4407,Female,20.0,Gujarat,ST,No,0.0,Instrumentation,2,7.6,74.26,150000.0,No,No,1,1,0,1,1,0,0,0,1,0,0,0,1,1,0,0,0,0,0,1,0,0,0,1,0,0,0,0,0,1,1,0,75.13,1,0,0,0,0,0,11.918397239722838,0.5
4408,Female,19.0,Maharashtra,ST,No,0.0,IT,3,7.88,75.06,1000000.0,No,Yes,0,0,0,0,0,0,0,0,0,0,0,0,0,0,0,0,0,0,0,0,0,0,0,0,0,0,0,0,0,0,0,0,76.93,0,0,0,0,0,0,13.815511557963774,0.75
4409,Female,25.0,Uttar Pradesh,OBC,No,0.0,Management,4,7.18,68.45,800000.0,No,Yes,0,0,0,0,0,0,0,0,0,0,0,0,0,0,0,0,0,0,0,0,0,0,0,0,0,0,0,0,0,0,0,0,70.125,0,0,0,0,0,0,13.592368256649284,1.0
4410,Male,23.0,Karnataka,ST,No,0.0,ECE,3,8.08,77.56,300000.0,No,No,0,1,0,0,0,0,1,0,1,0,0,0,1,0,0,0,0,0,0,0,0,0,0,0,0,0,0,0,0,1,0,0,79.18,1,1,0,0,0,1,12.611541086966115,0.75
4411,Male,25.0,Other,OBC,No,0.0,Pharmacy,4,7.96,79.65,1000000.0,Yes,Yes,0,0,0,0,0,0,0,0,0,0,0,0,0,0,0,0,0,0,0,0,0,0,0,0,0,0,0,0,0,0,0,0,79.625,1,0,0,0,0,0,13.815511557963774,1.0
4412,Female,19.0,Uttar Pradesh,General,No,0.0,Pharmacy,1,7.49,72.34,300000.0,No,Yes,0,0,0,0,1,0,0,1,0,0,0,0,1,0,0,0,0,0,0,1,0,0,0,1,0,0,0,0,0,0,0,0,73.62,1,0,1,0,0,0,12.611541086966115,0.25
4413,Female,21.0,Tamil Nadu,EWS,No,0.0,Management,1,8.56,77.22,300000.0,No,Yes,0,0,0,0,0,0,0,0,0,0,0,0,1,0,0,0,1,0,0,1,0,0,0,1,0,0,0,0,0,1,0,1,81.41,1,1,1,0,0,1,12.611541086966115,0.25
4414,Male,20.0,Rajasthan,ST,No,0.0,Production,1,6.2,59.91,1200000.0,Yes,No,0,0,0,0,0,0,0,0,0,0,0,0,0,0,0,0,0,0,0,0,0,0,0,0,0,0,0,0,0,0,0,0,60.955,1,0,1,0,0,0,13.997832948091215,0.25
4415,Female,22.0,Andhra Pradesh,General,No,0.0,Commerce,1,8.12,73.4,1500000.0,No,No,0,0,0,0,0,0,0,0,0,0,0,0,0,0,0,0,0,0,0,0,0,0,0,0,0,0,0,0,0,0,0,0,77.3,0,0,1,0,0,0,14.220976332738882,0.25
4416,Female,17.0,Gujarat,General,No,0.0,CSE,1,7.04,65.06,150000.0,No,No,1,0,0,0,1,0,0,1,0,0,0,1,1,0,0,0,0,0,0,1,0,0,0,0,0,0,0,1,0,1,1,1,67.73,1,0,1,0,0,0,11.918397239722838,0.25
4417,Female,22.0,Delhi,ST,No,0.0,CSE,3,6.92,68.57,120000.0,Yes,No,0,0,0,0,1,0,0,0,1,0,0,0,1,1,0,0,0,0,0,1,0,0,0,1,0,0,0,0,0,1,1,0,68.88499999999999,1,0,0,0,0,0,11.695255355062795,0.75
4418,Male,25.0,Other,General,No,0.0,Commerce,2,8.35,79.27,120000.0,Yes,No,0,0,0,0,1,0,0,0,0,0,0,0,1,1,0,0,1,0,0,1,0,0,0,0,0,0,0,0,0,1,0,0,81.38499999999999,1,1,0,0,0,1,11.695255355062795,0.5
4419,Male,24.0,Andhra Pradesh,EWS,No,0.0,Science,2,6.84,60.93,1000000.0,No,No,0,0,0,0,0,0,0,0,0,0,0,0,0,0,0,0,0,0,0,0,0,0,0,0,0,0,0,0,0,0,0,0,64.665,0,0,0,0,0,0,13.815511557963774,0.5
4420,Female,19.0,Gujarat,ST,No,0.0,Management,3,9.2,89.18,200000.0,Yes,Yes,1,0,0,0,1,0,0,0,0,0,0,0,0,1,0,0,1,0,0,1,1,0,0,1,0,0,0,0,0,1,1,0,90.59,1,1,0,0,0,1,12.206077645517674,0.75
4421,Female,19.0,Other,SC,No,0.0,Civil,4,6.65,65.33,150000.0,Yes,No,0,0,0,0,1,0,0,0,1,0,0,0,1,1,0,0,0,0,0,0,0,0,0,1,0,0,0,0,0,1,1,0,65.91499999999999,1,0,0,0,0,0,11.918397239722838,1.0
4422,Female,24.0,Uttar Pradesh,OBC,No,0.0,Chemical,3,7.42,69.63,250000.0,No,Yes,0,0,0,0,1,0,0,0,1,0,0,0,1,1,0,0,1,0,0,1,0,0,0,1,0,0,0,0,0,0,0,0,71.91499999999999,1,0,0,0,0,0,12.429220196836383,0.75
4423,Female,21.0,Madhya Pradesh,EWS,No,0.0,Medical,2,8.02,73.97,800000.0,No,Yes,0,0,0,0,0,0,0,0,0,0,0,0,0,0,0,0,1,0,0,0,0,0,0,0,0,0,0,0,0,0,0,0,77.085,0,0,0,0,0,0,13.592368256649284,0.5
4424,Female,17.0,Uttar Pradesh,OBC,No,0.0,Science,1,7.09,67.72,350000.0,No,No,0,0,0,0,0,0,0,0,0,0,0,0,0,0,0,0,1,0,0,0,0,0,0,1,0,0,0,0,0,0,0,1,69.31,0,0,1,0,0,0,12.765691290604371,0.25
4425,Male,23.0,Delhi,SC,Yes,60.0,IT,3,6.9,67.56,800000.0,Yes,Yes,0,0,0,0,0,0,0,0,0,0,0,0,0,0,0,0,0,0,0,0,0,0,0,0,0,0,0,0,1,0,0,0,68.28,1,0,0,1,1,0,13.592368256649284,0.75
4426,Female,18.0,Other,General,No,0.0,Civil,1,9.74,90.27,800000.0,No,No,0,0,0,0,0,0,0,1,0,0,0,0,0,0,0,0,0,0,0,0,0,0,0,0,0,0,0,1,0,0,0,0,93.83500000000001,0,1,1,0,0,0,13.592368256649284,0.25
4427,Male,17.0,Tamil Nadu,SC,No,0.0,Instrumentation,3,5.5,46.24,1500000.0,No,No,0,0,0,0,0,0,0,0,0,0,0,0,0,0,0,0,0,0,0,0,0,0,0,0,0,0,0,0,0,0,0,0,50.620000000000005,0,0,0,0,0,0,14.220976332738882,0.75
4428,Female,18.0,Uttar Pradesh,ST,No,0.0,Science,4,7.32,67.55,1200000.0,Yes,Yes,0,0,0,0,0,0,0,0,0,0,0,0,0,0,0,0,0,0,0,0,0,0,0,0,0,0,0,0,0,0,0,0,70.375,1,0,0,0,0,0,13.997832948091215,1.0
4429,Female,17.0,Telangana,OBC,No,0.0,CSE,1,7.75,74.02,80000.0,Yes,No,1,1,0,1,0,1,0,1,1,1,0,0,1,1,0,0,0,0,0,1,1,0,0,1,0,0,0,1,0,1,1,0,75.75999999999999,1,0,1,0,0,0,11.289794413577894,0.25
4430,Female,22.0,Tamil Nadu,ST,No,0.0,Science,3,5.58,47.57,350000.0,No,No,0,0,0,0,0,0,0,0,0,0,0,0,0,0,0,0,0,0,0,0,0,0,0,0,0,0,0,0,0,0,0,0,51.685,0,0,0,0,0,0,12.765691290604371,0.75
4431,Female,20.0,Gujarat,EWS,No,0.0,Management,3,7.86,75.08,120000.0,Yes,No,1,0,0,0,1,0,0,0,0,0,0,0,1,1,0,0,0,0,0,1,1,0,0,1,0,0,0,0,0,1,1,0,76.84,1,0,0,0,0,0,11.695255355062795,0.75
4432,Male,23.0,Delhi,SC,No,0.0,Electrical,2,6.99,61.43,200000.0,Yes,No,0,0,0,0,1,0,0,0,1,0,0,0,1,1,0,0,0,0,0,0,0,0,0,0,0,0,0,0,0,0,0,0,65.665,1,0,0,0,0,0,12.206077645517674,0.5
4433,Female,19.0,Rajasthan,SC,No,0.0,CSE,4,8.07,80.48,1500000.0,Yes,No,0,0,0,0,0,0,0,0,0,0,0,0,0,0,0,0,0,0,0,0,0,0,0,0,0,0,0,0,0,0,0,0,80.59,1,1,0,0,0,1,14.220976332738882,1.0
4434,Female,20.0,Tamil Nadu,OBC,No,0.0,CSE,3,7.83,71.84,200000.0,No,Yes,0,1,0,0,1,0,1,0,0,0,0,0,1,1,0,0,0,0,0,0,1,0,1,0,0,0,0,0,0,0,0,0,75.07,1,0,0,0,0,0,12.206077645517674,0.75
4435,Male,24.0,Delhi,General,No,0.0,Commerce,2,7.55,67.63,600000.0,Yes,Yes,0,0,0,0,0,0,0,0,0,0,0,0,0,0,0,0,0,0,0,0,0,0,0,0,0,0,0,0,0,0,0,0,71.565,1,0,0,0,0,0,13.304686600863562,0.5
4436,Female,18.0,Madhya Pradesh,General,No,0.0,IT,4,8.77,83.56,350000.0,Yes,No,0,1,0,0,1,0,1,0,0,0,1,0,1,0,0,0,1,0,0,0,0,0,1,1,0,0,0,0,0,1,1,0,85.63,1,1,0,0,0,1,12.765691290604371,1.0
4437,Male,20.0,Andhra Pradesh,ST,No,0.0,IT,3,7.49,50.21,350000.0,Yes,No,0,0,0,0,0,0,0,0,1,0,0,0,1,0,0,0,0,0,0,0,0,0,0,0,0,0,0,0,0,1,0,0,62.55500000000001,1,0,0,0,0,0,12.765691290604371,0.75
4438,Female,24.0,Uttar Pradesh,ST,No,0.0,CSE,3,8.06,75.57,350000.0,No,Yes,0,1,0,0,0,0,0,0,1,0,0,0,0,0,0,0,0,0,0,0,0,0,0,0,0,0,1,0,0,1,1,0,78.08500000000001,0,1,0,0,0,0,12.765691290604371,0.75
4439,Female,17.0,Delhi,ST,No,0.0,Commerce,1,7.17,71.2,1500000.0,Yes,Yes,0,0,0,0,0,0,0,1,0,0,0,0,0,0,0,0,1,0,0,0,0,0,0,0,0,0,0,0,0,0,0,0,71.45,1,0,1,0,0,0,14.220976332738882,0.25
4440,Male,17.0,Delhi,ST,No,0.0,Chemical,4,8.18,75.76,400000.0,Yes,No,0,0,0,0,1,0,0,0,1,0,0,0,1,0,0,0,0,0,0,0,0,0,0,0,0,0,0,0,0,1,0,0,78.78,1,1,0,0,0,1,12.899222326086994,1.0
4441,Male,24.0,Madhya Pradesh,EWS,No,0.0,Medical,4,5.0,46.39,350000.0,No,No,0,0,0,0,0,0,0,0,0,0,0,0,0,0,0,0,0,0,0,0,0,0,0,0,0,0,0,0,0,0,0,0,48.195,0,0,0,0,0,0,12.765691290604371,1.0
4442,Male,20.0,Maharashtra,General,No,0.0,Science,1,8.68,81.3,300000.0,No,No,1,0,0,0,1,0,0,1,0,0,0,0,0,0,0,0,1,0,1,1,0,0,0,0,0,0,0,0,0,1,0,1,84.05,1,1,1,0,0,1,12.611541086966115,0.25
4443,Female,22.0,Maharashtra,General,No,0.0,Civil,2,9.59,71.2,350000.0,No,Yes,0,1,0,1,0,0,0,0,1,0,1,0,1,0,0,0,0,1,0,0,0,1,0,0,0,1,0,0,0,1,1,0,83.55000000000001,0,0,0,0,0,0,12.765691290604371,0.5
4444,Male,18.0,Madhya Pradesh,ST,No,0.0,AI_DS,3,7.91,74.76,350000.0,Yes,Yes,0,1,0,0,1,0,1,0,1,0,0,0,1,0,0,0,0,0,0,0,0,0,0,0,0,0,0,0,0,1,0,0,76.93,1,0,0,0,0,0,12.765691290604371,0.75
4445,Female,23.0,Telangana,EWS,No,0.0,ECE,2,7.42,69.7,400000.0,Yes,No,0,0,0,0,1,0,0,0,1,0,0,0,1,0,0,0,0,0,0,0,0,0,0,1,0,0,0,1,0,1,1,0,71.95,1,0,0,0,0,0,12.899222326086994,0.5
4446,Female,17.0,Uttar Pradesh,SC,No,0.0,Mechanical,2,7.14,69.42,800000.0,Yes,No,0,0,0,0,0,0,0,0,0,0,0,0,0,0,0,0,1,0,0,0,0,0,0,0,0,0,0,0,0,0,0,0,70.41,1,0,0,0,0,0,13.592368256649284,0.5
4447,Female,20.0,Tamil Nadu,EWS,No,0.0,Production,1,6.38,57.38,800000.0,Yes,No,0,0,0,0,0,0,0,0,0,0,0,0,0,0,0,0,0,0,0,0,0,0,0,0,0,0,0,0,0,0,0,0,60.59,1,0,1,0,0,0,13.592368256649284,0.25
4448,Male,25.0,Rajasthan,OBC,No,0.0,CSE,1,6.15,64.56,250000.0,No,Yes,0,0,0,0,1,0,0,0,1,0,0,0,1,1,0,0,0,0,0,0,0,0,0,0,0,0,0,0,0,0,0,0,63.03,1,0,1,0,0,0,12.429220196836383,0.25
4449,Female,23.0,Telangana,SC,No,0.0,IT,3,8.14,78.24,800000.0,Yes,No,0,0,0,0,0,0,0,0,0,0,0,0,0,0,0,0,1,0,0,0,0,0,0,0,0,0,1,0,0,0,0,0,79.82,1,1,0,0,0,1,13.592368256649284,0.75
4450,Male,20.0,Uttar Pradesh,SC,No,0.0,Management,1,6.23,61.06,1500000.0,Yes,Yes,0,0,0,0,0,0,0,1,0,0,0,0,0,0,0,0,0,0,0,0,0,0,0,0,0,0,0,0,0,0,0,0,61.68000000000001,1,0,1,0,0,0,14.220976332738882,0.25
4451,Female,25.0,Uttar Pradesh,General,Yes,70.0,Commerce,1,7.36,70.56,800000.0,No,Yes,0,0,0,0,0,0,0,0,0,0,0,0,0,0,0,0,1,0,0,0,0,0,0,0,0,0,0,0,0,0,0,0,72.08000000000001,0,0,1,1,1,0,13.592368256649284,0.25
4452,Female,21.0,Rajasthan,ST,No,0.0,Commerce,4,6.33,60.62,120000.0,Yes,No,0,0,0,0,1,0,0,0,0,0,0,0,1,1,0,0,0,0,0,0,0,0,0,1,0,0,0,0,0,0,0,0,61.959999999999994,1,0,0,0,0,0,11.695255355062795,1.0
4453,Female,19.0,Uttar Pradesh,SC,No,0.0,CSE,4,6.99,64.11,1500000.0,No,Yes,0,0,0,0,0,0,0,0,0,0,0,0,0,0,0,0,0,0,0,0,0,0,0,0,0,0,0,0,0,0,0,0,67.005,0,0,0,0,0,0,14.220976332738882,1.0
4454,Male,22.0,Maharashtra,SC,No,0.0,Instrumentation,1,8.38,75.0,250000.0,No,No,1,1,0,0,0,0,0,0,1,0,0,0,0,0,0,1,0,0,0,0,1,0,0,0,0,0,0,0,0,1,0,0,79.4,1,1,1,0,0,1,12.429220196836383,0.25
4455,Female,24.0,Gujarat,SC,No,0.0,IT,2,8.18,79.76,80000.0,Yes,Yes,1,0,0,0,0,1,0,0,1,0,0,0,1,1,0,1,0,0,0,1,1,0,1,1,0,0,0,0,0,1,1,0,80.78,1,1,0,0,0,1,11.289794413577894,0.5
4456,Female,18.0,Delhi,ST,No,0.0,Pharmacy,4,7.49,58.72,150000.0,Yes,No,0,0,0,0,0,0,0,0,0,0,0,0,1,1,0,0,1,0,0,0,0,0,0,0,0,0,0,0,0,1,1,0,66.81,1,0,0,0,0,0,11.918397239722838,1.0
4457,Female,24.0,Andhra Pradesh,SC,No,0.0,ECE,3,7.23,69.53,600000.0,No,Yes,0,0,0,0,0,0,0,0,1,0,0,0,0,0,0,0,0,0,0,0,0,0,0,1,0,0,0,0,0,0,0,0,70.915,0,0,0,0,0,0,13.304686600863562,0.75
4458,Male,22.0,Rajasthan,EWS,No,0.0,AI_DS,1,7.32,70.84,150000.0,No,Yes,0,0,0,0,1,0,0,1,1,0,0,0,0,1,0,0,1,0,0,1,1,0,0,0,0,0,0,0,0,0,0,0,72.02000000000001,1,0,1,0,0,0,11.918397239722838,0.25
4459,Male,21.0,Uttar Pradesh,OBC,No,0.0,Science,4,9.62,89.87,1000000.0,No,Yes,0,0,0,0,0,0,0,0,0,0,0,0,0,0,0,0,1,0,0,0,0,0,0,0,0,0,0,0,0,0,0,0,93.035,0,1,0,0,0,0,13.815511557963774,1.0
4460,Female,21.0,Other,OBC,No,0.0,Mechanical,2,5.44,54.16,600000.0,No,No,0,0,0,0,0,0,0,0,0,0,0,0,0,0,0,0,0,0,0,0,0,0,0,0,0,0,0,0,0,0,0,0,54.28,0,0,0,0,0,0,13.304686600863562,0.5
4461,Female,20.0,Telangana,SC,No,0.0,Mechanical,1,9.52,91.62,200000.0,Yes,Yes,1,1,0,1,1,0,0,1,1,1,0,1,1,1,1,1,1,0,1,1,0,0,0,1,0,1,0,1,0,0,1,0,93.41,1,1,1,0,0,1,12.206077645517674,0.25
4462,Male,22.0,Other,SC,No,0.0,Instrumentation,1,6.19,58.43,800000.0,No,Yes,0,0,0,0,0,0,0,0,0,0,0,0,0,0,0,0,0,0,0,0,0,0,0,0,0,0,0,0,0,0,0,0,60.165000000000006,0,0,1,0,0,0,13.592368256649284,0.25
4463,Male,25.0,Madhya Pradesh,SC,No,0.0,Production,2,6.16,60.45,200000.0,No,No,0,0,0,0,1,0,0,0,0,0,0,0,1,1,0,0,0,0,0,0,0,0,0,0,0,0,0,0,0,0,0,0,61.025000000000006,1,0,0,0,0,0,12.206077645517674,0.5
4464,Male,25.0,Karnataka,EWS,No,0.0,ECE,4,5.88,54.96,300000.0,Yes,No,0,0,0,0,0,0,0,0,0,0,0,0,0,0,0,0,0,0,0,0,0,0,0,0,0,0,0,0,0,0,0,0,56.879999999999995,1,0,0,0,0,0,12.611541086966115,1.0
4465,Male,20.0,Gujarat,SC,No,0.0,Electrical,1,6.29,60.14,1000000.0,Yes,No,0,0,0,0,0,0,0,0,0,0,0,0,0,0,0,0,0,0,0,0,0,0,0,0,0,0,0,0,0,0,0,0,61.519999999999996,1,0,1,0,0,0,13.815511557963774,0.25
4466,Female,23.0,Madhya Pradesh,ST,No,0.0,CSE,4,7.06,71.2,200000.0,Yes,No,0,0,0,0,1,0,0,0,1,0,0,0,1,1,0,0,1,0,0,1,1,0,1,1,0,0,0,0,0,0,1,0,70.9,1,0,0,0,0,0,12.206077645517674,1.0
4467,Male,17.0,Andhra Pradesh,SC,No,0.0,Biotechnology,3,7.53,68.58,1000000.0,Yes,No,0,0,0,0,0,0,0,0,0,0,0,0,0,0,0,0,0,0,0,0,0,0,0,0,0,0,0,0,0,0,0,0,71.94,1,0,0,0,0,0,13.815511557963774,0.75
4468,Male,21.0,Maharashtra,ST,No,0.0,Mechanical,4,8.25,78.23,150000.0,No,No,0,1,0,0,1,0,0,0,1,0,0,0,1,1,0,0,1,0,0,1,0,0,0,0,0,0,0,0,0,1,0,0,80.36500000000001,1,1,0,0,0,1,11.918397239722838,1.0
4469,Female,19.0,Uttar Pradesh,OBC,No,0.0,Science,1,6.31,66.67,1200000.0,No,Yes,0,0,0,0,0,0,0,0,0,0,0,0,0,0,0,0,0,0,0,0,0,0,0,0,0,0,0,0,0,0,0,0,64.88499999999999,0,0,1,0,0,0,13.997832948091215,0.25
4470,Female,25.0,Tamil Nadu,OBC,No,0.0,IT,3,8.07,76.21,300000.0,Yes,Yes,0,0,0,0,1,0,1,0,1,0,0,0,1,0,0,0,1,0,0,1,0,0,1,1,0,0,1,0,0,1,0,0,78.455,1,1,0,0,0,1,12.611541086966115,0.75
4471,Female,19.0,Karnataka,General,No,0.0,Science,3,9.2,92.93,350000.0,Yes,Yes,0,0,0,0,1,0,0,0,0,0,0,0,1,0,0,0,1,0,0,0,0,0,0,1,0,0,0,0,0,1,1,0,92.465,1,1,0,0,0,1,12.765691290604371,0.75
4472,Male,22.0,Karnataka,OBC,No,0.0,Science,1,7.33,70.68,1200000.0,Yes,No,0,0,0,0,0,0,0,0,0,0,0,0,0,0,0,0,0,0,0,0,0,0,0,0,0,0,0,0,0,0,0,0,71.99000000000001,1,0,1,0,0,0,13.997832948091215,0.25
4473,Male,21.0,Tamil Nadu,ST,No,0.0,Medical,4,6.31,59.5,200000.0,No,Yes,0,0,0,0,0,0,0,0,0,0,0,0,0,0,0,0,0,0,0,0,0,0,0,0,0,0,0,0,0,0,0,0,61.3,1,0,0,0,0,0,12.206077645517674,1.0
4474,Male,24.0,Uttar Pradesh,EWS,No,0.0,CSE,1,7.26,69.52,350000.0,No,Yes,0,0,0,0,1,0,0,0,1,0,0,0,1,0,0,0,1,0,0,0,0,0,0,0,0,0,0,0,0,1,0,1,71.06,0,0,1,0,0,0,12.765691290604371,0.25
4475,Male,25.0,Uttar Pradesh,EWS,No,0.0,AI_DS,2,7.9,76.73,1000000.0,Yes,Yes,0,0,0,0,0,0,0,0,0,0,0,0,0,0,0,0,0,0,0,0,0,0,0,0,0,0,0,0,0,0,0,0,77.86500000000001,1,0,0,0,0,0,13.815511557963774,0.5
4476,Female,22.0,Tamil Nadu,SC,No,0.0,Management,4,7.79,70.37,250000.0,No,No,0,0,0,0,1,0,0,0,0,0,0,0,1,1,0,0,0,0,0,0,1,0,0,1,0,0,0,0,0,0,0,0,74.135,1,0,0,0,0,0,12.429220196836383,1.0
4477,Male,19.0,Other,SC,No,0.0,Electrical,2,6.37,58.88,150000.0,Yes,Yes,0,0,0,0,0,0,0,0,0,0,0,0,0,1,0,0,0,0,0,0,0,0,0,0,0,0,0,0,0,0,0,0,61.290000000000006,1,0,0,0,0,0,11.918397239722838,0.5
4478,Female,23.0,Telangana,SC,No,0.0,Electrical,4,7.16,71.17,350000.0,Yes,Yes,0,1,0,0,1,0,0,0,0,0,0,0,0,0,0,0,0,0,0,0,0,0,0,0,0,0,0,0,0,1,1,0,71.38499999999999,1,0,0,0,0,0,12.765691290604371,1.0
4479,Female,18.0,Delhi,ST,Yes,80.0,Commerce,2,6.1,56.88,600000.0,No,No,0,0,0,0,0,0,0,0,0,0,0,0,0,0,0,0,0,0,0,0,0,0,0,0,0,0,0,0,0,0,0,0,58.94,0,0,0,1,1,0,13.304686600863562,0.5
4480,Male,17.0,Andhra Pradesh,EWS,No,0.0,Electrical,2,8.64,81.18,120000.0,No,Yes,0,0,0,0,1,0,1,0,1,0,0,0,1,1,0,0,1,1,0,1,1,0,0,0,0,0,0,0,0,1,0,0,83.79,1,1,0,0,0,1,11.695255355062795,0.5
4481,Female,17.0,Telangana,OBC,No,0.0,Pharmacy,4,8.05,76.06,1200000.0,Yes,Yes,0,0,0,0,0,0,0,0,0,0,0,0,0,0,0,0,0,0,0,0,0,0,0,0,0,0,0,0,0,0,0,0,78.28,1,1,0,0,0,1,13.997832948091215,1.0
4482,Male,23.0,Other,OBC,No,0.0,Pharmacy,4,2.0,73.51,600000.0,No,No,0,0,0,0,0,0,0,0,0,0,0,0,0,0,0,0,0,0,0,0,0,0,0,0,0,0,0,0,0,0,0,0,46.755,0,0,0,0,0,0,13.304686600863562,1.0
4483,Male,22.0,Other,General,No,0.0,Medical,3,8.3,74.21,120000.0,Yes,Yes,0,0,0,0,1,0,0,0,0,0,0,0,0,1,0,0,1,0,0,1,1,0,0,0,0,0,0,0,0,0,0,0,78.60499999999999,1,0,0,0,0,0,11.695255355062795,0.75
4484,Female,19.0,Delhi,EWS,No,0.0,CSE,4,7.06,67.96,1200000.0,Yes,Yes,0,0,0,0,0,0,0,0,0,0,0,0,0,0,0,0,0,0,0,0,0,0,0,0,0,0,0,0,0,0,0,0,69.28,1,0,0,0,0,0,13.997832948091215,1.0
4485,Male,17.0,Tamil Nadu,General,No,0.0,Mechanical,2,7.49,81.81,1000000.0,No,No,0,0,0,0,0,0,0,0,0,0,0,0,0,0,0,0,0,0,0,0,0,0,0,0,0,0,0,0,0,0,0,0,78.355,0,0,0,0,0,0,13.815511557963774,0.5
4486,Male,23.0,Delhi,General,No,0.0,Biotechnology,3,7.03,71.22,250000.0,No,Yes,0,0,0,0,0,0,0,0,0,0,0,0,1,0,0,0,0,0,0,1,1,0,0,0,0,0,0,0,0,0,0,0,70.75999999999999,1,0,0,0,0,0,12.429220196836383,0.75
4487,Female,19.0,Rajasthan,OBC,No,0.0,Management,4,6.71,67.73,350000.0,No,Yes,0,0,0,0,0,0,0,0,0,0,0,0,1,0,0,0,0,0,0,0,0,0,0,0,0,0,0,0,0,1,1,0,67.41499999999999,0,0,0,0,0,0,12.765691290604371,1.0
4488,Male,18.0,Uttar Pradesh,General,No,0.0,IT,3,8.48,71.2,200000.0,No,Yes,0,1,0,0,1,0,1,0,0,0,0,0,1,0,0,0,0,0,0,1,0,0,0,0,0,0,0,0,0,0,0,0,78.0,1,0,0,0,0,0,12.206077645517674,0.75
4489,Male,24.0,Uttar Pradesh,ST,No,0.0,Medical,3,7.87,74.61,150000.0,Yes,Yes,0,0,0,0,0,0,0,0,0,0,0,0,0,0,0,0,0,0,0,0,1,0,0,0,0,0,0,0,0,1,0,0,76.655,1,0,0,0,0,0,11.918397239722838,0.75
4490,Male,18.0,Delhi,ST,No,0.0,Mechanical,1,8.25,77.71,1000000.0,Yes,Yes,0,0,0,0,0,0,0,1,0,0,0,0,0,0,0,0,0,0,0,0,0,0,0,0,0,0,0,0,0,0,0,0,80.10499999999999,1,1,1,0,0,1,13.815511557963774,0.25
4491,Male,19.0,Andhra Pradesh,SC,No,0.0,Science,3,7.13,71.84,350000.0,Yes,Yes,0,0,0,0,0,0,0,0,0,0,0,0,0,0,0,0,0,0,0,0,0,0,0,0,0,0,0,0,0,1,0,0,71.57,1,0,0,0,0,0,12.765691290604371,0.75
4492,Male,19.0,Other,OBC,No,0.0,AI_DS,4,7.38,72.59,500000.0,Yes,No,0,0,0,0,1,0,0,0,1,0,0,0,0,0,0,0,0,0,0,0,0,0,0,0,0,0,0,0,0,0,0,0,73.195,1,0,0,0,0,0,13.122365377402328,1.0
4493,Male,21.0,Gujarat,OBC,No,0.0,Management,3,7.23,73.68,500000.0,Yes,Yes,0,0,0,0,0,0,0,0,0,0,0,0,0,0,0,0,0,0,0,0,0,0,0,0,0,0,0,0,0,0,0,0,72.99000000000001,1,0,0,0,0,0,13.122365377402328,0.75
4494,Female,19.0,Maharashtra,ST,No,0.0,Instrumentation,1,6.69,61.71,350000.0,No,Yes,0,0,0,0,0,0,0,0,0,0,0,0,1,0,0,0,0,0,0,0,0,0,0,1,0,0,0,1,0,0,0,0,64.305,0,0,1,0,0,0,12.765691290604371,0.25
4495,Female,19.0,Andhra Pradesh,General,No,0.0,ECE,1,9.33,87.3,350000.0,No,Yes,0,1,0,1,0,0,0,1,1,0,0,0,1,0,1,0,1,0,0,0,0,0,0,0,1,1,0,0,0,1,1,1,90.3,0,1,1,0,0,0,12.765691290604371,0.25
4496,Male,17.0,Maharashtra,General,No,0.0,Mechanical,3,9.42,92.17,120000.0,Yes,No,1,1,0,0,1,0,1,0,0,0,0,0,1,1,0,0,1,1,0,1,1,1,0,0,0,0,0,0,0,1,0,0,93.185,1,1,0,0,0,1,11.695255355062795,0.75
4497,Male,19.0,Karnataka,EWS,No,0.0,CSE,2,7.31,64.01,800000.0,No,Yes,0,0,0,0,0,0,0,0,0,0,0,0,0,0,0,0,0,0,0,0,0,0,0,0,0,0,0,0,0,0,0,0,68.555,0,0,0,0,0,0,13.592368256649284,0.5
4498,Male,17.0,Uttar Pradesh,EWS,No,0.0,AI_DS,3,7.48,71.36,80000.0,Yes,No,0,0,0,0,1,0,0,0,1,0,0,0,1,1,0,0,1,0,0,0,1,0,0,0,0,0,0,0,0,0,0,0,73.08000000000001,1,0,0,0,0,0,11.289794413577894,0.75
4499,Female,23.0,Rajasthan,OBC,No,0.0,IT,4,8.9,89.32,400000.0,Yes,No,0,0,0,0,1,0,1,0,0,0,1,0,1,0,0,0,1,0,0,0,0,0,1,1,0,0,1,0,0,1,1,0,89.16,1,1,0,0,0,1,12.899222326086994,1.0
4500,Male,17.0,Other,SC,No,0.0,CSE,4,6.68,65.86,1000000.0,Yes,No,0,0,0,0,0,0,0,0,0,0,0,0,0,0,0,0,0,0,0,0,0,0,0,0,0,0,0,0,0,0,0,0,66.33,1,0,0,0,0,0,13.815511557963774,1.0
4501,Male,20.0,Karnataka,SC,Yes,60.0,Mechanical,4,8.42,83.21,150000.0,No,Yes,0,1,0,0,1,0,0,0,0,0,0,0,0,1,0,0,0,0,0,1,1,0,0,0,0,0,0,0,1,0,0,0,83.705,1,1,0,1,1,1,11.918397239722838,1.0
4502,Male,21.0,Uttar Pradesh,SC,No,0.0,ECE,4,8.1,71.12,200000.0,Yes,No,0,1,0,0,1,0,0,0,1,0,0,0,1,1,0,0,0,0,0,1,0,0,0,0,0,0,0,0,0,0,0,0,76.06,1,0,0,0,0,0,12.206077645517674,1.0
4503,Male,22.0,Rajasthan,OBC,No,0.0,Electrical,1,7.49,65.98,600000.0,No,No,0,0,0,0,0,0,0,0,0,0,0,0,0,0,0,0,0,0,0,0,0,0,0,0,0,0,0,0,0,0,0,1,70.44,0,0,1,0,0,0,13.304686600863562,0.25
4504,Male,17.0,Uttar Pradesh,OBC,No,0.0,CSE,4,7.26,71.91,350000.0,Yes,Yes,0,1,0,0,1,0,0,0,0,0,0,0,1,0,0,0,0,0,0,0,0,0,0,0,0,0,0,0,0,1,0,0,72.255,1,0,0,0,0,0,12.765691290604371,1.0
4505,Female,21.0,Andhra Pradesh,SC,No,0.0,IT,2,7.87,78.21,1200000.0,No,Yes,0,0,0,0,0,0,0,0,0,0,0,0,0,0,0,0,1,0,0,0,0,0,0,0,0,0,0,0,0,0,0,0,78.455,0,0,0,0,0,0,13.997832948091215,0.5
4506,Female,24.0,Telangana,OBC,No,0.0,ECE,3,7.91,71.25,1500000.0,Yes,Yes,0,0,0,0,0,0,0,0,0,0,0,0,0,0,0,0,0,0,0,0,0,0,0,0,0,0,0,0,0,0,0,0,75.175,1,0,0,0,0,0,14.220976332738882,0.75
4507,Male,21.0,Telangana,General,No,0.0,Medical,4,5.0,47.95,300000.0,Yes,Yes,0,0,0,0,0,0,0,0,0,0,0,0,0,0,0,0,0,0,0,0,0,0,0,0,0,0,0,0,0,0,0,0,48.975,1,0,0,0,0,0,12.611541086966115,1.0
4508,Female,23.0,Delhi,OBC,No,0.0,Instrumentation,4,7.24,65.85,300000.0,Yes,Yes,0,0,0,0,1,0,0,0,1,0,0,0,1,0,0,0,1,0,0,0,0,0,0,0,0,0,0,0,0,1,1,0,69.125,1,0,0,0,0,0,12.611541086966115,1.0
4509,Male,21.0,Other,SC,No,0.0,Pharmacy,3,5.46,49.67,350000.0,No,Yes,0,0,0,0,0,0,0,0,0,0,0,0,0,0,0,0,0,0,0,0,0,0,0,0,0,0,0,0,0,0,0,0,52.135000000000005,0,0,0,0,0,0,12.765691290604371,0.75
4510,Male,18.0,Delhi,General,No,0.0,CSE,2,7.27,71.06,200000.0,Yes,Yes,0,0,0,0,1,0,0,0,1,0,0,0,1,1,0,0,0,0,0,0,1,0,0,0,0,0,0,0,0,1,0,0,71.88,1,0,0,0,0,0,12.206077645517674,0.5
4511,Male,23.0,Madhya Pradesh,General,No,0.0,CSE,4,7.73,78.26,1000000.0,Yes,Yes,0,0,0,0,0,0,0,0,0,0,0,0,0,0,0,0,1,0,0,0,0,0,0,0,0,0,0,0,0,0,0,0,77.78,1,0,0,0,0,0,13.815511557963774,1.0
4512,Female,22.0,Maharashtra,ST,No,0.0,ECE,2,6.26,62.11,350000.0,No,No,0,0,0,0,0,0,0,0,0,0,0,0,1,0,0,0,0,0,0,0,0,0,0,1,0,0,0,0,0,0,0,0,62.355,0,0,0,0,0,0,12.765691290604371,0.5
4513,Female,17.0,Telangana,ST,No,0.0,Medical,2,7.56,73.9,800000.0,Yes,No,0,0,0,0,0,0,0,0,0,0,0,0,0,0,0,0,1,0,0,0,0,0,0,0,0,0,0,0,0,0,0,0,74.75,1,0,0,0,0,0,13.592368256649284,0.5
4514,Male,23.0,Madhya Pradesh,ST,No,0.0,Management,2,6.98,69.53,80000.0,Yes,Yes,0,0,0,0,1,0,0,0,0,0,0,0,1,1,0,0,0,0,0,1,0,0,0,0,0,0,0,0,0,1,0,0,69.665,1,0,0,0,0,0,11.289794413577894,0.5
4515,Female,25.0,Tamil Nadu,General,No,0.0,Production,4,7.85,72.54,1200000.0,No,Yes,0,0,0,0,0,0,1,0,0,0,0,0,0,0,0,0,0,0,0,0,0,0,0,0,0,0,0,0,0,0,0,0,75.52000000000001,0,0,0,0,0,0,13.997832948091215,1.0
4516,Female,24.0,Andhra Pradesh,SC,No,0.0,CSE,2,7.49,70.44,1000000.0,No,Yes,0,0,0,0,0,0,0,0,0,0,0,0,0,0,0,0,0,0,0,0,0,0,1,0,0,0,0,0,0,0,0,0,72.67,0,0,0,0,0,0,13.815511557963774,0.5
4517,Female,21.0,Madhya Pradesh,OBC,No,0.0,Chemical,3,8.09,73.32,600000.0,No,No,0,0,0,0,0,0,1,0,1,0,0,0,0,0,0,0,0,0,0,0,0,0,0,0,0,0,1,0,0,0,0,0,77.11,0,0,0,0,0,0,13.304686600863562,0.75
4518,Male,25.0,Maharashtra,General,No,0.0,CSE,4,7.46,72.06,1000000.0,No,No,0,0,0,0,0,0,0,0,0,0,0,0,0,0,0,0,0,0,0,0,0,0,0,0,0,0,0,0,0,0,0,0,73.33,0,0,0,0,0,0,13.815511557963774,1.0
4519,Female,20.0,Madhya Pradesh,ST,No,0.0,Instrumentation,2,7.54,75.67,1200000.0,No,Yes,0,0,0,0,0,0,0,0,0,0,0,0,0,0,0,0,1,0,0,0,0,0,0,0,0,0,0,0,0,0,0,0,75.535,0,0,0,0,0,0,13.997832948091215,0.5
4520,Female,20.0,Andhra Pradesh,General,Yes,90.0,CSE,2,7.49,80.06,250000.0,No,Yes,0,1,0,1,0,1,0,0,1,0,0,0,0,1,0,0,1,0,0,0,0,0,1,1,0,1,0,1,1,1,1,0,77.48,1,0,0,1,1,0,12.429220196836383,0.5
4521,Male,21.0,Andhra Pradesh,SC,No,0.0,Electrical,2,7.76,74.61,350000.0,Yes,No,0,1,0,0,0,0,1,0,1,0,0,0,1,0,0,0,0,0,0,0,0,0,0,0,0,0,0,0,0,0,0,0,76.10499999999999,1,0,0,0,0,0,12.765691290604371,0.5
4522,Female,18.0,Tamil Nadu,General,No,0.0,CSE,2,7.98,70.33,150000.0,No,Yes,0,1,0,1,1,1,1,0,1,0,0,0,1,1,0,0,0,0,0,1,1,0,1,1,0,0,0,0,0,1,0,0,75.065,1,0,0,0,0,0,11.918397239722838,0.5
4523,Female,22.0,Karnataka,General,No,0.0,AI_DS,4,7.14,63.38,350000.0,Yes,Yes,0,0,0,0,1,0,0,0,0,0,0,0,1,0,0,0,0,0,0,0,0,0,0,0,0,0,0,0,0,0,1,0,67.39,1,0,0,0,0,0,12.765691290604371,1.0
4524,Male,22.0,Telangana,General,No,0.0,Instrumentation,1,9.03,85.6,120000.0,No,No,1,1,0,0,1,0,0,1,1,1,0,0,1,1,1,0,1,0,1,1,0,0,0,0,0,0,0,0,0,1,0,1,87.94999999999999,1,1,1,0,0,1,11.695255355062795,0.25
4525,Female,17.0,Madhya Pradesh,EWS,No,0.0,Mechanical,1,7.27,71.76,400000.0,Yes,Yes,0,0,0,1,1,0,0,1,0,0,0,0,1,0,0,0,0,0,0,0,0,0,0,1,0,0,0,0,0,1,1,0,72.22999999999999,1,0,1,0,0,0,12.899222326086994,0.25
4526,Male,23.0,Uttar Pradesh,General,Yes,90.0,Mechanical,4,8.01,72.71,800000.0,No,No,0,0,0,0,0,0,0,0,0,0,0,0,0,0,0,0,0,0,0,0,0,0,0,0,0,0,0,0,1,0,0,0,76.405,0,0,0,1,1,0,13.592368256649284,1.0
4527,Male,19.0,Maharashtra,ST,No,0.0,Instrumentation,4,7.41,69.39,1500000.0,No,No,0,0,0,0,0,0,0,0,0,0,0,0,0,0,0,0,0,0,0,0,0,0,0,0,0,0,0,0,0,0,0,0,71.745,0,0,0,0,0,0,14.220976332738882,1.0
4528,Female,24.0,Delhi,SC,No,0.0,Biotechnology,1,5.41,49.32,500000.0,No,No,0,0,0,0,0,0,0,0,0,0,0,0,0,0,0,0,0,0,0,0,0,0,0,0,0,0,0,0,0,0,0,0,51.71,0,0,1,0,0,0,13.122365377402328,0.25
4529,Male,18.0,Other,SC,No,0.0,Electrical,3,7.28,68.82,400000.0,Yes,Yes,0,0,0,0,1,0,0,0,0,0,0,0,1,0,0,0,1,0,0,0,0,0,0,0,0,0,0,0,0,1,0,0,70.81,1,0,0,0,0,0,12.899222326086994,0.75
4530,Female,18.0,Maharashtra,OBC,No,0.0,Biotechnology,1,7.49,57.79,250000.0,Yes,Yes,0,0,0,0,0,0,0,0,0,0,0,0,1,1,0,0,0,0,0,0,0,1,0,0,0,0,0,0,0,1,1,0,66.345,1,0,1,0,0,0,12.429220196836383,0.25
4531,Female,22.0,Gujarat,General,No,0.0,Commerce,3,7.38,70.22,1500000.0,Yes,Yes,0,0,0,0,0,0,0,0,0,0,0,0,0,0,0,0,1,0,0,0,0,0,0,0,0,0,0,0,0,0,0,0,72.00999999999999,1,0,0,0,0,0,14.220976332738882,0.75
4532,Male,22.0,Gujarat,EWS,No,0.0,IT,3,7.98,73.45,200000.0,Yes,No,0,1,0,0,1,0,1,0,1,0,0,0,0,1,0,0,1,0,0,1,1,0,0,0,0,0,0,0,0,1,0,0,76.625,1,0,0,0,0,0,12.206077645517674,0.75
4533,Female,20.0,Maharashtra,EWS,No,0.0,IT,2,8.05,75.37,500000.0,No,Yes,0,0,0,0,0,1,1,0,1,0,0,0,0,0,0,0,0,0,0,0,0,0,0,0,0,1,0,0,0,0,0,0,77.935,0,1,0,0,0,0,13.122365377402328,0.5
4534,Male,23.0,Other,ST,No,0.0,Medical,2,6.42,62.71,1000000.0,Yes,Yes,0,0,0,0,0,0,0,0,0,0,0,0,0,0,0,0,0,0,0,0,0,0,0,0,0,0,0,0,0,0,0,0,63.455,1,0,0,0,0,0,13.815511557963774,0.5
4535,Male,22.0,Maharashtra,ST,No,0.0,Science,1,9.29,71.2,600000.0,No,No,0,0,0,0,0,0,0,0,0,0,0,0,0,0,0,0,0,0,0,0,0,0,0,0,0,0,0,0,0,0,0,1,82.05,0,0,1,0,0,0,13.304686600863562,0.25
4536,Female,21.0,Madhya Pradesh,SC,Yes,60.0,ECE,3,8.61,80.23,200000.0,No,No,0,1,0,0,1,0,1,0,1,0,0,0,1,0,0,0,1,0,0,1,1,0,0,1,0,0,0,0,1,1,1,0,83.16499999999999,1,1,0,1,1,1,12.206077645517674,0.75
4537,Female,20.0,Delhi,General,No,0.0,Biotechnology,3,5.58,57.48,350000.0,No,No,0,0,0,0,0,0,0,0,0,0,0,0,0,0,0,0,0,0,0,0,0,0,0,0,0,0,0,0,0,0,0,0,56.64,0,0,0,0,0,0,12.765691290604371,0.75
4538,Female,24.0,Uttar Pradesh,OBC,No,0.0,Mechanical,4,9.97,98.0,350000.0,Yes,No,0,1,0,0,0,0,1,0,0,0,1,0,1,0,0,0,1,1,0,0,0,0,0,1,0,0,1,0,0,1,1,0,98.85,1,1,0,0,0,1,12.765691290604371,1.0
4539,Male,19.0,Telangana,OBC,No,0.0,IT,2,7.1,63.99,800000.0,Yes,Yes,0,0,0,0,0,0,0,0,0,0,0,0,0,0,0,0,0,0,0,0,0,0,0,0,0,0,0,0,0,0,0,0,67.495,1,0,0,0,0,0,13.592368256649284,0.5
4540,Female,23.0,Andhra Pradesh,SC,No,0.0,ECE,3,11.0,54.04,120000.0,Yes,No,0,0,0,0,0,0,0,0,1,0,1,0,0,0,0,0,1,0,0,0,0,0,0,0,0,0,1,0,0,1,1,0,82.02,1,0,0,0,0,0,11.695255355062795,0.75
4541,Male,17.0,Tamil Nadu,ST,No,0.0,Production,2,7.37,74.83,600000.0,No,No,0,0,0,0,0,0,0,0,1,0,0,0,0,0,0,0,0,0,0,0,0,0,0,0,0,0,0,0,0,0,0,0,74.265,0,0,0,0,0,0,13.304686600863562,0.5
4542,Male,23.0,Maharashtra,SC,No,0.0,AI_DS,1,7.33,70.54,400000.0,Yes,Yes,0,0,0,0,1,0,0,0,0,0,0,0,1,0,0,0,0,0,0,0,0,0,0,0,0,0,0,0,0,1,0,0,71.92,1,0,1,0,0,0,12.899222326086994,0.25
4543,Female,19.0,Karnataka,ST,No,0.0,Science,3,9.15,85.71,1000000.0,Yes,No,0,0,0,0,0,0,0,0,0,0,0,0,0,0,0,0,1,0,0,0,0,0,0,0,0,0,0,0,0,0,0,0,88.60499999999999,1,1,0,0,0,1,13.815511557963774,0.75
4544,Male,25.0,Maharashtra,General,No,0.0,AI_DS,3,9.94,98.0,200000.0,No,Yes,1,0,0,0,1,0,0,0,0,0,0,0,0,1,0,0,1,0,0,1,1,1,0,0,0,0,0,0,0,1,0,0,98.69999999999999,1,1,0,0,0,1,12.206077645517674,0.75
4545,Male,22.0,Other,ST,No,0.0,Commerce,2,7.34,68.0,350000.0,Yes,Yes,0,0,0,0,0,0,0,0,0,0,0,0,1,0,0,0,0,0,0,0,0,0,0,0,0,0,0,0,0,0,0,0,70.7,1,0,0,0,0,0,12.765691290604371,0.5
4546,Male,21.0,Tamil Nadu,ST,No,0.0,Mechanical,1,8.34,78.19,400000.0,Yes,No,0,0,0,0,1,0,0,1,1,0,0,0,1,0,0,0,0,0,0,0,0,0,0,0,0,0,0,0,0,1,0,0,80.795,1,1,1,0,0,1,12.899222326086994,0.25
4547,Female,25.0,Tamil Nadu,OBC,No,0.0,Chemical,1,6.11,61.89,250000.0,No,No,0,0,0,0,1,0,0,1,1,0,0,0,0,0,0,0,0,0,0,0,0,0,0,1,0,0,0,0,0,0,0,0,61.495000000000005,1,0,1,0,0,0,12.429220196836383,0.25
4548,Female,21.0,Tamil Nadu,OBC,No,0.0,ECE,4,8.96,85.59,500000.0,No,Yes,0,0,0,0,0,0,0,0,1,0,1,0,0,0,0,0,1,0,0,0,0,0,0,1,0,0,0,0,0,0,0,0,87.595,0,1,0,0,0,0,13.122365377402328,1.0
4549,Female,23.0,Karnataka,ST,No,0.0,CSE,1,5.98,53.12,500000.0,No,Yes,0,0,0,0,0,0,0,0,0,0,0,0,0,0,0,0,0,0,0,0,0,0,0,0,0,0,0,0,0,0,0,0,56.46,0,0,1,0,0,0,13.122365377402328,0.25
4550,Male,17.0,Rajasthan,SC,No,0.0,Pharmacy,4,7.63,70.99,500000.0,Yes,No,0,0,0,0,1,0,0,0,0,0,0,0,0,0,0,0,0,0,0,0,0,0,0,0,0,0,0,0,0,0,0,0,73.645,1,0,0,0,0,0,13.122365377402328,1.0
4551,Female,23.0,Maharashtra,EWS,No,0.0,IT,3,7.09,70.42,120000.0,Yes,Yes,0,0,0,0,1,0,0,0,1,0,0,0,0,0,0,0,0,0,0,1,0,1,1,1,0,0,0,0,0,1,1,0,70.66,1,0,0,0,0,0,11.695255355062795,0.75
4552,Female,21.0,Andhra Pradesh,OBC,No,0.0,Mechanical,4,8.38,83.74,120000.0,No,Yes,0,1,0,0,1,0,0,0,1,0,0,0,1,0,0,0,0,0,0,1,1,0,0,1,0,0,0,0,0,1,0,0,83.77000000000001,1,1,0,0,0,1,11.695255355062795,1.0
4553,Female,23.0,Maharashtra,EWS,No,0.0,Commerce,2,6.31,58.92,120000.0,No,Yes,0,0,0,0,0,0,0,0,0,0,0,0,0,0,0,0,0,0,0,0,0,0,0,0,0,0,0,0,0,0,0,0,61.01,1,0,0,0,0,0,11.695255355062795,0.5
4554,Male,25.0,Rajasthan,OBC,No,0.0,Electrical,2,8.41,81.24,600000.0,Yes,Yes,0,0,0,0,0,0,1,0,1,0,0,0,0,0,0,0,1,0,0,0,0,0,0,0,0,0,0,0,0,0,0,0,82.66999999999999,1,1,0,0,0,1,13.304686600863562,0.5
4555,Female,22.0,Maharashtra,OBC,Yes,0.0,Production,3,9.34,89.99,600000.0,Yes,Yes,0,0,0,0,0,0,1,0,1,0,0,0,0,0,0,0,1,1,0,0,0,0,0,1,0,0,1,0,0,0,0,0,91.695,1,1,0,1,0,1,13.304686600863562,0.75
4556,Female,21.0,Tamil Nadu,ST,No,0.0,Mechanical,4,9.72,93.96,200000.0,No,Yes,0,1,0,0,1,0,0,0,1,0,1,0,1,1,0,0,0,1,0,1,1,0,0,1,0,0,0,0,0,0,0,0,95.58,1,1,0,0,0,1,12.206077645517674,1.0
4557,Male,20.0,Tamil Nadu,OBC,No,0.0,Mechanical,4,8.77,82.34,1200000.0,Yes,Yes,0,0,0,0,0,0,1,0,0,0,0,0,0,0,0,0,0,1,0,0,0,0,0,0,0,0,0,0,0,0,0,0,85.02,1,1,0,0,0,1,13.997832948091215,1.0
4558,Female,22.0,Karnataka,General,No,0.0,Production,1,7.52,74.17,150000.0,Yes,Yes,0,1,0,1,1,0,0,0,1,0,0,0,1,1,0,0,1,0,0,0,1,0,0,1,0,0,0,0,0,1,0,1,74.685,1,0,1,0,0,0,11.918397239722838,0.25
4559,Female,24.0,Rajasthan,ST,No,0.0,Production,2,9.44,91.87,500000.0,No,Yes,0,0,0,0,0,0,1,0,0,0,1,0,0,0,0,0,1,1,0,0,0,0,0,1,0,1,0,1,0,0,0,0,93.13499999999999,0,1,0,0,0,0,13.122365377402328,0.5
4560,Female,25.0,Tamil Nadu,ST,Yes,70.0,Management,3,7.4,71.2,600000.0,Yes,No,0,0,0,0,0,0,0,0,0,0,0,0,0,0,0,0,0,0,0,0,0,0,0,1,0,0,0,0,0,0,0,0,72.6,1,0,0,1,1,0,13.304686600863562,0.75
4561,Male,23.0,Other,SC,No,0.0,AI_DS,1,5.0,45.0,300000.0,Yes,Yes,0,0,0,0,0,0,0,0,0,0,0,0,0,0,0,0,0,0,0,0,0,0,0,0,0,0,0,0,0,0,0,0,47.5,1,0,1,0,0,0,12.611541086966115,0.25
4562,Male,23.0,Tamil Nadu,EWS,No,0.0,Production,4,8.32,79.08,600000.0,Yes,No,0,0,0,0,0,0,0,0,1,0,0,0,0,0,0,0,0,1,0,0,0,0,0,0,0,0,0,0,0,0,0,0,81.14,1,1,0,0,0,1,13.304686600863562,1.0
4563,Male,17.0,Delhi,OBC,No,0.0,Mechanical,4,8.23,78.38,800000.0,Yes,No,0,0,0,0,0,0,0,0,0,0,0,0,0,0,0,0,0,1,0,0,0,0,0,0,0,0,0,0,0,0,0,0,80.34,1,1,0,0,0,1,13.592368256649284,1.0
4564,Female,22.0,Karnataka,EWS,No,0.0,Commerce,2,8.19,71.2,200000.0,Yes,Yes,0,0,0,0,1,0,0,0,0,0,0,0,0,1,0,0,0,0,0,0,1,0,0,1,0,0,0,0,0,1,0,0,76.55,1,0,0,0,0,0,12.206077645517674,0.5
4565,Female,19.0,Other,SC,No,0.0,Commerce,1,8.18,80.69,1500000.0,Yes,No,0,0,0,0,0,0,0,1,0,0,0,0,0,0,0,0,0,0,0,0,0,0,0,0,0,0,0,0,0,0,0,0,81.245,1,1,1,0,0,1,14.220976332738882,0.25
4566,Female,19.0,Karnataka,General,No,0.0,Medical,4,8.96,91.16,500000.0,Yes,Yes,0,0,0,0,1,0,0,0,0,0,0,0,0,0,0,0,1,0,0,0,0,0,0,1,0,0,0,0,0,0,0,0,90.38,1,1,0,0,0,1,13.122365377402328,1.0
4567,Female,23.0,Tamil Nadu,General,No,0.0,Instrumentation,1,7.79,74.83,1500000.0,Yes,Yes,0,0,0,0,0,0,0,1,0,0,0,0,0,0,0,0,0,0,0,0,0,0,0,0,0,0,0,0,0,0,0,0,76.36500000000001,1,0,1,0,0,0,14.220976332738882,0.25
4568,Female,21.0,Tamil Nadu,General,No,0.0,Mechanical,1,5.67,52.27,500000.0,Yes,No,0,0,0,0,0,0,0,0,0,0,0,0,0,0,0,0,0,0,0,0,0,0,0,0,0,0,0,0,0,0,0,0,54.485,1,0,1,0,0,0,13.122365377402328,0.25
4569,Male,21.0,Delhi,ST,No,0.0,Biotechnology,4,7.27,72.22,150000.0,Yes,No,0,0,0,0,0,0,0,0,0,0,0,0,1,1,0,0,1,0,0,1,1,0,0,0,0,0,0,0,0,1,0,0,72.46,1,0,0,0,0,0,11.918397239722838,1.0
4570,Female,18.0,Tamil Nadu,OBC,No,0.0,Electrical,4,6.77,66.7,400000.0,No,Yes,0,0,0,0,1,0,0,0,0,0,0,0,0,0,0,0,0,0,0,0,0,0,0,0,0,0,0,0,0,1,0,0,67.19999999999999,0,0,0,0,0,0,12.899222326086994,1.0
4571,Female,20.0,Uttar Pradesh,SC,No,0.0,Production,4,7.5,70.72,350000.0,Yes,No,0,1,0,0,1,0,0,0,0,0,0,0,1,0,0,0,0,1,0,0,0,0,0,0,0,0,0,0,0,1,1,0,72.86,1,0,0,0,0,0,12.765691290604371,1.0
4572,Female,24.0,Telangana,General,No,0.0,Instrumentation,2,7.8,72.93,350000.0,No,No,0,1,0,0,0,0,0,0,1,0,0,0,0,0,0,0,0,0,0,0,0,0,0,0,0,0,0,1,0,0,0,0,75.465,0,0,0,0,0,0,12.765691290604371,0.5
4573,Male,24.0,Madhya Pradesh,General,No,0.0,Instrumentation,3,6.99,71.2,200000.0,No,No,0,0,0,0,1,0,0,0,1,0,0,0,1,0,0,0,0,0,0,1,0,0,0,0,0,0,0,0,0,0,0,0,70.55000000000001,1,0,0,0,0,0,12.206077645517674,0.75
4574,Female,24.0,Tamil Nadu,EWS,No,0.0,Electrical,3,7.2,66.96,300000.0,Yes,No,0,0,0,0,1,0,0,0,1,0,0,0,1,0,0,0,1,0,0,0,0,0,0,1,0,0,0,0,0,1,1,0,69.47999999999999,1,0,0,0,0,0,12.611541086966115,0.75
4575,Male,25.0,Other,EWS,No,0.0,Civil,4,6.88,66.61,350000.0,No,Yes,0,0,0,0,0,0,0,0,0,0,0,0,0,0,0,0,0,0,0,0,0,0,0,0,0,0,0,0,0,1,0,0,67.705,0,0,0,0,0,0,12.765691290604371,1.0
4576,Male,23.0,Maharashtra,SC,No,0.0,Instrumentation,3,8.29,79.45,80000.0,Yes,No,1,1,0,0,0,0,0,0,1,0,0,0,1,0,0,1,1,0,0,1,1,0,0,0,0,0,0,0,0,1,0,0,81.175,1,1,0,0,0,1,11.289794413577894,0.75
4577,Female,24.0,Other,General,No,0.0,Management,2,8.69,84.28,600000.0,No,Yes,0,0,0,0,0,0,0,0,0,0,0,0,0,0,0,0,1,0,0,0,0,0,0,0,0,0,0,0,0,0,0,0,85.59,0,1,0,0,0,0,13.304686600863562,0.5
4578,Female,18.0,Maharashtra,OBC,No,0.0,Commerce,2,7.15,66.54,350000.0,Yes,No,0,0,0,0,0,0,0,0,0,0,0,0,0,0,0,0,0,0,0,0,0,1,0,0,0,0,0,0,0,0,1,0,69.02000000000001,1,0,0,0,0,0,12.765691290604371,0.5
4579,Male,21.0,Delhi,General,No,0.0,Management,3,7.88,76.58,120000.0,Yes,No,0,0,0,0,1,0,0,0,0,0,0,0,1,1,0,0,1,0,0,0,1,0,0,0,0,0,0,0,0,1,0,0,77.69,1,0,0,0,0,0,11.695255355062795,0.75
4580,Male,25.0,Andhra Pradesh,SC,No,0.0,ECE,1,9.18,90.78,500000.0,No,Yes,0,0,0,0,0,0,0,1,1,0,0,0,0,0,0,0,0,0,0,0,0,0,0,0,0,0,0,0,0,0,0,1,91.28999999999999,0,1,1,0,0,0,13.122365377402328,0.25
4581,Female,17.0,Tamil Nadu,EWS,No,0.0,Civil,1,6.85,64.77,200000.0,Yes,No,0,0,0,0,1,0,0,1,0,0,0,0,1,1,0,0,0,0,0,0,0,0,0,1,0,0,0,1,0,0,0,0,66.63499999999999,1,0,1,0,0,0,12.206077645517674,0.25
4582,Male,19.0,Other,ST,No,0.0,Chemical,2,8.31,82.15,300000.0,Yes,Yes,0,0,0,0,1,0,0,0,1,0,0,0,0,0,0,1,0,0,0,0,0,0,0,0,0,0,0,0,0,0,0,0,82.625,1,1,0,0,0,1,12.611541086966115,0.5
4583,Female,22.0,Tamil Nadu,SC,No,0.0,Management,3,8.63,81.79,500000.0,No,Yes,0,0,0,0,0,0,0,0,0,0,0,0,0,0,0,0,1,0,0,0,0,0,0,1,0,0,0,0,0,0,0,0,84.04500000000002,0,1,0,0,0,0,13.122365377402328,0.75
4584,Male,25.0,Rajasthan,General,No,0.0,Management,1,6.0,54.0,1200000.0,No,No,0,0,0,0,0,0,0,0,0,0,0,0,0,0,0,0,0,0,0,0,0,0,0,0,0,0,0,0,0,0,0,0,57.0,0,0,1,0,0,0,13.997832948091215,0.25
4585,Male,22.0,Madhya Pradesh,ST,No,0.0,Chemical,1,7.83,75.41,350000.0,No,Yes,0,1,0,0,1,0,0,0,1,0,0,0,1,0,0,0,1,0,0,0,0,0,0,0,0,0,0,0,0,0,0,0,76.85499999999999,0,0,1,0,0,0,12.765691290604371,0.25
4586,Male,23.0,Andhra Pradesh,General,No,0.0,AI_DS,3,6.18,58.84,200000.0,Yes,No,0,0,0,0,0,0,0,0,0,0,0,0,0,1,0,0,0,0,0,0,0,0,0,0,0,0,0,0,0,0,0,0,60.32,1,0,0,0,0,0,12.206077645517674,0.75
4587,Female,23.0,Maharashtra,OBC,No,0.0,Pharmacy,4,8.26,75.02,600000.0,No,Yes,0,0,0,0,0,0,0,0,0,0,0,0,0,0,0,0,0,0,0,0,0,1,0,1,0,0,0,0,0,0,0,0,78.81,0,1,0,0,0,0,13.304686600863562,1.0
4588,Male,21.0,Karnataka,OBC,No,0.0,Medical,4,8.83,82.75,300000.0,No,No,0,0,0,0,0,0,0,0,0,0,0,0,0,0,0,0,1,0,0,1,0,0,0,0,0,0,0,0,0,1,0,0,85.525,1,1,0,0,0,1,12.611541086966115,1.0
4589,Female,21.0,Andhra Pradesh,General,No,0.0,Civil,3,9.01,83.99,1200000.0,Yes,No,0,0,0,0,0,0,1,0,0,0,1,0,0,0,0,0,1,1,0,0,0,0,0,0,0,0,0,0,0,0,0,0,87.04499999999999,1,1,0,0,0,1,13.997832948091215,0.75
4590,Male,22.0,Karnataka,OBC,No,0.0,Mechanical,3,6.27,58.19,600000.0,No,No,0,0,0,0,0,0,0,0,0,0,0,0,0,0,0,0,0,0,0,0,0,0,0,0,0,0,0,0,0,0,0,0,60.44499999999999,0,0,0,0,0,0,13.304686600863562,0.75
4591,Female,17.0,Delhi,General,No,0.0,Biotechnology,1,7.39,69.04,250000.0,Yes,No,0,0,0,0,1,0,0,1,0,0,0,0,1,1,0,0,0,0,0,0,1,0,0,0,0,0,0,0,0,1,1,1,71.47,1,0,1,0,0,0,12.429220196836383,0.25
4592,Male,20.0,Andhra Pradesh,OBC,No,0.0,Science,3,7.24,69.78,300000.0,Yes,Yes,0,0,0,0,1,0,0,0,0,0,0,0,0,0,0,0,1,0,0,0,0,0,0,0,0,0,0,0,0,1,0,0,71.09,1,0,0,0,0,0,12.611541086966115,0.75
4593,Female,18.0,Uttar Pradesh,OBC,No,0.0,IT,2,7.29,69.06,150000.0,Yes,Yes,0,0,0,0,0,0,0,0,1,0,0,0,0,1,0,0,1,0,0,0,1,0,0,1,0,0,0,1,0,1,0,0,70.98,1,0,0,0,0,0,11.918397239722838,0.5
4594,Female,21.0,Karnataka,General,No,0.0,AI_DS,2,5.45,52.95,250000.0,No,No,0,0,0,0,0,0,0,0,0,0,0,0,0,0,0,0,0,0,0,0,0,0,0,0,0,0,0,0,0,0,0,0,53.725,1,0,0,0,0,0,12.429220196836383,0.5
4595,Female,17.0,Maharashtra,ST,No,0.0,Medical,4,7.39,75.04,1200000.0,No,Yes,0,0,0,0,0,0,0,0,0,0,0,0,0,0,0,0,1,0,0,0,0,0,0,0,0,0,0,0,0,0,0,0,74.47,0,0,0,0,0,0,13.997832948091215,1.0
4596,Male,17.0,Maharashtra,OBC,No,0.0,Pharmacy,4,6.37,55.09,1500000.0,Yes,No,0,0,0,0,0,0,0,0,0,0,0,0,0,0,0,0,0,0,0,0,0,0,0,0,0,0,0,0,0,0,0,0,59.395,1,0,0,0,0,0,14.220976332738882,1.0
4597,Male,22.0,Rajasthan,General,No,0.0,Production,4,8.24,79.32,400000.0,No,No,0,0,0,0,1,0,0,0,1,0,0,0,1,0,0,0,0,0,0,0,0,0,0,0,0,0,0,0,0,1,0,0,80.86,0,1,0,0,0,0,12.899222326086994,1.0
4598,Female,24.0,Uttar Pradesh,SC,No,0.0,Civil,2,6.29,55.17,1000000.0,Yes,No,0,0,0,0,0,0,0,0,0,0,0,0,0,0,0,0,0,0,0,0,0,0,0,0,0,0,0,0,0,0,0,0,59.035,1,0,0,0,0,0,13.815511557963774,0.5
4599,Female,24.0,Karnataka,ST,No,0.0,Commerce,4,9.34,71.2,300000.0,No,No,0,0,0,0,0,0,0,0,0,0,0,0,0,0,0,0,1,0,0,1,0,0,0,1,0,0,0,0,0,1,1,0,82.30000000000001,1,0,0,0,0,0,12.611541086966115,1.0
4600,Male,19.0,Maharashtra,EWS,No,0.0,Instrumentation,1,5.0,46.13,150000.0,No,No,0,0,0,0,0,0,0,0,0,0,0,0,0,0,0,0,0,0,0,0,0,1,0,0,0,0,0,0,0,0,0,0,48.065,1,0,1,0,0,0,11.918397239722838,0.25
4601,Male,25.0,Delhi,OBC,No,0.0,Science,4,9.5,88.82,600000.0,No,Yes,0,0,0,0,0,0,0,0,0,0,0,0,0,0,0,0,1,0,0,0,0,0,0,0,0,0,0,0,0,0,0,0,91.91,0,1,0,0,0,0,13.304686600863562,1.0
4602,Male,23.0,Andhra Pradesh,ST,No,0.0,Commerce,4,6.91,64.8,600000.0,Yes,No,0,0,0,0,0,0,0,0,0,0,0,0,0,0,0,0,0,0,0,0,0,0,0,0,0,0,0,0,0,0,0,0,66.94999999999999,1,0,0,0,0,0,13.304686600863562,1.0
4603,Female,20.0,Uttar Pradesh,General,No,0.0,Chemical,1,6.15,53.31,500000.0,Yes,No,0,0,0,0,0,0,0,0,0,0,0,0,0,0,0,0,0,0,0,0,0,0,0,0,0,0,0,0,0,0,0,0,57.405,1,0,1,0,0,0,13.122365377402328,0.25
4604,Male,21.0,Uttar Pradesh,General,No,0.0,Chemical,3,8.76,77.69,400000.0,No,Yes,0,0,0,0,1,0,1,0,0,0,0,0,1,0,0,0,1,0,0,0,0,0,0,0,0,0,0,0,0,1,0,0,82.645,0,1,0,0,0,0,12.899222326086994,0.75
4605,Female,17.0,Tamil Nadu,OBC,No,0.0,Instrumentation,3,7.8,76.76,1000000.0,Yes,No,0,0,0,0,0,0,0,0,0,0,0,0,0,0,0,0,1,0,0,0,0,0,0,0,0,0,0,0,0,0,0,0,77.38,1,0,0,0,0,0,13.815511557963774,0.75
4606,Female,18.0,Maharashtra,General,No,0.0,Science,2,5.76,51.95,500000.0,No,No,0,0,0,0,0,0,0,0,0,0,0,0,0,0,0,0,0,0,0,0,0,0,0,0,0,0,0,0,0,0,0,0,54.775,0,0,0,0,0,0,13.122365377402328,0.5
4607,Male,24.0,Madhya Pradesh,General,No,0.0,Production,1,8.96,86.72,250000.0,No,Yes,0,1,0,0,0,0,0,1,1,1,0,0,1,1,1,0,1,0,1,1,1,0,0,0,0,0,0,0,0,1,0,0,88.16,1,1,1,0,0,1,12.429220196836383,0.25
4608,Male,24.0,Delhi,OBC,No,0.0,CSE,2,6.76,67.83,300000.0,No,Yes,0,0,0,0,0,0,0,0,1,0,0,0,0,0,0,0,0,0,0,0,0,0,0,0,0,0,0,0,0,0,0,0,67.715,1,0,0,0,0,0,12.611541086966115,0.5
4609,Male,25.0,Other,SC,No,0.0,Management,4,8.95,85.83,80000.0,No,No,0,0,0,0,1,0,0,0,0,0,0,0,1,0,0,0,1,0,0,1,0,0,0,0,0,0,0,0,0,1,0,0,87.66499999999999,1,1,0,0,0,1,11.289794413577894,1.0
4610,Male,18.0,Karnataka,EWS,No,0.0,Civil,2,6.42,59.75,300000.0,No,No,0,0,0,0,0,0,0,0,0,0,0,0,0,0,0,0,0,0,0,0,0,0,0,0,0,0,0,0,0,0,0,0,61.975,1,0,0,0,0,0,12.611541086966115,0.5
4611,Female,21.0,Other,ST,No,0.0,AI_DS,4,7.84,73.91,1200000.0,No,Yes,0,0,0,0,0,0,1,0,0,0,0,0,0,0,0,0,1,0,0,0,0,0,1,0,0,0,0,0,0,0,0,0,76.155,0,0,0,0,0,0,13.997832948091215,1.0
4612,Female,19.0,Andhra Pradesh,ST,No,0.0,Commerce,1,8.63,77.4,350000.0,Yes,Yes,0,0,0,0,1,0,0,0,0,0,0,0,0,0,0,0,1,0,0,0,0,0,0,1,0,0,0,0,0,1,0,1,81.85000000000001,1,1,1,0,0,1,12.765691290604371,0.25
4613,Female,20.0,Delhi,General,No,0.0,Civil,2,5.71,54.79,1000000.0,No,Yes,0,0,0,0,0,0,0,0,0,0,0,0,0,0,0,0,0,0,0,0,0,0,0,0,0,0,0,0,0,0,0,0,55.945,0,0,0,0,0,0,13.815511557963774,0.5
4614,Female,25.0,Andhra Pradesh,SC,Yes,50.0,Medical,4,6.91,63.76,300000.0,No,No,0,0,0,0,0,0,0,0,0,0,0,0,1,0,0,0,0,0,0,0,0,0,0,0,0,0,0,0,0,0,0,0,66.42999999999999,1,0,0,1,1,0,12.611541086966115,1.0
4615,Female,17.0,Madhya Pradesh,OBC,No,0.0,Instrumentation,2,5.38,51.17,1500000.0,No,No,0,0,0,0,0,0,0,0,0,0,0,0,0,0,0,0,0,0,0,0,0,0,0,0,0,0,0,0,0,0,0,0,52.485,0,0,0,0,0,0,14.220976332738882,0.5
4616,Female,18.0,Gujarat,General,No,0.0,Medical,2,7.49,72.64,80000.0,Yes,Yes,0,0,0,0,0,0,0,0,0,0,0,0,1,1,0,0,0,0,0,0,0,0,0,1,0,0,0,0,0,1,1,0,73.77000000000001,1,0,0,0,0,0,11.289794413577894,0.5
4617,Male,25.0,Uttar Pradesh,OBC,No,0.0,Mechanical,1,7.58,71.61,80000.0,Yes,Yes,0,0,0,0,1,0,0,1,1,1,0,0,1,0,0,0,0,0,0,1,1,0,0,0,0,0,0,0,0,1,0,1,73.705,1,0,1,0,0,0,11.289794413577894,0.25
4618,Female,20.0,Andhra Pradesh,SC,Yes,80.0,Pharmacy,4,8.91,80.71,500000.0,No,No,0,0,0,0,0,0,0,0,0,0,0,0,0,0,0,0,1,0,0,0,0,0,0,1,0,0,0,0,0,0,0,0,84.905,0,1,0,1,1,0,13.122365377402328,1.0
4619,Male,17.0,Rajasthan,EWS,No,0.0,Civil,2,8.14,72.32,120000.0,No,Yes,0,1,0,0,0,0,0,0,1,0,0,0,1,1,0,0,1,0,0,1,1,0,0,0,0,0,0,0,0,1,0,0,76.86,1,0,0,0,0,0,11.695255355062795,0.5
4620,Female,17.0,Telangana,General,No,0.0,Science,3,6.49,58.02,500000.0,No,Yes,0,0,0,0,0,0,0,0,0,0,0,0,0,0,0,0,0,0,0,0,0,0,0,0,0,0,0,0,0,0,0,0,61.46000000000001,0,0,0,0,0,0,13.122365377402328,0.75
4621,Female,23.0,Delhi,ST,No,0.0,AI_DS,2,8.44,79.98,400000.0,No,Yes,0,0,0,1,1,0,1,0,1,0,0,0,1,0,0,0,0,0,0,0,0,0,0,1,0,0,0,1,0,1,1,0,82.19,0,1,0,0,0,0,12.899222326086994,0.5
4622,Male,20.0,Karnataka,SC,No,0.0,Chemical,2,7.48,67.74,80000.0,Yes,No,0,0,0,0,1,0,0,0,1,0,0,0,1,0,0,0,0,0,0,1,0,0,0,0,0,0,0,0,0,1,0,0,71.27000000000001,1,0,0,0,0,0,11.289794413577894,0.5
4623,Female,22.0,Tamil Nadu,ST,No,0.0,AI_DS,4,7.49,65.54,1500000.0,Yes,No,0,0,0,0,0,0,0,0,0,0,0,0,0,0,0,0,1,0,0,0,0,0,0,0,0,0,0,0,0,0,0,0,70.22,1,0,0,0,0,0,14.220976332738882,1.0
4624,Male,23.0,Telangana,General,Yes,40.0,CSE,1,7.96,72.65,800000.0,No,Yes,0,0,0,0,0,0,0,0,0,0,0,0,0,0,0,0,1,0,0,0,0,0,0,0,0,0,0,0,1,0,0,1,76.125,0,0,1,1,1,0,13.592368256649284,0.25
4625,Male,23.0,Madhya Pradesh,OBC,No,0.0,Commerce,3,9.1,81.42,1000000.0,No,No,0,0,0,0,0,0,0,0,0,0,0,0,0,0,0,0,0,0,0,0,0,0,0,0,0,0,0,0,0,0,0,0,86.21000000000001,0,1,0,0,0,0,13.815511557963774,0.75
4626,Female,18.0,Gujarat,General,No,0.0,Instrumentation,4,6.53,67.07,400000.0,Yes,No,0,0,0,0,1,0,0,0,1,0,0,0,1,0,0,0,0,0,0,0,0,0,0,0,0,0,0,0,0,1,1,0,66.185,1,0,0,0,0,0,12.899222326086994,1.0
4627,Female,21.0,Other,General,No,0.0,Mechanical,1,6.98,62.37,250000.0,Yes,No,0,0,0,0,0,0,0,1,0,0,0,0,1,1,0,0,0,0,0,0,0,0,0,0,0,0,0,0,0,0,0,0,66.08500000000001,1,0,1,0,0,0,12.429220196836383,0.25
4628,Male,22.0,Other,SC,No,0.0,Biotechnology,4,7.76,72.29,150000.0,No,Yes,0,0,0,0,1,0,0,0,0,0,0,0,1,0,0,0,0,0,0,0,0,0,0,0,0,0,0,0,0,1,0,0,74.945,1,0,0,0,0,0,11.918397239722838,1.0
4629,Female,25.0,Rajasthan,OBC,No,0.0,Chemical,4,6.5,58.46,1200000.0,No,Yes,0,0,0,0,0,0,0,0,0,0,0,0,0,0,0,0,0,0,0,0,0,0,0,0,0,0,0,0,0,0,0,0,61.730000000000004,0,0,0,0,0,0,13.997832948091215,1.0
4630,Male,21.0,Maharashtra,ST,No,0.0,AI_DS,3,10.0,94.25,80000.0,No,Yes,1,0,0,0,1,0,1,0,0,0,0,0,1,1,0,1,1,0,0,1,1,0,0,0,0,0,0,0,0,1,0,0,97.125,1,1,0,0,0,1,11.289794413577894,0.75
4631,Female,17.0,Madhya Pradesh,SC,No,0.0,Commerce,3,5.19,53.79,120000.0,Yes,Yes,0,0,0,0,0,0,0,0,0,0,0,0,0,0,0,0,0,0,0,0,0,0,0,0,0,0,0,0,0,0,0,0,52.845,1,0,0,0,0,0,11.695255355062795,0.75
4632,Female,17.0,Other,ST,No,0.0,Pharmacy,4,8.23,75.89,350000.0,No,Yes,0,0,0,0,0,0,0,0,0,0,0,0,1,0,0,0,1,0,0,0,0,0,0,1,0,0,0,0,0,1,1,0,79.095,0,1,0,0,0,0,12.765691290604371,1.0
4633,Female,20.0,Maharashtra,OBC,No,0.0,Instrumentation,4,6.38,62.63,250000.0,Yes,No,0,0,0,0,1,0,0,0,1,0,0,0,1,1,0,0,0,0,0,0,0,1,0,1,0,0,0,0,0,0,0,0,63.215,1,0,0,0,0,0,12.429220196836383,1.0
4634,Female,19.0,Delhi,General,No,0.0,Instrumentation,1,7.2,62.62,80000.0,Yes,Yes,0,0,0,0,1,0,0,1,1,0,0,1,0,1,0,0,0,0,0,1,0,0,0,1,0,0,0,1,0,1,1,0,67.31,1,0,1,0,0,0,11.289794413577894,0.25
4635,Male,22.0,Maharashtra,ST,No,0.0,Production,1,9.64,90.28,1500000.0,No,Yes,0,0,0,0,0,0,0,1,0,0,0,0,0,0,0,0,1,0,0,0,0,0,0,0,0,0,0,0,0,0,0,0,93.34,0,1,1,0,0,0,14.220976332738882,0.25
4636,Male,17.0,Karnataka,SC,No,0.0,Civil,2,9.29,92.09,1000000.0,Yes,No,0,0,0,0,0,0,1,0,0,0,0,0,0,0,0,0,1,1,0,0,0,0,0,0,0,0,0,0,0,0,0,0,92.495,1,1,0,0,0,1,13.815511557963774,0.5
4637,Male,17.0,Madhya Pradesh,SC,No,0.0,Pharmacy,3,6.3,62.95,1000000.0,No,Yes,0,0,0,0,0,0,0,0,0,0,0,0,0,0,0,0,0,0,0,0,0,0,0,0,0,0,0,0,0,0,0,0,62.975,0,0,0,0,0,0,13.815511557963774,0.75
4638,Female,24.0,Madhya Pradesh,ST,No,0.0,Science,2,6.72,58.24,1500000.0,Yes,Yes,0,0,0,0,0,0,0,0,0,0,0,0,0,0,0,0,0,0,0,0,0,0,0,0,0,0,0,0,0,0,0,0,62.72,1,0,0,0,0,0,14.220976332738882,0.5
4639,Female,20.0,Rajasthan,General,No,0.0,Pharmacy,1,6.99,67.6,500000.0,No,No,0,0,0,0,0,0,0,0,0,0,0,0,0,0,0,0,0,0,0,0,0,0,0,0,0,0,0,0,0,0,0,0,68.75,0,0,1,0,0,0,13.122365377402328,0.25
4640,Female,25.0,Gujarat,EWS,No,0.0,CSE,3,6.94,65.01,400000.0,Yes,Yes,0,0,0,0,0,0,0,0,0,0,0,0,1,0,0,0,0,0,0,0,0,0,0,0,0,0,0,0,0,0,1,0,67.20500000000001,1,0,0,0,0,0,12.899222326086994,0.75
4641,Female,21.0,Karnataka,General,No,0.0,AI_DS,4,8.87,84.58,1500000.0,No,No,0,0,0,0,0,0,1,0,0,0,1,0,0,0,0,0,0,0,0,0,0,0,1,0,0,0,1,0,0,0,0,0,86.63999999999999,0,1,0,0,0,0,14.220976332738882,1.0
4642,Female,17.0,Tamil Nadu,SC,No,0.0,Commerce,2,6.49,63.76,800000.0,No,No,0,0,0,0,0,0,0,0,0,0,0,0,0,0,0,0,0,0,0,0,0,0,0,0,0,0,0,0,0,0,0,0,64.33,0,0,0,0,0,0,13.592368256649284,0.5
4643,Female,17.0,Karnataka,OBC,No,0.0,Science,3,7.74,71.2,500000.0,No,No,0,0,0,0,0,0,0,0,0,0,0,0,0,0,0,0,0,0,0,0,0,0,0,0,0,0,0,0,0,0,0,0,74.30000000000001,0,0,0,0,0,0,13.122365377402328,0.75
4644,Male,25.0,Maharashtra,OBC,Yes,50.0,Electrical,1,8.01,77.27,250000.0,No,Yes,1,0,0,0,1,0,0,0,1,0,0,0,0,0,0,1,0,0,0,0,0,1,0,0,0,0,0,0,1,1,0,0,78.685,1,1,1,1,1,1,12.429220196836383,0.25
4645,Female,21.0,Karnataka,EWS,Yes,60.0,Instrumentation,3,7.52,74.12,400000.0,No,Yes,0,0,0,0,0,0,1,0,1,0,0,0,1,0,0,0,1,0,0,0,0,0,0,0,0,0,0,0,1,0,1,0,74.66,0,0,0,1,1,0,12.899222326086994,0.75
4646,Male,17.0,Gujarat,SC,No,0.0,Instrumentation,3,6.69,71.2,80000.0,No,Yes,0,0,0,0,1,0,0,0,1,0,0,0,1,1,0,0,1,0,0,0,0,0,0,0,0,0,0,0,0,1,0,0,69.05000000000001,1,0,0,0,0,0,11.289794413577894,0.75
4647,Male,24.0,Rajasthan,EWS,No,0.0,CSE,1,5.62,54.61,120000.0,Yes,Yes,0,0,0,0,0,0,0,0,0,0,0,0,0,0,0,0,0,0,0,0,0,0,0,0,0,0,0,0,0,0,0,0,55.405,1,0,1,0,0,0,11.695255355062795,0.25
4648,Male,23.0,Tamil Nadu,OBC,No,0.0,AI_DS,4,9.84,90.5,600000.0,No,Yes,0,0,0,0,0,0,1,0,1,0,0,0,0,0,0,0,0,0,0,0,0,0,0,0,0,0,0,0,0,0,0,0,94.45,0,1,0,0,0,0,13.304686600863562,1.0
4649,Female,18.0,Other,ST,No,0.0,Commerce,3,6.59,60.47,400000.0,Yes,Yes,0,0,0,0,0,0,0,0,0,0,0,0,0,0,0,0,0,0,0,0,0,0,0,0,0,0,0,0,0,0,0,0,63.185,1,0,0,0,0,0,12.899222326086994,0.75
4650,Female,20.0,Madhya Pradesh,OBC,No,0.0,Commerce,3,7.66,69.58,150000.0,Yes,Yes,0,0,0,0,1,0,0,0,0,0,0,0,1,1,0,0,0,0,0,1,1,0,0,0,0,0,0,0,0,1,1,0,73.09,1,0,0,0,0,0,11.918397239722838,0.75
4651,Male,20.0,Maharashtra,General,No,0.0,Medical,1,8.01,78.64,800000.0,Yes,Yes,0,0,0,0,0,0,0,1,0,0,0,0,0,0,0,0,0,0,0,0,0,1,0,0,0,0,0,0,0,0,0,0,79.37,1,1,1,0,0,1,13.592368256649284,0.25
4652,Male,22.0,Gujarat,EWS,No,0.0,IT,4,8.14,72.02,250000.0,Yes,No,1,1,0,0,1,0,0,0,1,0,0,0,1,1,0,0,0,0,0,1,1,0,0,0,0,0,0,0,0,1,0,0,76.71000000000001,1,0,0,0,0,0,12.429220196836383,1.0
4653,Female,21.0,Karnataka,General,No,0.0,CSE,3,8.69,85.37,150000.0,Yes,Yes,0,1,0,0,1,0,1,0,1,0,0,0,1,1,0,0,1,0,0,1,1,0,1,1,0,0,0,0,0,1,1,0,86.13499999999999,1,1,0,0,0,1,11.918397239722838,0.75
4654,Female,21.0,Gujarat,OBC,No,0.0,Chemical,4,8.5,81.87,1500000.0,No,No,0,0,0,0,0,0,1,0,0,0,1,0,0,0,0,0,1,0,0,0,0,0,0,0,0,0,0,0,0,0,0,0,83.435,0,1,0,0,0,0,14.220976332738882,1.0
4655,Female,18.0,Maharashtra,ST,Yes,60.0,IT,4,7.76,76.82,400000.0,Yes,No,0,0,0,0,1,0,1,0,1,0,0,0,1,0,0,0,0,0,0,0,0,0,0,0,0,0,0,0,1,1,0,0,77.21,1,0,0,1,1,0,12.899222326086994,1.0
4656,Female,25.0,Delhi,EWS,No,0.0,Instrumentation,1,9.81,90.34,500000.0,Yes,Yes,0,0,0,0,1,0,0,0,1,0,0,0,0,0,1,0,1,0,0,0,0,0,0,1,1,1,0,1,0,0,0,1,94.22,1,1,1,0,0,1,13.122365377402328,0.25
4657,Male,24.0,Gujarat,EWS,Yes,80.0,Instrumentation,4,8.79,83.25,600000.0,Yes,Yes,0,0,0,0,0,0,1,0,1,0,0,0,0,0,0,0,1,0,0,0,0,0,0,0,0,0,0,0,1,0,0,0,85.57499999999999,1,1,0,1,1,1,13.304686600863562,1.0
4658,Male,24.0,Maharashtra,SC,No,0.0,Instrumentation,4,7.34,65.12,800000.0,No,No,0,0,0,0,0,0,0,0,0,0,0,0,0,0,0,0,1,0,0,0,0,0,0,0,0,0,0,0,0,0,0,0,69.26,0,0,0,0,0,0,13.592368256649284,1.0
4659,Female,24.0,Madhya Pradesh,ST,No,0.0,Production,2,7.16,65.03,350000.0,No,No,0,0,0,0,1,0,0,0,0,0,0,0,1,0,0,0,0,0,0,0,0,0,0,0,0,0,0,1,0,0,1,0,68.315,0,0,0,0,0,0,12.765691290604371,0.5
4660,Female,24.0,Uttar Pradesh,General,No,0.0,CSE,2,6.94,62.64,1000000.0,No,No,0,0,0,0,0,0,0,0,0,0,0,0,0,0,0,0,0,0,0,0,0,0,0,0,0,0,0,0,0,0,0,0,66.02000000000001,0,0,0,0,0,0,13.815511557963774,0.5
4661,Female,22.0,Maharashtra,OBC,No,0.0,CSE,3,6.96,64.9,300000.0,Yes,Yes,0,0,0,0,0,0,0,0,1,0,0,0,1,0,0,0,0,0,0,0,0,0,0,0,0,0,0,0,0,0,0,0,67.25,1,0,0,0,0,0,12.611541086966115,0.75
4662,Female,20.0,Maharashtra,SC,No,0.0,Mechanical,1,7.62,67.55,1200000.0,No,Yes,0,0,0,0,0,0,0,0,0,0,0,0,0,0,0,0,0,0,0,0,0,0,0,0,0,0,0,0,0,0,0,0,71.875,0,0,1,0,0,0,13.997832948091215,0.25
4663,Male,17.0,Gujarat,ST,No,0.0,Science,3,5.77,55.9,300000.0,No,No,0,0,0,0,0,0,0,0,0,0,0,0,0,0,0,0,0,0,0,0,0,0,0,0,0,0,0,0,0,0,0,0,56.8,1,0,0,0,0,0,12.611541086966115,0.75
4664,Female,20.0,Uttar Pradesh,ST,No,0.0,AI_DS,4,6.54,65.35,200000.0,Yes,No,0,0,0,0,0,0,0,0,1,0,0,0,1,0,0,0,0,0,0,0,0,0,0,1,0,0,0,0,0,1,1,0,65.375,1,0,0,0,0,0,12.206077645517674,1.0
4665,Male,18.0,Tamil Nadu,OBC,No,0.0,Civil,1,7.77,75.64,200000.0,No,Yes,0,1,0,0,1,0,0,1,1,1,0,1,1,1,0,0,1,0,0,0,1,0,0,0,0,0,0,0,0,1,0,0,76.66999999999999,1,0,1,0,0,0,12.206077645517674,0.25
4666,Male,24.0,Gujarat,ST,No,0.0,Production,1,9.19,86.38,500000.0,Yes,No,0,0,0,0,0,0,0,1,1,0,0,0,0,0,1,0,0,0,0,0,0,0,0,0,0,0,0,0,0,0,0,1,89.13999999999999,1,1,1,0,0,1,13.122365377402328,0.25
4667,Male,25.0,Delhi,ST,No,0.0,AI_DS,1,6.81,67.31,150000.0,No,Yes,0,0,0,0,1,0,0,1,1,0,0,0,0,1,0,0,0,0,0,1,0,0,0,0,0,0,0,0,0,1,0,1,67.705,1,0,1,0,0,0,11.918397239722838,0.25
4668,Female,21.0,Karnataka,General,No,0.0,Biotechnology,4,8.11,76.48,400000.0,Yes,Yes,0,0,0,0,1,0,0,0,0,0,0,0,1,0,0,0,0,0,0,0,0,0,0,1,0,0,0,0,0,1,1,0,78.78999999999999,1,1,0,0,0,1,12.899222326086994,1.0
4669,Male,21.0,Tamil Nadu,General,No,0.0,ECE,1,9.17,86.48,600000.0,Yes,No,0,0,0,0,0,0,0,1,1,0,0,0,0,0,1,0,0,0,0,0,0,0,0,0,0,0,0,0,0,0,0,1,89.09,1,1,1,0,0,1,13.304686600863562,0.25
4670,Female,23.0,Karnataka,SC,No,0.0,Biotechnology,2,7.54,71.69,350000.0,No,Yes,0,0,0,0,0,0,0,0,0,0,0,0,1,0,0,0,1,0,0,0,0,0,0,0,0,0,0,0,0,1,1,0,73.545,0,0,0,0,0,0,12.765691290604371,0.5
4671,Female,18.0,Rajasthan,General,No,0.0,CSE,4,6.38,60.84,500000.0,No,No,0,0,0,0,0,0,0,0,0,0,0,0,0,0,0,0,0,0,0,0,0,0,0,0,0,0,0,0,0,0,0,0,62.32,0,0,0,0,0,0,13.122365377402328,1.0
4672,Female,21.0,Telangana,General,No,0.0,Production,3,9.18,71.2,1500000.0,No,No,0,0,0,0,0,0,0,0,0,0,0,0,0,0,0,0,1,1,0,0,0,0,0,0,0,0,1,0,0,0,0,0,81.5,0,0,0,0,0,0,14.220976332738882,0.75
4673,Female,20.0,Other,ST,No,0.0,CSE,3,7.54,71.14,150000.0,No,No,0,1,0,0,1,0,0,0,1,0,0,0,0,0,0,0,1,0,0,1,1,0,1,0,0,0,0,0,0,0,0,0,73.27000000000001,1,0,0,0,0,0,11.918397239722838,0.75
4674,Female,23.0,Delhi,EWS,No,0.0,Management,4,7.9,77.3,1200000.0,Yes,No,0,0,0,0,0,0,0,0,0,0,0,0,0,0,0,0,0,0,0,0,0,0,0,0,0,0,0,0,0,0,0,0,78.15,1,0,0,0,0,0,13.997832948091215,1.0
4675,Male,23.0,Other,ST,Yes,80.0,Mechanical,2,8.23,77.19,800000.0,No,Yes,0,0,0,0,0,0,0,0,0,0,0,0,0,0,0,0,1,1,0,0,0,0,0,0,0,0,0,0,1,0,0,0,79.745,0,1,0,1,1,0,13.592368256649284,0.5
4676,Male,21.0,Other,General,No,0.0,Pharmacy,1,7.89,76.39,800000.0,No,Yes,0,0,0,0,0,0,0,1,0,0,0,0,0,0,0,0,0,0,0,0,0,0,0,0,0,0,0,0,0,0,0,1,77.645,0,0,1,0,0,0,13.592368256649284,0.25
4677,Female,18.0,Uttar Pradesh,EWS,No,0.0,Production,2,6.29,60.26,200000.0,Yes,No,0,0,0,0,1,0,0,0,0,0,0,0,1,1,0,0,0,0,0,0,0,0,0,1,0,0,0,0,0,0,0,0,61.58,1,0,0,0,0,0,12.206077645517674,0.5
4678,Female,24.0,Gujarat,SC,No,0.0,Commerce,1,5.0,48.95,1000000.0,Yes,No,0,0,0,0,0,0,0,0,0,0,0,0,0,0,0,0,0,0,0,0,0,0,0,0,0,0,0,0,0,0,0,0,49.475,1,0,1,0,0,0,13.815511557963774,0.25
4679,Female,20.0,Karnataka,EWS,No,0.0,AI_DS,4,8.29,81.0,350000.0,Yes,No,0,0,0,0,1,0,1,0,1,0,0,0,1,0,0,0,0,0,0,0,0,0,0,0,0,0,1,0,0,1,1,0,81.94999999999999,1,1,0,0,0,1,12.765691290604371,1.0
4680,Male,25.0,Delhi,General,No,0.0,Commerce,4,7.03,67.71,80000.0,Yes,Yes,0,0,0,0,1,0,0,0,0,0,0,0,1,0,0,0,0,0,0,1,0,0,0,0,0,0,0,0,0,1,0,0,69.005,1,0,0,0,0,0,11.289794413577894,1.0
4681,Male,22.0,Rajasthan,EWS,No,0.0,Civil,3,9.21,91.74,1500000.0,Yes,No,0,0,0,0,0,0,1,0,0,0,0,0,0,0,0,0,0,1,0,0,0,0,0,0,0,0,0,0,0,0,0,0,91.92,1,1,0,0,0,1,14.220976332738882,0.75
4682,Male,22.0,Andhra Pradesh,EWS,No,0.0,Management,4,7.46,71.29,600000.0,Yes,No,0,0,0,0,0,0,0,0,0,0,0,0,0,0,0,0,0,0,0,0,0,0,0,0,0,0,0,0,0,0,0,0,72.945,1,0,0,0,0,0,13.304686600863562,1.0
4683,Female,19.0,Telangana,SC,No,0.0,Commerce,4,8.83,79.38,350000.0,Yes,Yes,0,0,0,0,1,0,0,0,0,0,0,0,1,0,0,0,1,0,0,0,0,0,0,1,0,0,0,0,0,1,0,0,83.84,1,1,0,0,0,1,12.765691290604371,1.0
4684,Female,21.0,Karnataka,General,No,0.0,Chemical,4,7.11,71.55,250000.0,Yes,Yes,0,0,0,0,1,0,0,0,1,0,0,0,1,1,0,0,1,0,0,0,1,0,0,1,0,0,0,0,0,1,1,0,71.325,1,0,0,0,0,0,12.429220196836383,1.0
4685,Male,23.0,Delhi,OBC,No,0.0,Management,1,8.67,83.47,600000.0,Yes,No,0,0,0,0,0,0,0,1,0,0,0,0,0,0,0,0,1,0,0,0,0,0,0,0,0,0,0,0,0,0,0,1,85.08500000000001,1,1,1,0,0,1,13.304686600863562,0.25
4686,Male,23.0,Other,OBC,No,0.0,IT,3,5.69,53.91,300000.0,No,Yes,0,0,0,0,0,0,0,0,0,0,0,0,0,0,0,0,0,0,0,0,0,0,0,0,0,0,0,0,0,0,0,0,55.405,1,0,0,0,0,0,12.611541086966115,0.75
4687,Female,19.0,Tamil Nadu,ST,No,0.0,Production,1,6.79,65.5,1500000.0,Yes,No,0,0,0,0,0,0,0,0,0,0,0,0,0,0,0,0,0,0,0,0,0,0,0,0,0,0,0,0,0,0,0,0,66.7,1,0,1,0,0,0,14.220976332738882,0.25
4688,Male,19.0,Other,EWS,No,0.0,Medical,4,6.53,58.96,200000.0,No,Yes,0,0,0,0,0,0,0,0,0,0,0,0,1,1,0,0,0,0,0,0,0,0,0,0,0,0,0,0,0,0,0,0,62.129999999999995,1,0,0,0,0,0,12.206077645517674,1.0
4689,Female,18.0,Uttar Pradesh,ST,No,0.0,Instrumentation,3,5.02,51.36,400000.0,No,No,0,0,0,0,0,0,0,0,0,0,0,0,0,0,0,0,0,0,0,0,0,0,0,0,0,0,0,0,0,0,0,0,50.78,0,0,0,0,0,0,12.899222326086994,0.75
4690,Male,19.0,Telangana,General,No,0.0,Medical,3,7.02,67.16,1200000.0,Yes,No,0,0,0,0,0,0,0,0,0,0,0,0,0,0,0,0,1,0,0,0,0,0,0,0,0,0,0,0,0,0,0,0,68.67999999999999,1,0,0,0,0,0,13.997832948091215,0.75
4691,Male,18.0,Tamil Nadu,SC,No,0.0,CSE,2,7.5,68.05,300000.0,Yes,No,0,0,0,0,1,0,0,0,1,0,0,0,0,0,0,0,0,0,0,0,0,0,0,0,0,0,0,0,0,1,0,0,71.525,1,0,0,0,0,0,12.611541086966115,0.5
4692,Female,21.0,Other,ST,Yes,80.0,Biotechnology,1,5.99,53.89,800000.0,Yes,No,0,0,0,0,0,0,0,0,0,0,0,0,0,0,0,0,0,0,0,0,0,0,0,0,0,0,0,0,0,0,0,0,56.895,1,0,1,1,1,0,13.592368256649284,0.25
4693,Female,21.0,Other,SC,No,0.0,IT,4,6.63,64.08,350000.0,No,No,0,0,0,0,1,0,0,0,0,0,0,0,0,0,0,0,0,0,0,0,0,0,0,0,0,0,0,0,0,0,0,0,65.19,0,0,0,0,0,0,12.765691290604371,1.0
4694,Female,25.0,Telangana,General,No,0.0,Production,1,6.55,67.46,150000.0,No,No,0,0,0,0,1,0,0,1,1,0,0,0,0,1,0,0,0,0,0,1,0,0,0,1,0,0,0,0,0,1,0,1,66.47999999999999,1,0,1,0,0,0,11.918397239722838,0.25
4695,Male,24.0,Delhi,OBC,No,0.0,Chemical,2,8.73,85.36,800000.0,Yes,No,0,0,0,0,0,0,1,0,0,0,0,0,0,0,0,0,0,0,0,0,0,0,0,0,0,0,0,0,0,0,0,0,86.33000000000001,1,1,0,0,0,1,13.592368256649284,0.5
4696,Female,19.0,Telangana,EWS,No,0.0,Medical,1,7.36,74.46,800000.0,Yes,No,0,0,0,0,0,0,0,1,0,0,0,0,0,0,0,0,1,0,0,0,0,0,0,0,0,0,0,0,0,0,0,1,74.03,1,0,1,0,0,0,13.592368256649284,0.25
4697,Male,21.0,Rajasthan,ST,No,0.0,Pharmacy,3,7.49,68.69,350000.0,Yes,No,0,0,0,0,1,0,0,0,0,0,0,0,1,0,0,0,0,0,0,0,0,0,0,0,0,0,0,0,0,1,0,0,71.795,1,0,0,0,0,0,12.765691290604371,0.75
4698,Male,18.0,Other,EWS,No,0.0,CSE,1,7.7,75.26,250000.0,No,Yes,0,1,0,0,0,0,0,1,1,1,0,1,1,1,0,0,0,0,0,1,0,0,0,0,0,0,0,0,0,1,0,0,76.13,1,0,1,0,0,0,12.429220196836383,0.25
4699,Male,19.0,Uttar Pradesh,EWS,No,0.0,Production,3,8.26,77.04,500000.0,No,No,0,0,0,0,0,0,1,0,1,0,0,0,0,0,0,0,1,0,0,0,0,0,0,0,0,0,0,0,0,0,0,0,79.82,0,1,0,0,0,0,13.122365377402328,0.75
4700,Male,18.0,Gujarat,ST,No,0.0,Electrical,4,6.86,67.09,400000.0,Yes,No,0,0,0,0,1,0,0,0,1,0,0,0,1,0,0,0,0,0,0,0,0,0,0,0,0,0,0,0,0,1,0,0,67.845,1,0,0,0,0,0,12.899222326086994,1.0
4701,Female,25.0,Madhya Pradesh,OBC,No,0.0,CSE,1,8.36,78.24,800000.0,No,No,0,0,0,0,0,0,0,0,0,0,0,0,0,0,0,0,0,0,0,0,0,0,0,0,0,0,0,1,0,0,0,1,80.91999999999999,0,1,1,0,0,0,13.592368256649284,0.25
4702,Female,24.0,Uttar Pradesh,SC,Yes,70.0,CSE,2,5.6,52.58,80000.0,Yes,Yes,0,0,0,0,0,0,0,0,0,0,0,0,0,0,0,0,0,0,0,0,0,0,0,0,0,0,0,0,1,0,0,0,54.29,1,0,0,1,1,0,11.289794413577894,0.5
4703,Male,23.0,Telangana,General,No,0.0,Medical,3,8.25,83.79,500000.0,No,Yes,0,0,0,0,0,0,0,0,0,0,0,0,0,0,0,0,1,0,0,0,0,0,0,0,0,0,0,0,0,0,0,0,83.14500000000001,0,1,0,0,0,0,13.122365377402328,0.75
4704,Male,20.0,Tamil Nadu,ST,No,0.0,Electrical,4,6.06,56.29,800000.0,No,No,0,0,0,0,0,0,0,0,0,0,0,0,0,0,0,0,0,0,0,0,0,0,0,0,0,0,0,0,0,0,0,0,58.44499999999999,0,0,0,0,0,0,13.592368256649284,1.0
4705,Male,21.0,Maharashtra,OBC,No,0.0,Medical,3,7.03,70.85,350000.0,Yes,No,0,0,0,0,1,0,0,0,0,0,0,0,1,0,0,0,0,0,0,0,0,1,0,0,0,0,0,0,0,0,0,0,70.57499999999999,1,0,0,0,0,0,12.765691290604371,0.75
4706,Male,17.0,Delhi,General,No,0.0,CSE,1,7.46,68.15,1500000.0,Yes,Yes,0,0,0,0,0,0,0,0,0,0,0,0,0,0,0,0,0,0,0,0,0,0,0,0,0,0,0,0,0,0,0,0,71.375,1,0,1,0,0,0,14.220976332738882,0.25
4707,Male,17.0,Maharashtra,SC,No,0.0,Science,2,8.17,76.4,500000.0,No,No,0,0,0,0,1,0,0,0,0,0,0,0,0,0,0,0,0,0,0,0,0,0,0,0,0,0,0,0,0,0,0,0,79.05000000000001,0,1,0,0,0,0,13.122365377402328,0.5
4708,Male,19.0,Maharashtra,OBC,Yes,40.0,IT,1,7.49,54.61,1200000.0,No,Yes,0,0,0,0,0,0,0,0,0,0,0,0,0,0,0,0,1,0,0,0,0,0,0,0,0,0,0,0,0,0,0,0,64.755,0,0,1,1,1,0,13.997832948091215,0.25
4709,Male,20.0,Uttar Pradesh,ST,No,0.0,Medical,2,9.58,92.16,120000.0,No,No,0,0,0,0,1,0,0,0,0,0,0,0,1,1,0,0,0,0,0,1,0,0,0,0,0,0,0,0,0,1,0,0,93.97999999999999,1,1,0,0,0,1,11.695255355062795,0.5
4710,Male,22.0,Rajasthan,EWS,No,0.0,IT,4,7.63,71.74,80000.0,Yes,No,0,1,0,0,0,0,1,0,1,0,0,0,1,1,0,0,0,0,0,1,1,0,0,0,0,0,0,0,0,0,0,0,74.02,1,0,0,0,0,0,11.289794413577894,1.0
4711,Male,19.0,Uttar Pradesh,SC,No,0.0,Electrical,4,7.85,75.42,200000.0,No,Yes,0,1,0,0,1,0,1,0,1,0,0,0,0,1,0,0,0,0,0,0,0,0,0,0,0,0,0,0,0,1,0,0,76.96000000000001,1,0,0,0,0,0,12.206077645517674,1.0
4712,Female,19.0,Andhra Pradesh,OBC,No,0.0,Management,3,7.49,74.92,600000.0,No,No,0,0,0,0,0,0,0,0,0,0,0,0,0,0,0,0,0,0,0,0,0,0,0,1,0,0,0,0,0,0,0,0,74.91,0,0,0,0,0,0,13.304686600863562,0.75
4713,Male,17.0,Uttar Pradesh,OBC,No,0.0,CSE,2,8.54,81.2,300000.0,No,No,0,1,0,0,1,0,1,0,0,0,0,0,1,0,0,0,0,0,0,1,0,0,0,0,0,0,0,0,0,1,0,0,83.3,1,1,0,0,0,1,12.611541086966115,0.5
4714,Female,19.0,Delhi,OBC,No,0.0,Civil,1,6.33,58.3,350000.0,Yes,Yes,0,0,0,0,0,0,0,0,0,0,0,0,0,0,0,0,0,0,0,0,0,0,0,0,0,0,0,0,0,0,0,0,60.8,1,0,1,0,0,0,12.765691290604371,0.25
4715,Female,22.0,Delhi,ST,No,0.0,CSE,2,5.13,54.82,600000.0,No,Yes,0,0,0,0,0,0,0,0,0,0,0,0,0,0,0,0,0,0,0,0,0,0,0,0,0,0,0,0,0,0,0,0,53.06,0,0,0,0,0,0,13.304686600863562,0.5
4716,Female,17.0,Other,EWS,No,0.0,Commerce,4,8.54,78.64,600000.0,No,Yes,0,0,0,0,0,0,0,0,0,0,0,0,0,0,0,0,0,0,0,0,0,0,0,1,0,0,0,0,0,0,0,0,82.02,0,1,0,0,0,0,13.304686600863562,1.0
4717,Male,19.0,Tamil Nadu,EWS,No,0.0,ECE,3,7.16,66.11,300000.0,No,Yes,0,0,0,0,1,0,0,0,1,0,0,0,1,0,0,0,0,0,0,0,0,0,0,0,0,0,0,0,0,0,0,0,68.85499999999999,1,0,0,0,0,0,12.611541086966115,0.75
4718,Male,25.0,Uttar Pradesh,General,No,0.0,Mechanical,3,9.35,84.57,300000.0,No,No,0,0,0,0,1,0,0,0,1,0,0,0,0,0,0,0,1,1,0,1,0,0,0,0,0,0,0,0,0,1,0,0,89.035,1,1,0,0,0,1,12.611541086966115,0.75
4719,Female,21.0,Maharashtra,General,No,0.0,Mechanical,4,7.64,72.25,150000.0,No,No,1,1,0,0,1,0,0,0,1,0,0,0,1,1,0,0,0,0,0,1,1,1,0,1,0,0,0,0,0,1,1,0,74.32499999999999,1,0,0,0,0,0,11.918397239722838,1.0
4720,Male,24.0,Other,OBC,No,0.0,IT,1,8.49,80.34,300000.0,No,Yes,0,1,0,0,0,0,0,0,1,0,0,0,1,0,1,0,0,0,1,1,0,0,0,0,0,0,0,0,0,1,0,1,82.62,1,1,1,0,0,1,12.611541086966115,0.25
4721,Male,24.0,Telangana,OBC,No,0.0,Biotechnology,4,5.39,50.45,300000.0,Yes,Yes,0,0,0,0,0,0,0,0,0,0,0,0,0,0,0,0,0,0,0,0,0,0,0,0,0,0,0,0,0,0,0,0,52.175,1,0,0,0,0,0,12.611541086966115,1.0
4722,Female,22.0,Maharashtra,ST,No,0.0,Instrumentation,4,6.33,60.37,1500000.0,Yes,Yes,0,0,0,0,0,0,0,0,0,0,0,0,0,0,0,0,0,0,0,0,0,0,0,0,0,0,0,0,0,0,0,0,61.834999999999994,1,0,0,0,0,0,14.220976332738882,1.0
4723,Male,22.0,Maharashtra,EWS,No,0.0,Civil,4,9.22,82.37,1500000.0,Yes,No,0,0,0,0,0,0,0,0,0,0,0,0,0,0,0,0,0,1,0,0,0,0,0,0,0,0,0,0,0,0,0,0,87.285,1,1,0,0,0,1,14.220976332738882,1.0
4724,Male,21.0,Uttar Pradesh,SC,No,0.0,IT,1,6.54,60.47,150000.0,No,Yes,0,0,0,0,1,0,0,1,1,0,0,0,1,0,0,0,0,0,0,1,0,0,0,0,0,0,0,0,0,0,0,0,62.935,1,0,1,0,0,0,11.918397239722838,0.25
4725,Male,23.0,Other,ST,No,0.0,CSE,3,7.04,69.1,1200000.0,No,Yes,0,0,0,0,0,0,0,0,0,0,0,0,0,0,0,0,0,0,0,0,0,0,0,0,0,0,0,0,0,0,0,0,69.75,0,0,0,0,0,0,13.997832948091215,0.75
4726,Female,24.0,Tamil Nadu,OBC,No,0.0,Management,4,7.29,70.5,250000.0,No,No,0,0,0,0,0,0,0,0,0,0,0,0,1,1,0,0,0,0,0,0,0,0,0,1,0,0,0,0,0,0,1,0,71.7,1,0,0,0,0,0,12.429220196836383,1.0
4727,Male,17.0,Other,EWS,No,0.0,Science,2,6.75,64.81,800000.0,Yes,Yes,0,0,0,0,0,0,0,0,0,0,0,0,0,0,0,0,0,0,0,0,0,0,0,0,0,0,0,0,0,0,0,0,66.155,1,0,0,0,0,0,13.592368256649284,0.5
4728,Male,17.0,Andhra Pradesh,OBC,No,0.0,Science,3,8.43,77.89,800000.0,Yes,Yes,0,0,0,0,0,0,0,0,0,0,0,0,0,0,0,0,1,0,0,0,0,0,0,0,0,0,0,0,0,0,0,0,81.095,1,1,0,0,0,1,13.592368256649284,0.75
4729,Female,19.0,Maharashtra,General,No,0.0,CSE,3,8.44,80.34,1200000.0,No,No,0,0,0,0,0,0,0,0,0,0,0,0,0,0,0,0,1,0,0,0,0,0,1,0,0,0,0,0,0,0,0,0,82.37,0,1,0,0,0,0,13.997832948091215,0.75
4730,Female,20.0,Maharashtra,ST,No,0.0,Mechanical,4,8.75,82.52,350000.0,No,No,0,1,0,0,0,0,1,0,1,0,0,0,0,0,0,0,0,1,0,0,0,0,0,1,0,0,0,0,0,1,1,0,85.00999999999999,0,1,0,0,0,0,12.765691290604371,1.0
4731,Female,22.0,Madhya Pradesh,OBC,No,0.0,Commerce,3,7.96,75.5,350000.0,No,Yes,0,0,0,0,0,0,0,0,0,0,0,0,1,0,0,0,1,0,0,0,0,0,0,1,0,0,0,0,0,0,0,0,77.55,0,0,0,0,0,0,12.765691290604371,0.75
4732,Female,23.0,Telangana,EWS,No,0.0,Mechanical,4,7.38,70.89,250000.0,No,Yes,1,1,0,0,0,0,0,0,1,0,0,0,1,0,0,0,1,0,0,0,1,0,0,1,0,0,0,0,0,0,1,0,72.345,1,0,0,0,0,0,12.429220196836383,1.0
4733,Male,17.0,Maharashtra,General,No,0.0,Pharmacy,3,8.14,73.58,350000.0,No,No,0,0,0,0,1,0,0,0,0,0,0,0,1,0,0,0,0,0,0,0,0,1,0,0,0,0,0,0,0,0,0,0,77.49000000000001,0,0,0,0,0,0,12.765691290604371,0.75
4734,Male,20.0,Telangana,ST,No,0.0,Pharmacy,2,9.22,82.01,600000.0,No,No,0,0,0,0,0,0,0,0,0,0,0,0,0,0,0,0,1,0,0,0,0,0,0,0,0,0,0,0,0,0,0,0,87.105,0,1,0,0,0,0,13.304686600863562,0.5
4735,Female,24.0,Maharashtra,SC,No,0.0,Chemical,3,6.68,63.18,80000.0,No,No,0,0,0,0,1,0,0,0,1,0,0,0,1,0,0,0,0,0,0,1,0,0,0,0,0,0,0,0,0,0,0,0,64.99,1,0,0,0,0,0,11.289794413577894,0.75
4736,Male,20.0,Tamil Nadu,General,No,0.0,Biotechnology,1,7.99,80.63,1500000.0,Yes,Yes,0,0,0,0,0,0,0,0,0,0,0,0,0,0,0,0,1,0,0,0,0,0,0,0,0,0,0,0,0,0,0,0,80.265,1,0,1,0,0,0,14.220976332738882,0.25
4737,Female,18.0,Karnataka,EWS,No,0.0,Pharmacy,3,5.27,48.54,300000.0,No,Yes,0,0,0,0,0,0,0,0,0,0,0,0,0,0,0,0,0,0,0,0,0,0,0,0,0,0,0,0,0,0,0,0,50.62,1,0,0,0,0,0,12.611541086966115,0.75
4738,Male,25.0,Rajasthan,OBC,No,0.0,Electrical,3,5.0,47.59,120000.0,No,No,0,0,0,0,0,0,0,0,0,0,0,0,0,0,0,0,0,0,0,0,0,0,0,0,0,0,0,0,0,0,0,0,48.795,1,0,0,0,0,0,11.695255355062795,0.75
4739,Male,18.0,Delhi,General,No,0.0,Medical,4,7.83,79.16,1000000.0,No,No,0,0,0,0,0,0,0,0,0,0,0,0,0,0,0,0,1,0,0,0,0,0,0,0,0,0,0,0,0,0,0,0,78.72999999999999,0,0,0,0,0,0,13.815511557963774,1.0
4740,Male,23.0,Maharashtra,SC,No,0.0,CSE,3,7.64,71.2,600000.0,Yes,No,0,0,0,0,0,0,0,0,1,0,0,0,0,0,0,0,0,0,0,0,0,0,0,0,0,0,0,0,0,0,0,0,73.8,1,0,0,0,0,0,13.304686600863562,0.75
4741,Male,21.0,Karnataka,ST,No,0.0,Instrumentation,4,8.2,76.59,250000.0,Yes,No,0,1,0,0,1,0,1,0,1,0,0,0,1,1,0,1,1,0,0,0,1,0,0,0,0,0,0,0,0,1,0,0,79.295,1,1,0,0,0,1,12.429220196836383,1.0
4742,Female,23.0,Delhi,EWS,No,0.0,Commerce,1,5.81,56.02,350000.0,Yes,No,0,0,0,0,0,0,0,0,0,0,0,0,0,0,0,0,0,0,0,0,0,0,0,0,0,0,0,0,0,0,0,0,57.06,1,0,1,0,0,0,12.765691290604371,0.25
4743,Female,23.0,Telangana,SC,No,0.0,IT,3,5.71,58.13,200000.0,Yes,No,0,0,0,0,0,0,0,0,0,0,0,0,0,1,0,0,0,0,0,0,0,0,0,0,0,0,0,0,0,0,0,0,57.615,1,0,0,0,0,0,12.206077645517674,0.75
4744,Female,19.0,Rajasthan,ST,No,0.0,IT,1,7.31,73.03,1500000.0,No,Yes,0,0,0,0,0,0,0,0,0,0,0,0,0,0,0,0,0,0,0,0,0,0,0,0,0,0,0,0,0,0,0,0,73.065,0,0,1,0,0,0,14.220976332738882,0.25
4745,Male,19.0,Andhra Pradesh,General,No,0.0,Management,3,6.92,66.55,80000.0,Yes,No,0,0,0,0,0,0,0,0,0,0,0,0,1,0,0,0,0,0,0,0,0,0,0,0,0,0,0,0,0,1,0,0,67.875,1,0,0,0,0,0,11.289794413577894,0.75
4746,Female,22.0,Delhi,ST,No,0.0,Biotechnology,3,7.75,73.49,600000.0,Yes,Yes,0,0,0,0,0,0,0,0,0,0,0,0,0,0,0,0,1,0,0,0,0,0,0,0,0,0,0,0,0,0,0,0,75.495,1,0,0,0,0,0,13.304686600863562,0.75
4747,Female,25.0,Rajasthan,OBC,Yes,70.0,Production,4,6.98,67.49,1500000.0,Yes,Yes,0,0,0,0,0,0,0,0,0,0,0,0,0,0,0,0,0,0,0,0,0,0,0,0,0,0,0,0,0,0,0,0,68.64500000000001,1,0,0,1,1,0,14.220976332738882,1.0
4748,Male,22.0,Uttar Pradesh,SC,No,0.0,Production,3,6.39,57.08,300000.0,Yes,Yes,0,0,0,0,0,0,0,0,0,0,0,0,0,0,0,0,0,0,0,0,0,0,0,0,0,0,0,0,0,0,0,0,60.489999999999995,1,0,0,0,0,0,12.611541086966115,0.75
4749,Male,22.0,Delhi,General,No,0.0,Mechanical,3,8.99,87.59,300000.0,No,No,0,0,0,0,0,0,1,0,0,0,0,0,1,0,0,0,0,1,0,0,0,0,0,0,0,0,0,0,0,1,0,0,88.745,1,1,0,0,0,1,12.611541086966115,0.75
4750,Male,18.0,Andhra Pradesh,OBC,No,0.0,Science,3,7.58,77.01,1200000.0,Yes,No,0,0,0,0,0,0,0,0,0,0,0,0,0,0,0,0,0,0,0,0,0,0,0,0,0,0,0,0,0,0,0,0,76.405,1,0,0,0,0,0,13.997832948091215,0.75
4751,Male,21.0,Uttar Pradesh,OBC,No,0.0,Commerce,2,7.18,72.18,150000.0,No,Yes,0,0,0,0,1,0,0,0,0,0,0,0,1,0,0,0,0,0,0,0,1,0,0,0,0,0,0,0,0,0,0,0,71.99000000000001,1,0,0,0,0,0,11.918397239722838,0.5
4752,Male,20.0,Rajasthan,ST,No,0.0,IT,2,7.71,70.17,500000.0,Yes,Yes,0,0,0,0,0,0,1,0,1,0,0,0,0,0,0,0,1,0,0,0,0,0,0,0,0,0,0,0,0,0,0,0,73.63499999999999,1,0,0,0,0,0,13.122365377402328,0.5
4753,Female,17.0,Other,ST,No,0.0,Chemical,3,9.72,95.31,200000.0,Yes,No,0,1,0,0,1,0,0,0,0,0,1,0,1,1,0,1,1,0,0,1,1,0,0,1,0,0,0,0,0,1,1,0,96.255,1,1,0,0,0,1,12.206077645517674,0.75
4754,Female,17.0,Gujarat,ST,No,0.0,Civil,2,7.35,72.01,1000000.0,No,No,0,0,0,0,0,0,0,0,0,0,0,0,0,0,0,0,0,0,0,0,0,0,0,0,0,0,0,0,0,0,0,0,72.755,0,0,0,0,0,0,13.815511557963774,0.5
4755,Female,18.0,Andhra Pradesh,OBC,No,0.0,Management,1,7.02,69.18,1200000.0,Yes,No,0,0,0,0,0,0,0,0,0,0,0,0,0,0,0,0,1,0,0,0,0,0,0,0,0,0,0,0,0,0,0,0,69.69,1,0,1,0,0,0,13.997832948091215,0.25
4756,Male,18.0,Madhya Pradesh,General,No,0.0,Production,3,5.0,45.0,1500000.0,Yes,No,0,0,0,0,0,0,0,0,0,0,0,0,0,0,0,0,0,0,0,0,0,0,0,0,0,0,0,0,0,0,0,0,47.5,1,0,0,0,0,0,14.220976332738882,0.75
4757,Male,20.0,Other,ST,No,0.0,CSE,1,8.68,81.71,250000.0,No,No,0,0,0,0,0,0,0,1,1,1,0,1,1,1,0,0,0,0,1,1,1,0,0,0,0,0,0,0,0,1,0,1,84.255,1,1,1,0,0,1,12.429220196836383,0.25
4758,Male,23.0,Maharashtra,OBC,No,0.0,Production,3,7.75,69.58,250000.0,No,Yes,0,0,0,0,0,0,0,0,1,0,0,0,1,1,0,0,0,1,0,0,0,1,0,0,0,0,0,0,0,1,0,0,73.53999999999999,1,0,0,0,0,0,12.429220196836383,0.75
4759,Male,21.0,Maharashtra,SC,No,0.0,Pharmacy,2,9.72,95.91,80000.0,No,Yes,1,0,0,0,1,0,0,0,0,0,0,0,0,1,0,0,0,0,0,1,1,0,0,0,0,0,0,0,0,0,0,0,96.555,1,1,0,0,0,1,11.289794413577894,0.5
4760,Male,20.0,Uttar Pradesh,General,Yes,50.0,Electrical,4,7.26,67.76,300000.0,Yes,Yes,0,0,0,0,1,0,0,0,0,0,0,0,0,0,0,0,1,0,0,0,0,0,0,0,0,0,0,0,1,1,0,0,70.18,1,0,0,1,1,0,12.611541086966115,1.0
4761,Female,17.0,Delhi,ST,Yes,50.0,CSE,2,8.74,88.98,200000.0,No,No,0,1,0,1,1,1,1,0,0,0,0,0,1,1,0,0,1,0,0,1,1,0,1,0,0,1,0,0,1,1,1,0,88.19,1,1,0,1,1,1,12.206077645517674,0.5
4762,Female,23.0,Karnataka,EWS,No,0.0,AI_DS,2,8.64,88.6,500000.0,No,Yes,0,0,0,0,0,1,1,0,1,0,1,0,0,0,0,0,0,0,0,0,0,0,1,1,0,0,0,1,0,0,0,0,87.5,0,1,0,0,0,0,13.122365377402328,0.5
4763,Female,21.0,Delhi,ST,No,0.0,IT,1,6.39,58.25,1500000.0,No,No,0,0,0,0,0,0,0,0,0,0,0,0,0,0,0,0,0,0,0,0,0,0,0,0,0,0,0,0,0,0,0,0,61.075,0,0,1,0,0,0,14.220976332738882,0.25
4764,Female,20.0,Karnataka,EWS,Yes,70.0,Electrical,4,6.07,58.99,800000.0,No,Yes,0,0,0,0,0,0,0,0,0,0,0,0,0,0,0,0,0,0,0,0,0,0,0,0,0,0,0,0,1,0,0,0,59.845,0,0,0,1,1,0,13.592368256649284,1.0
4765,Female,17.0,Maharashtra,SC,No,0.0,Pharmacy,1,7.71,72.79,120000.0,No,No,1,0,0,0,1,0,0,1,0,0,0,0,0,1,0,0,0,0,0,1,1,0,0,1,0,0,0,0,0,0,1,1,74.945,1,0,1,0,0,0,11.695255355062795,0.25
4766,Male,22.0,Andhra Pradesh,ST,No,0.0,Biotechnology,1,8.47,84.16,800000.0,No,No,0,0,0,0,0,0,0,1,0,0,0,0,0,0,0,0,0,0,0,0,0,0,0,0,0,0,0,0,0,0,0,1,84.43,0,1,1,0,0,0,13.592368256649284,0.25
4767,Female,24.0,Gujarat,OBC,No,0.0,Chemical,2,5.67,52.07,80000.0,No,Yes,0,0,0,0,0,0,0,0,0,0,0,0,0,0,0,0,0,0,0,0,0,0,0,0,0,0,0,0,0,0,0,0,54.385000000000005,1,0,0,0,0,0,11.289794413577894,0.5
4768,Male,17.0,Andhra Pradesh,OBC,No,0.0,ECE,1,8.48,79.16,1500000.0,No,No,0,0,0,0,0,0,0,0,0,0,0,0,0,0,0,0,0,0,0,0,0,0,0,0,0,0,0,0,0,0,0,0,81.98,0,1,1,0,0,0,14.220976332738882,0.25
4769,Male,20.0,Andhra Pradesh,OBC,No,0.0,AI_DS,1,6.54,65.19,1500000.0,No,Yes,0,0,0,0,0,0,0,0,0,0,0,0,0,0,0,0,0,0,0,0,0,0,0,0,0,0,0,0,0,0,0,0,65.295,0,0,1,0,0,0,14.220976332738882,0.25
4770,Male,19.0,Delhi,ST,No,0.0,Electrical,2,5.95,55.62,150000.0,No,Yes,0,0,0,0,0,0,0,0,0,0,0,0,0,1,0,0,0,0,0,0,0,0,0,0,0,0,0,0,0,0,0,0,57.56,1,0,0,0,0,0,11.918397239722838,0.5
4771,Female,17.0,Gujarat,SC,No,0.0,Chemical,2,7.89,73.23,150000.0,No,Yes,0,1,0,1,1,0,0,0,1,0,0,0,1,1,0,0,1,0,0,0,1,0,0,0,0,0,0,0,0,0,1,0,76.065,1,0,0,0,0,0,11.918397239722838,0.5
4772,Male,21.0,Karnataka,General,No,0.0,Electrical,1,8.44,78.47,80000.0,Yes,Yes,0,1,0,0,0,0,0,1,1,1,0,0,1,1,0,1,0,0,0,1,1,0,0,0,0,0,0,0,0,1,0,0,81.435,1,1,1,0,0,1,11.289794413577894,0.25
4773,Male,19.0,Tamil Nadu,EWS,No,0.0,Mechanical,2,9.19,86.93,250000.0,Yes,No,0,1,0,0,1,0,1,0,1,0,0,0,1,1,0,0,1,1,0,1,0,0,0,0,0,0,0,0,0,1,0,0,89.41499999999999,1,1,0,0,0,1,12.429220196836383,0.5
4774,Male,24.0,Uttar Pradesh,General,No,0.0,Production,3,8.31,81.18,200000.0,Yes,No,0,1,0,0,1,0,0,0,1,0,0,0,1,1,0,0,0,0,0,1,0,0,0,0,0,0,0,0,0,0,0,0,82.14000000000001,1,1,0,0,0,1,12.206077645517674,0.75
4775,Female,18.0,Other,ST,No,0.0,Mechanical,3,6.75,57.96,1000000.0,No,No,0,0,0,0,0,0,0,0,0,0,0,0,0,0,0,0,0,0,0,0,0,0,0,0,0,0,0,0,0,0,0,0,62.730000000000004,0,0,0,0,0,0,13.815511557963774,0.75
4776,Female,23.0,Telangana,General,No,0.0,Science,4,7.93,75.55,600000.0,No,Yes,0,0,0,0,0,0,0,0,0,0,0,0,0,0,0,0,0,0,0,0,0,0,0,1,0,0,0,0,0,0,0,0,77.425,0,0,0,0,0,0,13.304686600863562,1.0
4777,Female,18.0,Telangana,General,No,0.0,CSE,4,8.17,76.94,80000.0,Yes,No,1,1,0,0,0,0,0,0,1,0,0,0,1,1,0,1,0,0,0,1,0,0,0,1,0,0,0,0,0,1,1,0,79.32,1,1,0,0,0,1,11.289794413577894,1.0
4778,Male,20.0,Andhra Pradesh,General,No,0.0,Civil,1,6.98,72.34,1000000.0,No,No,0,0,0,0,0,0,0,1,0,0,0,0,0,0,0,0,0,0,0,0,0,0,0,0,0,0,0,0,0,0,0,1,71.07000000000001,0,0,1,0,0,0,13.815511557963774,0.25
4779,Female,19.0,Andhra Pradesh,General,No,0.0,Civil,4,5.73,56.64,150000.0,Yes,No,0,0,0,0,0,0,0,0,0,0,0,0,0,1,0,0,0,0,0,0,0,0,0,0,0,0,0,0,0,0,0,0,56.97,1,0,0,0,0,0,11.918397239722838,1.0
4780,Female,25.0,Uttar Pradesh,ST,No,0.0,Science,2,6.81,63.69,500000.0,Yes,No,0,0,0,0,0,0,0,0,0,0,0,0,0,0,0,0,0,0,0,0,0,0,0,0,0,0,0,0,0,0,0,0,65.895,1,0,0,0,0,0,13.122365377402328,0.5
4781,Male,25.0,Gujarat,General,No,0.0,Mechanical,2,7.12,65.23,150000.0,Yes,Yes,1,0,0,0,1,0,0,0,0,0,0,0,1,1,0,0,1,0,0,1,1,0,0,0,0,0,0,0,0,1,0,0,68.215,1,0,0,0,0,0,11.918397239722838,0.5
4782,Male,20.0,Delhi,General,No,0.0,Biotechnology,2,8.19,81.98,1000000.0,Yes,Yes,0,0,0,0,0,0,0,0,0,0,0,0,0,0,0,0,0,0,0,0,0,0,0,0,0,0,0,0,0,0,0,0,81.94,1,1,0,0,0,1,13.815511557963774,0.5
4783,Female,17.0,Andhra Pradesh,OBC,No,0.0,CSE,3,8.06,76.88,1500000.0,Yes,Yes,0,0,0,0,0,0,0,0,0,0,0,0,0,0,0,0,1,0,0,0,0,0,1,0,0,0,0,0,0,0,0,0,78.74000000000001,1,1,0,0,0,1,14.220976332738882,0.75
4784,Female,21.0,Rajasthan,OBC,No,0.0,Mechanical,2,6.32,61.59,600000.0,Yes,No,0,0,0,0,0,0,0,0,1,0,0,0,0,0,0,0,0,0,0,0,0,0,0,0,0,0,0,0,0,0,0,0,62.395,1,0,0,0,0,0,13.304686600863562,0.5
4785,Female,23.0,Tamil Nadu,General,No,0.0,Production,2,10.0,93.86,1500000.0,No,Yes,0,0,0,0,0,0,0,0,0,0,1,0,0,0,0,0,1,1,0,0,0,0,0,0,0,0,0,0,0,0,0,0,96.93,0,1,0,0,0,0,14.220976332738882,0.5
4786,Female,23.0,Gujarat,EWS,No,0.0,Civil,4,7.05,65.29,250000.0,Yes,No,0,0,0,0,0,0,0,0,1,0,0,0,0,1,0,0,1,0,0,0,1,0,0,0,0,0,0,0,0,1,1,0,67.89500000000001,1,0,0,0,0,0,12.429220196836383,1.0
4787,Male,22.0,Delhi,OBC,No,0.0,Science,3,6.91,57.41,1200000.0,Yes,Yes,0,0,0,0,0,0,0,0,0,0,0,0,0,0,0,0,0,0,0,0,0,0,0,0,0,0,0,0,0,0,0,0,63.254999999999995,1,0,0,0,0,0,13.997832948091215,0.75
4788,Female,20.0,Maharashtra,EWS,No,0.0,Instrumentation,3,7.99,73.37,500000.0,No,No,0,0,0,0,1,0,0,0,1,0,0,0,0,0,0,0,0,0,0,0,0,1,0,0,0,0,0,0,0,0,0,0,76.635,0,0,0,0,0,0,13.122365377402328,0.75
4789,Female,17.0,Delhi,OBC,No,0.0,Management,2,5.57,55.17,200000.0,Yes,Yes,0,0,0,0,0,0,0,0,0,0,0,0,0,1,0,0,0,0,0,0,0,0,0,0,0,0,0,0,0,0,0,0,55.435,1,0,0,0,0,0,12.206077645517674,0.5
4790,Male,17.0,Tamil Nadu,General,No,0.0,AI_DS,4,6.2,57.88,600000.0,No,No,0,0,0,0,0,0,0,0,0,0,0,0,0,0,0,0,0,0,0,0,0,0,0,0,0,0,0,0,0,0,0,0,59.94,0,0,0,0,0,0,13.304686600863562,1.0
4791,Female,24.0,Telangana,ST,No,0.0,Pharmacy,2,9.26,83.74,1000000.0,Yes,No,0,0,0,0,0,0,0,0,0,0,0,0,0,0,0,0,1,0,0,0,0,0,0,0,0,0,0,0,0,0,0,0,88.16999999999999,1,1,0,0,0,1,13.815511557963774,0.5
4792,Male,22.0,Other,ST,No,0.0,IT,4,5.66,54.58,600000.0,Yes,Yes,0,0,0,0,0,0,0,0,0,0,0,0,0,0,0,0,0,0,0,0,0,0,0,0,0,0,0,0,0,0,0,0,55.59,1,0,0,0,0,0,13.304686600863562,1.0
4793,Female,17.0,Gujarat,SC,No,0.0,Pharmacy,3,8.88,79.64,800000.0,Yes,Yes,0,0,0,0,0,0,0,0,0,0,0,0,0,0,0,0,1,0,0,0,0,0,0,0,0,0,0,0,0,0,0,0,84.22,1,1,0,0,0,1,13.592368256649284,0.75
4794,Male,22.0,Madhya Pradesh,ST,No,0.0,Chemical,1,7.99,77.65,150000.0,No,No,0,1,0,0,0,0,0,0,1,0,0,0,0,1,0,0,0,0,0,1,0,0,0,0,0,0,0,0,0,0,0,0,78.775,1,0,1,0,0,0,11.918397239722838,0.25
4795,Female,23.0,Other,EWS,Yes,80.0,Instrumentation,1,7.49,50.18,1000000.0,No,No,0,0,0,0,0,0,0,0,0,0,0,0,0,0,0,0,0,0,0,0,0,0,0,0,0,0,0,0,0,0,0,0,62.540000000000006,0,0,1,1,1,0,13.815511557963774,0.25
4796,Female,24.0,Maharashtra,OBC,No,0.0,Instrumentation,2,8.55,80.29,350000.0,No,No,0,1,0,1,1,0,1,0,1,0,0,0,0,0,0,0,1,0,0,0,0,1,0,1,0,1,0,1,0,1,1,0,82.89500000000001,0,1,0,0,0,0,12.765691290604371,0.5
4797,Male,19.0,Maharashtra,ST,No,0.0,Production,2,9.0,71.2,350000.0,Yes,No,0,0,0,0,1,0,0,0,1,0,0,0,1,0,0,0,1,1,0,0,0,0,0,0,0,0,0,0,0,1,0,0,80.6,1,0,0,0,0,0,12.765691290604371,0.5
4798,Male,21.0,Maharashtra,OBC,No,0.0,Pharmacy,2,7.62,71.04,1500000.0,No,Yes,0,0,0,0,0,0,0,0,0,0,0,0,0,0,0,0,0,0,0,0,0,0,0,0,0,0,0,0,0,0,0,0,73.62,0,0,0,0,0,0,14.220976332738882,0.5
4799,Male,17.0,Uttar Pradesh,General,No,0.0,Commerce,2,6.33,60.02,800000.0,Yes,No,0,0,0,0,0,0,0,0,0,0,0,0,0,0,0,0,0,0,0,0,0,0,0,0,0,0,0,0,0,0,0,0,61.66,1,0,0,0,0,0,13.592368256649284,0.5
4800,Male,21.0,Gujarat,OBC,No,0.0,Mechanical,4,8.18,76.74,250000.0,No,No,0,0,0,0,1,0,0,0,1,0,0,0,1,1,0,0,0,0,0,0,1,0,0,0,0,0,0,0,0,0,0,0,79.27,1,1,0,0,0,1,12.429220196836383,1.0
4801,Female,25.0,Tamil Nadu,General,No,0.0,Medical,3,5.0,51.31,250000.0,Yes,No,0,0,0,0,0,0,0,0,0,0,0,0,0,0,0,0,0,0,0,0,0,0,0,0,0,0,0,0,0,0,0,0,50.655,1,0,0,0,0,0,12.429220196836383,0.75
4802,Male,17.0,Tamil Nadu,General,No,0.0,AI_DS,1,7.73,72.3,1000000.0,Yes,Yes,0,0,0,0,0,0,0,0,0,0,0,0,0,0,0,0,1,0,0,0,0,0,0,0,0,0,0,0,0,0,0,0,74.80000000000001,1,0,1,0,0,0,13.815511557963774,0.25
4803,Male,19.0,Telangana,SC,No,0.0,CSE,3,8.53,85.61,350000.0,No,Yes,0,1,0,0,0,0,1,0,0,0,0,0,1,0,0,0,0,0,0,0,0,0,0,0,0,0,0,0,0,1,0,0,85.455,0,1,0,0,0,0,12.765691290604371,0.75
4804,Male,18.0,Delhi,ST,No,0.0,CSE,1,7.49,48.8,250000.0,No,Yes,0,0,0,0,0,0,0,0,1,0,0,0,1,0,0,0,0,0,0,0,0,0,0,0,0,0,0,0,0,0,0,0,61.85,1,0,1,0,0,0,12.429220196836383,0.25
4805,Male,17.0,Tamil Nadu,OBC,No,0.0,AI_DS,3,5.79,56.5,600000.0,Yes,Yes,0,0,0,0,0,0,0,0,0,0,0,0,0,0,0,0,0,0,0,0,0,0,0,0,0,0,0,0,0,0,0,0,57.2,1,0,0,0,0,0,13.304686600863562,0.75
4806,Female,20.0,Maharashtra,ST,No,0.0,Instrumentation,1,7.65,74.58,150000.0,Yes,Yes,1,1,1,1,1,0,0,1,1,1,0,1,1,1,0,0,0,0,0,1,1,0,0,1,0,0,0,0,0,1,1,0,75.53999999999999,1,0,1,0,0,0,11.918397239722838,0.25
4807,Female,17.0,Other,General,No,0.0,Civil,1,6.9,59.93,80000.0,No,No,0,0,0,0,0,0,0,0,1,0,0,0,1,1,0,0,0,0,0,0,0,0,0,0,0,0,0,0,0,0,0,0,64.465,1,0,1,0,0,0,11.289794413577894,0.25
4808,Male,20.0,Rajasthan,SC,No,0.0,Science,3,6.96,67.34,80000.0,No,No,0,0,0,0,1,0,0,0,0,0,0,0,0,1,0,0,0,0,0,1,0,0,0,0,0,0,0,0,0,0,0,0,68.47,1,0,0,0,0,0,11.289794413577894,0.75
4809,Male,23.0,Tamil Nadu,SC,No,0.0,Instrumentation,1,7.49,79.32,250000.0,Yes,No,0,0,0,0,1,0,0,1,0,0,0,0,1,1,0,0,0,0,0,1,1,0,0,0,0,0,0,0,0,1,0,0,77.11,1,0,1,0,0,0,12.429220196836383,0.25
4810,Male,22.0,Andhra Pradesh,General,No,0.0,ECE,3,8.73,80.99,1000000.0,Yes,No,0,0,0,0,0,0,1,0,0,0,0,0,0,0,0,0,1,0,0,0,0,0,0,0,0,0,0,0,0,0,0,0,84.14500000000001,1,1,0,0,0,1,13.815511557963774,0.75
4811,Female,17.0,Other,OBC,No,0.0,Production,4,7.93,73.81,120000.0,Yes,No,0,1,0,0,0,0,0,0,1,0,0,0,1,1,0,0,0,0,0,1,1,0,0,1,0,0,0,0,0,1,1,0,76.555,1,0,0,0,0,0,11.695255355062795,1.0
4812,Male,18.0,Rajasthan,ST,No,0.0,Management,1,7.72,76.02,250000.0,Yes,No,0,0,0,0,1,0,0,1,0,0,0,0,1,1,0,0,0,0,0,0,1,0,0,0,0,0,0,0,0,1,0,1,76.61,1,0,1,0,0,0,12.429220196836383,0.25
4813,Male,21.0,Rajasthan,General,No,0.0,Commerce,3,6.03,55.25,80000.0,No,No,0,0,0,0,0,0,0,0,0,0,0,0,0,1,0,0,0,0,0,0,0,0,0,0,0,0,0,0,0,0,0,0,57.775000000000006,1,0,0,0,0,0,11.289794413577894,0.75
4814,Male,22.0,Madhya Pradesh,OBC,No,0.0,IT,4,7.72,80.54,200000.0,No,Yes,0,1,0,0,1,0,0,0,1,0,0,0,1,0,0,0,0,0,0,1,0,0,0,0,0,0,0,0,0,1,0,0,78.87,1,0,0,0,0,0,12.206077645517674,1.0
4815,Male,19.0,Maharashtra,ST,No,0.0,IT,3,6.46,67.49,300000.0,Yes,No,0,0,0,0,1,0,0,0,1,0,0,0,0,0,0,0,0,0,0,0,0,0,0,0,0,0,0,0,0,0,0,0,66.04499999999999,1,0,0,0,0,0,12.611541086966115,0.75
4816,Male,25.0,Delhi,ST,No,0.0,IT,4,9.91,93.85,800000.0,Yes,No,0,0,0,0,0,0,0,0,0,0,0,0,0,0,0,0,1,0,0,0,0,0,0,0,0,0,0,0,0,0,0,0,96.475,1,1,0,0,0,1,13.592368256649284,1.0
4817,Male,20.0,Andhra Pradesh,General,No,0.0,CSE,2,7.14,65.75,1200000.0,Yes,Yes,0,0,0,0,0,0,0,0,0,0,0,0,0,0,0,0,1,0,0,0,0,0,0,0,0,0,0,0,0,0,0,0,68.57499999999999,1,0,0,0,0,0,13.997832948091215,0.5
4818,Female,17.0,Maharashtra,EWS,No,0.0,ECE,2,7.42,66.27,1500000.0,No,Yes,0,0,0,0,0,0,0,0,0,0,0,0,0,0,0,0,0,0,0,0,0,0,0,0,0,0,0,0,0,0,0,0,70.235,0,0,0,0,0,0,14.220976332738882,0.5
4819,Male,19.0,Delhi,EWS,No,0.0,Chemical,1,7.41,74.89,300000.0,No,Yes,0,1,0,0,1,0,0,0,1,1,0,0,1,0,0,0,1,0,0,0,0,0,0,0,0,0,0,0,0,1,0,1,74.495,1,0,1,0,0,0,12.611541086966115,0.25
4820,Female,21.0,Other,OBC,No,0.0,Biotechnology,1,6.77,63.59,150000.0,No,No,0,0,0,0,0,0,0,1,0,0,0,0,0,1,0,0,0,0,0,0,0,0,0,1,0,0,0,0,0,0,0,0,65.645,1,0,1,0,0,0,11.918397239722838,0.25
4821,Female,19.0,Tamil Nadu,OBC,No,0.0,Commerce,4,5.46,52.99,1500000.0,No,No,0,0,0,0,0,0,0,0,0,0,0,0,0,0,0,0,0,0,0,0,0,0,0,0,0,0,0,0,0,0,0,0,53.795,0,0,0,0,0,0,14.220976332738882,1.0
4822,Male,18.0,Maharashtra,SC,No,0.0,Mechanical,2,7.82,74.48,1000000.0,No,Yes,0,0,0,0,0,0,0,0,0,0,0,0,0,0,0,0,1,1,0,0,0,0,0,0,0,0,0,0,0,0,0,0,76.34,0,0,0,0,0,0,13.815511557963774,0.5
4823,Female,20.0,Maharashtra,ST,No,0.0,Management,2,7.24,71.2,800000.0,No,No,0,0,0,0,0,0,0,0,0,0,0,0,0,0,0,0,0,0,0,0,0,0,0,0,0,0,0,0,0,0,0,0,71.80000000000001,0,0,0,0,0,0,13.592368256649284,0.5
4824,Female,21.0,Rajasthan,General,No,0.0,Electrical,3,8.1,76.86,80000.0,Yes,No,0,1,0,0,0,0,1,0,1,0,0,0,0,1,0,1,0,0,0,0,1,0,0,0,0,0,0,0,0,0,1,0,78.93,1,1,0,0,0,1,11.289794413577894,0.75
4825,Male,20.0,Karnataka,General,No,0.0,Science,2,7.88,75.5,80000.0,Yes,Yes,0,0,0,0,1,0,0,0,0,0,0,0,1,0,0,0,0,0,0,1,1,0,0,0,0,0,0,0,0,1,0,0,77.15,1,0,0,0,0,0,11.289794413577894,0.5
4826,Female,23.0,Rajasthan,ST,No,0.0,CSE,1,8.85,86.11,400000.0,Yes,No,0,0,0,1,1,1,0,0,1,0,0,0,1,0,1,0,1,0,0,0,0,0,0,1,1,1,0,1,0,1,0,1,87.305,1,1,1,0,0,1,12.899222326086994,0.25
4827,Male,19.0,Andhra Pradesh,ST,No,0.0,Commerce,4,7.73,77.99,1200000.0,Yes,Yes,0,0,0,0,0,0,0,0,0,0,0,0,0,0,0,0,0,0,0,0,0,0,0,0,0,0,0,0,0,0,0,0,77.64500000000001,1,0,0,0,0,0,13.997832948091215,1.0
4828,Male,25.0,Telangana,General,No,0.0,CSE,2,8.0,79.91,800000.0,No,No,0,0,0,0,0,0,0,0,0,0,0,0,0,0,0,0,1,0,0,0,0,0,0,0,0,0,0,0,0,0,0,0,79.955,0,1,0,0,0,0,13.592368256649284,0.5
4829,Female,20.0,Andhra Pradesh,General,No,0.0,Commerce,2,8.23,72.66,1200000.0,Yes,Yes,0,0,0,0,0,0,0,0,0,0,0,0,0,0,0,0,0,0,0,0,0,0,0,0,0,0,0,0,0,0,0,0,77.48,1,0,0,0,0,0,13.997832948091215,0.5
4830,Female,17.0,Andhra Pradesh,ST,No,0.0,Management,4,7.49,86.57,80000.0,No,No,0,0,0,0,0,0,0,0,0,0,0,0,0,0,0,0,1,0,0,0,1,0,0,1,0,0,0,0,0,0,0,0,80.735,1,0,0,0,0,0,11.289794413577894,1.0
4831,Male,25.0,Other,General,No,0.0,Biotechnology,1,7.44,71.52,800000.0,Yes,Yes,0,0,0,0,0,0,0,1,0,0,0,0,0,0,0,0,0,0,0,0,0,0,0,0,0,0,0,0,0,0,0,0,72.96000000000001,1,0,1,0,0,0,13.592368256649284,0.25
4832,Male,23.0,Other,EWS,No,0.0,IT,1,7.09,71.2,300000.0,No,No,0,0,0,0,0,0,0,0,0,1,0,0,0,0,0,0,0,0,0,0,0,0,0,0,0,0,0,0,0,1,0,0,71.05000000000001,1,0,1,0,0,0,12.611541086966115,0.25
4833,Female,21.0,Rajasthan,EWS,No,0.0,Chemical,1,6.79,68.33,1500000.0,Yes,No,0,0,0,0,0,0,0,0,0,0,0,0,0,0,0,0,0,0,0,0,0,0,0,0,0,0,0,0,0,0,0,0,68.11500000000001,1,0,1,0,0,0,14.220976332738882,0.25
4834,Male,23.0,Rajasthan,ST,Yes,40.0,Mechanical,1,7.36,68.77,400000.0,No,Yes,0,0,0,0,0,0,0,0,0,0,0,0,1,0,0,0,1,0,0,0,0,0,0,0,0,0,0,0,1,0,0,0,71.185,0,0,1,1,1,0,12.899222326086994,0.25
4835,Male,25.0,Rajasthan,SC,No,0.0,Civil,4,6.39,61.51,400000.0,No,Yes,0,0,0,0,0,0,0,0,0,0,0,0,1,0,0,0,0,0,0,0,0,0,0,0,0,0,0,0,0,0,0,0,62.705,0,0,0,0,0,0,12.899222326086994,1.0
4836,Male,19.0,Rajasthan,ST,No,0.0,AI_DS,1,7.72,74.51,1200000.0,No,No,0,0,0,0,0,0,0,0,0,0,0,0,0,0,0,0,0,0,0,0,0,0,0,0,0,0,0,0,0,0,0,0,75.855,0,0,1,0,0,0,13.997832948091215,0.25
4837,Female,22.0,Madhya Pradesh,General,No,0.0,IT,3,6.27,54.76,200000.0,No,No,0,0,0,0,0,0,0,0,0,0,0,0,0,0,0,0,0,0,0,0,0,0,0,0,0,0,0,0,0,0,0,0,58.73,1,0,0,0,0,0,12.206077645517674,0.75
4838,Male,18.0,Madhya Pradesh,ST,No,0.0,Electrical,2,8.25,82.83,600000.0,No,Yes,0,0,0,0,0,0,0,0,1,0,0,0,0,0,0,0,0,1,0,0,0,0,0,0,0,0,0,0,0,0,0,0,82.66499999999999,0,1,0,0,0,0,13.304686600863562,0.5
4839,Male,25.0,Andhra Pradesh,General,No,0.0,IT,2,6.27,64.33,350000.0,No,No,0,0,0,0,0,0,0,0,1,0,0,0,0,0,0,0,0,0,0,0,0,0,0,0,0,0,0,0,0,0,0,0,63.515,0,0,0,0,0,0,12.765691290604371,0.5
4840,Female,24.0,Madhya Pradesh,ST,No,0.0,Pharmacy,2,7.84,74.46,1200000.0,No,Yes,0,0,0,0,0,0,0,0,0,0,0,0,0,0,0,0,1,0,0,0,0,0,0,0,0,0,0,0,0,0,0,0,76.43,0,0,0,0,0,0,13.997832948091215,0.5
4841,Female,20.0,Telangana,ST,No,0.0,Electrical,4,7.02,62.54,80000.0,Yes,Yes,1,0,0,0,1,0,0,0,1,0,0,0,1,1,0,0,0,0,0,1,0,0,0,1,0,0,0,0,0,1,1,0,66.36999999999999,1,0,0,0,0,0,11.289794413577894,1.0
4842,Male,24.0,Delhi,General,No,0.0,CSE,2,8.69,80.23,400000.0,Yes,Yes,0,0,0,0,1,0,1,0,1,0,0,0,1,0,0,0,0,0,0,0,0,0,0,0,0,0,0,0,0,1,0,0,83.565,1,1,0,0,0,1,12.899222326086994,0.5
4843,Male,17.0,Karnataka,OBC,No,0.0,CSE,2,6.56,65.3,1500000.0,Yes,No,0,0,0,0,0,0,0,0,0,0,0,0,0,0,0,0,0,0,0,0,0,0,0,0,0,0,0,0,0,0,0,0,65.44999999999999,1,0,0,0,0,0,14.220976332738882,0.5
4844,Male,23.0,Maharashtra,EWS,No,0.0,CSE,4,5.24,45.21,300000.0,No,No,0,0,0,0,0,0,0,0,0,0,0,0,0,0,0,0,0,0,0,0,0,1,0,0,0,0,0,0,0,0,0,0,48.80500000000001,1,0,0,0,0,0,12.611541086966115,1.0
4845,Male,23.0,Andhra Pradesh,General,No,0.0,Management,4,7.48,71.94,250000.0,No,No,0,0,0,0,0,0,0,0,0,0,0,0,0,1,0,0,1,0,0,1,0,0,0,0,0,0,0,0,0,0,0,0,73.37,1,0,0,0,0,0,12.429220196836383,1.0
4846,Male,21.0,Karnataka,EWS,No,0.0,Medical,1,8.08,75.85,350000.0,Yes,Yes,0,0,0,0,1,0,0,0,0,0,0,0,1,0,0,0,0,0,0,0,0,0,0,0,0,0,0,0,0,1,0,1,78.32499999999999,1,1,1,0,0,1,12.765691290604371,0.25
4847,Male,24.0,Tamil Nadu,OBC,No,0.0,CSE,3,10.0,94.32,250000.0,Yes,Yes,0,1,0,0,1,0,1,0,1,0,0,0,1,1,0,1,0,0,0,0,1,0,0,0,0,0,0,0,0,1,0,0,97.16,1,1,0,0,0,1,12.429220196836383,0.75
4848,Female,17.0,Gujarat,EWS,No,0.0,Commerce,3,7.22,66.2,1000000.0,No,Yes,0,0,0,0,0,0,0,0,0,0,0,0,0,0,0,0,0,0,0,0,0,0,0,0,0,0,0,0,0,0,0,0,69.2,0,0,0,0,0,0,13.815511557963774,0.75
4849,Male,25.0,Uttar Pradesh,SC,No,0.0,Medical,3,7.65,74.52,1500000.0,Yes,Yes,0,0,0,0,0,0,0,0,0,0,0,0,0,0,0,0,1,0,0,0,0,0,0,0,0,0,0,0,0,0,0,0,75.50999999999999,1,0,0,0,0,0,14.220976332738882,0.75
4850,Female,21.0,Madhya Pradesh,OBC,No,0.0,AI_DS,1,7.49,80.46,150000.0,Yes,No,0,1,0,1,1,1,0,1,1,1,0,0,1,1,0,1,1,0,1,1,1,0,0,1,0,1,0,1,0,1,1,1,77.68,1,0,1,0,0,0,11.918397239722838,0.25
4851,Female,23.0,Rajasthan,SC,No,0.0,Production,2,7.2,69.74,800000.0,No,Yes,0,0,0,0,0,0,0,0,0,0,0,0,0,0,0,0,1,0,0,0,0,0,0,0,0,0,0,0,0,0,0,0,70.87,0,0,0,0,0,0,13.592368256649284,0.5
4852,Female,17.0,Uttar Pradesh,General,No,0.0,Science,3,8.2,77.92,350000.0,No,No,0,0,0,0,0,0,0,0,0,0,0,0,1,0,0,0,0,0,0,0,0,0,0,1,0,0,0,0,0,1,1,0,79.96000000000001,0,1,0,0,0,0,12.765691290604371,0.75
4853,Female,23.0,Karnataka,General,No,0.0,Civil,3,8.15,75.0,150000.0,Yes,Yes,0,1,0,0,1,0,1,0,0,0,0,0,1,1,0,1,0,0,0,1,0,0,0,1,0,0,0,0,0,1,0,0,78.25,1,1,0,0,0,1,11.918397239722838,0.75
4854,Male,21.0,Uttar Pradesh,OBC,No,0.0,Biotechnology,2,9.37,91.99,1500000.0,Yes,No,0,0,0,0,0,0,0,0,0,0,0,0,0,0,0,0,1,0,0,0,0,0,0,0,0,0,0,0,0,0,0,0,92.845,1,1,0,0,0,1,14.220976332738882,0.5
4855,Female,18.0,Madhya Pradesh,General,No,0.0,Mechanical,1,5.89,52.73,1200000.0,No,No,0,0,0,0,0,0,0,0,0,0,0,0,0,0,0,0,0,0,0,0,0,0,0,0,0,0,0,0,0,0,0,0,55.815,0,0,1,0,0,0,13.997832948091215,0.25
4856,Female,17.0,Delhi,EWS,No,0.0,AI_DS,1,6.24,61.31,350000.0,No,No,0,0,0,0,1,0,0,0,1,0,0,0,0,0,0,0,0,0,0,0,0,0,0,0,0,0,0,0,0,0,0,0,61.855000000000004,0,0,1,0,0,0,12.765691290604371,0.25
4857,Female,25.0,Other,OBC,No,0.0,Electrical,3,5.96,55.63,1500000.0,No,No,0,0,0,0,0,0,0,0,0,0,0,0,0,0,0,0,0,0,0,0,0,0,0,0,0,0,0,0,0,0,0,0,57.615,0,0,0,0,0,0,14.220976332738882,0.75
4858,Male,20.0,Delhi,SC,No,0.0,IT,3,8.05,76.28,1000000.0,No,No,0,0,0,0,0,0,0,0,0,0,0,0,0,0,0,0,0,0,0,0,0,0,0,0,0,0,0,0,0,0,0,0,78.39,0,1,0,0,0,0,13.815511557963774,0.75
4859,Male,20.0,Uttar Pradesh,EWS,No,0.0,Civil,3,7.81,71.0,350000.0,No,Yes,0,1,0,0,1,0,0,0,1,0,0,0,1,0,0,0,1,1,0,0,0,0,0,0,0,0,0,0,0,0,0,0,74.55,0,0,0,0,0,0,12.765691290604371,0.75
4860,Male,21.0,Telangana,EWS,No,0.0,IT,2,8.21,76.16,600000.0,No,No,0,0,0,0,0,0,0,0,1,0,0,0,0,0,0,0,0,0,0,0,0,0,0,0,0,0,0,0,0,0,0,0,79.13,0,1,0,0,0,0,13.304686600863562,0.5
4861,Male,19.0,Other,EWS,No,0.0,Production,1,7.11,68.26,300000.0,Yes,Yes,0,0,0,0,1,0,0,1,1,0,0,0,1,0,0,0,0,0,0,1,0,0,0,0,0,0,0,0,0,0,0,0,69.68,1,0,1,0,0,0,12.611541086966115,0.25
4862,Female,17.0,Tamil Nadu,EWS,No,0.0,ECE,1,7.62,72.46,350000.0,No,No,0,1,0,1,0,0,0,1,1,0,0,0,1,0,0,0,0,0,0,0,0,0,0,0,0,0,0,0,0,0,0,0,74.33,0,0,1,0,0,0,12.765691290604371,0.25
4863,Female,17.0,Rajasthan,SC,No,0.0,Production,2,6.6,61.8,250000.0,No,Yes,0,0,0,0,1,0,0,0,1,0,0,0,1,1,0,0,0,0,0,1,0,0,0,0,0,0,0,0,0,0,0,0,63.9,1,0,0,0,0,0,12.429220196836383,0.5
4864,Male,25.0,Gujarat,EWS,No,0.0,Instrumentation,3,7.5,67.12,250000.0,Yes,Yes,1,0,0,0,1,0,0,0,0,0,0,0,1,1,0,0,0,0,0,1,1,0,0,0,0,0,0,0,0,1,0,0,71.06,1,0,0,0,0,0,12.429220196836383,0.75
4865,Male,24.0,Delhi,EWS,No,0.0,Management,3,6.94,67.09,150000.0,No,Yes,0,0,0,0,1,0,0,0,0,0,0,0,1,1,0,0,0,0,0,0,0,0,0,0,0,0,0,0,0,0,0,0,68.245,1,0,0,0,0,0,11.918397239722838,0.75
4866,Female,21.0,Karnataka,EWS,No,0.0,IT,2,5.97,60.18,600000.0,No,Yes,0,0,0,0,0,0,0,0,0,0,0,0,0,0,0,0,0,0,0,0,0,0,0,0,0,0,0,0,0,0,0,0,59.94,0,0,0,0,0,0,13.304686600863562,0.5
4867,Male,24.0,Delhi,ST,No,0.0,Biotechnology,3,9.02,81.95,80000.0,Yes,No,0,0,0,0,1,0,0,0,0,0,0,0,1,1,0,0,0,0,0,1,1,0,0,0,0,0,0,0,0,1,0,0,86.07499999999999,1,1,0,0,0,1,11.289794413577894,0.75
4868,Male,22.0,Tamil Nadu,ST,No,0.0,Production,4,9.13,86.3,1500000.0,No,Yes,0,0,0,0,0,0,1,0,0,0,0,0,0,0,0,0,1,1,0,0,0,0,0,0,0,0,0,0,0,0,0,0,88.80000000000001,0,1,0,0,0,0,14.220976332738882,1.0
4869,Male,23.0,Rajasthan,SC,No,0.0,Instrumentation,4,8.0,74.51,250000.0,Yes,No,0,0,0,0,1,0,1,0,0,0,0,0,1,0,0,0,0,0,0,0,1,0,0,0,0,0,0,0,0,1,0,0,77.255,1,0,0,0,0,0,12.429220196836383,1.0
4870,Male,23.0,Karnataka,OBC,No,0.0,Commerce,4,8.61,83.01,1000000.0,Yes,No,0,0,0,0,0,0,0,0,0,0,0,0,0,0,0,0,1,0,0,0,0,0,0,0,0,0,0,0,0,0,0,0,84.555,1,1,0,0,0,1,13.815511557963774,1.0
4871,Male,21.0,Other,OBC,No,0.0,Biotechnology,1,6.52,58.44,400000.0,Yes,No,0,0,0,0,0,0,0,0,0,0,0,0,1,0,0,0,0,0,0,0,0,0,0,0,0,0,0,0,0,0,0,0,61.81999999999999,1,0,1,0,0,0,12.899222326086994,0.25
4872,Female,24.0,Maharashtra,OBC,No,0.0,Medical,1,5.75,55.19,250000.0,No,Yes,0,0,0,0,0,0,0,0,0,0,0,0,0,0,0,0,0,0,0,0,0,1,0,0,0,0,0,0,0,0,0,0,56.345,1,0,1,0,0,0,12.429220196836383,0.25
4873,Male,24.0,Other,SC,No,0.0,Medical,3,8.19,79.76,80000.0,Yes,Yes,0,0,0,0,1,0,0,0,0,0,0,0,1,1,0,0,0,0,0,1,1,0,0,0,0,0,0,0,0,0,0,0,80.83,1,1,0,0,0,1,11.289794413577894,0.75
4874,Male,22.0,Andhra Pradesh,EWS,No,0.0,Biotechnology,4,7.36,66.45,1500000.0,Yes,No,0,0,0,0,0,0,0,0,0,0,0,0,0,0,0,0,0,0,0,0,0,0,0,0,0,0,0,0,0,0,0,0,70.025,1,0,0,0,0,0,14.220976332738882,1.0
4875,Male,25.0,Tamil Nadu,ST,No,0.0,Biotechnology,3,6.68,66.92,80000.0,Yes,Yes,0,0,0,0,1,0,0,0,0,0,0,0,0,1,0,0,0,0,0,0,0,0,0,0,0,0,0,0,0,1,0,0,66.86,1,0,0,0,0,0,11.289794413577894,0.75
4876,Female,24.0,Rajasthan,SC,No,0.0,Civil,4,6.92,66.17,250000.0,Yes,Yes,0,0,0,0,1,0,0,0,0,0,0,0,1,1,0,0,0,0,0,0,0,0,0,1,0,0,0,0,0,1,1,0,67.685,1,0,0,0,0,0,12.429220196836383,1.0
4877,Male,23.0,Madhya Pradesh,ST,No,0.0,Mechanical,2,6.21,60.0,800000.0,No,No,0,0,0,0,0,0,0,0,0,0,0,0,0,0,0,0,0,0,0,0,0,0,0,0,0,0,0,0,0,0,0,0,61.05,0,0,0,0,0,0,13.592368256649284,0.5
4878,Female,23.0,Gujarat,ST,No,0.0,Instrumentation,3,6.95,69.17,800000.0,No,Yes,0,0,0,0,0,0,0,0,0,0,0,0,0,0,0,0,0,0,0,0,0,0,0,0,0,0,0,0,0,0,0,0,69.33500000000001,0,0,0,0,0,0,13.592368256649284,0.75
4879,Male,21.0,Uttar Pradesh,EWS,No,0.0,Production,4,8.43,78.6,300000.0,No,No,0,1,0,0,0,0,0,0,1,0,0,0,1,0,0,0,0,1,0,1,0,0,0,0,0,0,0,0,0,0,0,0,81.44999999999999,1,1,0,0,0,1,12.611541086966115,1.0
4880,Male,23.0,Other,SC,No,0.0,Mechanical,2,7.35,68.17,800000.0,Yes,No,0,0,0,0,0,0,0,0,0,0,0,0,0,0,0,0,1,0,0,0,0,0,0,0,0,0,0,0,0,0,0,0,70.83500000000001,1,0,0,0,0,0,13.592368256649284,0.5
4881,Female,17.0,Madhya Pradesh,SC,No,0.0,Management,4,5.8,52.53,300000.0,Yes,Yes,0,0,0,0,0,0,0,0,0,0,0,0,0,0,0,0,0,0,0,0,0,0,0,0,0,0,0,0,0,0,0,0,55.265,1,0,0,0,0,0,12.611541086966115,1.0
4882,Male,25.0,Other,ST,No,0.0,Mechanical,4,7.74,74.51,80000.0,No,Yes,0,0,0,0,1,0,1,0,1,0,0,0,1,1,0,0,1,0,0,1,1,0,0,0,0,0,0,0,0,0,0,0,75.95500000000001,1,0,0,0,0,0,11.289794413577894,1.0
4883,Female,19.0,Delhi,ST,No,0.0,Pharmacy,2,7.68,72.05,250000.0,No,Yes,0,0,0,0,1,0,0,0,0,0,0,0,1,0,0,0,0,0,0,0,1,0,0,0,0,0,0,0,0,0,0,0,74.425,1,0,0,0,0,0,12.429220196836383,0.5
4884,Male,19.0,Uttar Pradesh,EWS,No,0.0,Science,2,8.62,82.08,500000.0,No,No,0,0,0,0,0,0,0,0,0,0,0,0,0,0,0,0,1,0,0,0,0,0,0,0,0,0,0,0,0,0,0,0,84.13999999999999,0,1,0,0,0,0,13.122365377402328,0.5
4885,Female,19.0,Telangana,General,No,0.0,Instrumentation,1,8.34,73.91,250000.0,No,No,1,0,0,1,1,0,0,1,0,1,0,0,0,0,0,0,1,0,0,0,1,0,0,1,0,0,0,1,0,1,1,1,78.655,1,0,1,0,0,0,12.429220196836383,0.25
4886,Male,25.0,Tamil Nadu,General,No,0.0,Instrumentation,2,5.0,48.35,400000.0,Yes,No,0,0,0,0,0,0,0,0,0,0,0,0,0,0,0,0,0,0,0,0,0,0,0,0,0,0,0,0,0,0,0,0,49.175,1,0,0,0,0,0,12.899222326086994,0.5
4887,Female,24.0,Rajasthan,General,No,0.0,Science,2,5.79,54.37,400000.0,Yes,No,0,0,0,0,0,0,0,0,0,0,0,0,0,0,0,0,0,0,0,0,0,0,0,0,0,0,0,0,0,0,0,0,56.135,1,0,0,0,0,0,12.899222326086994,0.5
4888,Female,18.0,Andhra Pradesh,OBC,No,0.0,Management,2,7.14,72.59,350000.0,No,Yes,0,0,0,0,0,0,0,0,0,0,0,0,1,0,0,0,0,0,0,0,0,0,0,0,0,0,0,0,0,1,1,0,71.995,0,0,0,0,0,0,12.765691290604371,0.5
4889,Male,25.0,Tamil Nadu,OBC,No,0.0,CSE,2,7.98,76.31,120000.0,Yes,No,0,0,0,0,0,0,0,0,0,0,0,0,1,1,0,1,1,0,0,1,0,0,0,0,0,0,0,0,0,0,0,0,78.055,1,0,0,0,0,0,11.695255355062795,0.5
4890,Female,23.0,Rajasthan,ST,No,0.0,Medical,4,8.5,81.86,400000.0,No,Yes,0,0,0,0,1,0,0,0,0,0,0,0,1,0,0,0,0,0,0,0,0,0,0,1,0,0,0,0,0,1,0,0,83.43,0,1,0,0,0,0,12.899222326086994,1.0
4891,Male,25.0,Gujarat,OBC,No,0.0,Mechanical,2,6.95,69.24,250000.0,No,No,0,0,0,0,1,0,0,0,1,0,0,0,0,1,0,0,0,0,0,0,0,0,0,0,0,0,0,0,0,0,0,0,69.37,1,0,0,0,0,0,12.429220196836383,0.5
4892,Female,24.0,Maharashtra,ST,No,0.0,Science,1,6.17,59.58,350000.0,No,No,0,0,0,0,0,0,0,0,0,0,0,0,0,0,0,0,0,0,0,0,0,0,0,0,0,0,0,0,0,0,0,0,60.64,0,0,1,0,0,0,12.765691290604371,0.25
4893,Female,19.0,Madhya Pradesh,ST,No,0.0,Mechanical,2,5.64,54.19,350000.0,Yes,Yes,0,0,0,0,0,0,0,0,0,0,0,0,0,0,0,0,0,0,0,0,0,0,0,0,0,0,0,0,0,0,0,0,55.295,1,0,0,0,0,0,12.765691290604371,0.5
4894,Male,20.0,Telangana,General,No,0.0,Science,2,7.73,78.46,250000.0,No,No,1,0,0,0,1,0,0,0,0,0,0,0,1,1,0,0,0,0,0,0,0,0,0,0,0,0,0,0,0,1,0,0,77.88,1,0,0,0,0,0,12.429220196836383,0.5
4895,Male,21.0,Tamil Nadu,General,No,0.0,Pharmacy,3,5.62,51.59,500000.0,Yes,Yes,0,0,0,0,0,0,0,0,0,0,0,0,0,0,0,0,0,0,0,0,0,0,0,0,0,0,0,0,0,0,0,0,53.895,1,0,0,0,0,0,13.122365377402328,0.75
4896,Male,25.0,Rajasthan,EWS,No,0.0,Science,1,8.49,81.66,1200000.0,Yes,No,0,0,0,0,0,0,0,1,0,0,0,0,0,0,0,0,0,0,0,0,0,0,0,0,0,0,0,0,0,0,0,0,83.28,1,1,1,0,0,1,13.997832948091215,0.25
4897,Male,23.0,Tamil Nadu,ST,No,0.0,Civil,1,7.72,70.47,200000.0,Yes,No,0,1,0,0,1,0,0,1,1,0,0,0,1,1,0,0,1,0,0,1,1,0,0,0,0,0,0,0,0,1,0,1,73.83500000000001,1,0,1,0,0,0,12.206077645517674,0.25
4898,Female,22.0,Karnataka,EWS,No,0.0,Medical,3,6.79,68.24,150000.0,No,No,0,0,0,0,1,0,0,0,0,0,0,0,1,1,0,0,0,0,0,1,0,0,0,1,0,0,0,0,0,0,0,0,68.07,1,0,0,0,0,0,11.918397239722838,0.75
4899,Male,20.0,Madhya Pradesh,OBC,No,0.0,Mechanical,1,7.44,71.81,80000.0,Yes,Yes,0,0,0,0,1,0,0,1,1,0,0,0,0,1,0,0,1,0,0,1,1,0,0,0,0,0,0,0,0,1,0,1,73.105,1,0,1,0,0,0,11.289794413577894,0.25
4900,Female,21.0,Andhra Pradesh,ST,No,0.0,AI_DS,3,7.36,66.37,350000.0,No,No,0,0,0,0,0,0,0,0,0,0,0,0,0,0,0,0,0,0,0,0,0,0,1,0,0,0,0,0,0,0,1,0,69.98500000000001,0,0,0,0,0,0,12.765691290604371,0.75
4901,Female,17.0,Karnataka,General,No,0.0,Management,1,8.62,83.4,300000.0,No,Yes,0,0,0,0,0,0,0,1,0,0,0,0,1,0,0,0,0,0,1,1,0,0,0,1,0,0,0,0,0,1,1,1,84.8,1,1,1,0,0,1,12.611541086966115,0.25
4902,Female,25.0,Karnataka,OBC,Yes,50.0,Civil,3,10.0,91.95,250000.0,No,No,0,0,0,0,0,0,1,0,1,0,1,0,1,1,0,0,1,1,0,1,1,0,0,1,0,0,0,0,1,1,1,0,95.975,1,1,0,1,1,1,12.429220196836383,0.75
4903,Male,23.0,Tamil Nadu,EWS,No,0.0,Production,4,8.49,76.72,500000.0,No,Yes,0,0,0,0,1,0,0,0,1,0,0,0,0,0,0,0,1,0,0,0,0,0,0,0,0,0,0,0,0,0,0,0,80.81,0,1,0,0,0,0,13.122365377402328,1.0
4904,Female,21.0,Other,SC,No,0.0,ECE,1,7.69,75.98,800000.0,No,Yes,0,0,0,0,0,0,0,1,0,0,0,0,0,0,0,0,0,0,0,0,0,0,0,0,0,0,0,1,0,0,0,0,76.44,0,0,1,0,0,0,13.592368256649284,0.25
4905,Male,23.0,Tamil Nadu,OBC,No,0.0,CSE,4,5.01,46.98,1500000.0,Yes,No,0,0,0,0,0,0,0,0,0,0,0,0,0,0,0,0,0,0,0,0,0,0,0,0,0,0,0,0,0,0,0,0,48.53999999999999,1,0,0,0,0,0,14.220976332738882,1.0
4906,Male,21.0,Gujarat,EWS,No,0.0,Electrical,1,6.82,62.68,120000.0,Yes,No,1,0,0,0,1,0,0,1,1,0,0,0,1,1,0,0,0,0,0,0,0,0,0,0,0,0,0,0,0,0,0,0,65.44,1,0,1,0,0,0,11.695255355062795,0.25
4907,Female,21.0,Karnataka,SC,No,0.0,Management,2,7.96,78.98,80000.0,Yes,No,0,0,0,0,1,0,0,0,0,0,0,0,1,1,0,0,1,0,0,1,0,0,0,1,0,0,0,0,0,1,1,0,79.28999999999999,1,0,0,0,0,0,11.289794413577894,0.5
4908,Male,18.0,Rajasthan,OBC,No,0.0,Civil,2,7.34,70.35,1000000.0,Yes,Yes,0,0,0,0,0,0,0,0,0,0,0,0,0,0,0,0,0,0,0,0,0,0,0,0,0,0,0,0,0,0,0,0,71.875,1,0,0,0,0,0,13.815511557963774,0.5
4909,Male,22.0,Maharashtra,SC,No,0.0,Chemical,4,7.64,72.59,350000.0,Yes,No,0,1,0,0,1,0,0,0,1,0,0,0,1,0,0,0,0,0,0,0,0,0,0,0,0,0,0,0,0,1,0,0,74.495,1,0,0,0,0,0,12.765691290604371,1.0
4910,Male,23.0,Delhi,General,No,0.0,IT,3,6.19,62.13,1000000.0,Yes,Yes,0,0,0,0,0,0,0,0,0,0,0,0,0,0,0,0,0,0,0,0,0,0,0,0,0,0,0,0,0,0,0,0,62.015,1,0,0,0,0,0,13.815511557963774,0.75
4911,Female,21.0,Andhra Pradesh,EWS,Yes,90.0,Civil,1,7.85,75.76,1500000.0,No,Yes,0,0,0,0,0,0,0,0,0,0,0,0,0,0,0,0,0,0,0,0,0,0,0,0,0,0,0,0,0,0,0,0,77.13,0,0,1,1,1,0,14.220976332738882,0.25
4912,Male,23.0,Maharashtra,General,No,0.0,Civil,2,6.53,60.66,120000.0,Yes,Yes,0,0,0,0,1,0,0,0,1,0,0,0,1,0,0,0,0,0,0,1,0,0,0,0,0,0,0,0,0,0,0,0,62.98,1,0,0,0,0,0,11.695255355062795,0.5
4913,Female,21.0,Uttar Pradesh,SC,No,0.0,Electrical,1,7.29,64.65,1200000.0,No,Yes,0,0,0,0,0,0,0,1,0,0,0,0,0,0,0,0,0,0,0,0,0,0,0,0,0,0,0,0,0,0,0,0,68.775,0,0,1,0,0,0,13.997832948091215,0.25
4914,Female,17.0,Uttar Pradesh,General,No,0.0,Chemical,1,5.47,50.16,400000.0,No,No,0,0,0,0,0,0,0,0,0,0,0,0,0,0,0,0,0,0,0,0,0,0,0,0,0,0,0,0,0,0,0,0,52.42999999999999,0,0,1,0,0,0,12.899222326086994,0.25
4915,Male,17.0,Madhya Pradesh,EWS,No,0.0,Civil,4,8.13,75.28,80000.0,Yes,Yes,0,1,0,0,1,0,0,0,1,0,0,0,1,1,0,1,0,1,0,1,1,0,0,0,0,0,0,0,0,1,0,0,78.29,1,1,0,0,0,1,11.289794413577894,1.0
4916,Female,25.0,Maharashtra,General,No,0.0,Biotechnology,2,6.28,57.22,1000000.0,No,Yes,0,0,0,0,0,0,0,0,0,0,0,0,0,0,0,0,0,0,0,0,0,0,0,0,0,0,0,0,0,0,0,0,60.010000000000005,0,0,0,0,0,0,13.815511557963774,0.5
4917,Female,21.0,Karnataka,EWS,No,0.0,Civil,3,6.95,64.96,600000.0,No,Yes,0,0,0,0,0,0,0,0,0,0,0,0,0,0,0,0,0,0,0,0,0,0,0,0,0,0,0,0,0,0,0,0,67.22999999999999,0,0,0,0,0,0,13.304686600863562,0.75
4918,Male,17.0,Maharashtra,EWS,No,0.0,ECE,3,10.0,98.0,200000.0,No,Yes,0,0,0,0,1,0,1,0,1,0,0,0,0,1,0,0,1,0,0,1,0,1,0,0,0,0,0,0,0,1,0,0,99.0,1,1,0,0,0,1,12.206077645517674,0.75
4919,Male,22.0,Karnataka,OBC,No,0.0,Pharmacy,4,8.73,86.44,1000000.0,Yes,No,0,0,0,0,0,0,0,0,0,0,0,0,0,0,0,0,1,0,0,0,0,0,0,0,0,0,0,0,0,0,0,0,86.87,1,1,0,0,0,1,13.815511557963774,1.0
4920,Male,21.0,Uttar Pradesh,ST,Yes,60.0,Instrumentation,3,6.3,56.18,300000.0,No,Yes,0,0,0,0,0,0,0,0,0,0,0,0,0,0,0,0,0,0,0,0,0,0,0,0,0,0,0,0,1,0,0,0,59.59,1,0,0,1,1,0,12.611541086966115,0.75
4921,Female,20.0,Gujarat,SC,Yes,50.0,Science,3,6.17,71.2,120000.0,Yes,Yes,1,0,0,0,0,0,0,0,0,0,0,0,0,1,0,0,0,0,0,0,0,0,0,1,0,0,0,0,0,1,1,0,66.45,1,0,0,1,1,0,11.695255355062795,0.75
4922,Female,20.0,Uttar Pradesh,General,No,0.0,Production,1,11.0,61.23,1000000.0,No,No,0,0,0,0,0,0,0,0,0,0,0,0,0,0,0,0,1,0,0,0,0,0,0,0,0,0,0,0,0,0,0,0,85.615,0,0,1,0,0,0,13.815511557963774,0.25
4923,Female,24.0,Other,General,No,0.0,Pharmacy,2,6.98,65.59,120000.0,No,No,0,0,0,0,0,0,0,0,0,0,0,0,1,1,0,0,0,0,0,0,0,0,0,1,0,0,0,0,0,1,0,0,67.69500000000001,1,0,0,0,0,0,11.695255355062795,0.5
4924,Male,21.0,Karnataka,EWS,No,0.0,CSE,1,7.82,75.04,1200000.0,Yes,No,0,0,0,0,0,0,0,0,0,0,0,0,0,0,0,0,0,0,0,0,0,0,0,0,0,0,0,0,0,0,0,0,76.62,1,0,1,0,0,0,13.997832948091215,0.25
4925,Female,24.0,Delhi,OBC,No,0.0,IT,2,6.51,63.9,400000.0,Yes,Yes,0,0,0,0,1,0,0,0,0,0,0,0,1,0,0,0,0,0,0,0,0,0,0,0,0,0,0,0,0,0,0,0,64.5,1,0,0,0,0,0,12.899222326086994,0.5
4926,Female,24.0,Karnataka,General,No,0.0,Pharmacy,4,6.73,63.47,600000.0,No,No,0,0,0,0,0,0,0,0,0,0,0,0,0,0,0,0,0,0,0,0,0,0,0,0,0,0,0,0,0,0,0,0,65.385,0,0,0,0,0,0,13.304686600863562,1.0
4927,Male,17.0,Tamil Nadu,SC,No,0.0,AI_DS,2,8.32,77.11,250000.0,Yes,No,0,0,0,0,1,0,0,0,1,0,0,0,0,1,0,1,0,0,0,0,1,0,0,0,0,0,0,0,0,1,0,0,80.155,1,1,0,0,0,1,12.429220196836383,0.5
4928,Male,21.0,Maharashtra,SC,No,0.0,AI_DS,1,6.82,66.57,200000.0,No,Yes,0,0,0,0,1,0,0,1,1,0,0,0,1,0,0,0,0,0,0,0,0,0,0,0,0,0,0,0,0,0,0,0,67.38499999999999,1,0,1,0,0,0,12.206077645517674,0.25
4929,Female,17.0,Maharashtra,General,No,0.0,Pharmacy,3,6.47,60.31,1000000.0,Yes,Yes,0,0,0,0,0,0,0,0,0,0,0,0,0,0,0,0,0,0,0,0,0,0,0,0,0,0,0,0,0,0,0,0,62.505,1,0,0,0,0,0,13.815511557963774,0.75
4930,Male,21.0,Delhi,General,Yes,80.0,Chemical,3,8.17,83.78,150000.0,No,No,0,1,0,0,1,0,1,0,1,0,0,0,1,0,0,0,0,0,0,0,0,0,0,0,0,0,0,0,1,0,0,0,82.74000000000001,1,1,0,1,1,1,11.918397239722838,0.75
4931,Male,23.0,Gujarat,SC,No,0.0,Commerce,1,8.23,79.6,250000.0,No,Yes,1,0,0,0,1,0,0,1,0,0,0,0,1,1,0,0,0,0,0,1,1,0,0,0,0,0,0,0,0,1,0,0,80.95,1,1,1,0,0,1,12.429220196836383,0.25
4932,Male,25.0,Tamil Nadu,General,No,0.0,IT,2,8.14,74.11,800000.0,Yes,Yes,0,0,0,0,0,0,1,0,0,0,0,0,0,0,0,0,1,0,0,0,0,0,0,0,0,0,0,0,0,0,0,0,77.755,1,0,0,0,0,0,13.592368256649284,0.5
4933,Female,19.0,Uttar Pradesh,SC,No,0.0,Commerce,1,7.64,72.49,120000.0,Yes,No,0,0,0,0,1,0,0,1,0,0,0,0,1,1,0,0,0,0,0,1,1,0,0,1,0,0,0,0,0,1,1,0,74.445,1,0,1,0,0,0,11.695255355062795,0.25
4934,Male,19.0,Telangana,General,No,0.0,Biotechnology,2,7.89,75.3,800000.0,No,Yes,0,0,0,0,0,0,0,0,0,0,0,0,0,0,0,0,1,0,0,0,0,0,0,0,0,0,0,0,0,0,0,0,77.1,0,0,0,0,0,0,13.592368256649284,0.5
4935,Male,18.0,Andhra Pradesh,ST,No,0.0,Chemical,1,7.96,74.69,1000000.0,Yes,Yes,0,0,0,0,0,0,0,1,0,0,0,0,0,0,0,0,0,0,0,0,0,0,0,0,0,0,0,0,0,0,0,1,77.145,1,0,1,0,0,0,13.815511557963774,0.25
4936,Male,18.0,Gujarat,OBC,No,0.0,CSE,1,7.57,68.23,350000.0,No,No,0,0,0,0,1,0,0,1,1,0,0,0,0,0,0,0,0,0,0,0,0,0,0,0,0,0,0,0,0,1,0,1,71.965,0,0,1,0,0,0,12.765691290604371,0.25
4937,Female,21.0,Other,ST,No,0.0,Production,2,7.12,71.81,200000.0,Yes,No,0,1,0,0,1,0,0,0,1,0,0,0,1,1,0,0,0,0,0,1,1,0,0,1,0,1,0,0,0,1,1,0,71.505,1,0,0,0,0,0,12.206077645517674,0.5
4938,Female,18.0,Telangana,OBC,No,0.0,Medical,2,7.88,74.8,150000.0,Yes,No,0,0,0,0,0,0,0,0,0,0,0,0,1,0,0,0,0,0,0,0,1,0,0,1,0,0,0,0,0,1,1,0,76.8,1,0,0,0,0,0,11.918397239722838,0.5
4939,Female,17.0,Madhya Pradesh,OBC,No,0.0,CSE,3,9.78,88.83,1000000.0,No,Yes,0,0,0,0,0,0,1,0,0,0,1,0,0,0,0,0,1,0,0,0,0,0,1,0,0,0,0,0,0,0,0,0,93.315,0,1,0,0,0,0,13.815511557963774,0.75
4940,Female,19.0,Delhi,General,No,0.0,Production,4,6.17,63.75,150000.0,No,No,0,0,0,0,1,0,0,0,1,0,0,0,1,0,0,0,0,0,0,0,0,0,0,0,0,0,0,0,0,0,0,0,62.725,1,0,0,0,0,0,11.918397239722838,1.0
4941,Female,19.0,Rajasthan,General,No,0.0,Management,2,7.56,71.09,400000.0,No,Yes,0,0,0,0,0,0,0,0,0,0,0,0,1,0,0,0,1,0,0,0,0,0,0,0,0,0,0,0,0,0,0,0,73.345,0,0,0,0,0,0,12.899222326086994,0.5
4942,Male,22.0,Uttar Pradesh,General,No,0.0,Pharmacy,4,6.06,58.91,1500000.0,Yes,No,0,0,0,0,0,0,0,0,0,0,0,0,0,0,0,0,0,0,0,0,0,0,0,0,0,0,0,0,0,0,0,0,59.754999999999995,1,0,0,0,0,0,14.220976332738882,1.0
4943,Female,22.0,Rajasthan,EWS,No,0.0,Pharmacy,3,8.15,74.14,150000.0,No,No,0,0,0,0,1,0,0,0,0,0,0,0,1,1,0,0,0,0,0,1,1,0,0,1,0,0,0,0,0,1,1,0,77.82,1,0,0,0,0,0,11.918397239722838,0.75
4944,Male,22.0,Gujarat,OBC,No,0.0,Civil,2,7.33,68.63,500000.0,No,Yes,0,0,0,0,0,0,0,0,0,0,0,0,0,0,0,0,0,0,0,0,0,0,0,0,0,0,0,0,0,0,0,0,70.965,0,0,0,0,0,0,13.122365377402328,0.5
4945,Female,25.0,Tamil Nadu,OBC,No,0.0,IT,2,7.81,70.84,80000.0,Yes,Yes,0,0,0,0,1,0,0,0,1,0,0,0,0,1,0,0,0,0,0,1,0,0,1,1,0,0,0,1,0,0,0,0,74.47,1,0,0,0,0,0,11.289794413577894,0.5
4946,Female,19.0,Maharashtra,SC,No,0.0,Production,3,9.0,71.2,150000.0,Yes,No,1,1,0,0,1,0,1,0,1,0,1,0,1,1,0,0,1,1,0,1,1,0,0,1,0,0,0,0,0,1,1,0,80.6,1,0,0,0,0,0,11.918397239722838,0.75
4947,Female,24.0,Delhi,General,No,0.0,Production,1,7.06,66.42,250000.0,No,No,0,0,0,0,1,0,0,1,1,0,0,0,0,1,0,0,0,0,0,0,1,0,0,1,0,0,0,0,0,0,1,0,68.50999999999999,1,0,1,0,0,0,12.429220196836383,0.25
4948,Male,22.0,Karnataka,General,No,0.0,Electrical,3,7.34,67.4,1500000.0,Yes,Yes,0,0,0,0,0,0,0,0,0,0,0,0,0,0,0,0,0,0,0,0,0,0,0,0,0,0,0,0,0,0,0,0,70.4,1,0,0,0,0,0,14.220976332738882,0.75
4949,Male,17.0,Rajasthan,General,No,0.0,Chemical,4,7.49,65.4,250000.0,No,Yes,0,0,0,0,1,0,0,0,1,0,0,0,1,0,0,0,0,0,0,0,0,0,0,0,0,0,0,0,0,1,0,0,70.15,1,0,0,0,0,0,12.429220196836383,1.0
4950,Male,21.0,Karnataka,ST,No,0.0,CSE,3,9.44,92.52,300000.0,Yes,Yes,0,0,0,0,1,0,1,0,1,0,0,0,1,0,0,1,0,0,0,1,0,0,0,0,0,0,0,0,0,1,0,0,93.46,1,1,0,0,0,1,12.611541086966115,0.75
4951,Female,24.0,Maharashtra,OBC,No,0.0,Chemical,4,8.62,83.0,350000.0,No,No,0,1,0,0,0,0,0,0,1,0,0,0,1,0,0,0,0,0,0,0,0,1,0,0,0,0,0,0,0,1,1,0,84.6,0,1,0,0,0,0,12.765691290604371,1.0
4952,Male,22.0,Andhra Pradesh,EWS,No,0.0,Chemical,1,6.16,58.4,120000.0,Yes,No,0,0,0,0,0,0,0,0,0,0,0,0,0,1,0,0,0,0,0,0,0,0,0,0,0,0,0,0,0,0,0,0,60.0,1,0,1,0,0,0,11.695255355062795,0.25
4953,Male,24.0,Andhra Pradesh,SC,No,0.0,Medical,4,8.66,78.5,150000.0,No,No,0,0,0,0,1,0,0,0,0,0,0,0,1,1,0,0,0,0,0,1,1,0,0,0,0,0,0,0,0,1,0,0,82.55,1,1,0,0,0,1,11.918397239722838,1.0
4954,Male,20.0,Uttar Pradesh,ST,No,0.0,IT,4,8.26,85.44,120000.0,Yes,No,0,1,0,0,1,0,0,0,1,0,0,0,1,1,0,1,1,0,0,1,0,0,0,0,0,0,0,0,0,1,0,0,84.02,1,1,0,0,0,1,11.695255355062795,1.0
4955,Female,22.0,Maharashtra,SC,No,0.0,Electrical,1,8.77,87.56,120000.0,Yes,Yes,1,1,1,1,1,0,0,0,1,1,0,0,1,1,1,1,0,0,1,1,1,0,0,1,1,1,0,1,0,0,1,1,87.63,1,1,1,0,0,1,11.695255355062795,0.25
4956,Female,17.0,Telangana,OBC,No,0.0,Pharmacy,2,7.76,76.62,200000.0,Yes,Yes,0,0,0,0,1,0,0,0,0,0,0,0,1,0,0,0,0,0,0,0,1,0,0,0,0,0,0,0,0,1,1,0,77.11,1,0,0,0,0,0,12.206077645517674,0.5
4957,Male,21.0,Karnataka,OBC,No,0.0,AI_DS,4,6.64,65.47,350000.0,No,No,0,0,0,0,1,0,0,0,0,0,0,0,1,0,0,0,0,0,0,0,0,0,0,0,0,0,0,0,0,1,0,0,65.935,0,0,0,0,0,0,12.765691290604371,1.0
4958,Female,23.0,Uttar Pradesh,ST,Yes,0.0,ECE,3,8.29,79.62,120000.0,Yes,Yes,0,1,0,0,1,0,0,0,1,0,0,0,1,1,0,1,1,0,0,1,1,0,0,1,0,0,1,0,0,1,0,0,81.25999999999999,1,1,0,1,0,1,11.695255355062795,0.75
4959,Female,24.0,Delhi,ST,No,0.0,IT,2,7.49,84.64,400000.0,Yes,No,0,0,0,1,0,1,0,0,1,0,0,0,1,0,0,0,0,0,0,0,0,0,0,1,0,1,0,1,0,1,1,0,79.77000000000001,1,0,0,0,0,0,12.899222326086994,0.5
4960,Female,25.0,Andhra Pradesh,General,No,0.0,Chemical,2,7.28,69.45,200000.0,No,Yes,0,0,0,0,1,0,0,0,1,0,0,0,1,0,0,0,1,0,0,0,1,0,0,0,0,0,0,0,0,0,1,0,71.125,1,0,0,0,0,0,12.206077645517674,0.5
4961,Female,22.0,Delhi,General,No,0.0,Chemical,4,6.26,71.2,1000000.0,Yes,No,0,0,0,0,0,0,0,0,0,0,0,0,0,0,0,0,1,0,0,0,0,0,0,0,0,0,0,0,0,0,0,0,66.9,1,0,0,0,0,0,13.815511557963774,1.0
4962,Male,21.0,Tamil Nadu,EWS,No,0.0,CSE,1,5.44,54.82,300000.0,No,Yes,0,0,0,0,0,0,0,0,0,0,0,0,0,0,0,0,0,0,0,0,0,0,0,0,0,0,0,0,0,0,0,0,54.61,1,0,1,0,0,0,12.611541086966115,0.25
4963,Male,24.0,Delhi,SC,No,0.0,Instrumentation,1,7.56,70.26,80000.0,Yes,No,0,1,0,0,1,0,0,1,1,0,0,0,1,1,0,0,1,0,0,1,1,0,0,0,0,0,0,0,0,1,0,0,72.93,1,0,1,0,0,0,11.289794413577894,0.25
4964,Female,25.0,Uttar Pradesh,SC,No,0.0,Chemical,2,7.49,61.05,400000.0,Yes,No,0,0,0,0,1,0,0,0,1,0,0,0,1,0,0,0,1,0,0,0,0,0,0,0,0,0,0,1,0,1,1,0,67.975,1,0,0,0,0,0,12.899222326086994,0.5
4965,Female,23.0,Maharashtra,SC,No,0.0,Medical,4,8.33,80.78,120000.0,Yes,Yes,0,0,0,0,1,0,0,0,0,0,0,0,1,1,0,0,0,0,0,1,1,0,0,0,0,0,0,0,0,1,0,0,82.03999999999999,1,1,0,0,0,1,11.695255355062795,1.0
4966,Female,18.0,Delhi,OBC,No,0.0,Science,2,6.65,60.64,250000.0,No,No,0,0,0,0,1,0,0,0,0,0,0,0,0,0,0,0,0,0,0,0,0,0,0,0,0,0,0,0,0,0,0,0,63.57,1,0,0,0,0,0,12.429220196836383,0.5
4967,Female,23.0,Tamil Nadu,EWS,No,0.0,Pharmacy,2,8.29,76.59,400000.0,Yes,No,0,0,0,0,1,0,0,0,0,0,0,0,1,0,0,0,0,0,0,0,0,0,0,1,0,0,0,0,0,1,1,0,79.745,1,1,0,0,0,1,12.899222326086994,0.5
4968,Male,25.0,Delhi,General,No,0.0,Management,3,7.57,72.29,1500000.0,No,Yes,0,0,0,0,0,0,0,0,0,0,0,0,0,0,0,0,1,0,0,0,0,0,0,0,0,0,0,0,0,0,0,0,73.995,0,0,0,0,0,0,14.220976332738882,0.75
4969,Male,21.0,Telangana,SC,No,0.0,Science,4,7.87,77.34,800000.0,Yes,No,0,0,0,0,0,0,0,0,0,0,0,0,0,0,0,0,0,0,0,0,0,0,0,0,0,0,0,0,0,0,0,0,78.02000000000001,1,0,0,0,0,0,13.592368256649284,1.0
4970,Male,24.0,Tamil Nadu,General,No,0.0,Pharmacy,3,5.98,51.08,200000.0,Yes,Yes,0,0,0,0,0,0,0,0,0,0,0,0,0,0,0,0,0,0,0,0,0,0,0,0,0,0,0,0,0,0,0,0,55.44,1,0,0,0,0,0,12.206077645517674,0.75
4971,Male,24.0,Karnataka,General,No,0.0,Instrumentation,1,6.82,70.19,150000.0,No,Yes,0,0,0,0,1,0,0,1,1,1,0,0,1,1,0,0,0,0,0,1,0,0,0,0,0,0,0,0,0,0,0,1,69.195,1,0,1,0,0,0,11.918397239722838,0.25
4972,Female,19.0,Rajasthan,OBC,No,0.0,Pharmacy,4,9.93,98.0,400000.0,Yes,No,0,0,0,0,0,0,0,0,0,0,0,0,1,0,0,0,0,0,0,0,0,0,0,1,0,0,0,0,0,0,1,0,98.65,1,1,0,0,0,1,12.899222326086994,1.0
4973,Male,22.0,Madhya Pradesh,SC,No,0.0,Mechanical,3,7.27,63.72,1500000.0,Yes,No,0,0,0,0,0,0,0,0,0,0,0,0,0,0,0,0,0,0,0,0,0,0,0,0,0,0,0,0,0,0,0,0,68.21,1,0,0,0,0,0,14.220976332738882,0.75
4974,Female,21.0,Other,EWS,No,0.0,Biotechnology,2,5.0,45.66,800000.0,No,No,0,0,0,0,0,0,0,0,0,0,0,0,0,0,0,0,0,0,0,0,0,0,0,0,0,0,0,0,0,0,0,0,47.83,0,0,0,0,0,0,13.592368256649284,0.5
4975,Male,21.0,Karnataka,ST,No,0.0,Electrical,2,7.26,72.87,80000.0,Yes,Yes,0,0,0,0,1,0,0,0,1,0,0,0,1,1,0,0,0,0,0,1,1,0,0,0,0,0,0,0,0,1,0,0,72.735,1,0,0,0,0,0,11.289794413577894,0.5
4976,Male,21.0,Rajasthan,General,No,0.0,Medical,1,8.54,81.81,350000.0,Yes,No,0,0,0,0,1,0,0,1,0,0,0,0,0,0,0,0,1,0,0,0,0,0,0,0,0,0,0,0,0,1,0,1,83.60499999999999,1,1,1,0,0,1,12.765691290604371,0.25
4977,Female,19.0,Maharashtra,General,No,0.0,Science,4,6.43,58.2,350000.0,No,No,0,0,0,0,0,0,0,0,0,0,0,0,0,0,0,0,0,0,0,0,0,1,0,0,0,0,0,0,0,0,0,0,61.25,0,0,0,0,0,0,12.765691290604371,1.0
4978,Male,24.0,Gujarat,SC,Yes,70.0,Production,2,7.8,76.19,120000.0,No,No,0,1,0,0,1,0,0,0,1,0,0,0,0,1,0,0,1,0,0,1,0,0,0,0,0,0,0,0,1,0,0,0,77.095,1,0,0,1,1,0,11.695255355062795,0.5
4979,Male,19.0,Maharashtra,SC,No,0.0,Commerce,3,7.97,72.61,80000.0,No,No,1,0,0,0,0,0,0,0,0,0,0,0,1,1,0,0,1,0,0,1,0,0,0,0,0,0,0,0,0,1,0,0,76.155,1,0,0,0,0,0,11.289794413577894,0.75
4980,Male,22.0,Delhi,EWS,No,0.0,Pharmacy,2,8.28,79.94,200000.0,No,No,0,0,0,0,1,0,0,0,0,0,0,0,1,1,0,0,0,0,0,1,1,0,0,0,0,0,0,0,0,1,0,0,81.37,1,1,0,0,0,1,12.206077645517674,0.5
4981,Female,18.0,Rajasthan,General,No,0.0,Mechanical,1,6.22,56.74,500000.0,No,No,0,0,0,0,0,0,0,0,0,0,0,0,0,0,0,0,0,0,0,0,0,0,0,0,0,0,0,0,0,0,0,0,59.47,0,0,1,0,0,0,13.122365377402328,0.25
4982,Female,17.0,Telangana,General,No,0.0,Commerce,2,8.33,78.43,200000.0,Yes,Yes,1,0,0,0,1,0,0,0,0,0,0,0,1,0,0,0,0,0,0,0,1,0,0,1,0,0,0,0,0,1,0,0,80.86500000000001,1,1,0,0,0,1,12.206077645517674,0.5
4983,Female,18.0,Tamil Nadu,SC,No,0.0,Medical,4,9.41,90.9,600000.0,Yes,No,0,0,0,0,0,0,0,0,0,0,0,0,0,0,0,0,1,0,0,0,0,0,0,1,0,0,0,0,0,0,0,0,92.5,1,1,0,0,0,1,13.304686600863562,1.0
4984,Male,22.0,Delhi,ST,No,0.0,AI_DS,3,6.92,65.71,800000.0,Yes,No,0,0,0,0,0,0,0,0,0,0,0,0,0,0,0,0,0,0,0,0,0,0,0,0,0,0,0,0,0,0,0,0,67.455,1,0,0,0,0,0,13.592368256649284,0.75
4985,Male,19.0,Maharashtra,ST,No,0.0,Chemical,2,7.58,69.82,120000.0,Yes,No,0,0,0,0,1,0,0,0,1,0,0,0,1,1,0,0,1,0,0,1,1,0,0,0,0,0,0,0,0,1,0,0,72.81,1,0,0,0,0,0,11.695255355062795,0.5
4986,Female,19.0,Gujarat,OBC,No,0.0,Instrumentation,3,6.4,62.9,500000.0,Yes,No,0,0,0,0,0,0,0,0,0,0,0,0,0,0,0,0,0,0,0,0,0,0,0,0,0,0,0,0,0,0,0,0,63.45,1,0,0,0,0,0,13.122365377402328,0.75
4987,Female,21.0,Gujarat,EWS,No,0.0,IT,1,8.51,82.66,400000.0,No,No,0,0,0,1,0,1,0,0,1,0,0,0,1,0,1,0,1,0,0,0,0,0,0,1,0,1,0,1,0,0,1,1,83.88,0,1,1,0,0,0,12.899222326086994,0.25
4988,Female,20.0,Delhi,EWS,No,0.0,ECE,1,9.32,86.91,1200000.0,Yes,Yes,0,0,0,0,0,0,0,1,0,0,0,0,0,0,0,0,1,0,0,0,0,0,0,0,0,0,0,0,0,0,0,0,90.055,1,1,1,0,0,1,13.997832948091215,0.25
4989,Female,19.0,Other,EWS,No,0.0,Civil,2,9.51,87.64,300000.0,Yes,Yes,0,1,0,0,1,0,1,0,1,0,1,0,1,0,0,1,1,1,0,0,0,0,0,1,0,1,0,0,0,1,1,0,91.37,1,1,0,0,0,1,12.611541086966115,0.5
4990,Male,24.0,Tamil Nadu,SC,Yes,50.0,CSE,4,6.28,54.38,800000.0,Yes,Yes,0,0,0,0,0,0,0,0,0,0,0,0,0,0,0,0,0,0,0,0,0,0,0,0,0,0,0,0,1,0,0,0,58.59,1,0,0,1,1,0,13.592368256649284,1.0
4991,Female,21.0,Delhi,EWS,No,0.0,Instrumentation,4,6.97,64.7,80000.0,No,Yes,0,0,0,0,0,0,0,0,1,0,0,0,0,1,0,0,0,0,0,0,0,0,0,0,0,0,0,0,0,0,0,0,67.2,1,0,0,0,0,0,11.289794413577894,1.0
4992,Male,23.0,Rajasthan,ST,No,0.0,Pharmacy,3,8.13,77.97,800000.0,No,No,0,0,0,0,0,0,0,0,0,0,0,0,0,0,0,0,0,0,0,0,0,0,0,0,0,0,0,0,0,0,0,0,79.635,0,1,0,0,0,0,13.592368256649284,0.75
4993,Female,20.0,Karnataka,EWS,No,0.0,IT,2,6.07,56.49,120000.0,No,No,0,0,0,0,0,0,0,0,0,0,0,0,0,1,0,0,0,0,0,0,0,0,0,0,0,0,0,0,0,0,0,0,58.595,1,0,0,0,0,0,11.695255355062795,0.5
4994,Male,23.0,Uttar Pradesh,General,No,0.0,Medical,1,7.05,61.65,80000.0,Yes,No,0,0,0,0,0,0,0,1,0,0,0,0,1,0,0,0,1,0,0,1,0,0,0,0,0,0,0,0,0,0,0,0,66.075,1,0,1,0,0,0,11.289794413577894,0.25
4995,Female,21.0,Telangana,General,No,0.0,IT,3,6.32,57.73,200000.0,No,No,0,0,0,0,0,0,0,0,0,0,0,0,0,0,0,0,0,0,0,0,0,0,0,0,0,0,0,0,0,0,0,0,60.465,1,0,0,0,0,0,12.206077645517674,0.75
4996,Male,19.0,Uttar Pradesh,ST,No,0.0,IT,3,9.22,88.16,80000.0,Yes,No,0,0,0,0,1,0,1,0,0,0,0,0,1,1,0,1,1,0,0,1,1,0,0,0,0,0,0,0,0,1,0,0,90.18,1,1,0,0,0,1,11.289794413577894,0.75
4997,Female,19.0,Karnataka,ST,No,0.0,Instrumentation,4,8.29,74.26,800000.0,No,No,0,0,0,0,0,0,0,0,0,0,0,0,0,0,0,0,1,0,0,0,0,0,0,0,0,0,0,0,0,0,0,0,78.58,0,0,0,0,0,0,13.592368256649284,1.0
4998,Female,17.0,Telangana,EWS,No,0.0,Pharmacy,1,8.93,88.74,120000.0,Yes,No,0,0,0,0,1,0,0,1,0,0,0,0,1,0,0,0,1,0,1,1,1,0,0,1,1,0,0,0,0,1,1,1,89.02,1,1,1,0,0,1,11.695255355062795,0.25
4999,Female,23.0,Karnataka,OBC,No,0.0,Medical,4,5.1,71.2,600000.0,Yes,Yes,0,0,0,0,0,0,0,0,0,0,0,0,0,0,0,0,1,0,0,0,0,0,0,1,0,0,0,0,0,0,0,0,61.1,1,0,0,0,0,0,13.304686600863562,1.0
5000,Male,24.0,Delhi,SC,No,0.0,Pharmacy,2,8.09,78.79,800000.0,No,Yes,0,0,0,0,0,0,0,0,0,0,0,0,0,0,0,0,0,0,0,0,0,0,0,0,0,0,0,0,0,0,0,0,79.845,0,1,0,0,0,0,13.592368256649284,0.5
